Doc_ID,DSI_Title,Submission File Name,Student Name,Genre of Movie,Review Type (pos or neg),Movie Title,Text
101,EKW_Doc1_Oblivion,EKW_Doc1_Oblivion,EKW,Sci-Fi,Positive,Oblivion,"For Oblivion, the second feature by Joseph Kosinski, the director uses the same two-parts-style-and-one-part-substance recipe as in his previous feature, TRON: Legacy, but this time the concoction goes down easier. Based on Kosinski's own unpublished graphic novel and written by screenwriters Karl Gajdusek and Michael Arndt, this gorgeous production seems more concerned with producing remarkable images than telling a remarkable story. But what images. Kosinski combines top-notch special FX with the same primordial, Icelandic scenery that Ridley Scott used for his comparable visualist's rendering of Prometheus, and the result is a familiar post-apocalyptic alien invasion tale ripped from the pages of countless (and better) science-fiction stories. Fortunately, the original material has no expectations to meet, unlike Scott's did, leaving the serviceablebut nothing more than thatstory to maintain our interest as the director's awe-inspiring visuals, exciting action sequences, and the ever-watchable star power of Tom Cruise keep the audience rapt. Cruise stars as Jack Harper, a white-clad technician on Earth some 64 years after humanity's devastating battle with invaders from outer space, who first attacked by detonating our Moon. The Earth was rocked with resultant natural disasters and soon irradiated by human nukes in retaliation, the landscape left almost unlivable. Survivors decided to migrate to Saturn's habitable moon, Titan, and now leftover is a massive upside-down pyramid-shaped station called the Tet, which orbits the planet. Below on the surface, enormous engines collect water for Titan, and Harper repairs downed equipment and his team's security drones on missions monitored by the other sole member of his so-called ""mop-up crew"", his controller Victoria (Andrea Riseborough), with whom he shares a bed. Their orders come from a Tet ""mission control"" agent (Melissa Leo) who asks daily, ""Are you an effective team?""leaving us to ponder what happens when the answer is no. That moment comes in due time when Jack finds himself asking questions about his five-year mission, such as why a mandatory ""memory wipe"" was required. Or, why the few surviving alien Scavengers (called Scavs) are trying to trap him? The audience asks their own questions too, like why are Victoria's pupils always dilated? And then there are Jack's visionsthose vague impressions he gets at night of a woman he has perhaps never seen. What do they mean, and how do they relate to the now-dead prewar world to which Jack feels so close to yet could have never known? His digging puts a strain on his and Victoria's strict mission orders to keep within their designated borders and protect the vital water collectors, all targets for the lingering Scavs inside the perimeter, where beyond is a deadly ""Radiation Zone."" Victoria's conformity and insistent lack of curiosity remain unbending, while Jack's romanticism keeps him going. And when a prewar shuttle containing five cryogenically frozen humans crash lands and is attacked by drones, Jack must also ask why drones would attack humans and why the sole survivor, Julia (Olga Kurylenko), looks exactly like the woman from his dreams. Her presence in the Jack-Victoria relationship becomes"
102,EKW_Doc2_Oblivion,EKW_Doc2_Oblivion,EKW,Sci-Fi,Positive,Oblivion,"Since his questionable comments and ill advised sofasaults on Oprah, Tom Cruise has become an actor that many people love to hate. But those things are in the past and as wacky as they were they still didn't effect the level of his onscreen work. He's a talented actor who throughout his career has tackled a wide variety of roles in iconic 80's cheesefests, stirring and emotional dramas, big budgeted franchises, and even sci-fi thrillers. Now he returns to the science fiction genre in ""Oblivion"", a much more direct and vast sci-fi picture than Cruise's other efforts. ""Oblivion"" is co-written and directed by Joseph Kosinski, the man behind Disney's $400 million money maker ""Tron: Legacy"". Disney originally purchased the rights to ""Oblivion"" in hopes of repeating Tron's success but later relinquished the rights. It was quickly gobbled up by Universal Studios with Tom Cruise and Jessica Chastain set to star in the picture. Chastain would eventually drop out for ""Zero Dark Thirty"" with Olga Kurylenko replacing her. The movie is based on Kosinski's unpublished graphic novel and was given an ambitious $120 million budget. I have to say I was really excited for ""Oblivion""even though the studio was very cryptic in regards to the film's details. That's a good approach to take because I found that the less you know going in the more effective the story will be. And for me it was quite effective. ""Oblivion"" doesn't fall into the category of a science fiction masterpiece but thanks to its visionary conception, stunning effects, and some strong committed performances it doesn't miss by much. Now there have been three main criticisms hurled at ""Oblivion"". Some have complained about its thin plot. Others took off points for its lack of originality. And yet others have had problems with the lack of any meaningful character development. I certainly don't flippantly dismiss any of these gripes but I don't necessarily agree with them either. There's a lot going on in ""Oblivion"" and while it does borrow from several other sci-fi pictures, the same could be said for most science fiction. As for the lack of character development, that may be true but I found there to be a good and needed reason for it. Like I said the less you know the better so I'm not going to spoil anything by divulging any significant details. The film is set in 2077 during the aftermath of a war with an alien species known as the Scavengers. The Scavs (as they're affectionally called) destroyed our moon which sent Earth into a series of natural and environmental convulsions. A full invasion of Earth followed. The humans won the war but the planet was left ravaged and in disrepair. The surviving population now inhabit one of Saturn's moons called Titan. Now if a sci-fi movie wants to score points with me just give me a futuristic world that's not only visually impressive but that I can get lost in. That certainly happened here and even if"
103,EKW_Doc3_Oblivion,EKW_Doc3_Oblivion,EKW,Sci-Fi,Positive,Oblivion,"Oblivion"" is a competently made sci-fi action movie  something that can't be said about the majority of the genre. Though many of the prominent futurism themes can be linked back to earlier films, and a few loose ends might not be tied up with the sturdiest of knots, the structure and plot twists keep the intrigue high while the action paces itself nicely alongside the unfolding mystery. Tom Cruise makes a compelling hero and the setup is a savvy blend of dystopian invention and amnesia-induced identity loss. The list of films ""Oblivion"" borrows from is a long one, but the concepts are all executed cleverly and proficiently, resulting in an epic space opus that presents far more moments of awe than head-scratching queries. The year is 2077 and Earth has been left nearly uninhabitable after a brutal war against an invading alien species known as ""Scavengers."" While the remnants of humanity have been gathered aboard the Tet, an enormous pyramidal space station that will eventually carry the survivors to a new home on one of Saturn's moons, technician Jack Harper (Tom Cruise) and his partner Victoria (Andrea Riseborough) remain on Earth to monitor and perform maintenance on giant hydro-rigs and the protective, heavily armed robot drones that guard them. When a spaceship crash-lands nearby and Jack investigates, he rescues from the wreckage Julia (Olga Kurylenko), a mysterious woman whose appearance sets into motion the discovery of a massive conspiracy that will place the very fate of mankind in Jack's hands. ""Oblivion"" is heady, weighty, and cerebral science-fiction, foregoing the little green man angle for a much more sinister and complex alien incursion. In terms of postapocalyptic, futuristic thrillers, borrowing randomly from ""The Road Warrior,"" ""2001: A Space Odyssey,"" ""Moon,"" ""The Matrix,"" and ""Total Recall,"" it's a highly ambitious and largely successful twist, toying with existential and deterministic viewpoints while smartly avoiding depressing bouts of violence or sacrifice. Its focus on altering or interfering with memories is augmented perfectly by the heavily synthesized soundtrack, itself lending to the dreamlike qualities of Jack's remembrances. An engaging mystery, ""Oblivion"" forces viewers to wait nearly two hours before giving up any secrets; but to the film's credit, the protracted anticipation is delightful. Mind-boggling and artistically visionary, the many answers it finally grapples with will probably raise further investigations into the various aspects less examined, but the climactic conclusion is pleasantly resolute  even if specific details can be rationalized with the term ""gaping plot holes."" An exemplary fit for IMAX screens, ""Oblivion"" boasts outstanding visuals that add tremendously to the scope of the project. Immense exterior shots and sets introduce the audience to a uniquely fascinating world, with unfriendly terrain, monumental wreckage, and obscured paradises. The interior designs are just as spectacular, though used much more sparingly. The obvious budget for special effects definitely helps establish and stabilize the pioneering perspective; visual wizardry occasionally substitutes for inchoate plot points. But perhaps most impressive of all is the origins of the story, starting as"
104,EKW_Doc4_Oblivion,EKW_Doc4_Oblivion,EKW,Sci-Fi,Positive,Oblivion,"Earth is a memory worth fighting for."" ""Oblivion"" centers on a drone technician, Jack Harper (Tom Cruise, ""Mission Impossible III: Ghost Protocol), who flies a Bubble Ship (a hybrid of a fighter spaceship and helicopter) and is tasked to fix downed drones on earth in 2077. He lives in a sleek dig high above the clouds together with his partner, Victoria (Andrea Riseborough), who also serves as his communication officer. She monitors his safety from their base in space and dutifully reports to their superior, Sally (Melissa Leo) through a sophisticated system. Before embarking on their five-year service, Jack and Victoria had their memories wiped to maintain the security of their mission. 60 years ago, earth was invaded by aliens, called 'scavs' (scavengers). The scavs shattered the moon, and without the moon, the earth destablized, resulting in earthquakes and tsunamis that destroyed half of the planet. Humans launched nukes to stave off the scavs and eventually won the war. However, the earth became mostly inhabitable and the surviving humans moved to Titan, one of the moons of the Saturn ring. The drones are used to man fusion reactors that drain seawater and convert into energy. They also patrol the earth's surface to shoot down any remaining scavs. Jack and Victoria are nearing the end of their mission; in two weeks, they will conclude their service and join the rest of the humans in Titan. While Victoria is looking forward to it, Jack has doubts and oddly feels that earth would always be his home. He's traveled far and wide and found unspoiled swaths on earth, including a remote cabin by the lake, a calming oasis. His uncertainty is confounded by recurring dreams of a woman (Olga Kurylenko) and flashes of life in New York, which strangely feels like a memory of a past than a fantasy. When a spaceship crash lands on earth, Jack finds that it's filled with several pods of humans in hyper-sleep state. And inside one of the pods, is the woman in his dreams, who later wakes up and mentions that her name is Julia. Jack and Julia are discovered and captured by a group of rebels (led by Morgan Freeman and Nikolaj Coster-Waldau), human survivors. The events that transpire, followed with fierce flying and firefights, make Jack realize that his life is not what it seems to be and that he's not what he thinks he is. He may just unknowingly holds the fate of mankind on his hands. Director Joseph Kosinski (""Tron Legacy"") executes his vision with excellence. Cruise plays his part with sincerity, connects with both of his leading ladies and the higher mission he's entrusted with. With a straightforward story and humanity, ""Oblivion"" is captivating from the start. Part of the appeal is the mystery, which unfurls easily piece by piece and takes us along through each discovery and ultimate truth. A bigger appeal is the phenomenal visual, reminiscent of last year's ""Prometheus,"" elevated by an electronica beat, along the same vein"
105,EKW_Doc5_Oblivion,EKW_Doc5_Oblivion,EKW,Sci-Fi,Positive,Oblivion,"PLOT: In 2077, Earth has been rendered uninhabitable after a long war with an alien scavenger race. Jack (Tom Cruise) is a technician, left behind to service robot drones that harvest the planet's remaining resources. He lives in tower thousands of feet above the surface with Victoria (Andrea Riseborough), his communications officer and lover. Both of them had their memories wiped at the beginning of their five year tour of duty. One day, while on patrol, Jack rescues a woman named Julia (Olga Kurylenko), who's a dead ringer for the woman that's been haunting his dreams. How did she end up on Earth, and why can't he stop dreaming about her? REVIEW: It's strange to say this about a movie that hasn't even opened in North America yet, but already, OBLIVION feels totally underrated. Since its overseas debut last weekend, OBLIVION's critical notices have been decidedly mixed. Everyone agrees that director Joseph Kosinski has made a film that's visually striking, but nobody seems to think the story is worth all that much, with the common complaint being that it's derivative. I went into OBLIVION with that in mind, and I honestly wasn't expecting much beyond a fun ride with some good eye candy. To my surprise, I actually got a lot more than that, with OBLIVION being an ambitious film on more than just a visual level. To be fair to the critics that haven't been too keen on it, Kosinski's film is far more successful visually than it is narratively, but even still, it tries to be something more than your typical sci-fi programmer, and for the most part I think it succeeds. OBLIVION is certainly a more cerebral sci-fi movie than the trailers would have you believe, and it definitely feels like a throwback to the kind of pre-STAR WARS sci-fi of the sixties and seventies. In that regard, it would probably make an interesting double bill with MOON, as they seem to be inspired by a lot of the same movies, like 2001: A SPACE ODYSSEY, THX 1138, and SILENT RUNNING. Like his last film, TRON: LEGACY, Kosinski's OBLIVION benefits tremendously from an arresting mix of visuals and music. The cool, sterile whites of Jack and Victoria's sanctuary are an interesting contrast to the vast open spaces of a ravaged earth, and the shots juxtaposing Cruise against the empty landscape are gorgeous. If you have the opportunity to watch OBLIVION on an IMAX screen, I'd wager this is one movie that's really worth the extra expense. It's all complemented by a stunning musical score by French electronica band M83 and co-composer Joseph Trapanese (who also worked with Daft Punk on their TRON:LEGACY score). If you know M83's work (""Hurry Up, We're Dreaming"" is a great album), you'll expect the gorgeous electronic soundscapes we get throughout, although the score is never overwhelming, and can be effectively subtle when needed. It's the perfect complement to what's happening on-screen, and some of the cues, such as the track ""Starwaves"" (which"
106,EKW_Doc6_Oblivion,EKW_Doc6_Oblivion,EKW,Sci-Fi,Negative,Oblivion,"""Is it possible to miss a place you've never been? To mourn a time you never lived?""  Jack Harper Oblivion is a visually stunning film. It's what I've come to expect with the latest sci-fi films. Director Joseph Kosinski continues to bring his strong visual principles from Tron Legacy (a film which I'm a massive fan of) into Oblivion, where Earth is presented as a desolate planet, destroyed by an alien invasion. While familiar world landmarks (e.g. the Empire State Building in New York) are buried/destroyed, it is beautifully contrasted with vehicles and home station towers which are designed to live and travel comfortably whilst preserving security and maintenance that our hero, Jack Harper (Tom Cruise) has to undertake. Notice how the towers and Jack's mode of transport, the bubble ship, are mainly see-through. It suggests to the audience that this clean, modern and futuristic way of living has nothing to hide while it subconsciously suggests a false sense of security and that everything is not all it seems. It's either that or an IKEA designer survived the alien war and business is booming! Joking aside, despite the very epic and strong visuals, I did found this film lacking. The problem I have with Oblivion has nothing to do with Tom Cruise (who I thought was superb) or the rest of the cast who deliver strong and heartfelt performances. The problem sadly lies with the plot. It felt slightly backwards. The first 2/3 of the film sets up the plot nicely. It easily establishes how we find Earth in the aftermath of the invasion. It's introduces the character of Jack Harper as we see his mind constantly battle between two conflicts. The first conflict is his honourable duty to his partner, Victoria (played by Andrea Riseborough) and the mission. Maintain control, fix drones and they get to go home. The second conflict is the dreams he has of another past life and most importantly, another woman. Who was this woman who haunted his dreams and why does he seem to be the only one affected by it? It shouldn't be possible as both Jack and Victoria both had a security memory wipe, which is suppose to keep their memories hidden beneath the surface so they could only focus on the objective. The confliction is handled very well. After everything that has happened to Earth, Jack still regards it as home, and to be honest who would blame him. He doesn't want to leave. He fondly remembers the last Super Bowl game in the same way we would remember the last music concert or the first football game you went to. He hoards collectable items such as old records, books and toys and takes them off grid to a secret location  a cabin that doubles up as a personal museum. It's his heaven, his fortress of solitude where objectives and missions are secondary and Earth's beauty and colour becomes primary. His partner, Victoria doesn't share the same feelings, obviously"
107,EKW_Doc7_Oblivion,EKW_Doc7_Oblivion,EKW,Sci-Fi,Negative,Oblivion,"All style, no substance is the refrain that ran through my head watching writer/director Joseph Kosinski's latest film, Oblivion. This is also the precise sentiment created by his previous film, Tron: Legacy. Though the Tom Cruise-starring science fiction adventure is breathtaking to look at, there is nothing to the film aside from the visuals. Bland, predictable, and frankly boring, Oblivion is an empty stylistic exercise, and feels like a slick bit of advertising, not a movie. Filmed in IMAX with Sony's new CineAlta F65 camera, Oblivion does look fantastic. Watching drone repairman Jack Harper (Cruise) blast through the wrecked-up wasteland of a post-alien invasion New York City on a futuristic dirt bike, past the strewn carcasses of container ships and submarines, is spectacular. Or when he floats through the ruined world in his bubble ship, the special effects are crisp and clean, and blend seamlessly with the frame. They're so good you don't notice them. But the entire film reminds you of those IMAX movies you saw as a kid, where a helicopter mounted camera sweeps around the rim of an active volcano, or dives into the Grand Canyon. The biggest problem in Oblivion is that it has about as much story, character, and emotional involvement as those clinical, removed IMAX movies. Jack and his partnerin both a business and romantic senseVictoria (Andrea Riseborough), are two of the last human beings on the planet. As Jack's heavy-handed voice over tells you at the outset, and as the film explains in great detail again and again throughout, aliens called Scavs destroyed our moon, which threw the planet into geologic upheaval. When chaos was in full bloom, they invaded, and we were forced to use nukes to win the day. So we won the war, but the planet was ruined in the process, and the human race relocated to Jupiter's moon of Titan. All that remains are skeleton crews like Jack and Victoria, tasked with servicing the droneswhich make sounds like a synthesizer fartingthat protect the massive rigs that drain seawater to convert into power for the folks on Titan. The whole set up is an obvious attempt to make you consider our own dependence on finite natural resources like oilthe docks are set up to look like offshore oil drilling platformsbut other than a quick mention that the oceans are almost gone, the metaphor is roundly ignored. Jack and Victoria are stock movie short timers. With just two weeks left before their mission is complete and the can move on to Titan, she just wants to keep her head down, do her job, swim naked with Jack, and abandon this place to memory. He, on the other hand, is wistful, questioning, and still feels that Earth, even after everything, is still his home. You're supposed to feel his yearning when, standing in the middle of the ruins of a football stadium, he waxes poetic about a game he has never seen, but there is so little emotional connection that you can't"
108,EKW_Doc8_Oblivion,EKW_Doc8_Oblivion,EKW,Sci-Fi,Negative,Oblivion,"Remember when the movies held the impending extinction of human life on the planet as a worst-case scenario  something that could and would be heroically averted, if only at the last second? Nowadays, the end times are only the beginning: an apocalyptic backdrop is something we're going to be seeing a lot of this year, so we might as well get used to it. In the glossy, derivative, ambitious and fatally underpowered ""Oblivion,"" Tom Cruise is the last guy on Earth. He's Jack, a technician  a mechanic, really  whose job is to fix broken down drones (in a cute touch he sticks the first one back together with chewing gum). In other words, he's a bit like WALL-E, and Andrea Riseborough is his latter day Eve. They live in a billion-dollar birdhouse perched up above the clouds, and in a quaintly chauvinist set up, he reconnoiters the skies in a flashy starfighter prototype, while she sits at an interstellar telephone exchange and relays the commands of mission controller Sally (an irritatingly twangy Melissa Leo) from on high. See, the remainder of the human race has taken refuge on a giant spaceship (it looks like a floating audio speaker, something that wouldn't be out of place on the cover of an '80s progressive rock album). The plan is to scoot over to Saturn just as soon as they have sucked up enough hydropower from the Earth's oceans to fuel the journey. But why? Well, because of the alien invaders who destroyed the moon and threw the biosphere out of whack, that's why. As Cruise mournfully intones in the movie's lugubrious prologue, we won the war, but lost the planet. That's what the drones are for: to kill off the last remaining hostiles, or ""scavs,"" who have taken refuge on the edge of the radioactive wastelands that cover most of the globe. That's more than enough backstory, I know, but there's much more to come out, even as Jack goes about his daily routine, tracking down lost drones, revisiting ruined New York landmarks (the top of the Empire State Building now sits at ground level on a sea of dust), and occasionally going AWOL himself to grapple with fragmentary memories of a beautiful girl (Olga Kurylenko), and a lost world he has no right to remember. The story is officially credited to an unpublished comic book by the film's director, Joseph Kosinski. But if you poured all the most memorable sci-fi films from the past half century into a blender, from ""2001: A Space Odyssey"" and the original ""Planet of the Apes"" all the way down to last year's ""Prometheus,"" you would probably wind up with something very similar and equally synthetic  though quite possibly more exciting. While he immerses us in an often dazzling futurescape, for the most part Kosinski (""Tron: Legacy"") lacks the poetic imagination to animate this requiem for a dying world  comparisons with ""WALL-E"" are certainly not to this film's advantage  and"
109,EKW_Doc9_Oblivion,EKW_Doc9_Oblivion,EKW,Sci-Fi,Negative,Oblivion,"I'm a huge fan of science fiction, and that is probably part of the problem I had with ""Oblivion."" The mix of derivative writing and brilliant production design really put me in a quandary with the film. On one hand, it was a visual masterpiece. On the other hand, it was a sad disappointment. To make matters worse, I was quite impressed with Joseph Kosinski's previous film ""Tron: Legacy."" I grew up with ""Tron,"" and seeing his slick, modern update to the story counted as one of my favorite moments in the theaters in 2010. Sure, I knew it has severe pacing and story problems, but it was just so damn cool to watch. I was hoping for at least the same thing with ""Oblivion."" I suppose I did get it to some degree. The look of the film is fantastic, and on the IMAX screen, it really works. The visual effects are mind-blowing and so realistic you will likely forget they are, in fact, generated in a computer. Similarly, the action sequences (when they actually get around to happening) are thrilling and exciting, if not sometimes apparent re-shoots of moments from ""Tron: Legacy."" (If you don't believe me on that point, compare the canyon chase in this movie to the light-jet chase in ""Tron: Legacy."") Though, what ""Oblivion"" reminds me of is a second novel from an author who made a sudden splash with his or her first. Instead of delivering something new, the writer digs an old unpublished work from his or her writing trunk and takes the opportunity to get it out there for the readers. The problem is that while the author (or in this case, filmmaker) is in love with the piece, it features less refined and more amateurish content. In essence, there's a reason why this movie wasn't made before ""Tron: Legacy"" put Kosinski on the map... or grid. The story, and the characters, and the pacing is where ""Oblivion"" breaks down. It's not the cast, and it's not the design of the film. It's all that other ""stuff"" that makes a movie a movie, and unlike ""Tron: Legacy,"" no amount of slick production design and eye-popping visual effects will change that. That story is one that I've seen in many different pieces of science fiction literature and movies over the years. Tom Cruise stars as Jack, a custodian of sorts on Earth 60 years after a war made the planet uninhabitable. With his memory wiped, he and his partner/lover monitor and provide maintenance to drones that protect giant processors that are supposedly cleaning up the surface for the eventual return of the human race. However, when entities on the surface known as ""scavs"" (short for scavengers) bring down an ancient spacecraft, Jack starts to uncover startling secrets about himself and his mission. I could list the dozen or so movies that ""Oblivion"" mimics, but to do so would offer some pretty hefty spoilers. Suffice to say that there is very little original thought"
110,EKW_Doc10_Oblivion,EKW_Doc10_Oblivion,EKW,Sci-Fi,Negative,Oblivion,"Most of its ambition is directed toward its sumptuous visual effects, depicting an eerily beautiful post-apocalyptic Earth, decimated by nuclear war and rendered primordial by the destruction of the moon. Yet the overly familiar sci-fi tropes the screenplay employs limits our immersion in the story, which focuses on the identity crisis of a man who methodically uncovers secrets about the world he lives in. Tom Cruise plays that man, Jack Harper, with the sincerity and star power that keeps the film from being an empty display of exquisite art direction. Jack is stationed on Earth, maintaining the flying spheroid robot drones that seek and destroy the remaining alien invaders, dubbed Scavengers, that caused the war. His partner in love and work, Victoria (Andrea Riseborough), sits at a computer terminal, guiding his dangerous missions on the planet's devastated surface. Sally (Melissa Leo), their forcibly polite, chilly supervisor, gives them orders from an orbiting space station. The surviving Earthlings now live on one of Saturn's moons, Titan. Jack's voiceover narration tells us that he and Victoria were given a ""mandatory mind wipe"" prior to their mission. As with so many movie characters with washed brains, he experiences echoes of a previous life, prior to the invasion, in dreams, featuring a woman (Olga Kurylenko) who is not Victoria. His yearnings prompted him to build a little slice of nirvana in a lush valley, a secret cabin decorated with totems from an existence on the fringes of his memory  books, an old hi-fi, Led Zeppelin records. It's two weeks before Jack and Victoria are scheduled to go home to Titan, which is the sci-fi equivalent of a bank robber's last score or a cop's last assignment before retirement  it's only a matter of time before something derails the plan. Jack's existential restlessness coincides with a craft wrecking on Earth; it contains the literal woman of his dreams, and the seams of his artificial reality begin to show. He then encounters Beech (Morgan Freeman), who leads a cadre of surviving humans wearing capes and goggles and whatnot. They live in an underground Thunderdomey place, which becomes a fabled flame-and-steam factory come the action-packed third act. Oddly, ""Oblivion"" has enough material to fill three movies  maybe this is a result of modern cinema's rampant franchise-itis - yet still seems thinly rendered. It's almost a narrative about narrative itself, since the Jack character eventually comes to understand the larger mythology of his story. It looks fresh, but the plot is familiar, a stylish pastiche of ""Blade Runner,"" ""2001: A Space Odyssey"" and ""Mad Max."" This degrades the effectiveness of Jack's emotional arc; when the film reveals its pseudo-profundities, it feels derivative and a bit silly. Director Joseph Kosinski made an auspicious debut a couple years ago with ""TRON: Legacy,"" and he's made a marked improvement since then, in terms of constructing impactful action sequences. But ""Oblivion"" suffers from the same problem that plagued the ""TRON"" sequel: it's an exquisite bore, a lot of provocative"
111,EQF_Doc1_The_Others,EQF_Doc1_The_Others,EQF,Horror,Positive,The_Others,"A few years ago, Alejandro Amenabar's third movie was prominent in the top 250 of IMDb. But today, it isn't there any more. That's really unfair. It largely deserved its place and to occupy it as long as possible. After, ""Tesis"" (1996) and ""Abre Los Ojos"" (1997), Amenabar goes up a notch and signs with ""the Others"" (2001) a masterful masterpiece which refreshes fantastic cinema and breathes new life into the theme of the haunted house. He largely deserves his nickname of ""new young prodigy of Spanish cinema"". With Tom Cruise, partly responsible for the production, one could fear a strong Hollywood influence in Amenabar's opus. But fortunately, it's nothing of the sort. As a matter of fact, just like the great M Night Shyamalan, Alejandro Amenabar appears as a real author, on the fringe of the Hollywood industry and he's got enough character to let his style nurture. Let's hope he won't be crushed by the Hollywood machine. The movie was shot in Spain, with eventually a modest budget (17 millions of dollars) and it was a surprise to see it doing brilliantly a little everywhere in the world. Amenabar had already ventured in the dreadful world of the snuff-movies with his debut movie ""Tesis"" and had succeeded in mixing several films genres in one cohesive narrative line with ""Abre Los Ojos"". But with ""the Others"", one didn't suspect a real ease in the ""In Camera"". It's a quite dramatic change of style and in the end a successful translation in the fantastic. Amenabar's references are easy to guess. They're three cornerstones in fantastic cinema: ""the Innocents"" (1961), ""the Haunting"" (1963) and ""the Sixth Sense"" (1999). ""The Others"" can be considered as the meeting of these three opus. All the elements of the fantastic movie with Gothic nature are gathered and perfectly used. There's no shortage of examples: an austere mansion with a sinister architecture which hides a dark secret, big rooms half obscured, a mist which tends to thicken throughout the days, characters with sinister-looking faces. All these features blend themselves to create a nearly stifling universe. Moreover, Amenabar favors a calm and quite slow rhythm to play with the spectator's nerves as much as possible and we are entitled to real moments of fear. It is also interesting to write that a minimum of special effects is just enough for the director to maintain anxiety. He also weaves a more and more threatening atmosphere marked out by the progressive reversal of situation (in the beginning of the film, Nicole Kidman dominated Fionnula Flanagan but in the middle of the film, it's the contrary which happens). And, of course, like in a successful suspense movie, virtually all the obscure or ambiguous points are clarified making the story incredibly coherent and after the final conclusion (which of course, I won't reveal), the very last sequences have a strong emotional power and it would take a heart of stone to resist them. On another extent, let's also take down the"
112,EQF_Doc2_The_Others,EQF_Doc2_The_Others,EQF,Horror,Positive,The_Others,"Honestly, if you're afraid of the dark, you're going to love this. The Others is like being stuck in a house with all the windows shut during a heatwave, except here, it's 100% darkness. Amenabar takes a Victorian mansion, cuts off the electricity, and boom! You're left in an atmosphere where even the shadows are scared. The film gives off a vibe that makes you want to check under your bed, even in broad daylight. Like, why does light always bring fear in horror movies? Here, it's the light that kills. The house reeks of unease, and Nicole Kidman plays a huge part in that. Nicole Kidman is fully committed-like, really. You almost wonder if she had a sleep crash during the whole shoot because she embodies this devout mother on the verge of losing it so well. She's as terrifying as she is terrified, and it's brilliant. When she starts to unravel, you're sitting there like, ""Okay, I'm going to chill with the lights at my place too."" You get attached to her, but at the same time, you don't want to be stuck in that Black Mirror house with her. Let's talk about the servants. When you've got Bertha, this old housekeeper who looks like she's got a resume as long as a never-ending day, you really start to wonder where she came from. She shows up with a friendly face, but there's that little gut feeling telling you you're not out of the woods yet. It's like she knows things about your life that even you forgot. She sends chills down your spine in a ""I'm nice, but don't push it"" kind of way. Basically, the servants hang around with a vibe so off, you almost feel like they're the real bosses of the house. The plot is tailor-made. It starts with classic horror themes-mysterious kids, a haunted house-and then, bam, it flips your mind in no time. The final twist? Honestly, even after seeing mind-benders like Fight Club or The Sixth Sense, you won't see this one coming. Amenabar makes you believe one thing, and when you grasp the truth, you feel like the joke's been on you all along. You end the film like, ""Okay, I definitely underestimated how deep this story goes."" Visually, it's a treat. It's like every shot was hand-painted. There's a real play with light-or rather, the lack of it-that puts you under intense pressure. The scenes are sharp, the cinematography is gorgeous, and the editing... flawless. Amenabar handles tension like a top chef during rush hour: just enough to keep you hooked, but without overcooking the whole thing. The Others is hands down one of the best horror films of the decade. No need for jumpscares to keep you on edge-just atmosphere, top-notch actors, and a twist that will haunt you long after the credits roll. If you haven't seen this movie yet, seriously, what are you waiting for?"
113,EQF_Doc3_The_Others,EQF_Doc3_The_Others,EQF,Horror,Positive,The_Others,"Nicole Kidman plays the mother of two children in 1940's England in a giant mansion. Her husband is away in the war, but luckily the beginning of the film shows three individuals being hired to take care of the house. The small catch is that these kids have a rare disease that doesn't allow them to be exposed to sunlight. It's a giant empty house, filled with groans and creaks, but it's hard to tell what's normal and what's supernatural. The children tell tales of seeing other people in the house, but their mom just thinks it's her children playing tricks on her. It isn't until she experiences things firsthand, such as doors forcefully opening or closing, music from the piano, running footsteps, and even her daughter appearing as an old woman, she starts to believe them. When the frustrations get to be too much, Kidman tries to travel to a neighboring house, only to be met by a dense, impenetrable fog, and also her husband, back from the war. The strange activities seem to stop while the husband comes back, but things still seem off. The husband disappears, and then shit starts ""popping off"", as the kids would say. With the discovery of grave markers on the property and questioning why the caretakers are at the house, we learn that the caretakers are ghosts! No! As the kids and their mom take refuge in the house, the activity seems to culminate in seeing multiple apparitions who are conducting a seance. We then learn that it is in fact Nicole Kidman and her family that are ghosts, and the activity that they thought to be ""ghosts"" were people trying to contact their spirits! The film ends with the family refusing to acknowledge they are ghosts and vowing to stick together and stay in their house....FOREVER!!!!! I really only remember there being two or three good scares in this movie, with one towards the end of the movie being pants-shittingly scary. After watching this movie again, there are definitely five or six segments that could creep you out, but there's an emphasis on ""could"". Unfortunately, with all of my haunted house movie viewings, they all seem to lose their creepiness the more you see them. Knowing when all of these surprises and scares are coming makes them seem cheesy, but I really have no one to blame for that except myself. The isolation of the family in their home adds to the creepy ambiance of the whole movie, and the twist at the end definitely surprised me the first time I saw it. Because the story isn't really too original or unique, the twist is what makes this movie stand out from most other contemporary haunted house movies. You can also believe that Nicole Kidman could be driven insane with the amount of care she is paying to her children's disease because she is a raging bitch throughout most of the movie. In fact, you kind of wish that her kids"
114,EQF_Doc4_The_Others,EQF_Doc4_The_Others,EQF,Horror,Positive,The_Others,"Films that deal with the supernatural, whether in direct or implied terms, are more often than not disappointing, in that they rarely manage to deliver on their promise. Moreover, films of that same school touted as being `scary,' as well, are usually even more of a let down; so a film that can truly bring a supernatural theme to fruition and be frightening-- joltingly scary even-- in the balance, is one to be celebrated. `The Others,' written and directed by Aleiandro Amenabar, is a film to be celebrated. Unlike most films of the genre, this is a true sojourn into regions beyond the known that actually takes you to that final destination. And when your mouth is so dry you can't swallow, and the palms of your hands have gone clammy cold with sweat, you'll know you've arrived; that Amenabar has succeeded in taking you to that place where few filmmakers dare to even attempt to go. By the end of the film, it's clear that when Amenabar makes a promise, he keeps it. The Channel Islands, 1945: World War II has ended, and in a picturesque country mansion, the mistress of the manor, Grace Stewart (Nicole Kidman), is at the end of her tether; she has not heard from, nor about, her husband, Charles (Christopher Eccleston) since he went off to war, and all of her servants-- including her children's nanny-- have inexplicably disappeared without notice and without a trace. Caring for her two children, Anne (Alakina Mann) and Nicholas (James Bentley), without help, is beginning to overwhelm her, as they suffer from a rare disease that makes them vulnerable to light any brighter than the essential amount of candlepower, a condition that demands the utmost vigilance on the part of their caretaker. And at the moment, that means Grace, alone, in a house by necessity shrouded in darkness. Help arrives, however, in the form of Ms. Bertha Mills (Fionnula Flanagan) and her companions, Mr. Tuttle (Eric Sykes), and a young girl named Lydia (Elaine Cassidy), in response to an add placed by Grace in a local newspaper. All experienced in service, they are the answer to Grace's immediate problems, and she puts them to work immediately. But it soon becomes apparent to Ms. Mills and the others, that something is amiss in the household; something to do with Grace, who seems to be having trouble coping. Still, there's more: Anne insists that she has seen `others' in the house, including a young boy she calls `Victor.' And, according to Anne, Victor claims that the house belongs to him and those with him. The real problem, though, is the fact that no one else can see him. Only Anne. And it's about to take Grace to the very edge of what's left of her sanity. If, indeed, there is any left at all by that time. More than a supernatural thriller, what Amenabar has created here is a gem that stands out from among the rest because of it's"
115,EQF_Doc5_The_Others,EQF_Doc5_The_Others,EQF,Horror,Positive,The_Others,"Many films have toyed with the idea of psychological torture and very few have actually managed to carry it out. ""The Others"" joins a short list of such films that range from ""Gaslight"" to ""The Manchurian Candidate."" An island in the English Channel is the home of a beautiful older home where a young mother lives with her two light-allergic children. Grace (Nicole Kidman) must take great care not to expose them to light or they will break out in sores and possibly die. She makes sure that every door is locked and all curtains drawn. These are the instructions passed along to three wayward servants arrive mysteriously not long after Grace's previous employees fled. These servants, led by Mrs. Mills (Fionnula Flanagan), seem rather experienced and turn out to have previously worked at the mansion several years prior. The others are Lydia (Elaine Cassidy), a dedicated mute who knows far more than she can say, and Mr. Tuttle (Eric Sykes), the fatherly old gardener with a secret of his own. Grace is a very Christian woman who teaches Anne (Alakina Mann) and Nicholas (James Bentley) to live by the bible and refuses to accept when Anne says there are people living in the house, but not ghosts as they wear sheets and chains. When the house awakens with hollow piano notes echoing through the empty halls and heavy footsteps cascading off lonesome walls, the idea of a haunted house doesn't become so unusual. ""The Others"" is the fantastic English-language debut for Spanish director Alejandro Amenabar. The film is suspenseful canvas stretched taught across an entertaining frame. Kidman paints the vivid portrait of a woman terrified by things unknown. She's a panic-stricken mother who desperately wants to protect her children. Even through her mounting madness, she never loses sight of her true goals. Flanagan is terrific as the calm, stern English housekeeper with a penchant for secrets. She and Kidman play terrific counterpart, one sensible, one hysterical. Mann and Bentley each display talents that not many of their age can muster. Much of the credit for younger performances is heaped on the director and in this case, I'm sure he had a hand in molding their talents. Even Sykes and Cassidy due their part in completing an excellent ensemble. Not only is the acting above par, the suspense itself is mind-boggling. The slow pace helps keep the audience in suspense and even though much of the action is pitted against things that aren't there, you still feel every bump in the road. Much of this can be credited to Kidman's ultimately believable performance, but much of it is thanks to a terrific director, editor and composer whose combined talents make ""The Others"" one of the year's best films and one to add to the ranks of great psychological thrillers. ""The Others"" feels like a cross between ""Gaslight,"" the story of a husband who tries to drive his wife mad and ""The Shining"" about a haunted hotel high in the Colorado"
116,EQF_Doc6_The_Others,EQF_Doc6_The_Others,EQF,Horror,Negative,The_Others,"We knew it would only be a matter of time before the studios tried to capitalize on the recent success of M. Night Shyamalan's ""The Sixth Sense"" and start bringing haunted house mysteries and metaphysical thrillers a-la-Hitchock our way. Unfortunately for us, the timing is sooner rather than later. Set in 1945 on Jersey, one of the Channel Islands situated between Britain and France, World War II is over. A pasty, clammy-looking young woman named Grace lives with her two small children on a large estate in a manor house shrouded in darkness and fog. Her husband, who had gone off ""to fight the baddies"" in the war, has not yet returned home and Grace anxiously awaits his return despite his being presumed dead for the past 1 12 years. Her children, young Nicholas who is scared of his own shadow, and his sister, the precocious, inquisitive Anne, suffer from such a sensitivity to light that should they be exposed to anything above a dim oil lamp or candle flicker, they will die. Over-the-top, Bible-obsessed Christian that she is, Grace home schools the children in what appears to be their only subject  religion  in anticipation of Anne's First Communion and the life hereafter with all of its various hells. Servants engaged by Grace mysteriously vanish during the night, the most recent set of which left the preceding week with such suddenness they failed to even collect their wages. In response to an advertisement for a new staff, a grandmotherly Irish woman named Mrs. Mills, her apparent gentleman friend Mr. Tuttle and the young mute Lydia appear at the door seeking employment just as suddenly as the old servants disappeared. Interestingly, the advertisement has yet to even be mailed to the paper for publication. After sending Mr. Tuttle off to commence gardening, Grace escorts Mrs. Mills and Lydia throughout the house, explaining ""the rules"" as they go. When entering or exiting a room, each door must be locked before another may be opened. There is, of course, a key for each of the 50 doors in the house. Curtains must always be drawn  not due just to the children's light sensitivity, but as a measure to ease Grace's migraines. There is to be no noise. And above all, one must not believe any ""stories"" told by the children. Anne, it seems, believes in ghosts and ""the others"" that she claims reside in the house, using this belief to both petrify her whiney little brother and drive her non-believing tightly wound mother to the very edge of madness. Writer/Director Alejandro Amenabar does an adequate job creating the eeriness and creepiness of a haunted house, giving us the requisite piano playing in the middle of the night, tromping and clomping of footsteps on the upper floors, opening and closing of locked doors, noises in the middle of the night (although in the dark house it could be the middle of the day for all we know), cluttered attics, seances and"
117,EQF_Doc7_The_Others,EQF_Doc7_The_Others,EQF,Horror,Negative,The_Others,"We can begin with the best thing in The Others: Kidman, no doubt. And the film itself is not a bad movie, but something worse. You can wonder what's worse than a bad movie? The answer is a non-original movie. And talking about Alejandro Amenabar a non-original movie is something really serious, because this boy has no one single original idea in his brains. I mean, everything in his movies is copied from another film. In this case, even the idea and the lights are copied from another movies and not only the images, so this is something incredible. People who doesn't know much about cinema (or that are too young to have seen much movies) can see an obvious linking between The Others and The Sixth Sense (Night M. Shyamalan, 1999), but that is just one of the multiple copies of this film. And I write copies and not references or tributes, because I truly believe that Amenabar is a master in the copy-paste style. When you pay attention to The Others you can see images from The Exorcist (William Friedkin, 1973), Room at the top (Jack Clayton, 1959), The Haunting (Robert Wise, 1963), The Changeling (Peter Medak, 1980), La Chute de la Maison Usher (Jean Epstein, 1928), The Shining (Stanley Kubrick, 1980), Barry Lyndon (Stanley Kubrick, 1975, here the use of lights), and many others, including also Luis Bunuel (Viridiana, 1961) or Federico Fellini (Amarcord, 1974). So, there is an absolute lack of new ideas in this movie, what is an incredible pity, but a cruel reality. So, why much people love Amenabar? Well, it's really easy. When you are young you have no idea about what is already filmed. So you can create something incredible out of modern style just going to your videoclub and copying every single scene you love. But there is also another question more difficult to answer? Why do experts love this movie? OK, there are different possible answers. First, they are also too young and they have to learn much more. Second, they are Amenabar's friends (in Spain there are a lot of them, but even here there are some critics that have seen much copies in this movie than in any other filmed by the director). Third, they are in love with Nicole Kidman (and that's really normal). Fourth, they haven't seen the movie (this is not so impossible. I am a journalist and I know people who do it). Fifth, a mystery I don't understand. Summing up, Alejandro Amenabar is not a genius neither a clever director. He is just a lucky boy who knows the best way to make a movie without wasting a single minute of thinking: to copy. And in that he is really a master, or at least, one of the best plagiarists of the world. Congratulations for that."
118,EQF_Doc8_The_Others,EQF_Doc8_The_Others,EQF,Horror,Negative,The_Others,"When this film came out...I thought it might be good..worth seeing at some point..in the theater. I am glad I never wasted my time and money to do so then. It starts off boring..stays boring..and does little to make you want to watch it until the end. It did not take long to realize the main characters were dead..and did not understand what had happened to them. The kids...the boy..is wimpy..and the girl is rather mean and hateful. No wonder..with a mother who seems to have major mood swings at the drop of a hat. The husband...a war hero of sorts..comes home..suddenly..out of the fog...unsure of how he got there...and with the idea the war is still being fought...so he must go back and leave his family again. To live in that gloomy house..surrounded by fog..no wonder he wants to leave. The caretakers of the place...they all seem to know SOMETHING...but none say a word...why? The housekeeper simply does the bidding of the woman..with a grim look on her face..as if she doesn't approve. Why doesn't she speak up? The kids are supposedly sensitive to light...so everything is kept dark..windows covered...she thinks the sunlight will kill them...how does she know that? Who told her? A doctor..? Or is it part of her delusions? She seems very uptight and almost manic at times..ranting and raving...which would have been the perfect time for someone to tell her the truth. Apparently..her husband was killed in the war...and she lost her mind because of it...killed her children and the people who worked for her...and then herself....or she was loony all along and that sent her over the edge? The mansion sits far from anything...it seems...no one comes...no one we see anyway...but when the curtains disappear...we know someone or something has taken them down...ghosts we are thinking..? Someone trying to kill her children...the woman is thinking. I never did get the idea of why the woman kept all the keys to everything. Every room had to be kept locked...another of her delusions? If she was so fearful of the place...why didn't she gather her children and leave? Fog or no fog? Any good mother would have gone for help or something of the sort. She gets a gun and attempts to shoot...another hint at what she might have done at one time to the living? I wanted to like this film...and I am not a big Nicole Kidman fan at all..but after I figured out the plot..it was no longer interesting. They called the unseen people ""The intruders""...and it scares the children. Who would scare children like that? If they have to spend eternity being afraid because of things their mother did..it seems wrong. The seance scene finally lets you in on what is going on...duh...we knew that already. What people would hold a seance to find out of the place was truly haunted before they decided to buy it? Weird. The place will continue to stay empty..because as Nicole Kidman says in the end"
119,EQF_Doc9_The_Others,EQF_Doc9_The_Others,EQF,Horror,Negative,The_Others,"The Others starts auspiciously enough with a blood-curdling scream by its star, Nicole Kidman. Unfortunately, this the most interesting thing that happens for the next 45 minutes. Spanish writer/director Alejandro Amenabar, who helmed the film, definitely does not fall into the trap of overstating the horror in his horror film (I have often complained that scary movies undermine their own effectiveness by overdoing their effects), but he almost goes too far in the opposite direction, keeping the action at a slow, plodding pace that provokes more yawns than gasps from his audience. Kidman, who is onscreen during practically every scene, is suitably affected, but one can only witness so many minutes of wandering tensely around a darkened mansion looking for ghosts before one thinks, ""Okay, show me something scary, or I'm going to go watch Rush Hour 2 again."" The final reel of The Others is reasonably captivating, but the 85 minutes that come before it are mostly just dull and atmospheric. Kidman's character, Grace, is a mother of two who is still waiting in her huge and unneccessarily scary house in the Channel Islands for the return of her husband from World War II. The trouble is, it's fall 1945, the war ended several months ago, and she still hasn't heard a word. (My theory is he's too scared to come back to the house.) Anyway, while she waits for him, she has other problems. Her children, Anne (Alakina Mann) and Nicholas (James Bentley), suffer from an allergy to light which makes it neccessary to keep the curtains closed at all times lest they break out in hives, and her entire staff of servants has recently tendered their resignation, no doubt because Grace has been grumpy lately for lack of sex. While Grace alternates between catching up on her embroidery and psychologically torturing her kids with scary Bible lessons, her new staff of three begins to learn the rules of the house. Mrs. Mills (Fionnula Flanagan), whose soft but frumpy exterior and Dublin accent give her a startling resemblance to Robin Williams in Mrs. Doubtfire, serves as the house's mysterious cook/nanny, Mr. Tuttle (Eric Sykes) is the mysterious gardener, and Lydia (Elaine Cassidy) is the mysterious young mute girl whose purpose seems mainly to be mysterious. They learn that any open door must be closed before another is opened, the curtains must always be closed, and the children must be kept on the edge of terror at all times. As usual in this type of movie, the house is just as much a character as anyone in the film. The place is ridiculously huge, with stone walls on the outside and dark wood interiors, ancient furniture and fixtures, and no electricity. The weather seems to be in a permanent foggy morning state, during the few times we actually see outside. This oppressive atmosphere would be good for horror if there were any horror to speak of in the film. But as it turns out, it's just oppressive. Though Kidman"
120,EQF_Doc10_The_Others,EQF_Doc10_The_Others,EQF,Horror,Negative,The_Others,"A Gothic mom-in-distress thriller for those who might believe in ghosts or at least are open-minded, or for those who like a scary puzzler story to be grounded in those old-fashioned techniques of getting at the human emotions rather than being a computerized technical special-effects production of the supernatural. It most closely resembles the Henry James story ""Turn of the Screw,"" as that one was filmed by Jack Clayton and was called ""The Innocents."" That film's premise is also of a woman desperately trying to save the two children in her care from invisible invaders in their house. The 29-year-old acclaimed Chilean-born, Spain-based director, Alejandro Amenabar (Open Your Eyes/Thesis), provides a surprise ending to this chiller, which the clever viewer might guess since there are enough clues laid down. That's something ""The Sixth Sense"" did, but there it worked better because the story was more plausible and less artsy, so when the surprise ending resulted it seemed more satisfactory than in Amenabar's film. The dark and somber tone of Amenabar's film lingers for too long to make it seem anything more than an atmospheric and stylish mumbo-jumbo scare film. It creeps along at a gruelingly slow pace, belaboring its point that ghosts can live among the living. The film is set in 1945, just as WW11 ended, in a remote house on the isle of Jersey, in the English Channel. But time seems irrelevant, as it could be set at any time, though the story fits most readily into the Victorian period. The mansion is inhabited by a stern, bossy, high-strung, Bible fundamentalist Catholic mother, Grace (Nicole Kidman-looking like Grace Kelly in the 1940s), her two vulnerable children, Ann (Alakina) and Nicholas (Bentley), and three odd servants who mysteriously show up and offer their services when the other servants fled for no apparent reason not even bothering to collect their wages. The servants include: the head housekeeper, Bertha Mills (Fionnula Flanagan- a noted Irish actress), the gardener, Mr. Tuttle (Sykes), and a young cleaning lady who is mute, Lydia (Cassidy). The house is not only creepy and filled with ghost sounds, but is enveloped in darkness because all the windows must be covered with thick curtains as the children are mysteriously allergic to the light and if exposed it could be fatal to them. Grace is the household head because her husband Charles (Eccleston) has not returned from the war and has been reported as a MIA, though she still has some hope that he will return. In the house there is no telephone, no radio and no electricity. Also, ""no door must be opened unless the one before is closed."" There are 50 doors, 15 keys, and enough dark corners and creaky floorboards to even scare a dead person. When those cliched scary formula effects don't work enough scares, the background music goes into a high crescendo to add more chills. Another scare tactic used is when the scene shifts outside and the house is covered in fog and"
121,FOJ_Doc1_It__Chapter_Two,FOJ_Doc1_It__Chapter_Two,FOJ,Horror,Negative,It__Chapter_Two,"Even before Tim Curry donned the Pennywise persona for the 1990 mini-series, Stephen King's It was always going to be tough to adapt. As well as being such a colossal story, its ideas and setups are as haunting as they are thematically rich. Andy Muschietti's second diving into the It narrative struggles to fully do them justice. There's plenty to admire, but its individual segments are better than its whole. Following the second half of King's novel, It Chapter Two takes place 27 years after the first. The losers club have all grown and gone their separate ways. The only one who remains in Derry is Mike (Isaiah Mustafa), who discovers that Pennywise the Clown (Bill Skarsgard), an entity who haunted the losers club as children, has returned. He calls everyone from the losers club, including Bill (James McAvoy), Beverly (Jessica Chastain), and Ritchie (Bill Hader), and summons them back to Derry, where they will all face Pennywise for a second, and hopefully final, time. It Chapter Two is a film with a lot on its plate  so much in fact that it doesn't really know what to do with it all. But there are elements of substance to its somewhat messy presentation. A fruitful theme that can be derived is that of past trauma and coming to terms with it. All of the losers club members who have left Derry each return with amnesia, having forgotten Pennywise and his horrors, their memories being hazier the further away they have gotten from Derry. Mike is the only one who remembers clearly, acting as a guide through their past experiences. As such, these characters are forced to confront their dark pasts both directly and suddenly. One could argue that conquering your fears is a trait of the genre, regardless of age, but because we're dealing with fairly experienced adults instead of naive children, the film at times feels more like a trip through an obnoxious carnival hall than journeys of personal growth. All of the actors work with the material well too. On top of being perfectly cast as aged versions of the actors from the previous film (in spite of some uncomfortable de-aging CGI on the child actors), each one feels committed to the ideas the film seems to inhabit. McAvoy and Chastain both encompass their characters' shared and individual horrors excellently, as does James Ransone as Eddie, resulting in vulnerable portrayals of broken people. But, much like Finn Wolfhard before him, Bill Hader steals the show as Ritchie. Both very funny, and very sincere, Hader creates maybe the most intricate character of the film. His performance is articulate and layered, achieving tension and even heartbreak. Unfortunately, the film sacrifices the coming-of-age element that made the first one so distinct. Two of my friends and I were in the pub the other day, and we were discussing how accomplished Stephen King is as a coming-of-age writer. The Body (aka Stand by Me) is a perfect example, and even earlier"
122,FOJ_Doc2_It__Chapter_Two,FOJ_Doc2_It__Chapter_Two,FOJ,Horror,Negative,It__Chapter_Two,"When we last left the not-so-cozy little town of Derry, Maine it was 1989 and the seven friends who make up ""The Losers Club"" had vanquished the sinister child-chomping clown Pennywise (Bill Skarsgard). Knowing the possibility that he could return in 27 years, the group vows to come back to Derry if Pennywise every resurfaces. If that doesn't scream sequel nothing does. To be fair Stephen King's best-selling novel made a clear that a sequel was all but guaranteed. And it's not like the filmmakers weren't saying as much before the first ""It"" even hit theaters. And I'm sure Warner Bros. didn't mind making another film considering the first one brought in over $700 million against a modest $35 million budget. ""It Chapter Two"" deals with the inevitable return of Pennywise after 27 years in hibernation. A new cast plays the all grown up ""Losers"" while the original cast returns playing their younger selves in numerous flashbacks. Mike (Isaiah Mustafa) ends up being the only one who stayed in Derry and when he sees signs of the killer clown's return he contacts the ""Losers"" to fulfill their oath. Strangely, with the exception of Mike, the group have forgotten key details of their friendship and their time in Derry. Turns out the further you get away from the town the less you remember. Chap2 Bill (James McAvoy), Beverly (Jessica Chastain), Richie (Bill Hader), Ben (Jay Ryan), Eddie (James Ransone), and Stanley (Andy Bean) receive calls from Mike beginning their slow drip of returning memories. It also begins the film's overly long and cumbersome task of getting these characters from Point A to Point B while checking off a lot of boxes along the way. Navigating the unwieldy plot is just one of the problems effecting this overstuffed and wildly uneven sequel. The first film proved that these characters were at their best when they were together. ""Chapter Two"" fails to tap into that by keeping them apart for far too long. Take a long middle segment where each person goes out on their own to find their ""artifact"" hidden somewhere in Derry. It's meant to show them facing and overcoming a buried fear from their past, but it plays out like one staged horror set piece after another some. A couple are good including Beverly's despite it being completely spoiled in the trailers. Some are more interested in the grotesque while others are just ridiculous. A couple of moments do hit home particularly when the group discovers their old underground clubhouse. The scene blends together sequences of the young and old in a way that makes their friendships seem authentic and tangible. There is also a tender emotional tug from the movie's final few minutes that you can't help but be effected by despite the bumpy road to get there. A few other things contribute to this disappointing followup. Several aimless story-threads are introduced that literally go nowhere. There is a fizzling love triangle that is all but abandoned. We get"
123,FOJ_Doc3_It__Chapter_Two,FOJ_Doc3_It__Chapter_Two,FOJ,Horror,Negative,It__Chapter_Two,"Size isn't everything. For nearly three hours, the epic-sized sequel It Chapter Two attempts to mirror the length and girth of Stephen King's massive 1986 novel of 1,138 pages, one of the author's longest and most memorable works. After the incredible financial success of the first big-screen adaptation of It in 2017, which earned over $300 million in domestic receipts and even more at the international box office, the sequel attempts to instill its own landmark quality with a long runtime. But director Andy Muschietti's unsophisticated treatment of the beloved pop-horror text fails to elevate the material to the exultant stature implied by its duration. As an author, King validated an admittedly ludicrous storyabout adults grappling with horrific memories from their childhood experiences fighting an alien-clown named Pennywisewith his ability to immerse the reader in the inner psychology of his characters. Muschietti prefers to jolt his audience with cheap jump-scares, an ear-pummeling score, and gooey special FX more attuned to lowbrow schlock. At the same time, his characters, performed by an excellent cast, feel peripheral to the movie's spooky funhouse scares. Despite the luxurious 170-minute runtime, Chapter Two feels hastily assembled, oddly brief and bloated at the same time, and beneath the text on which it was based. Set 27 years after the events of its predecessor, Chapter Two opens with Pennywise (Bill Skarsgard) having returned from his slumber in the bowels of Derry, Maine, where the Losers Club of reject teens once assembled to stop him. The adult Mike (Isaiah Mustafa) has never left Derry and thus has never forgotten his traumatic experiences fighting the child-murdering clown. In fact, he's spent nearly three decades at the local library, researching Derry's storied history to uncover a way to defeat Pennywise once and for all. This is all recounted for the viewer in Mike's banal voiceover, wrought with winking lines such as, ""Sometimes they come back"" (the name of a King short story). Eventually, Mike calls upon his former friends, who made a blood oath as teens, to reassemble in Derry should the creature ever return. Strangely enough, those who left their childhood town have forgotten what happened, meaning much of Chapter Two involves scenes that recall events from Chapter One. Then again, the sequel also entails the characters remembering new scenes from their childhood that the filmmakers couldn't fit in the 2017 movie. When Mike calls his friends to ask them to come home, Muschietti has fun reintroducing his audience to the adult version of the Losers Club. The stuttering former leader of their group, Bill (James McAvoy), has become a successful novelist who now toils in Hollywood under a fretting director (Peter Bogdanovich). Though he replaced his overprotective mother with an equally fussy wife, the hypochondriacal Eddie (James Ransone) has found his calling as an insurance risk assessor. Likewise, Bev (Jessica Chastain) runs a successful fashion business, but she has replaced her abusive father with a marriage marked by domestic violence. The former ""fatboy"" Ben (Jay Ryan) has blossomed"
124,FOJ_Doc4_It__Chapter_Two,FOJ_Doc4_It__Chapter_Two,FOJ,Horror,Negative,It__Chapter_Two,"Quite a few more than 99 red balloons go by in a frightful montage that decorates the personal terrors of the returning characters in IT: CHAPTER 2. The cheerful child's toy was effectively turned into a harbinger of dread in the 2017 original movie that exploited the fears and traumas of a group of small town misfits. The orchestrator of both the rash of disappearances around Derry, Maine, and the murderous pursuit of those unlikely investigators was embodied in the form of a phantasmagoric clown called Pennywise. Almost three decades after what they believed was their victory over the nightmare jester, the balloons fly again and people disappear, or turn up in pieces, and the members of the ""Losers' Club"" return to Derry to face their foe and their fears. They've all moved on. Far from their hometown, the Losers have become successful writers, famous comedians, and trophy wives. Only one who endured the terror remains; the stalwart Mike established strong roots in Derry and has spent a lifetime examining its origins to find out what brought the clown to town in the first place. His are also the first pair of ears that perk up when more people suddenly begin to turn up missing and dismembered. Quickly putting two and two together and coming up Pennywise, Mike reaches out to those far away friends to gather them back to Derry to take down the clown once again. While the others have enough of a recollection about their friendship to take the call, their remembrances of that tragic summer are foggy. Even so, the subconscious memories awoken by Mike's phone calls manifests in unspecific panic, projectile vomiting, and in one case, a suicide. Upon arrival in Derry, it doesn't take long for the remaining Losers to remember all too well why they left; a recollection that is enhanced when horrific hallucinations begin almost immediately. Pennywise wastes no time in welcoming back the ones that got away, and even employs the Losers' childhood bully, himself driven insane by that summer, to help him get the job done. Even as adults who know what the clown is capable of, the Losers are unprepared for decades-old bandages to be ripped off of festering wounds by the laughing murderer. Unresolved conflicts, unhealed emotional scars, and deep-rooted fears once again serve as beautiful tableaus for Pennywise to construct his all-too-real nightmares. Just as he intended when they were children, the clown will have them one way or another; by driving them insane or tearing them apart with his piranha-like teeth. IT: CHAPTER 2 falls short of the original 2017 movie. There was a magic, freshness, and symmetry to the first film that isn't here. Perhaps it was the performances -- individual and combined -- of the kids of the Losers' Club that radiated a naturalness that viewers could easily relate to and cheer for. We could feel their fright as they faced those surreal, bloodcurdling scenes. Perhaps it was those imaginative depictions of terror that"
125,FOJ_Doc5_It__Chapter_Two,FOJ_Doc5_It__Chapter_Two,FOJ,Horror,Negative,It__Chapter_Two,"Just two years ago, director Andy Muschietti delivered the remarkable first half of his adaptation of Stephen King's ""IT."" It was a box office phenomenon and opened to wide acclaim from critics and audiences, who praised it for its thrilling storytelling and exceptional young cast. With its major success, the pressure was on to deliver a second half worthy of going right alongside the first in terms of the epic scope of the narrative, the cast, and, of course, the scares. Two long years later, the wait is finally over, and we can at last see if Muschietti (and screenwriter Gary Dauberman) can finish the epic adaptation they began by bringing it to what would hopefully be a satisfying conclusion. Picking up 27 years after the events of the first film, we find Mike Hanlon (Isaiah Mustafa) still living in Derry. One day he hears about someone getting killed in town, and upon discovery that Pennywise (Bill Skarsgard) has returned, attempts to reunite the members of the Losers' Club. He manages to contact Beverly (Jessica Chastain), Richie (Bill Hader), Bill (James McAvoy), Ben (Jay Ryan), and Eddie (James Ransone) (with the final member, Stanley, having committed suicide), and meets them for dinner, where strange happenings begin to occur soon after. While some of them immediately want to get out of town, Mike does eventually convince them that he has a way of defeating Pennywise once and for all through a Native American ritual. Pinning all of their hopes on this ritual, the group must collect tokens from their childhood before confronting the evil in one final battle. As noted, the first film had been a pretty remarkable achievement in that it was able to provide a good number of thrills throughout its captivating tale, always staying its course, and getting to the point in a reasonable amount of time. However, when it comes to ""IT: Chapter Two,"" it feels as though the difference between the films is night and day. This second part is simply far less captivating, is in no rush to get anywhere, takes an incredibly long time to get to the point, and ultimately doesn't really do much of anything on its way there. Much has already been said about the film's bloated 169-minute runtime, and it's true: there was absolutely no reason for the film to be this long, especially when it becomes clear that the story doesn't require this much time to tell. This becomes more and more evident as the lengthy film proceeds, first starting off just a bit slow as our heroes gather in Derry, and then even more so as it heads into its extremely repetitive second act, which consists of several unnecessary flashbacks, and feels as though it contains multiple sequences that should've been expunged as deleted scenes (i.e. scenes that don't get anywhere or add much of anything to the film). Finally, the film heads into an incredibly tedious and stretched-out finale, which had been a minor issue in the"
126,FOJ_Doc6_It__Chapter_Two,FOJ_Doc6_It__Chapter_Two,FOJ,Horror,Positive,It__Chapter_Two,"Let's remember that the first part of It (2017) was released twenty-seven years after the television miniseries It: The Killer Clown ( It , 1990), because, as is well known, ""It,"" or in one of its visible forms, the clown ""Pennywise,"" returns to the town of Derry every twenty-seven years. The sequel in question, titled It: Chapter Two ( It Chapter Two , 2019), is chronologically set in 2016 for that same reason, where all the children we met in the first installment, set in 1989, are now adults. After a prologue that delves once again into the themes of xenophobia, homophobia, and bullying, Mike, the only one still living in Derry, is tasked with warning his friends who have left that Pennywise is back, murdering people. It's no coincidence that Mike is the one who reunites the ""Losers' Club,"" because, having never left the town, his memories are fresher than theirs. Narratively speaking, he was the last to join the group as a child, and conversely, now he's the one who summons them to fulfill the promise with which It (2017) ended. One of the most intriguing aspects of this story remains: there's something rotten in Derry, something that has existed since its founding, something that seems to rise from the sewers and spread throughout the town, contaminating it. This same thing, after the initial confrontation with the Losers' Club, will return stronger and more terrifying than ever. And one has to wonder if this ""something"" has ruined the town, or if it's happening there because Derry is a place where, from its very foundations, the adults are violent, possessive, or absent parents, leaving the children completely unprotected and devoid of values. When the protagonistsMike ( Isaiah Mustafa ), Beverly ( Jessica Chastain ), Bill (James McAvoy ), Richie ( Bill Hader ), Eddie ( James Ransone ), Ben ( Jay Ryan ), and Stanley ( Andy Bean )reunite, we see what has become of each of them. Furthermore, as mentioned earlier, the traumas these children suffered show their emotional repercussions in adulthood. For example, Eddie is married to a woman with overprotective tendencies very similar to his mother's, and Beverly is in a relationship with a man who perpetrates domestic violence just as her father did. Consequently, cyclicality is ever-present, not only in Pennywise's return every twenty-seven years, but also in the repetition of harmful behaviors and patterns, as well as in the visual composition through the circular openings. Therefore, upon returning to Derry, the story largely focuses on each character's individual journey of self-discovery. Through this experience, they must confront their past fears in order to face the great monster and its constant transformations together once again. From there, the narrative alternates between the present and the past of each character through flashbacks. Some childhood scenes are from the first film, while others are revealed for the first time in this second installment. The film can be structurally divided into three acts: a first act with a"
127,FOJ_Doc7_It__Chapter_Two,FOJ_Doc7_It__Chapter_Two,FOJ,Horror,Positive,It__Chapter_Two,"In 2016, Derry once again falls into the cycle of the missing and dead. Mike Hanlon (Isaiah Mustafa), the long remainder of the Loser's Club begins the arduous task of reminding the other 6 of their promise: if It returns, they'll return to fight. Bill Denbrough (James McAvoy) is a writer, even if his books have garbage endings. Beverly Marsh (Jessica Chastian) is a fashion designer, married to an abusive husband. Ritchie Tozier (Bill Hader) is a stand-up comedian, Eddie Kaspbrak (James Ransome) is a risk management adjuster, Stan Uris (Andy Bean) is an accountant, Ben Hanscomb (Jay Ryan) is an architect. All of them have shaken off the horror of Derry and gone on to be relatively successful and mildly happy if broken by their individual traumas. Mike alone has stayed, becoming the archivist for the horrors of Derry, unable to forget what happened and documenting the evil that has always lived in and under Derry, Maine. Unhappy that they've been summoned for more than a reunion, but unable to shake that Derry is someplace they have to be, they begin to remember the strong powerful youths they once were. They band together one last time to fight It (Bill Skarsgard), manifesting again as the terrifying clown Pennywise to lure the unwary and lonely to feast on their damaged bodies. It has issues of Its own. The Losers Club defeated It once before hibernating in 1989, and It wants them back, baiting Mike at a crime scene with a message written in blood: COME HOME COME HOME COME HOME. Pennywise tells them, ""For 27 years, I dreamt of you. I craved you... I've missed you!"". When they each search for the tokens that made them nearly invincible in 1989, It taunts them with fear and despair. It sends them one last curveball in the form of Henry Bowers (Teach Grant), because while supernatural monsters are scary, human monsters are unpredictable as well as terrifying. If you're expecting It Chapter Two to be bloodier and gorier and more adult, you won't be disappointed. It Chapter One (2017) dealt with childhood trauma and loss, Chapter Two zeros in on that unresolved trauma. Bill faces the guilt of losing his brother, Beverly squares with unrequited love and sexual abuse from basically every adult man in her life, Ritchie and Ben are deeply unhappy with an unrequited love story of their own, Eddie needs to see the forest and the trees with permission of his overbearing mother and then his wife before taking a step anywhere. Stan can never measure up or live beyond everyone else's expectations, Mike relives the loss of his parents and lives while Black in Podunk Derry, Maine. It is a deep plush tapestry of fear, loss, and terror, reminding us that our childhood bonds are often the strongest, even if we don't remember them. For those of you that remember the book, neither Tom Rogan nor Audra Denbrough shows up as wrenches in the Losers' grand scheme, and"
128,FOJ_Doc8_It__Chapter_Two,FOJ_Doc8_It__Chapter_Two,FOJ,Horror,Positive,It__Chapter_Two,"It Chapter Two is beautifully cathartic and emotionally rewarding. Now, usually that's not a sentence I would write to associate with a horror film, but it's surprisingly accurate in summing up the adventure that director Andy Muschietti takes us on. Whether its Ari Aster's Hereditary or Jordan Peele's Get Out and Us, there's no denying there has been a notable shift within the horror genre, focussing more on the emotional substance and its social and psychological effects than the traditional jump scare motifs. To a certain extent, Muschietti's take on the Stephen King classic (with all of its richness and minus that controversial sex scene) has done well to align itself in that same company. Given how traumatic Pennywise (Bill Skarsgard) can be with his deceptive smiles and evil manifestations, this is a therapeutic journey to conquer fears and defeat the clown. And trust me, as someone who hates that clown ever since Tim Curry donned the suit and make-up in the TV miniseries, its thematic exploration felt necessary. And that's where we find ourselves, 27 years later with the Losers Club reforming to keep their 'blood oath' promise they made as kids. The entire film is built like an epic blockbuster event that chucks in the kitchen sink equivalence of twists and turns. But like a lot of Stephen King adaptations, its subject matter can be 'out there', but beyond the surface layer of scares which It adopts, elevating from the creepy to the horrifyingly graphic (and the occasional Meta references thrown in as a tribute), its focussed exploration is that childhood loss of innocence. The coming of age vibes is strong as the plot transcends into adulthood with all of its negotiated difficulties and life struggles. But it's genuinely surprising how poignant and reflective It Chapter Two is. Working best as a back-to-back experience (which I recommend), that wave of unexpected emotion lifts the film. Drawing active parallels with Netflix's The Haunting of Hill House with its visual transitions, its switch between the grown-up adults and their young counterparts is instantaneous. It leaves a celebrated nostalgia on the journey they've faced and their growing companionship as friends which you want to revisit. But, you adore the set-up with their older selves, knowing they have to confront and reconcile with the generational trauma of their past. It's an emotional beat often taken for granted, but as much it takes its time to establish those points, you relish their reconnecting journey, proving once again that they are the heart and soul of this film. it-chapter-2wo-losers-club.jpg Rightfully, the film deserves high praise with its casting. Jessica Chastain, James McAvoy, Bill Hader, Isaiah Mustafa, Jay Ryan, Andy Bean and James Ransone comfortably match their young counterparts with ease, diminishing any hints of star power, but allows room for depth in their spot-on performances. McAvoy mimics Bill's panic stutter that gets worse as the film escalates. Chastain brings the confidence that Sophia Lillis had in the first film, but is always within touching"
129,FOJ_Doc9_It__Chapter_Two,FOJ_Doc9_It__Chapter_Two,FOJ,Horror,Positive,It__Chapter_Two,"Andy Muschietti (far right) director of 'It Chapter Two,' poses for a portrait with cast members (from left) James McAvoy, Jay Ryan, Bill Hader, James Ransone, Andy Bean, Isaiah Mustafa and Jessica Chastain at Heritage Square Museum in Los Angeles. There were high expectations for the sequel opening, September 5, especially since the first film became the highest-grossing horror movie of all time. There's a point about one-third way into the film that's crucial to the entire movie. The members of the Losers club sit down, having not seen each other in over two decades. Each of them older, thought to be wiser, and yet unable to recall much of their past. They all seem to celebrate their life's achievements but can't seem to pinpoint how exactly they got there. Then, someone says the name of the clown responsible for their shared trauma. The message of It Chapter Two is clear. Nothing's really dealt with, until it's dealt with. This moment is crucial, narratively, because it's the point when all the characters are brought up to speed and can move the plot along. More important than that, though, it's a scene that reminds these characters that what binds them is not just an evil, psychopathic, shape-shifting clown, but it's the relationships they formed with each other. It's that very relationship that's meant to prove effective against their face-painted foe. subtle storytelling Whereas the first film taught the characters that their fears do not define them, the sequel is much more subtle with its storytelling. That's probably why the film wasn't as frightening as the original. You're no longer looking through the eyes of a child, you're seeing the perspective of grown adults. Adults are much less likely to be afraid of a clown, but they are likely to be unable to reconcile their pasts. Several times throughout the film, the characters are faced with secrets and shame that haunt them, despite their perceived maturity. I found It Chapter Two was a beautiful film with striking, mind-bending visuals that left me scratching my head, trying to figure out how the shots were achieved. It was also light on the horror, yet still able to provide a jump or two. The decision to make the film more about the characters was a wise one, but can bog down the film, based on just how many characters it needs to get to. Ultimately, whether you like the film depends entirely on your investment in the characters, rather than the thrills. I, personally, thought the film did a fantastic job of earning that investment, despite feeling imbalanced with particular storylines that were best left on the cutting-room floor."
130,FOJ_Doc10_It__Chapter_Two,FOJ_Doc10_It__Chapter_Two,FOJ,Horror,Positive,It__Chapter_Two,"Twenty-seven years after their first encounter with the terrifying Pennywise, the Losers Club have grown up and moved away, until a devastating phone call brings them back. Pennywise (Bill Skarsgard) is back. This time he's really, really angry. He has had time to stew on things as IT CHAPTER 2 picks up 27 years after the first film. While most of the kids from the Loser's Club have moved out of Derry, Maine, Mike (Isaiah Mustafa/Chosen Jacobs) has remained. Haunted by the events of the past, he keeps ever vigilant for IT's possible return. When mysterious disappearances begin occurring once again, Mike reaches out to his childhood friends to remind them of their promise to return to kill IT once and for all. I am happy to report that IT Chapter 2 is a worthy sequel to the first film, and in some ways even better. Bigger risks are taken, the violence is more unhinged and effective, scenes get more abstract and dreamlike, and it carries a surprising emotional weight. The film deftly jumps from present to past and back again thanks to a nimble script by Gary Dauberman and clear direction from Andy Muschietti. This necessitates employing the younger performers from the first film along with a new ensemble of expertly cast adult actors. The effect is consistency in character that adds a unique gravitas to the collective performances. We are first reintroduced to all of the Losers as they get the fateful call that pulls them back to their painful childhoods in Derry and the film begins. All but one of the Losers immediately hop onto planes and return home with the exception of Stanley (Andy Bean/Wyatt Oleff). Once back, the Losers meet for dinner at the Jade of the Orient. Each of the losers arrives and sizes one another up in their own way. Beverly (Jessica Chastain/Sophia Lillis), Bill (James McAvoy/Jaeden Martell) Richie (Bill Hader/Finn Wolfhard), Eddie (James Ransone /Jack Dylan Grazer), and Ben (Jay Ryan/Jeremy Ray Taylor) sit at a round table, reconnecting until a lingering feeling of dread takes hold again. As they all slowly recall the evil they faced 27 years before, Mike attempts to convince them that it is their obligation to stay, confront the evil, and defeat it for good. The initial response is to run, screaming into the night and never look back. After a bit of convincing, they all realize that the only way to fight fear is to confront it. Dauberman's script goes to great pains to include the rich mythos of IT as an ancient, cosmic creature that has tormented the area for hundreds of years without sacrificing narrative momentum. The film even goes so far as to touch on the local Native Americans tactics in facing off with the creature and how that could help the Losers. Saddled with their marching orders, each adult Loser heads off to seek a ""token"" to be used in a ritual that will destroy IT for good. As this plays out,"
131,JKW_Doc1_Minority_Report,JKW_Doc1_Minority_Report,JKW,Sci-Fi,Positive,Minority_Report,"The runt in the litter of Steven Spielberg's great movies, Minority Report is an unqualified success, a motion picture that like most films worth their weight deepens and expands upon repeat viewings. If there was initially any reluctance on my part to award this a four-star rating, it was because, for all its merits, it doesn't quite belong on the same level as all those other Spielberg four-stars, movies like Jaws and Raiders of the Lost Ark and Saving Private Ryan. Yet on a more generous sliding scale, this was markedly superior to practically everything else that had played theaters in 2002  among the year's offerings, only Todd Haynes' Far From Heaven and Hayao Miyazaki's Spirited Away also earned perfect scores. Expanding a 1956 short story by Philip K. Dick (whose works also inspired Blade Runner and Total Recall), screenwriters Scott Frank and Jon Cohen plunge viewers into the Washington, DC of the year 2054. For the past six years, there have been no murders in the DC area, thanks to a branch of the Justice Department known as the Pre-Crime Unit. Brought to fruition by kindly creator Lamar Burgess (Max von Sydow) and largely run by Chief John Anderton (Tom Cruise), the unit relies on three ""Pre-Cogs"" who have the ability to see murders before they even occur, which in turn allows Anderton and his men the opportunity to arrest the killers before they've actually killed anybody. It's a perfect system, everybody keeps insisting, but with the Pre-Crime Unit on the verge of possibly going national, pesky government agent Danny Witwer (Colin Farrell) suddenly shows up and starts asking the difficult questions. Whether Witwer hopes to shut the operation down or replace Anderton as its main man remains shrouded, but things certainly appear to be swinging in his favor either way when Anderton gets pegged by the Pre-Cogs as a murderer, destined to assassinate a man he hasn't even met in approximately 36 hours. It has long become a cliche to gush over the ability of a motion picture to create its own self-contained world, yet there's simply no other way to describe the sights and sounds of Minority Report. From the very first frame, Spielberg and production designer Alex McDowell present a fully realized universe, a place that basically looks like today but with some logical technological advances added for good measure (in that respect, the movie draws comparison to gritty futuristic flicks like A Clockwork Orange, RoboCop, and, of course, Blade Runner). In this brave new world, cars drive up the sides of buildings, animated characters on cereal boxes sing and dance for the pleasure (or annoyance) of the consumer, and headlines on newspapers automatically change with each breaking story. Most ingeniously  and surely the most natural progression from where we stand today  ads on billboards directly address each person walking by, making modern society's Internet impersonality seem quaint by comparison. As an added credit, this is that rare movie in which product placements"
132,JKW_Doc2_Minority_Report,JKW_Doc2_Minority_Report,JKW,Sci-Fi,Positive,Minority_Report,"Minority Report might take place some fifty years after the film was shot, but the film's themes are still relevant almost twenty years later. This movie marks the first collaboration between Steven Spielberg and Tom Cruise. It raises provocative questions: what if we could know the future? And what if the person seeing it discovered they were about to commit a murder? Based on a Philip K. Dick short story, the film requires the audience to buy into the science early. Once you do, it's easy to sit back and enjoy the ride. Even in 2020, the science depicted feels surprisingly believable. There's much to consider about the eye-dentification technology. Social media platforms already track our faces, and companies target us online via cookies. Philip K. Dick seems prophetic in his science-fiction vision. He also wrote Blade Runner. One of the film's central themes is free will versus determinism. If we could see the future, could we change it? Minority Report explores this beautifully, asking whether foreknowledge frees or traps us. The Department of PreCrime primarily focuses on preventing murders. The three pre-cognitivestwo male twins and one femalesee visions of the future, displayed on a large screen. They do not interact with the outside world. Agents in the department then work to arrest individuals based on these visions. This concept drives both the plot and the tension of the film, as the system's reliability is constantly under scrutiny. PreCrime Captain John Anderton (Tom Cruise) struggles after the disappearance of his son, Sean, and is separated from his wife, Lara (Kathryn Morris). Anderton's life takes a drastic turn when he appears in a pre-cog vision just as DOJ agent Danny Witwer (Colin Farrell) visits the agency. On the run, Anderton learns from PreCrime creator Dr. Iris Hineman (Lois Smith) that Agatha (Samantha Morton) sometimes sees alternate visions called ""minority reports."" These conflicting visions are crucial to the film's central mystery. A central plot point involves Ann Lively (Jessica Harper), who is revealed to be Agatha's mother. As Anderton investigates, he discovers he is being framed, while Witwer starts to question the system after studying the footage. However, the true manipulator, PreCrime's founder Lamar Burgess (Max von Sydow), has been covering up a murder. This layered conspiracy keeps audiences on edge until the climax. While Minority Report features the usual sci-fi thrills, it also ventures into film noir territory. The film's color palette contributes to this aesthetic. Spielberg described it as ""the grittiest-looking entertainment movie I've ever done,"" not counting Schindler's List or Saving Private Ryan. The visual style underscores the tension and moral ambiguity central to the story. John Williams's score departs from his usual tonal work for Spielberg. Instead of familiar themes, the music heightens suspense, drawing inspiration from Bernard Herrmann's legendary compositions. The score complements the thriller elements and reinforces the film's darker, futuristic tone. Spielberg often tells stories set in the past, frequently around World War II. Here, he jumps fifty years into the future. The film's release"
133,JKW_Doc3_Minority_Report,JKW_Doc3_Minority_Report,JKW,Sci-Fi,Negative,Minority_Report,"Once again this year we are graced with a futuristic sci-fi flick based on a short story by the visionary Philip Dick, this time in the form of ""Minority Report"", which poses the intriguing hypothesis: What if we could see into the future and arrest people before they commit a murder, or any other crime for that matter? Set in the year 2054 in Washington, D.C., Tom Cruise stars as John Anderton, who, having lost his son, now does his best to prevent murders before they happen as Chief of the elite Pre-Crime Division of the Justice Department. Assisting him are three genetically altered precognitives known as ""Pre-Cogs"" who are attached to machines that record their visions of murders which are ""set"" to occur anywhere from a few minutes to four days into the future. With each vision, two wooden balls roll out of the machine attachment, each one bearing the name of the killer and victim. As a result of this ""perfect"" system, Washington, D.C. is now murder free. (Let's face it, given our life and times, Dick should have set this scenario in 3054 to have any plausibility.) Believing the Pre-Cogs infallible, Anderton advocates nationalizing the Pre-Crime system, that is until the Justice Department questions the methods and techniques utilized by the Division and Anderton himself becomes the subject of a Pre-Cog vision seeing him committing a murder. Suddenly questioning the accuracy of the system (since he of course knows he's innocent and will continue to be innocent), Anderton goes on the run, stealing a female Pre-Cog named Agatha, setting us up for what now becomes a routine futuristic chase movie. Directed by Steven Spielberg, ""Minority Report"" reeks of the darker tone and color desaturation found in Spielberg's last futuristic foray, ""A.I."", a technique that works well in this type of film and once again is executed beautifully by long time Spielberg cinematographer Janusz Kaminski. Hand in hand with Kaminski's artistic flair, are some dazzling special effects action sequences, including a chase on a vertical highway that is so impressive, you have to see it to believe it. (Warning  those with severe motion sickness may want to cover their eyes at this part.) Not to be outdone, many scenes which one would believe are special effects, are in fact, the result of elaborately and elegantly choreographed camera maneuvers which are expertly executed and utilized for maximum dramatic effect. Cruise performs admirably as Anderton, using physicality and controlled raw emotion to their best advantage as he manipulates not only his pursuers, but the audience as well. An excellent counterpoint to Cruise's energetic yet psychologically tormented Anderton is Samantha's Moore portrayal of Pre-Cog Agatha  tacit, ethereal and seemingly helpless. Max von Sydow, no stranger to the futuristic and fantastic (""Dune"", ""Judge Dredd"" and ""The Exorcist"") steps in as Anderton's superior, Bureau Director Burgess, exhibiting an almost fatherly pride in his protege Anderton while relative newcomer, Colin Farrell is perfectly cast as the bureaucratic FBI investigator Danny Witwer who"
134,JKW_Doc4_Minority_Report,JKW_Doc4_Minority_Report,JKW,Sci-Fi,Positive,Minority_Report,"In the movie it's the future (2054) and we now see Washington D.C. where a system known as pre-crime is born. Pre-Crime is a new law system where people known as pre-cognitive are used as machines which can foretell the future and predict a major crime. Tom Cruise plays John Anderton, one of the best officers who bust the people who commit the pre-crimes. The system is perfect, flawless and it does the job... but what happens when the system turns on you? Now, accused of killing a man in thirty-six hours he doesn't know, he is now on the run from his own task force and a Government official (Colin Farrell) who wants him at all costs. I am a huge fan of Steven Spielberg's works. So, it was no surprise I'd try and check this out as soon as possible. I became a little jaded by his latest work ""A.I."" which was sub-par, gloomy, and very confusing. I had my doubts going into this, but as I suspected I was in for a good time. This has to be one of Spielberg's best ever; we instantly begin to become dazzled as Spielberg leaves us in awe with an incredible world which seems to be a mix of futuristic landscapes and skyscrapers mixed with small town suburbia and old-fashioned houses. We also get an amazing view of the highways of the future as cars not only drive along the ground but up on the sides of building into the skies. The city is very overcome by computer -generated ads by fashion companies and commercials that know our names and offer us products non-stop. We're also kept under monitor as our eyes are scanned and indexed before we enter anyplace from bathrooms to trains. We get this view of the new world which is beautiful yet still very dangerous. The cast is phenomenal as Tom Cruise is at his top as John Anderton. We believe he is in danger and never doubt his desperation. I always question Tom Cruise as an actor, but this movie has proven me wrong. We get excellent stunts performed by Cruise himself as he scrambles desperately throughout the movie attempting to cheat a system that is basically fail safe. Colin Farrell is also truly excellent as Danny Witwer, the suspicious government operative who questions the system's accuracy and will stop at nothing to catch John. The two plays off each other very well in action scenes and truly have excellent chemistry as they throw dialogue back and forth to one another, challenging each other's expertise. Max Von Sydow is a great compliment to this movie as Tom's Mentor and often his confidant helping him to fight off the law. The movie makes itself out to be a man-on-the-run movie when truly it is an intricate Hitchcockian murder mystery with plot twists and turns at every corner that kept me on the edge of my seat. This movie is very reminiscent of the golden era of"
135,JKW_Doc5_Minority_Report,JKW_Doc5_Minority_Report,JKW,Sci-Fi,Positive,Minority_Report,"In the satirically detailed world of Minority Report, which unfolds in 2054, you can't walk into a Gap store without a hologram greeting you by name and complimenting you on the last item you bought there  perhaps you'd care for a black tank-top? Privacy is dead, and people visit a virtual-reality club to explore their wildest fantasies; one man wants to kill his boss, but knows that if he plans to do it for real, Washington's Pre-Crime unit will catch him before he carries it out. Experience seems to be dead, too. The population is safe from certain forms of physical aggression, but they've all been pre-emptively neutered, like Alex in A Clockwork Orange. I refer to that Stanley Kubrick classic for a reason: Minority Report, despite some eleventh-hour lapses and rhetorical flab, is the movie A.I. should have been. Steven Spielberg, adapting Kubrick's long-cherished project last year, missed the mark so completely that the result offered the best of neither director. But Minority Report is the real thing, more Kubrick than anything Spielberg has done, and more Spielberg than anything Spielberg has done in too many years. I had given up hope, fearing Spielberg to be lost in his warm bubble bath of homilies: His recent movies haven't been entertaining or even educational  they've been instructional. Well, Spielberg seems to have snapped out of it. He is working once again with his trademark effortless sense of purpose and precision. If his previous recent films have been tepid baths, this one is a cold shower  shocking and revivifying. Tom Cruise is John Anderton, ace ""detective"" for the Pre-Crime unit. Spielberg's and Cruise's first collaboration has not produced the expected smiling, cocky, full-blooded hero, but rather an angry, hollow, flawed man, who takes drugs to kill his torment over his kidnapped little boy. Anderton is thus driven to stop crimes before they happen, though his logic is faulty, since a boy can be kidnapped and tortured for years without being ""seen"" by Pre-Crime's three precognitives, who can only see future murders. Cruise plays Anderton as a man who throws all his faith into the ""perfect"" Pre-Crime structure because if it is shown to be faulty, his work  his reason for not eating his gun  is rendered meaningless. Faulty it is, though. The ""Pre-Cogs""  cleverly named Agatha, Arthur and Dashiell  ""see"" Anderton killing someone within 36 hours, a man he's never met. The full weight of the Pre-Crime force  led by Max von Sydow as its figurehead and Colin Farrell as a sort of internal-affairs investigator looking for flaws in the system  comes down on Anderton, who flees into the city. It's there that Minority Report most closely resembles a previous bitter dystopian drama inspired, like this one, by a Philip K. Dick story: Blade Runner, in which Harrison Ford bumped up against a menagerie of colorful characters. Here, Anderton meets a crackpot who traffics in black-market eyes (Peter Stormare), a virtual-reality pimp"
136,JKW_Doc6_Minority_Report,JKW_Doc6_Minority_Report,JKW,Sci-Fi,Positive,Minority_Report,"Brilliantly realised, complex and humane, Minority Report is easily on a par with Blade Runner as one of the best adaptations of Philip K Dick's work ever made. There hasn't been a science fiction film this good for 20 years. Forget shiny buildings and action-packed chases - Minority Report has both, but it has so much more, elevating it far above the status of popular pulp. Spielberg has taken Dick's short story and spun it out into a powerful plot which retains the labyrinthine twists of the original and adds a few more, comfortably filling two and a half hours. Here we see a world as detailed and paranoid as the original, yet warmer, more human and very close to home; this only serves to make events as they unfold more chilling. It's certainly timely, but the things which it has to say will probably always be relevant. This isn't science fiction as escapism; it's science fiction as a political tool, as a means of making statements about the human condition. It's science fiction film-making at its very best. This isn't to say that Minority Report is a perfect movie; like any work on such a grand scale, it has its flaws. Sometimes Spielberg's habitual sentimentality creeps in just a little too far, yet this serves well as a counterpoint to the more vicious angles of the plot. Visually it is stunning, often reminiscent of Kubrick. Flashy future technology and architecture have been cleverly interwoven with the familiar, even the old-fashioned, to create a world which we can believe is not too far away from our own; a world which has changed, but not unrecognisably. This is a world where, in the District of Columbia, murder has been done away with thanks to the use of precognitive individuals who can spot crimes before they happen, giving the authorities a chance to intervene. All sorts of questions are raised hereby, to do with free will and whether or not one can be guilty of a crime one never actually committed, but Spielberg has the sense not to linger on them for long, since there are other matters of equal importance to be explored. Perhaps his greatest triumph is that he draws strong performances from all of his actors. A superb script enables several formidable, rounded characters to emerge, by contrast with Dick's own spare characterisation. Tom Cruise is perfect in the central role, eschewing the glamour which many feared might ruin his performance. This is perhaps the best work of his career to date, rivaling Eyes Wide Shut. The supporting cast are all excellent, which is vital to the process of misleading the audience as to just whom one can or can't actually trust. Some of the audience with whom I saw this movie evidently came away disappointed; they'd been expecting trademark Cruise glamour, Spielberg cutesiness and a pulp action plot. What they had been forced to endure instead was something which demanded that they use their brains. Minority Report is"
137,JKW_Doc7_Minority_Report,JKW_Doc7_Minority_Report,JKW,Sci-Fi,Negative,Minority_Report,"Based on the short story by Philip K. Dick, ""Minority Report"" marks the second futuristic, science-fiction epic Steven Spielberg has made in as many years (after what I believe to be his greatest achievement, ""A.I.: Artificial Intelligence""). For Spielberg, undeniably one of the most influential and visionary filmmakers of his time, the film almost seems tailor-made for his marvelous visual sense and stunning talent for storytelling. For all of its sweeping technical flourishes and seamless visual effects, however, ""Minority Report"" is as shallow and characteristically vacant as ""A.I."" was emotionally resonating and creatively groundbreaking. In other words, though it pains me to conclude, Steven Spielberg's latest opus is one of the weakest films he has made, to date. Set in a surprisingly realistic vision of what Washington, D.C. might look like in 2054, John Anderton (Tom Cruise) is the top detective on the police force's relatively new Pre-Crime Unit. Through three pre-cog oracles whose minds hold the key to the future, the Pre-Crime Force, headed by Director Burgess (Max Von Sydow), is able to stop predestined murders before they occur. The alleged success of the program has cut down on major crimes in D.C. by ninety percent. When the latest murder suspect name comes up, Anderton is dismayed to learn that it is his own. Without never having met the victim before, Anderton is convinced that someonepossibly federal agent Danny Witwer (Colin Farrell), who is after his jobis trying to ruthlessly set him up. With the police suddenly after him, Anderton has no choice but to go on the run. Breaking into the Pre-Crime building, he kidnaps the most talented of the three pre-cogs, Agatha (Samantha Morton), convinced that what she knows about his future is the key to clearing his name and saving his life. The general premise of ""Minority Report"" is a novel one, fascinating in the way the world has developed enough in fifty years that the police force has begun acting, more or less, as God to citizens. The moral implications of such a debatewhether a person's future is predestined or capable of changeare thought-provoking, to be sure, but get lost in a screenplay (credited to Scott Frank and Jon Cohen) more interested in action set-pieces, and a film that chooses style over any form of hard-edged substance. While several of the action scenes are astonishingly executed, including a death-defying jump across cars hovering in the air, and a search for John by electronic spiders sent to check the retinas of an apartment complex's tenants, what surrounds them is a thoroughly unsatisfying emptiness posing as a study of serious-minded issues. Whatever deep-rooted involvement one might have grown to have in John Anderton's dire predicament proves sterile in a sea of blank faces posing as characters. Precious little is ever learned about John, except that he blames himself for his son's kidnapping six years ago, is separated from his wife (Kathryn Morris), and has a secret drug problem, and even fewer reasons are given for why we"
138,JKW_Doc8_Minority_Report,JKW_Doc8_Minority_Report,JKW,Sci-Fi,Negative,Minority_Report,"In Minority Report, a futuristic thriller set in 2054, murder has been eliminated in Washington DC thanks to a division of law enforcement known as Precrime. Tapping into the minds of the Pre-Cogs, a trio of psychics who can foresee the future, Precrime is able to track down and arrest would-be killers before they actually commit their lethal deeds. The system appears to be flawless. But when police chief John Anderton (Tom Cruise), the head of this controversial department, is himself accused of the future murder of a man he hasn't even met, he sets out to prove his innocence, all the while hunted by his fellow officers. Based on a 1956 short story by renowned science fiction writer Philip K. Dick, Minority Report is typical of director Steven Spielberg in how it deftly melds flashy entertainment with critical issues. The movie is made up of three major ingredients: the thrilling action of an innocent man running from the law; the cautionary tale of how good intentions can go astray when not tempered by wisdom (specifically, infringing on people's civil liberties in the name of protecting them); and the old debate of human free will versus pre-ordained destiny. Unfortunately, the movie's philosophical elements take a backseat to John's mundane escape from authorities. Clearly, I understand that the relentless manhunt is more important than a bunch of metaphysical mumbo jumbo to most people. But without the pre-determined fate aspect, Minority Report is really nothing more than your standard crime drama, complete with cliches ranging from the generic framing of an innocent man to the corruption in the ranks of the police. I'm not asking for a stuffy dissertation that bores audiences like the sterile Solaris--just a comfortable balance that gives a little more substantial acknowledgement to the concept of being able to control one's own future. As it is, the film only briefly engages the notion of pre-determination intelligently when John debates Precrime issues with Danny Witwer (Colin Farrell), an agent from the Justice Department who has been ordered to find flaws in the system. John's argument of an absolute future is just about the most interesting and thought-provoking moment of the whole movie, although the scene quickly gives way to nonsense that stretches even the boundaries of science fiction (a claim that the Pre-Cogs can only foresee homicides because ""there's nothing more destructive to the metaphysical fabric that binds us than the untimely murder of one human being by another"" puts an arbitrary importance on human lives). Credibility is further shot when the story dissolves into trite cheerleading that all but says, ""You can do it! You control your destiny! Go, John!"" Cruise's frequent failure to convey emotion makes his character of John Anderton less than interesting. We see none of his conviction in the ideas of justice, none of his sense of betrayal when the system turns on him, and none of his paranoia in a suddenly hostile world. In an attempt to elicit sympathy and establish John's dedication"
139,JKW_Doc9_Minority_Report,JKW_Doc9_Minority_Report,JKW,Sci-Fi,Negative,Minority_Report,"Before I launch into what could read like an unabashedly positive review of the Steven Spielberg-Tom Cruise sci-fi collaboration ""Minority Report,"" let me get off my chest the two things that ultimately torpedo the movie's excitement and stylistic brilliance. Both problems come toward the end of the film, but I'll be vague so as not to spoil anything. 1) The whole plot resolution hinges on that tired and idiotic cliche of an antagonist giving himself/herself away through a verbal slip-up. (""Wait a minute!"" replies a protagonist, ""I never said..."") There is just no excuse for this kind of screenwriting shortcut in this day and age. It's an insult to intelligent moviegoers, especially in a film that is so enthralling until such bogus Hollywood gimmickry leaves it with a bad aftertaste. 2) The film is structured as a futuristic film noir whodunit (or who-will-do-it, as the case may be) -- yet as the last pieces of a mystery fall into place for Cruise's character, the audience is left in the dark until the last minute for the sake of a cheap surprise. Cruise stars a Pre-Crime cop in Washington, D.C., circa 2054. With the aid of unwilling ""Pre-Cogs"" -- psychics who are kept sedated while tuned in to (and terrified by) their collective visions of impending murders -- Cruise and his crack team of high-tech, jet-pack-wearing cop commandos arrest people for impeding crimes before they happen. He's a man possessed by the memory of his kidnapped son and, by extension, obsessed with his job. And he's convinced the Pre-Cog system is flawless -- until one of the psychics' typically fuzzy visions shows him murdering a total stranger in less than 36 hours. Suddenly on the run from his own men, Cruise soon learns that the Pre-Cogs don't always see the same version of future events -- but this information has been concealed to preserve the virtually crime-free world the Pre-Crime system has created. He starts to realize ""it's not the future if you stop it"" -- and the only way to stop it is to free one of the Pre-Cogs from Pre-Crime headquarters in the hopes of discovering disparity in the prediction that has made him a wanted man. Stylistically ""Minority Report"" is unquestionably the first hallmark film of 21st Century science fiction. It's also an undeniable second step in a new, dark (sometimes darkly humorous) and richly atmospheric direction for Spielberg (the first step being ""A.I."") Influenced by the cerebral sci-fi of Stanley Kubrick and Terry Gilliam, Spielberg's vision of a sleek but swarthy cityscape future is a dream-like but uncomfortably uncanny utopia. Scratch the surface of its automated convenience -- sporty self-driving pod cars on wall-climbing super-freeways, advertisements that read your retinas for identification then customize their sales pitch -- and you see what Cruise comes to realize: This is a world where it's impossible to hide. In one of the film's most memorable scenes, the police seize control of Cruise's car as it races at 100 mph down"
140,JKW_Doc10_Minority_Report,JKW_Doc10_Minority_Report,JKW,Sci-Fi,Negative,Minority_Report,"IT'S the year 2054. ''You'd think we'd have found a cure for the common cold by now,'' sniffs Burgess (Max von Sydow). He's the director of the Pre-Crime law enforcement unit that causes so much trouble in Steven Spielberg's atmospheric new thriller, ''Minority Report,'' a muscular and dense exercise of skill and verve. He's also the boss and mentor of the Pre-Crime chief, John Anderton (Tom Cruise). Although a few things remain the same in 2054 -- people still touchingly wear glasses even though eye-replacement surgery is available -- much has changed. Pre-Crime exists to stop crimes before they are committed; Pre-Cogs, a trio of beings who float in a nutrient-rich fluid, can predict when a crime will be committed and know the identity of the perpetrator. Thanks to the efforts of Anderton's team and the Pre-Cogs, there hasn't been a murder in Washington in six years. And all is right with the world. Anderton stands at a blank video screen and, using hologram-projectors built into his gloves, moves streams of evidence around gracefully; he's a combination of Michael Tilson Thomas and Tommy, the Who's blind pinball wizard. Anderton is blind, too -- to the morality of Pre-Crime. He buys the motto ''That which keeps us safe also keeps us free,'' until he becomes a fugitive himself. Accused of a crime predicted for the future, he is soon on the run. Eyes and seeing are central to the heap of metaphors in ''Minority Report'': Anderton has to have his eyes plucked out of his head -- in a sequence that brings to mind the clamps holding Alex's eyes wide open in ''A Clockwork Orange'' -- to gain deeper insight. ''Minority Report'' is a little like Barry Levinson's ''Homicide'' series, too. When a crime of passion comes into view, it's called a redball -- as the big murders were on ''Homicide'' -- but here it's literally that. A small reddish billiard ball is issued with the would-be criminal's name carved into it and it rolls down a tube into view of the team. It's another instance of treating the plot as a game. Brown balls are for premeditated crimes, and when Anderton's own name comes down the shoot, he dashes off for his life. Mr. Cruise does as much sprinting in this picture as he has in his entire career so far. He begins the movie pumping his legs so we can see Pre-Crime in action; it's almost as if he's trying to outrun the age of 40 (coming July 3) that he's been telling interviewers everywhere he's just fine with. ''Everybody runs,'' Anderton says, when pursued by his former colleagues in a chase scene that seems longer than most movies. Falling back on reflex, Mr. Spielberg cuts the sequence together as if it were a series of perfect basketball plays. This episode has two chases. After Anderton eludes the Pre-Crime squad, the determined F.B.I. agent Ed Witwer (Colin Farrell) picks up the chase. When they met earlier, Anderton and Witwer"
141,NAZ_Doc1_Mean_Girls,NAZ_Doc1_Mean_Girls,NAZ,Comedy,Negative,Mean_Girls,"There's the darkly subversive humour and a terrifying trio of queen bees who buzz through the high school halls, like Heathers. There's the acutely observant depictions of various cliques and their labels, particularly in that minefield known as the cafeteria, that made audiences relate so well to Sixteen Candles. But when you look closely, there's another pop culture phenomenon that Mean Girls resembles even more: Saturday Night Live, which makes sense, since it springs from the mind of SNL head writer Tina Fey. The same things that are right and wrong with most of the late-night comedy show's skits are right and wrong with Mean Girls. It comes on strong with sharp, biting wit and great energy, then runs out of steam and doesn't know when to call it quits. (The presence of Tim Meadows, Amy Poehler and Ana Gasteyer also feels familiar in this Lorne Michaels production, which mercifully lacks the idiotic humour that marked some of his other movies, including A Night at the Roxbury and The Ladies Man.) As directed by Mark Waters (who also directed Lohan in last year's charming remake of Freaky Friday), the movie's structure also feels like a series of sketches. Lohan's character  the new girl in school, Cady, who'd been raised in Africa by her zoologist parents  alternates between the outcasts who initially befriended her and the popular group, which she infiltrates. Each scene offers some great one-liners and a few memorable physical jokes, but there's little narrative momentum to tie the film together and drive it along. This is Fey's first screenplay, though based on Rosalind Wiseman's best-selling nonfiction book Queen Bees & Wannabes: Helping Your Daughter Survive Cliques, Gossip, Boyfriends & Other Realities of Adolescence. (It's also Fey's first big film role.) The dryly funny Wrecking Update anchor plays a dryly funny math teacher and the movie's voice of reason. And for a while, she has a good thing going. Cady arrives at a suburban Chicago high school (which has to be a nod to those great John Hughes movies like Sixteen Candles, The Breakfast Club and Ferris Bueller's Day Off, which also were set there) and becomes friends with punk rock Janis Ian (Lizzy Caplan) and chubby Damien (Daniel Franzese), who's ""too gay to function."" One day during lunch, she ends up getting trapped in the web of The Plastics, as they're known. Fabulous blond Regina (Canadian actor Rachel McAdams) is their cruel leader, and her minions are the insecure, psychotic Gretchen (Lacey Chabert) and the airhead Karen (Amanda Seyfried). When Cady lets it slip that she has a crush on Aaron (Jonathan Bennett), a cute guy in her calculus class who happens to be Regina's ex-boyfriend, Regina befriends her with the intention of destroying her. Janis and Damien have their own plans for destroying the Plastic pack, and figure Cady's access is the best way to achieve them. Cady is caught between both worlds  but because mean girls can be so intimidating and persuasive "
142,NAZ_Doc2_Mean_Girls,NAZ_Doc2_Mean_Girls,NAZ,Comedy,Negative,Mean_Girls,"Mean Girls boasts a screenplay written by the queen bee of hip comedy, Tina Fey, who used Rosalind Wiseman's parental self-help tome ""Queen Bees and Wannabes: Helping Your Daughter Survive Cliques, Gossip, Boyfriends & Other Realities of Adolescence"" as a reference point. Wiseman's book offers little that hasn't been covered by Jane Austen, Emily Bronte or Louisa May Alcott; mostly it describes age-old social situations in pop-psycholgical terms under the guise of candidness. All you need to know about Wiseman is that she has spent time on ""Dr. Phil"" promoting Empower, her organization that works to ""empower"" adolescent girls to proactively synergize their diverse energies into interpersonal win-win situations  a Coveyization of ""Girl World"" understanding. Ultimately, her method yields little actual insight because it's so reductive; she employs charts, graphs and tables to organize all girls into ""types"" (queen bee, sidekick, torn bystander, messenger and target), then interviews a bunch of them and plugs their comments into her analysis where handy. By simplifying humans into sub-archetypes, they become less like actual humans and more like stock movie characters. It would be a good starting point, perhaps, if the reader were unaware how treacherous adolescence can be. Fundamentally, though, it's an incomplete understanding of the complexity of human relationships that masquerades as deep analysis  Wiseman doesn't attempt to get under the skin of her subjects, like the better efforts of Rachel Simmons' ""Odd Girl Out: The Hidden Culture of Aggression in Girls"" or Mary Pipher's ""Reviving Ophelia: Saving the Selves of Adolescent Girls."" The reality is that most high school boys and girls are acutely aware of ""types,"" and most fit bits and pieces of several. Yes, there are ""popular girls"" and ""sexually active band geeks"" and ""JV jocks,"" but the masses exist between the obvious stereotypes  the opposite of the high school movie, in which the protagonist is the only different, diverse and interesting character swimming through a sea of stereotypes. No doubt ""types"" populate our high schools, but ever since John Hughes' The Breakfast Club told us that ""You see us as you want to see us  in the simplest terms, in the most convenient definitions,"" this arrangement has ironically been taken for gospel. What's worse is that this theory of the high school social milieu has become the standard narrative to ""understanding"" school violence, even when the classifying of groups isn't relevant. At its best, the high school movie transcends its setting, using high school as a metaphor for something larger (think Alexander Payne's Election); mostly, though, films from this genre have become basically naive versions of Robert Altman movies. Mean Girls thrusts Cady Heron (Lindsay Lohan), the new girl who was raised in Africa by missionary parents, into the sexually charged world of the suburban high school  so sexually charged, in fact, that the first thing the bespectacled math teacher (Fey herself) does is take off her spilled-upon shirt in front of the class. Cady is befriended by fringe homosexuals Janis and"
143,NAZ_Doc3_Mean_Girls,NAZ_Doc3_Mean_Girls,NAZ,Comedy,Negative,Mean_Girls,"If only we could have a look at the first draft of the script Tina Fey turned in for Mean Girls, the teen-jungle comedy that is being trumpeted as the screenwriting debut of the Saturday Night Live comic. I refuse to believe that someone of Fey's smarts and sass would have been content to submit a screenplay that trades so obviously in such tired high-school constructs as the bitch clique, the put-upon newcomer, the goth and gay friends, the clueless parent and the overwhelmed teacher. Not to mention all the other tricks of the teen-flick trade: the jokes about flatulence, vomiting, naughty dogs, breast size, sexual identity and so on that pop up as if required by Hollywood law. Maybe I'm wrong, indulging in conspiracy theories about studio meddling. Or perhaps I'm simply expecting too much of Fey, who had the difficult task of pulling a comedy out of Rosalind Wiseman's serious parental guidebook Queen Bees & Wannabes: Helping Your Daughter Survive Cliques, Gossip, Boyfriends & Other Realities of Adolescence. But Fey is better than this. As SNL's first female head writer and host of the popular ""Weekend Update"" segment, she has distinguished herself as one of the few bright lights on a show that long ago lost its edge. She has a prickly sense of satire that is largely missing from Mean Girls. The movie aims to be another Heathers, but it settles for something far gentler, even with Fey as a member of the cast (she plays a teacher) along with fellow SNL alums Tim Meadows, Ana Gasteyer and Amy Poehler. The script really is an issue here, since director Mark Waters and star Lindsay Lohan proved themselves capable of superior work when they first teamed up last summer's happy remake Freaky Friday. Particularly Lohan, who has some of Reese Witherspoon's sense of self-awareness to confide to viewers in moments of direct address, as in the recent Confessions of a Teenage Drama Queen. Lohan once again demonstrates her range in Mean Girls, which she is pitched to young audiences as a coming-of-age story for girls. She's playing Cady, a 16-year-old girl originally from Africa who is going to a public school for the first time. She's the daughter of zoologist parents (Neil Flynn and Ana Gasteyer) who have home-schooled her in Africa, studying animals in the wild. Her first day at North Shore High introduces her to a whole other zoo, which gets the movie off to a rousing start. But predictably, Cady's initial bravery brings her face-to-face with the Plastics, a painted-face trio led by the deposed queen Regina George (Rachel McAdams), who has already disposed of one boyfriend (Jonathan Bennett). The Plastics are snub Cady, who takes refuge with the only two students at North Shore who will play nice: goth girl Janis (Lizzy Caplan) and her closeted pal Damian (Daniel Franzese), who is repeatedly described as ""almost too gay to function."" Battle lines are drawn, and Cady soon becomes Regina's replacement. She imitates Regina's ways,"
144,NAZ_Doc4_Mean_Girls,NAZ_Doc4_Mean_Girls,NAZ,Comedy,Negative,Mean_Girls,"Before Lindsay Lohan became as famous for her offscreen activities as for her movie performances (""The Parent Trap,"" ""Freaky Friday"") and before Tina Fey ran for the Vice Presidency of the United States (""Saturday Night Live""), the pair made ""Mean Girls"" in 2004. Lohan starred, and Fey wrote the screenplay and co-starred. The movie takes some mildly amusing shots at formula, new-girl-in-town teen films and, while breaking no new ground, at least leaves one smiling. Given its potential, I just wish it had done something more. Lohan plays Cady Heron, a sixteen-year-old whose parents have home-schooled her while traveling around the world as research zoologists. The family has just returned from an extended stay in Africa and finally settled down in middle America, so Cady is off to a regular public school for the first time in her life. She goes from the wild to the wilder. The filmmakers, basing their movie on the book ""Queen Bees and Wannabes"" by Rosalind Wiseman, intend for Cady's encounters at North Shore High School to represent and satirize most of the problems of everyday, middle-class high-school life. We get shots at name-calling, backbiting, gossiping, rumormongering, petty jealousies, and general cattiness, just for starts. If it seems as though you've seen all this before, well, yeah, you probably have. The movie's successes, minor as they may be, are in the details. On Cady's first day of school, she learns that animals of the veldt who eat each other for dinner are nicer to one another than the student body at North Shore. Practically everybody at school is a creep or a jerk. Naturally, various cliques entirely make up the student body, each clique sitting at a different table in the cafeteria. There are the jocks, the cheerleaders, the hotties, the blacks, the cool Asians, the thin girls, the fat girls, the art freaks, the band geeks, the burnouts, the wannabes, the nerds, the preps, the freshmen, the ROTC, etc. At the top of the ladder are the Plastics, the royalty of the cliques, whose leader, Regina George (Rachel McAdams), is the Queen Bee, the richest, meanest girl in school. Despite the fact that Cady is brilliant and beautiful, almost nobody wants to have anything to do with her because she doesn't belong to a clique, so the first friends she makes are a pair of outsiders like herself: Damian (Daniel Franzese), a gay, witty young man, and Janis (Lizzy Caplan), a smart, semi-goth, artsy type girl. (Nobody in the film actually looks, talks, or thinks like a teenager, neither figuratively nor literally. Lohan is about the only person in the movie who was still in her teens when she made it, and the others appear to be just what they are, twenty-somethings.) Now comes the major plot contrivance. Janis holds a grudge against Regina for spreading a rumor about her being a lesbian. When Regina and her followers take an unexpected interest in Cady, Janis and Damian urge Cady to go along with it,"
145,NAZ_Doc5_Mean_Girls,NAZ_Doc5_Mean_Girls,NAZ,Comedy,Negative,Mean_Girls,"With a screenplay by Tina Fey of ""Saturday Night Live,"" my hopes were high that ""Mean Girls"" would represent what Fey has been bringing to the show for some time now: a sharp, weird sense of humor. Trafficking unknowingly in stale teen girl flick cliches and failing to maintain a narrative flow past the hour mark, ""Mean Girls"" is a disappointment, and a poor directing job from clearly-out-of-his-league filmmaker, Mark Waters. There are laughs, but also a great deal of disinterest what the film is trying to say. After being home schooled in Africa for most of her life, Cady (Lindsay Lohan, ""Freaky Friday"") is making a fresh start in a suburban Illinois high school. Trying to fit into her treacherous surroundings, Cady makes friends with two ""art geeks"" (Daniel Franzese and Lizzy Caplan), as well as three of the most popular girls in the school, known as ""The Plastics"" (Rachel McAdams, Lacey Chabert, and Amanda Seyfried). Torn between the friends she respects and the popularity that will bring her attention, boys, and pretty clothes, Cady is pushed to the brink when The Plastics begin to betray her. Employing the rules of the jungle to help achieve revenge, Cady attempts to keep her self-respect as she sorts out the mess she's in. What's really exciting about ""Mean Girls"" is that it was written by current ""Saturday Night Live"" savior Fey. In her first feature film screenplay, hopes were high that Fey could translate her razor wit and crack timing to the big screen, especially in the excruciatingly flooded genre of the high school clique comedy. ""Mean Girls"" is a nice idea for a film, based on the novel by Rosalind Wiseman. ""Girls"" opens as a satire of high school life, complete with broad student stereotypes and requisite weenie teachers (played by Fey and Tim Meadows). The defining material of the film is how Wiseman juxtaposes the backstabbing, ferocious high school relationships with similar ones found in the animal life of Africa, and director Mark Waters (""Freaky Friday"") covers this material exactly for the first 45 minutes. But much like Cady herself, Waters begins to fall a little too much in love with his movie, and he doesn't know when to stop. ""Mean Girls"" is only a genuinely smart, wonderful film for about a 1/3 of its running time. The rest is devoted to stale gags (the film contains another entry for the ""2004: Year of the Fart Joke"" awards) and material so depressingly familiar that it sucks all the energy out of the production by the time it reaches the hour mark, where it just simply shrivels up and dies. Most of the fault for the failure of ""Mean Girls"" can be placed on Waters's shoulders, as he is just the wrong man for this job. Fey's script is peppered with biting jabs at overindulging parents, sexualized pre-teens (a ripe topic if I ever saw one), and the awkwardness of being in high school without a defining identity. Waters directs"
146,NAZ_Doc6_Mean_Girls,NAZ_Doc6_Mean_Girls,NAZ,Comedy,Positive,Mean_Girls,"Cady Heron is a hit with The Plastics, the A-list girl clique at her new school, until she makes the mistake of falling for Aaron Samuels, the ex-boyfriend of alpha Plastic Regina George. Wednesday, April 30th isn't just any other Wednesday; it's a day to celebrate the early 2000s coming-of-age comedy Mean Girls. This is a film that has held onto my life since the moment it was released with its quotable catchphrases, of-the-times fashion, and its relatable growing pains for young women. A quintessential movie that is not only filled with legendary performances from the geeks to the Plastics, but also captures how hard it truly is to be a teenage girl finding your place in the world. Now let's put on our favorite pink shirt, hit play on the soundtrack, and take a stroll down memory lane. As I was writing down notes before diving into this piece, there was a memory from my childhood that stuck out. It was Halloween of 2004, and I had just been invited to a sleepover at my best friend's house, but there was an urgency to this invitation. It wasn't the usual sleepover; my best friend had managed to get two of the most popular girls in school to join. They wore all the best clothes from the mall, their parents let them wear makeup, and they were both positively perfectat least in my mind. Being 10 years old at the time and rather awkward in both my attitude and my appearance, it's needless to say that these girls were the Plastics of my world, and I was the odd one out. While packing my bag for the weekend, I panicked about whether I should bring my emotional support stuffed animal or not, but one thing I made sure to stuff into my bag was my rented copy of Mean Girls. If the snacks I brought didn't impress them, I knew this was my holy grail. Looking back at this memory makes this film even more special to me, and its importance all the more clear. It's the first film I remember showing to others outside of my family that made me pay attention to how people reacted to art. Seeing the reactions from my best friend and the popular girls in school showed me that although we come from different walks of life and privilege, we can bond over a film that encapsulates our girlhood. Through Cady Heron and eventually her gang of Plastics, we learned that girls come in all shapes and sizes, and although our interests vary and the way we dress might seem odd to one another, there's no right or wrong way to express femininity as long as it's inclusive. It's easy to root for a character like Cady, especially when she is played by Lindsay Lohan, an icon of the times. She's a fish out of water coming from an entirely different country and culture, which she inevitably finds to be far removed from life"
147,NAZ_Doc7_Mean_Girls,NAZ_Doc7_Mean_Girls,NAZ,Comedy,Positive,Mean_Girls,"From porn sites to chat rooms, teen girls seem to have America in an agitated twist. Everyone wants to figure out what makes girls tick, and those who don't just want to get in their pants. An America already stoopid-crazy about teen flesh can now add Mean Girls to its playlist of comedies featuring bitchy popular girls who get their comeuppance. The teen bitch comedy, from Heathers to Jawbreaker, operates from the same frisson of delight that propels every Halloween and Scream franchise, in which the crazed killer does gory damage to uppity prom queens and promiscuous party girls. We are a hypocritical culture as obsessed with watching the sadistic hijinks of teen dream queens as we are obsessed with relishing the moment when these objects of our visual infatuation get what's coming to 'em. It's probably thanks to ""Saturday Night Live"" writer and cast member Tina Fey's screenwriting that Mean Girls is a funnier and more insightful movie than your average teen comedy. Though Fey probably works out some of her own ""mean girl"" issues and indulges in some tired ""get the bitches"" cliches, she keeps things lively enough to offset the ""same old, same old"" phenomenon. Regina (Rachel McAdams) is the blond, evil ringleader of the reigning high school clique, worshiped and feared by the school's populace. Regina's charisma is so powerful she has transformed even her bimbo mother into a wannabe acolyte and has convinced her parents to vacate their McMansion's master bedroom so the pampered princess can spread out. Regina is threatened with dethronement when a new sheriff in town prepares to oust the alpha honey. A hottie in nerd's clothing, Cady Heron (Lindsay Lohan) is a home-schooled academic's daughter who's been living with her parents in Africa and is unfamiliar with the complex caste system of an American high school. Cady approaches her new school like an anthropological study. In amusing fantasy sequences, the bizarre rituals of the high school lunchroom and the ferocious girl quest for power are likened to the chest-beating grunts and butt sniffing of beasts in the African wild. Cady is set up by two artsy types  sardonic goth Janis (Lizzy Caplan) and irony-generating gay kid Damian (Daniel Franzese)  to observe the Plastics, as Janis has dubbed them, in their native habitat and report back. The ho-hum, predictable machinations involved in unmasking the Plastics as grade-A beeyatches are less interesting than the film's ability to nail teenage culture, especially the American high schooler's infatuation with hip-hop. The school math geek, a beanpole East Indian, is obsessed with rap, and his dick-grabbing, profanity-laced talent-show act is a hilarious display of teen nasty lurking inside a baby-faced guise. In this by-turns innocent and wiseacre teen world, the coach is boffing a member of the Asian girl clique, and the catatonically mild-mannered school principle, Mr. Duvall (Tim Meadows), brandishes a baseball bat to quell a girl fight. Mean Girls' insights into the top-dog girl psyche are gleaned from a work of pop"
148,NAZ_Doc8_Mean_Girls,NAZ_Doc8_Mean_Girls,NAZ,Comedy,Positive,Mean_Girls,"Teenage girls can be red in tooth and claw, in case you hadn't gotten the pop-culture memo. Films like Catherine Hardwicke's Thirteen and books like Rosalind Wiseman's Queen Bees & Wannabes have thrown a harsh light on teen girls' yearning for acceptance and struggles with self-esteem; Tina Fey, head writer on Saturday Night Live, read Wiseman's book, and Fey's resulting screenplay was so inspired by Queen Bees that Wiseman gets a screen credit. Mean Girls, which opened with surprisingly big numbers, may tap into the same zeitgeist that seeks to decode the unhappy daughters of a new generation. It's also considerably witty, with freshly conceived characters and a baroquely structured plot. Lindsay Lohan, whose popularity may be part of the reason for Mean Girls' success, is Cady Heron, a homeschooled girl attending a public school for the first time. Cady doesn't know the social rules of high school, though her new friends, outcast art freaks Janis (Lizzy Caplan) and Damien (Daniel Franzese), waste no time filling her in. Tina Fey must have been as relieved and as dispirited as many viewers to learn that high-school cliques haven't changed much in fifteen years. The queen bee clique, derisively known as the Plastics, are a trio of well-appointed brats: airhead Karen (Amanda Seyfried), eager-to-please Gretchen (Lacey Chabert), and ringleader Regina (Rachel McAdams). They take notice of Cady, and Regina invites her into the fold, with Janis' enthusiastic approval, since Cady is in the perfect covert position to report back on the Plastics' vapidity. Mean Girls is not just for teenage girls. Tina Fey and producer Lorne Michaels have brought along some fellow Saturday Night Live talent, including Tim Meadows as the grouchy school principal, Ana Gasteyer as Cady's anthropologist mother, and Amy Poehler as Regina's mother, the ultimate nightmare of a parent who wants to be one of the girls. This is perhaps the smartest film Michaels has had his name on. Cady is a math whiz, and the movie does not shy away from showing actual examples of her knowledge. Fey wants girls to know it is acceptable to be smart, and the subplot in which Cady dumbs herself down to win the affection of a popular senior boy serves as a pointed and effective message. Toward the film's conclusion, the script becomes more overtly instructive. Fey herself, playing Cady's calculus teacher, delivers a speech urging girls to stop calling one another degrading names, noting that such language only gives permission for others to do the same. While the sentiment is difficult to dispute, it edges close to a public-service announcement. Similar moments appear when Cady realizes that insulting others does not improve her own self-worth. These lessons have largely already been demonstrated through action, as the Plastics are portrayed as shallow and unappealing, and Cady herself deteriorates as she adopts their behavior. Aside from Regina George and a broadly drawn health teacher, the characters are portrayed with generosity and humor. There is a particularly warm moment when Janis and Damien"
149,NAZ_Doc9_Mean_Girls,NAZ_Doc9_Mean_Girls,NAZ,Comedy,Positive,Mean_Girls,"How do you make a good movie? Would your answer be that you first need a famous actor such as Humphrey Bogart, Cary Grant, or Paul Newman? If so, that view ignores many films that featured major stars but failed creatively. Actors are important, but they are far down the list of what truly makes a good movie. The first essential ingredient is a strong writer. There is a well-known story about screenwriter Robert Riskin, who wrote several films for director Frank Capra. Riskin once sent Capra a bundle of blank pages and challenged him to apply the so-called ""Capra Touch"" to them, illustrating that writing is the foundation of filmmaking. Mean Girls began with screenwriter Tina Fey, an Emmy winner and the head writer for NBC's Saturday Night Live. Fey adapted Rosalind Wiseman's book, Queen Bees and Wannabes: Helping Your Daughter Survive Cliques, Gossip, Boyfriends and Other Realities of Adolescence, transforming a serious nonfiction work into a sharp and insightful comedy. Fey brought the script to producer Lorne Michaels, who immediately supported the project. Director Mark Waters, fresh off the success of Freaky Friday, was drawn to the script as well. With a talented writer, an experienced producer, and a capable director in place, the creative foundation of the film was set before casting even began. Waters then cast seventeen-year-old Lindsay Lohan, who had already demonstrated strong chemistry with him in Freaky Friday, and the film moved confidently into production. Cady Heron, played by Lohan, has been homeschooled in Africa by her parents and suddenly finds herself attending an American high school for the first time. She encounters the dominant clique known as the Plastics, led by Regina George, a fashionable and ruthless trendsetter portrayed by Rachel McAdams. Regina's followers, Gretchen and Karen, are arrogant toward others but submissive to Regina's authority. They invite Cady into their inner circle, unaware that she will soon complicate their social hierarchy. Conflict arises when Cady develops feelings for Regina's boyfriend, Aaron Samuels. With the help of her outsider friends Janis and Damian, Cady devises a plan to undermine the Plastics, even as she becomes increasingly entangled in their world. This premise could easily have resulted in a shallow teen comedy with little appeal beyond its target audience. Instead, the film succeeds because of Fey's intelligent screenplay, Waters' confident direction, and Lohan's strong performance. McAdams delivers a compelling antagonist in Regina, portraying her as charming, calculating, and quietly vicious. The supporting cast contributes consistently strong performances, creating a believable and entertaining ensemble. The result is a film about high school girls that remains engaging for viewers of all ages. The film's pacing is another notable strength. It maintains momentum throughout and never feels sluggish or padded. Despite initial impressions created by the trailer, Mean Girls proves to be a genuinely funny and well-crafted film. It demonstrates how strong writing, thoughtful direction, and committed performances can elevate a familiar genre into something memorable and widely appealing."
150,NAZ_Doc10_Mean_Girls,NAZ_Doc10_Mean_Girls,NAZ,Comedy,Positive,Mean_Girls,"I can't say that I was surprised to find myself enjoying Mean Girls; the re-teaming of the Freaky Friday team of director Mark Waters and star Lindsay Lohan alone suggested something worth watching. I was surprised, though, by how much I enjoyed it, to the degree that I want to see it again, and soon. The trailer made it obvious that Mean Girls was designed to move Lohan out of the realm of Disney and into the cinematic mainstream. As such, the film was bound to feel a little transitional, a bridge for its star out of teen films and into the world of adults without fully crossing that divide. It was a clever decision to give Lohan a role that advances her to playing a realistic teenager who literally moves from a protected world into a more complicated one. Just as Lohan is stepping outside of the Disney-machine cocoon, her character Cady Heron leaves the safety of a home-schooled upbringing in Africa for the perils of a real high school in Illinois. This setup is effective, but it is the sharp writing by Tina Fey and the confident direction by Mark Waters that truly make the film work. Mean Girls immediately signals that it is willing to take risks, opening with stylized vignettes depicting what Cady imagines home-schooled kids are like. While not all of these jokes land, the willingness to break from conventional storytelling is refreshing. Even when certain visual metaphors are repeated too often, the film's creative ambition remains evident. On the surface, the premise resembles a standard teen comedy, but the execution consistently elevates the material. The film repeatedly approaches familiar genre tropes only to sidestep them or give them a new twist. This keeps the story engaging and unpredictable. When Cady enters high school, she is taken under the wing of goth outcast Janis Ian and flamboyant Damian, who quickly explain the school's social hierarchy. Trouble begins when the elite clique known as the Plastics takes an interest in Cady. Janis harbors a long-standing grudge against their leader, Regina George, and encourages Cady to infiltrate the group and report back. As expected, Cady initially fails to recognize Regina's cruelty and is drawn in by popularity and attention. Even when she realizes she is becoming someone she dislikes, she struggles to stop herself. The screenplay allows this transformation to unfold gradually and honestly, which gives the story emotional weight. There is a precision and insider knowledge at work that makes Mean Girls both very funny and surprisingly perceptive about high school life. Comparisons to other teen satires are inevitable, but this film distinguishes itself by grounding its humor in recognizable human behavior rather than exaggerated caricature. Even when characters are heightened for comedy, they still feel authentic. The adult characters are often ineffectual or distracted, but they retain a sense of humanity that prevents them from becoming mere punchlines. Ultimately, Mean Girls succeeds because it balances humor with insight, delivering an entertaining and thoughtful film that"
151,NFB_Doc1_Dinner_for_Schmucks,NFB_Doc1_Dinner_for_Schmucks,NFB,Comedy,Negative,Dinner_for_Schmucks,"Slobs versus snobs. Nerds versus jocks. Schmucks versus elitist businessmen. It's all relative. Such familiar comedic tropes have been around forever it seems, and Dinner with Schmucks has no qualms about returning to the realm of the hapless underdog battling for the right to exist against privileged powermongers. Director Jay Roach helms a comedy very similar in approach to another of his movies, Meet the Parents, as both rely on absurdly uncomfortable situations and a protagonist too timid to do anything about them. Though filled with notable stars and plenty of hilarious bit roles, the movie as a whole drags and annoys, and ultimately proves a little two-faced, as the 'snobs vs. slobs' setup often does. After an impressive display of salesman-like ingenuity, lowly 6th Floor analyst Tim (Paul Rudd) receives an invite to a weekly dinner at the home of 7th Floor executive Lance Fender (Bruce Greenwood). Each of the superior office types invited to this dinner must bring a ""special"" guest. ""Special"" in this case means idiotic, as the executives have staged this dinner to poke fun at what they consider nerds and losers. Tim thinks the idea is ""messed up"", as does his art curator girlfriend Julie (Stephanie Szostak). She threatens to leave him if he goes; he argues that he must in order to get a crucial promotion, and with his fingers crossed he promises he won't attend. Tim all but writes off going to the cruel dinner until, by accident, he literally crashes into Barry (Steve Carell), a sweet but unusual guy who makes dioramas of high art and historic events using taxidermied mice, such as his rendition of Louis Pasteur who ""invented penicillin"". Barry would be perfect for Fender's dinner, except Tim's girlfriend walks out when she finds out he's going. Then Barry show's up at Tim's house and proves to be an utter annoyance, single-handedly ruining every aspect of Tim's life. But for some reason, probably because the writers wrote him that way, Tim allows Barry to tag along as he attempts to win back Julie and save his job. The movie is difficult to endure because, like Roach's Meet the Parents, the scenario evolves from a series of awkward situations into a disastrous snowball effect. Tim is subject to no end of misunderstandings that he's incapable of explaining away to his livid girlfriend, all thanks to Barry. Take the subplot where Barry inadvertently invites Tim's stalker Darla (Lucy Punch) over, and in an attempt to correct this mistake, Barry tells Julie to leave thinking she's Darla. These are nightmare moments that are embarrassing for Tim, so much so that the audience doesn't laugh as much as groan What next? or shout Oh no! with disbelief. Much of it proves very funny, just for the audacity and ludicrousness of these moments, but at the same time the audience is aware of how exaggerated such gags are for comic effect. Making it worse is Tim, who while stricken by Barry's poor social manners, does"
152,NFB_Doc2_Dinner_for_Schmucks,NFB_Doc2_Dinner_for_Schmucks,NFB,Comedy,Positive,Dinner_for_Schmucks,"The characters and situations presented in ""Dinner for Schmucks"" are so excessively ridiculous that one or the other will ultimately draw laughs. The downside to this structure of supreme silliness is that when the film finally demands sympathy and understanding of its subjects, it's nearly impossible to comply, given the almost otherworldly foundation they've been built upon. Steve Carell and Paul Rudd fill their roles with torrents of enthusiasm, but while they manage to edge past the stale supporting characters, they're unable to avoid getting dragged down to a less constructive level during the expected plot contrivances. Rarely realistic and barely believable, the film's methodical demolition of its protagonist's life does become surprisingly entertaining under the constant bombardment of ludicrous scenarios. With an expensive lifestyle and the possibility of marriage to his longtime girlfriend, Tim (Paul Rudd) finds himself boldly elbowing his way through the rat race of corporate ladder-climbing at the private equity firm, Fender Financial, where he works. Finally scrambling his way into the prospects of upper management, Tim is invited to a ""Dinner for Winners"" at the boss's house, a callous competition where each executive must bring the most maniacal idiot they can find for the others to berate. When Tim runs into Barry (Steve Carell), a nerdy taxidermist whose hobby involves creating elaborate dioramas with stuffed mice, he thinks he's hit the jackpot  but Barry's early arrival quickly turns disastrous as the oblivious simpleton begins wreaking havoc on Tim's personal life as well as his teetering career. ""I can't help but think this is partially my fault."" ""Dinner for Schmucks"" tries to capitalize on the ridiculous. When particular gags just don't work, the script opts to deliver another barrage of preposterous, unexplainably kooky characters and dialogue to distract the audience from the lack of genuinely funny content. Some of the time it succeeds, creating eccentricities so disconnected, so over-the-top, that uneasy laughter is bound to occur. The remaining bits powerlessly fail to mask the fact that many of the scenery changes and plot progressions are trite gambits that are as predictable, recycled, and pathetic as the lead characters. The guys at the office verbally joke about floor levels denoting seniority and the collecting of idiotic dinner guests, while slapstick bullies its way into the picture through Tim's back pain and bold artist Kieran's (Jemaine Clement) fancying of full-body satyr attire and animalistic mating dances. The large gathering of absurd supper company adds humor with physical appearances and disturbing skills. But the majority of comedy comes from Steve Carell, who singlehandedly serves up a combination of slapstick, rubbish, contorted facial expressions, immaturity, and extreme, introverted conversations. While Carell steals the show with his ""mousterpiece"" taxidermy creations, the characters themselves nearly ruin it with their out-of-this-world designs. None of the cast appears convincingly real, stretching their weirdness beyond anything remotely plausible, and Tim is always too accepting of every misunderstanding and awkward situation, as if he's already accustomed to such ceaseless nonsense."
153,NFB_Doc3_Dinner_for_Schmucks,NFB_Doc3_Dinner_for_Schmucks,NFB,Comedy,Positive,Dinner_for_Schmucks,"A remake of Francis Veber's French farce The Dinner Game, Dinner for Schmucks pairs Steve Carell and Paul Rudd as a wildly mismatched odd couple thrown together by one man's upward mobility, another man's nonsensibility and the notion that everything does indeed happen for a reason. Rudd is Tim, a successful ""sixth floor"" analyst whose desire to make it to his firm's top floor is suddenly within reach when he finds himself invited to the inner circle's monthly dinner gathering. Each attendee is to bring a high falootin' loser to the dinner where they will all be put on a rather freakish display and, you guessed it, the biggest loser makes their host an even bigger winner. Tim isn't quite cruel enough to not see the sheer humiliation involved in this exercise, a fact drummed into his brain by his girlfriend (Stephanie Szostak), but when Barry (Carell) seemingly falls into his lap during a traffic mishap he can't help but view it as a sign from God that he's supposed to go to this dinner party and take Barry with him. Of course, nothing goes as planned. Not surprisingly, Dinner for Schmucks is nowhere near as biting or cruel as its French predecessor. In fact, it's nowhere near as funny as Francis Veber's The Dinner Game, however, however, director Jay Roach and his team of writers do manage to infuse the film with a much more satisfying degree of humanity and, unlike Veber's film, an actual dinner party. How much you enjoy Dinner for Schmucks may very well depend upon your tolerance for Steve Carell, a man who is seen by some as the funniest man working in cinematic comedy today and by others as a maddeningly one-note comic who keeps finding films to match that one note. While this critic leans towards the former conclusion, it's also true that Dinner for Schmucks does manage to capitalize on many of the things America has come to know, love and expect from Carell including his ability to project simultaneously a wholesome goodness, a sort of not so thinly veiled idiocy and, yet, a certain naughty little boy charm. Here, by the time Tim and Barry have made it to the actual dinner Tim's world has been turned upside down by Barry's well intended but ill-conceived attempts at forging an actual friendship. To give away too much about either character would be to spoil the surprise and a few of the film's funnier gags, but watching Barry try so hard yet fail miserably is both funny and sweet while Rudd's Tim is almost as equally inept at being a participant in the climactic dinner. One of the true joys of Carell's performance is that he, in fact, does not allow Barry to be a one-note ""idiot."" Barry is a creator of the most awesomely strange and interesting dioramas and lost his wife (admittedly, it was a bit difficult imagining him ever actually getting his wife) to a professional peer who continues to"
154,NFB_Doc4_Dinner_for_Schmucks,NFB_Doc4_Dinner_for_Schmucks,NFB,Comedy,Positive,Dinner_for_Schmucks,"There's something definably French about Dinner for Schmucks, as though the film can't seem to shake its original source material, the 1998 French film The Dinner Game. As such, the picture teeters between Hollywood morality tale and off-the-wall mean-spirited romp. And this, unfortunately, doesn't lend itself to a wholly enjoyable experience, especially for fans looking to laugh away at our goofball characters guilt-free. But in some ways, that's really the point of Dinner for Schmucks. Our society is intoxicated with making fun of one another, and often in very mean ways. From YouTube bloopers to viral video sensations  we love to make fun of the weird, bizarre and extraordinary. And, for the most part, those who are made fun of often play along with the gag, or they disappear forever, destroyed by their misfortune. Dinner for Schmucks takes this societal flaw, reworks and rebinds it, and delivers a morality play in which we're told that laughing at the goobers in this film is both right and very wrong. Up-and-coming financial adviser Tim (Paul Rudd) works for a seemingly sinister company that buys up corporations and essentially destroys them. In other words, these men create no value whatsoever. In a bid to gain a promotion, Tim suggests luring a young entrepreneur so that the company can take control of this man's inherited assets. The big boss (Bruce Greenwood) loves the idea, and as a token gesture, he invites Tim to a special dinner in which he's supposed to bring a guest. This guest, of course, must be a complete loser  someone the whole room can mock and ridicule. Cue Barry, played by Steve Carell, who's essentially reprising his character from The 40 Year-Old Virgin, crossed with his simpleton weatherman buffoon, Brick Tamland, from Anchorman. Barry is a strange bird, with not much confidence or common sense and a quirky hobby (he stuffs mice and creates dioramas). Over the course of the film, though, Tim and Barry bond and slowly evolve into friends, which causes much conflict once Tim must present Barry to the dinner party. In a way, Dinner for Schmucks tries to remind us that we're all human beings and we have feelings that can be hurt. It also points out that the real schmucks are not the people on display, but the jerks who put them there. At least the weirdos in this movie are trying to do something with themselves  create value  even if it's completely bizarre (and very chuckle-worthy). As a wayward morality play, the film is a smashing success. As a comedy  not as much. The film is bogged down by numerous farcical comedic set pieces that don't quite work, editing is all over the board, and the uneven tone really draws the film away from its deeper meaning. As a whole, Dinner for Schmucks is a bit off. But peel back the layers and there's a lot to draw from this bizarre little film. Schmucks arrives on Blu-ray using the"
155,NFB_Doc5_Dinner_for_Schmucks,NFB_Doc5_Dinner_for_Schmucks,NFB,Comedy,Positive,Dinner_for_Schmucks,"Dinner for Schmucks begins with a title sequence set to ""The Fool on the Hill,"" one of my favorite Beatles songs. I was about to cry ""Sacrilege!"" until the charm of the sequence won me over: a variety of mice we assume to be fake (real, we later learn, and dead) dressed up in little outfits, enacting an outdoor idyll. The man who collects these dead mice and turns them into art is Barry Speck (Steve Carell), and the Beatles song prompts us to think of Barry as the fool. But we're presented with a perhaps greater fool: Tim Conrad (Paul Rudd), who's angling for a corporate promotion and thinks he can get it by inviting Barry to the boss's monthly, ironically named ""Dinner for Winners."" Each employee brings some laughable goofball to the dinner, and the winner is the one whose guest earns the most derision from the assembled elite. Based on the somewhat more acidic French farce The Dinner Game, this American remake actually shows us the dinner, unlike the original. Director Jay Roach and writers David Guion and Michael Handelman treat the premise as an occasion for a meeting of eccentrics, of which the hapless Barry is possibly the least schmucky. (Tim understands the event to be ""a dinner for idiots""; the film's title is never used to describe the proceedings, suggesting that the dinner's true schmucks aren't the invited ones.) This puts us in the awkward position of laughing along with the gathered snobs at people too socially blinkered to realize they're being exploited, but it also gives comedians like Zach Galifianakis and Octavia Spencer a chance to uncork their weirdness. The evil Jeff Dunham is on hand, too, but I agreed to forget he was there. Bizarrely, Dinner for Schmucks put me in mind of two classics of short literature; bear with me a minute. The first is Poe's ""Hop-Frog,"" in which a deformed court jester exacts ghastly revenge on the callous king and his council. There's a direct line from Poe to Paul Bowles' ""A Distant Episode,"" wherein a professor of linguistics is kidnapped by a desert tribe, has his tongue cut out, and is forced to dance for their amusement. In both, the elite class are violently humbled and made ridiculous by the underlings they'd condescended to. Dinner for Schmucks doesn't go so far as to dress hateful corporate prez Bruce Greenwood or financier David Walliams as orangutangs or rip their tongues out (though there is some nasty business involving a finger), but it does arouse in us a similar working-Joe desire to watch the dismantling of this pompously appointed celebration of how much cooler rich people are than schmucks. I'm not saying Dinner for Schmucks is any sort of Bunuelian spray of venom at the bourgeoisie. Of course not. But there's a little more going on in it than you might expect from a summer comedy starring Steve Carell and Paul Rudd. (Both of whom are terrific here, Carell in particular working"
156,NFB_Doc6_Dinner_for_Schmucks,NFB_Doc6_Dinner_for_Schmucks,NFB,Comedy,Positive,Dinner_for_Schmucks,"When the Hollywood remake machine surges through Europe, none shall be spared; 'The Girl with the Dragon Tattoo', 'Let the Right One In' and now 'The Dinner Game' have all joined the ranks of localization and reinvention for the English-speaking market. Largely these remakes are unnecessary and smack of how resistant audiences (or perhaps producers) are to embracing foreign film in their original form. That's not to say that 'Dinner for Schmucks' doesn't have merit in its own right  it does and, as a comedy roll-call of today's great bit-players and stand-up performers, it really brings in the talent. But, honestly, it's irrelevant. Dinner for Schmucks is derivative by its nature and probably never needed to exist in the first place. Let's move past that point though and work under the same assumption that they executive producers are probably banking on; that is, you haven't seen the original. Given that scenario, Dinner for Schmucks is a lot of fun. It's in fact reminiscent in tone to a 'Ben Stiller awkward situational comedy' - and substituting a greying Stiller with evergreen nice guy Paul Rudd ('Knocked Up', 'Role Models') as the burdened straight man. The film's title refers to the dinner party practices of a fabulously wealthy and successful collective of investors who gather together to make fun of idiotic guests. These guests are unwittingly on display for the perverse amusements of their hosts  and the evening culminates in a mock-award ceremony for the fool and quiet adulation for the person who brought them along. Steve Carell is the fall-guy for Rudd's character Tim, eager to break into upper management at his firm and win the heart of his almost-fiancee, Julie (Stephanie Szostak). Julie has another would-be suitor in the hyper-wanky artist Kieran (Jemaine Clement from 'Flight of the Conchords') and naturally Carell's good intentions end up driving a wedge between Tim and Julie. Carell's knack for playing dim characters is never in question  just look at 'Anchorman: The Legend of Ron Burgundy'  but he's rarely as downright obtuse as he is here. His sweetly naive character, Barry, uses dead rodents to construct elaborate dioramas and photographs, staging every element with exacting detail. The butt of plenty of jokes, these mice actually end up creating a surprising heartwarming undercurrent late in the film  and Barry's redemption, such as it is, adds so emotional depth to an otherwise straightforward mismatched-buddy comedy routine. Jay Roach, director behind the 'Austin Powers' Mike Myers vehicles and 'Meet The Parents' employs a similar approach to the tone of the comedy in Dinner for Schmucks. His knack for crafting build-ups and great punch lines put these comedies at front of mind for a generation of audiences, and Dinner for Schmucks, while not as instantly iconic and defined as his previous work, still delivers a lot of entertainment. The story's brisk pace, told over just a few days total, works strongly in Dinner for Schmucks' favour, rarely getting bogged down in drawn out"
157,NFB_Doc7_Dinner_for_Schmucks,NFB_Doc7_Dinner_for_Schmucks,NFB,Comedy,Negative,Dinner_for_Schmucks,"Sometimes, when polite conversation flags at dinner parties, people ask me what is the worst film I have ever seen, and I usually reply that it's a dead heat between Freddy Got Fingered, Guest House Paradiso and Sex Lives Of The Potato Men. But now there is a fourth contender. Dinner For Schmucks is easily the most obnoxious film of the year, and ranks high among the least intelligent remakes of all time. It is the nasty, sadistic ruination by Hollywood of a French comedy called Le Diner de Cons, alias The Dinner Game (1999). The original ranks among the better works of Francis Veber, the veteran farceur who created La Cage Aux Folles. Its anti-hero was a rich smoothie, a social and intellectual snob, whose favourite dinner-time recreation was competing with his well-heeled friends to introduce a guest who is the perfect 'con', or idiot. The person voted most memorable moron at the end of the evening won his patron first prize. The entertainment value of theoriginal lay in watching an arrogant man receive his comeuppance as the victim he chose for humiliation unwittingly caused his callous, privileged life to fall apart. The Americans behind this remarkably half-witted remake, led by director Jay Roach (who made the Austin Powers movies) try to soften the piece by casting the anti-hero with perennial nice guy Paul Rudd. He's now Tim, a middle-manager trying to ingratiate himself with his bosses, who offer him promotion on condition that he brings along an idiot for them to mock at their dinner party. The big problem with this approach is that because Rudd has charm and decency, he fails to convince as a would-be corporate shark. And there's no pleasure to be derived from seeing Tim's life fall apart. Roach and his pals have utterly missed the point of the French original. Moreover, the film gives Tim's chosen idiot Barry (Steve Carell) a remarkable talent  dressing up and posing stuffed mice in various artistic and social tableaux. These show an intelligence, humour and irony that is (a) not idiotic at all, and (b) incompatible with the rest of Barry's character. In his dealings with people, Barry is no naive nice guy but boorish, obnoxious and reckless, without the slightest sense of right and wrong. It's inconceivablethat a man with his mental problems and lack of morality would construct his 'mouseterpieces' or be able to hold down his day job as a taxman. It also makes a nonsense of Tim's schmaltzy speech at the end of the movie about how much he has learned from Barry's finer qualities. Barry doesn't have any. Almost every new idea in the remake is disgustingly cruel or depressingly misogynistic. Tim now has a sexually aggressive stalker (played without an ounce of humour by British actress Lucy Punch) who makes Glenn Close in Fatal Attraction look well-balanced. This character is wheeled on purely to ruin Tim's love-life, and for us to laugh at. Then there's Barry's boss, allegedly a senior"
158,NFB_Doc8_Dinner_for_Schmucks,NFB_Doc8_Dinner_for_Schmucks,NFB,Comedy,Negative,Dinner_for_Schmucks,"The greatest crime committed by DINNER FOR SCHMUCKS, and there are many, is that it might prevent the viewers who have suffered through it to never discover the original, Francis Vebers delicious LE DINER DE CONS, on which it was based. An original of which the re-makers have completely missed the point. Of course, Americanizing a French flick is not in and of itself a death knell for a project. Flattening, sanitizing, and generally smoothing out the edginess in favor of product that is safe, dull, and lifeless is. Veber creates small, character-driven gems, economical of time, clever of concept, and fiercely wicked in dispatching those who deserve it. DINNER FOR SCHMUCKS takes the dynamic of a truly evil but suave and successful man played for a fool by the inept disaster of a good-hearted loser and tosses it aside, and with it, the whole point of the exercise. Only Steve Carrell as the loveable loser retains what made the original so funny, and even he is undone by an uninspired script that resorts to bland cliches. The innate evil of the successful member of the duo has been tempered into Tim (Paul Rudd), a good guy whose dreams of a promotion at the financial firm where he works depend on finding an interesting loser to bring to his bosss monthly dinner for idiots. The boss (Bruce Greenwood), a minor character, can be irredeemably evil, as can all the other members of the firm who would like to see Tim fail. Torn between wanting the promotion and staying in the good graces of his disapproving art-gallery owning girlfriend, Julie (Stephanie Szostak), he opts for the promotion in order to impress her and finally convince her to marry him. His search for the perfect idiot turns out to be easier than he thought when he literally runs into Barry (Carrell), a dimwit with a placid, buck-toothed smile and the amazing ability to misunderstand any situation and/or conversation in which he finds himself. When he reveals that he spends his time making tableaux from the dead mice he collects, Tim is convinced he has a lock on the top idiot. One does not have to have seen the original to find profound disappointment in the remake. While Carrell has the proper childlike innocence and poignant delight in finding what the thinks is a friend in Tim, Tim has too much of a conscience to make their interaction the sharp, sophisticated comedy necessary to carry the action. For all Tims frustration, there is never the killer instinct that would have made Barrys devotion and sweetness all the more funny as he unwittingly yet systematically dismantles every aspect of Tims life. Taking place over two days, instead of the originals single afternoon, it seems contrived and sloppy, relying on too many convenient coincidences rather than the poetic justice of Tims own actions. Its also cluttered with more characters than the originals two, few of any real interest or depth to justify their inclusion. Julie"
159,NFB_Doc9_Dinner_for_Schmucks,NFB_Doc9_Dinner_for_Schmucks,NFB,Comedy,Negative,Dinner_for_Schmucks,"Comedy is an abusive lover. Sure, it might seem like a dream at first! All the funniest people you can think of packed into one movie, every bit part overstuffed with talent, with a premise idiotic but open-ended enough to let them all spin situational straw into comedy gold. Like Rumpelstiltskin! How romantic! Then Rumpelstiltskin steals your $10 and pushes you down the stairs and tells you that you were asking for it. Which, you know, you kind of were. The advance screening of Dinner for Schmucks opened with a ""performance"" by a local improv troupe. This was not a good sign. The improvisers pulled sluggish, reluctant ""volunteers"" from the audience and made them ""tell"" an improvised ""story"" about separating ""Chinese twins"" (I guess they meant Siamese?). Being a pragmatist who does not believe in dark sorcery, I had no idea that the evening could actually go downhill from there. Oh, me! Naive yesterday me. The cast of Dinner for Schmucks is like porno for comedy nerds. Paul Rudd (utterly uncharming for the first time in human history) plays Tim Conrad, an ambitious but frustrated financial analyst at a big firm staffed by dickheads (Ron Livingston, Nick Kroll, The Daily Show's Larry Wilmore, Little Britain's David Walliams)the kind of men who say sentences about ""dividends"" and ""deliverables"" and bang their secretaries (Kristen Schaal) while playing squash and eating finger sandwiches and throwing paperweights at their small, brown menservants. Every month, the CEO hosts a dinner party where each guest brings the most embarrassing idiot he can find (Steve Carell, Zach Galifianakis, Jemaine Clement, the IT Crowd's Chris O'Dowd), everyone makes fun of them, and all the dickheads high-five. Tim is up for a big promotion and needs to find an award-winning schmuck for his inaugural dinner party. Luckily, he hits Barry Speck (Carell)a lonely IRS agent who builds elaborate and completely charming dioramas featuring taxidermied micewith his Porsche and brings him home. Then Barry proceeds to systematically but unintentionally ruin Tim's life. I chuckled onceONCEat Barry's complete sincerity when he announces, in the thick of an impromptu history lecture, ""People said you can't fly a kite in a rainstorm. And Ben Franklin said, 'Yes you can. If you have an electric kite.'"" Also, Jemaine Clement would be funny in a vegetative state. It's clear that Dinner for Schmucks is going for a Meet the Parentsstyle typhoon of misery (Parents and Schmucks were both directed by Jay Roach), but the series of misfortunes that befall Tim are more mean than funny and too contrived to be outrageous. Which is a shame, because Dinner for Schmucks' premisesmug, spiteful corporate executives exploiting and humiliating the common man not just for money, but for sportis a ripe one for a farce. And the cast, an international cabal of funny people, could have really done something with it. Too bad they just punched us in the face instead. I mean, it's nothing. I'm fine. I ran into a door. (Sob.)"
160,NFB_Doc10_Dinner_for_Schmucks,NFB_Doc10_Dinner_for_Schmucks,NFB,Comedy,Negative,Dinner_for_Schmucks,"Why the title, ""Dinner for Schmucks""? To my recollection, no one in the film ever uses the word ""schmuck."" In fact, the event of the title quite often is referred to as a ""dinner for idiots,"" to which each of a group of financial executives brings a guest to (unknowingly) compete for the distinction of being the biggest idiot of the bunch. That's one of the multiple head-scratching facets of the film. The most problematic is that it takes two of our most gifted comic actors, the great Paul Rudd and Steve Carell, and turns themand everyone else in the movie, for that matterinto obnoxious cartoons whose behavior is determined solely by the needs of the plot. I have heard it said that good comedy is either really smart or really sillyI would add that the best comedy is bothbut for most of its running time, ""Dinner for Schmucks"" is just plain stupid. Plenty of comedies have failed harder. The stupidity I'm talking about is the misuse of its two leads. The strengths of Carell and Rudd lie in character-based comedy, a kind of humor that feels honest, natural. (Carell often goes broad as Michael Scott on ""The Office,"" yes, but it's rooted in that character's personality, his unending need to be all things to everybody.) Here, they are reduced to mugging for the camera, fishing for jokes through slapstick. Of course, subtlety never has been the specialty of director Jay Roach, the man behind the ""Austin Powers"" and ""Meet the Parents"" franchises. He's working from a script by David Guion and Michael Handelman based on a 1998 French film called ""The Dinner Game."" Rudd is Tim, who is in line for a big promotion that he hopes will prove to his girlfriend (Stephanie Szostak) that he is good enough to marry. To seal the deal with his boss (Bruce Greenwood), he must attend the aforementioned monthly dinner. Enter Barry, who Carell plays in a sort of greatest-hits act; he's equal parts Michael Scott, ""Anchorman's"" Brick Tamland and Andy Stitzer of ""The 40-Year-Old Virgin."" Barry is a lonely IRS employee whose passion is creating meticulously detailed dioramas using preserved, dead mice. As Barry leaches onto Tim and ruins his entire life in the span of a day, Roach directs without any sense of rhythm, never creating any momentum to carry the story forward. He simply gives us a bunch of people acting weird begging the audience to laugh at them just as the movie's mean-spirited characters do without any sense of comic timing. Jemaine Clement, well known to Flight of the Conchords fans, and ""The Hangover's"" Zach Galifianakis create characters that probably were hilarious in table reads but simply do not work on the screen. Their efforts to be weird supersede everything. Too late, the movie tries to have a heart, leading to a wholly unearned happily-ever-after conclusion. There are some laughs to be had, and despite the recycled feel of his performance, they are almost all courtesy of Carell."
161,OSH_Doc1_No_time_to_die,OSH_Doc1_No_time_to_die,OSH,Action,Negative,No_time_to_die,"During its lengthy run time, No Time To Die executes a vision that is equal parts enthralling and polarizing. That is what tends to happen when a plot leaves space to contradict itself; it offers up the opportunity to both delight and discomfort audiences. So it ambitiously takes on everything in a bid to satisfy the loyalist of followers with an all-you-can-eat James Bond buffet. A nearly three-hour mission means this conclusion has the luxury of being as thorough and sentimental as it would like. It exposes a deep emotional intelligence this action saga could rarely afford. However, this film is incapable of standing on its own, creating a rather tedious movie theatre experience for the less sentimental crowds. It may soothe the growing pains of this expansive film collection, but when you take a step back and look at No Time To Die's achievements as an individual Bond outing, it's a bit of a boring mess. The ridiculously long run time is mostly to blame here. A shorter film would have ironed out the wrinkles of this over-stuffed and bloated premise, forcing Bond to walk at a brisker pace through this memory-ladened minefield. Instead, the plot has free reign to go wherever and do whatever. This adventurous spirit creates a paradox of scattered action scenes that refuse to add stakes to a half-baked sequel of character cameos and shoot-em-up action. It's difficult not to view this conclusion through a cynical lens as someone that has desperately wanted to embrace the Bond franchise and failed miserably to fully understand the appeal, again and again, thanks to these denser installments. James Bond has always stood for refined style, sleek firearms, and clear drinks. This chapter is hardly those things with its clunky and repetitive nature  a nature that works against itself and offers little for our leading man in the form of captivating violence or dialogue. It doesn't take long for these grand cinematic escapades to wear thin as the key players in Bond's finale hour disappear for large chunks of time, and the signature gadgets at his disposal succumb to the convenience of targetless bullets. This last outing does not ponder the question, is he the best Bond? Instead, it allows Craig a formidable performance during those crucial closing moments of No Time To Die. This action installment squanders its momentum by dragging its feet until the bitter last showdown. Yet, the final moments spent by James Bond's side as he watches death close in from every direction is not only a great ending to this film and franchise, but it's one of the greatest endings of any film you will watch this year. Bond sacrifices himself so those he cares about can survive, and it is just about the noblest way to go out. It's the gut-punch farewell that makes sense for this sweeping cinematic tale, the bio-weapon lore it bolsters, and the ceremonial ending this iteration of James Bond deserves. There's nothing more poignant than making the"
162,OSH_Doc2_No_time_to_die,OSH_Doc2_No_time_to_die,OSH,Action,Negative,No_time_to_die,"Let the mourning begin. In No Time to Die, James Bond is dead after 25 installments of the popular series about England's most glamorous secret agentwhich means he will never be backin his present form. This is also Daniel Craig's fifth and final appearance as 007, so enjoy his previously indestructible stoicism for the last time, too. Do this, I hasten to add, only if you are forever dedicated to a fictional action hero who, in your heart of hearts, can do no wrong. In my opinion, he ran out of steam long ago, and now in retirement from Her Majesty's Secret Service, he has no charm, no wit, no sex appeal, no fatal allure for women and he's losing his hair. He dies from stray bullets, deja vu, stale dialogue and mixed reviews. The car chases, the fight sequences (there are two), the helicopter shots, the never-ending guns and exploding warheads have all been done before. This is probably to be expected. You don't go to a James Bond movie to learn anything new. You go to ogle the latest girls, gadgets and exotic locations. The entertainment values are ever apparent, the violence and bloodshed have a certain lift that both defines and defies imagination, and who would have it any other way? You don't always remember what you saw the next day, but you know you had some fun. This time the excitement fades like the popcorn that went with it, and for me, ennui comes on stealthy fingers. No Time to Die may not be the worst James Bond movie ever made, but it's in heavy competition as the dullest one since Octopussy. The film's sole distinction is the fact that it's the James Bond epic that finally manages to make 007 a crashing bore. Directed with more boyish slobber than narrative coherence by Cary Joji Fukunaga from an over-crammed, self-consciously contrived script by no fewer than five writers, No Time to Die hops and stumbles all over the place, but you can still write the plot on the head of a carpet tack. It opens with a flashback to the Italian Alps where a mysterious thug in a white mask plods through the snow to murder a young Madeleine Swann's mother, but young Madeleine narrowly escapes. Cut to the character, all grown up as Lea Seydoux, who may or may not be married to a gooey-eyed, lovesick 007. (The movie is very vague about things that matter.) After some high-speed racing through the mountains in his bulletproof Aston Martin, the two lovers are set upon by agents from the evil crime syndicate SPECTRE in the town square and he dumps Madeleine, thinking she betrayed him. It's the end for Bond and Madeleine, but the movie is just beginning. It helps to know your Ian Fleming history, including Bond's relationship with Vesper Lynd in Casino Royale, as well as the meaning of SPECTRE (you got me there). Cut to Bond trying desperately trying to enjoy his retirement"
163,OSH_Doc3_No_time_to_die,OSH_Doc3_No_time_to_die,OSH,Action,Negative,No_time_to_die,"As the screenplay provides the foundation for all movies, it's easy to understand why ""No Time to Die is such a colossal failure on so many fronts. With a running time of two hours, 43 minutes, this is the longest Bond movie ever, but oddly also the one with the least actual content. Operating more as a direct sequel to ""Spectre or a Craig send-off party than an original film, it lumbers aimlessly across Europe and the Caribbean from one set piece to the next offering little in the way of variety or a cohesive narrative. With Q (Ben Whishaw) now more concerned with putting together a quaint dinner for two, the number of ""new gadgets is reduced to two. Lea Seydoux (as Dr. Madeleine Swann) becomes the first back-to-back repeat ""Bond girl in franchise history. As Seydoux can act and is easy on the eyes, this isn't a deal-killer but when compared to the extended cameo turned in by a sinuous and spunky Ana de Armas (Craig's ""Knives Out co-star), her sullen demeanor and lack of eye-popping Bond costuming falls a bit flat. Missing the droll humor of his predecessors (especially Judi Dench), the returning Ralph Fiennes (at the behest of the writers) has turned MI6 executive M into an uber-serious and mirthless bore. More a cranky overseer than unifying leader, M thought nothing of handing over the then-retired Bond's iconic ""007 identity over to franchise newcomer Nomi (Lashana Lynch). Tasked with mostly running errands for the bulk of the movie, Nomi's frequent head-butting with Bond is utterly unconvincing as is her 11th-hour change of heart. Showing up along the way are longtime Bond characters Felix Leiter (Jeffrey Wright) and villain Ernst Stavro Blofeld (Christoph Waltz) who will, more than likely, never appear in another Bond movie. Every action movie (not just Bond outings) is only as good as the bad guy, and Rami Malek as Safin misses the mark and by a wide margin. The third straight Oscar-winner (after Waltz and Javier Bardem) to play a Bond villain, Malek's Safin doesn't show up in earnest until the 90-minute mark, and even then he has little in the way of personality and (unless you consider using a child as a human shield) offers no danger or palpable menace. A pockmarked facial complexion and lisping whisper are no substitutes for evil. Knowing that this was going to be his last outing as Bond, Craig is ever the dutiful soldier. Following orders to the letter and proving once again that a single man with a pistol can take out scores of machine gun-toting thugs while receiving nary a scratch, Craig's resigned Bond marks the end of a cherished era. With a feeble and maudlin coda, ""No Time to Die is a perfect match for singer Billie Eilish's coma-inducing opening credit theme song. We get a lame villain, a tame love interest, little technical dodads, few fights and chases, and next to no witwhat a pity that this perennial franchise, one which"
164,OSH_Doc4_No_time_to_die,OSH_Doc4_No_time_to_die,OSH,Action,Negative,No_time_to_die,"No Time To Die is the 25th film in the endless James Bond series, and also maybe the first to offer something like an actual ending. ""Goodbye isn't usually in the spy's vocabularynot with a sequel always on the horizon, a return always promised in the credits. Even on the cusp of recasting, it's rare to get any finality from a Bond movie; producers like to leave the door open, in hopes that they'll lure their star back for one more round of martinis. No Time To Die is different. It's been conceived as a proper send-off to Daniel Craig, taking his fifth and final spin in the tuxedo, and as an attempt to wrap up this serialized stretch of a series that's been running since the early '60s. Unfortunately, the film is so concerned with valediction that it ends up treating the actual pleasures of Bondthe stuff that's kept audiences coming back for six decadeslike an afterthought. It's all punctuation, no sentence. Is this the Endgame of spy movies? It's as sentimental and nearly as long, running a patience-taxing two hours and 43 minutes. And here, too, is a five-year time jump, finding a retired, heartbroken Bond living off the grid, forced to return to active duty at the emergence of a new global threat. Didn't Skyfall go there already? It did, and more gracefully: That gleaming installment, the second big highlight of the Craig tenure (and, in general, a more fitting swan song for it), had some fun playing, however briefly, with the idea of a disgruntled and slightly rusty Bond. Here, British intelligence's finest lurches back into the field with almost a perfunctory shrug. No Time To Die's danger is viral: a plague of nanobots that target a specific person (or people's) DNA. Vaguely and coincidentally, this evokes the real worldwide medical crisis that delayed the film's release for a year and a half. It's also a rather confusing weapon of mass destruction, with rules that don't make a ton of sense, even for a Bond moviewhich is a problem, given how much the film ends up hinging on them. The heavy threatening to release this destructive force on the world is the vengeful, cadaverous, and well-named Lyutsifer Safin (Rami Malek, the third Oscar winner in a row to play a Bond villain). Safin gets a great introduction, in a misleadingly superb opening suspense sequence that recalls Halloween more than one of the franchise's usual in-media-res prologues. After that, though, he reveals himself to be little more than a stock adversary, whispering threats with perpetual calm; Craig deserved a more distinctive final foe than this generic sociopathic terrorist. Like almost every actor that's played the role, Craig has reached the point where he's a little too long in the tooth for it. But it's less his age than his effort (or lack of it) that shows: Where once he brought an invigorating balance of thuggish aggression and cucumber-cool wit, the star seems borderline bored in No Time"
165,OSH_Doc5_No_time_to_die,OSH_Doc5_No_time_to_die,OSH,Action,Negative,No_time_to_die,"It is with a heavy heart that I report I did not love No Time to Die, despite my long and abiding love affair with James Bond. Your own mileage may varymany critics appear to be in ecstasies over the film. It is worth seeing if you like Bond or big movies, and it is technically well-crafted. But I left the screening feeling emotionally and physically drained, deflated from an experience that began with both promise and excitement. As I wandered the streets of New York City following No Time to Die's gargantuan 2 hour 43 minute runtime, I found it difficult to parse my thoughts about the film. There are good movies and there are bad movies, and there are many, many shades of grey in between shaped by personal preferences, experiences, and expectations. I tried to keep my own expectations for Daniel Craig's final turn as Bond from ballooning; I told myself I would be happy merely to see the movie on the big screen after more than a year of pandemic delays. Yet happiness is a crucial element missing from No Time to Die, as is, damningly, any real element of fun or even the relief of mindless escapism. It is not a bad movie, yet I emerged numb. The plot of No Time to Die is both overstuffed and thinly drawn. In a weird bit of prescience for a script written long before the pandemic, at its center is a MacGuffin about a deadly biological force that infects and kills. In this way it has a sort of timeliness, but even that aspect is unintentional. Far more time is spent racing cars across picturesque roads or firing shot after shot at anonymous henchmen than explaining the bioweapon or why the bad guy, Rami Malek's Lyutsifer Safin, wants to use it. Malek is criminally underused, and the character is so absurd that he feels like a parody of what a Bond villain should be. Though he speaks in a slow and ponderous whisper, I often found his dialogue incomprehensible, and so Safin remained only a sort of silly background menace. He has an elaborate poison garden in his secret island lair, which is kind of cool but also baffling. His ultimate plan and reasons for planning are preposterously unclear. It didn't have to be this way. The movie starts with astonishing promise, with what The AV Club terms a misleadingly superb opening suspense sequence. In those first few minutes, we see hints of what made No Time to Die director Cary Joji Fukunaga's first season of True Detective so eerily excellent. We learn what connects Malek's Safin and a younger version of Lea Seydoux's Madeleine Swann, Bond's psychiatrist love interest from Spectre. An intriguing and psychologically complex film is suggested by this open that then never materializes. Fukunaga and his co-screenwriters Neal Purvis, Robert Wade, and Phoebe Waller-Bridge (famously brought in to punch up the script and add a woman's perspective) cannot be accused of not giving"
166,OSH_Doc6_No_time_to_die,OSH_Doc6_No_time_to_die,OSH,Action,Positive,No_time_to_die,"Sooner or later, every great run inevitably reaches its end. Everyone looks at No Time To Die as Daniel Craig's final go at interpreting the famous 007, but with all due respect to the remarkable actor I sincerely appreciate, it's much more than just that. Cary Joji Fukunaga (Beasts of No Nation) is the man responsible for delivering a fond farewell to a saga that offered the viewers a collection of memorable characters, all beautifully portrayed by an exceptionally talented ensemble cast. Skyfall and Casino Royale are definitely a few steps above Spectre and Quantum of Solace, in my opinion, but where does this last entry fit in? I regularly clarify my expectations for the films I review before really starting to write about how I feel about them, but I honestly believe this is one of those movies that actually demands that preface. Since I don't watch trailers, my enthusiasm didn't really decrease after the countless delays due to the pandemic, so I was always genuinely interested in seeing this film. I was also prepared for the two most probable finales: either Bond would die in his last mission, or he would survive and live happily ever after. There wasn't much else that could really happen. One of the best compliments I can give No Time To Die is that I started the viewing hoping for one of these specific conclusions to be the one Fukunaga and his team of writers chose, but I gradually changed my mind to wish for the opposite scenario. If the movie really goes through with one of these finales or not is something I'll leave undisclosed in this review for obvious reasons. Still, my point is that Neal Purvis, Robert Wade, Fukunaga, and Phoebe Waller-Bridge (Fleabag) are able to write the most passionate, heartfelt narrative of the entire franchise. This is, by far, the most personal a James Bond flick ever got. I didn't realize the genuine attachment I had with these characters, but this film showed it to me in an impactful manner. I'd be surprised if fans of this saga leave the theater feeling indifferent towards the events of the movie. From the choices each character makes to the incomparable stakes of the last mission, No Time To Die feels like a completely different beast. Let me start from the beginning... The energetic action present in the opening sequence rivals Casino Royale's impressive parkour run, but overall, counting everything that happens until the main theme begins playing and the credits appear, I believe this film delivers the best - and longest? - start to the whole saga. Not only it builds upon what was already developed with Madeleine (Lea Seydoux) - setting up a couple of intriguing questions and a surprising decision from Bond - but it also features a gorgeously shot pursuit scene through a stunning city in southern Italy. Might as well praise the outstanding stunt work, extraordinary cinematography (Linus Sandgren), and seamless editing (Elliot Graham, Tom Cross) already."
167,OSH_Doc7_No_time_to_die,OSH_Doc7_No_time_to_die,OSH,Action,Positive,No_time_to_die,"James Bond might famously prefer his martinis shaken, not stirred, but No Time to Die doesn't quite take that advice. While the enterprising spy hasn't changed his drink order, the latest film he's in  the 25th official feature in the franchise across six decades, and the fifth and last that'll star Daniel Craig  gives its regular ingredients both a mix and a jiggle. The action is dazzlingly choreographed, a menacing criminal has an evil scheme and the world is in peril, naturally. Still, there's more weight in Craig's performance, more emotion all round, and a greater willingness to contemplate the stakes and repercussions that come with Bond's globe-trotting, bed-hopping, villain-dispensing existence. There's also an eagerness to shake up parts of the character and Bond template that rarely get a nudge. Together, even following a 19-month pandemic delay, it all makes for a satisfying blockbuster cocktail. In No Time to Die, Bond does need to look backwards, though  to loves lost, choices made and lingering enemies. Before Billie Eilish's theme song echoes over eye-catching opening credits, the film fills its first scenes with the past, starting with returning psychiatrist Madeleine Swan's (Lea Seydoux, Kursk) links to new mask-wearing villain Lyutsifer Safin (Rami Malek, The Little Things). There's patience and visual poetry to these early minutes amid Norway's snowy climes, even while littered with violence. No Time to Die is a lengthy yet never slow feature, and Bond first-timer Cary Joji Fukunaga doesn't begin with the pace he means to continue; however, the director behind True Detective's stunning first season establishes a sense of meticulousness, an eye for detail and an inclination to let moments last  and a striking look  that serves him exceptionally moving forward. No Time to Die has plenty of time for other magnificent action scenes, albeit fewer than might be expected; a lengthy list of characters, both new and recognisable; and the type of beats that allow Bond ruminate over his accumulated baggage, even when a few routine inclusions also pepper the script. Spectre, the film, gave 007 enough woes from the past  and actually making him grapple with it all, rather than merely throw fists, explode watches and unleash machine-gun fire from his Aston Martin's headlights as though he doesn't have a history, gives this follow-up palpable heft and resonance. In Craig's hands, Bond has become a person first and a suave action figure second. The character still falls into the second category, unsurprisingly, because that's still the gig. But in this iteration, the franchise has evolved past the kind of flicks that gave rise to Austin Powers, Johnny English and their fellow parodies  welcomely so. Indeed, the best sequence in the film takes a stock-standard Bond setup, gives it a firm update and offers Craig's Knives Out co-star Ana de Armas a killer introduction. There are no bikinis involved as per past series instalments, or double-entendre names. Instead, this team-up between Bond and fledgling CIA operative Paloma takes them"
168,OSH_Doc8_No_time_to_die,OSH_Doc8_No_time_to_die,OSH,Action,Positive,No_time_to_die,"""The proper function of man is to live, not to exist. I shall not waste my days in trying to prolong them. I shall use my time."" As M (Ralph Fiennes) reads this Jack London quote aloud near the end of ""No Time to Die,"" we realize how this latest installment in the James Bond film series takes the inevitability of time seriously. And as Daniel Craig's final outing in the titular role, we are witnesses to a 2-hour-43-minute tribute to arguably the best Bond in film history. Nevertheless, there is an undercurrent of a pattern in Craig's Bond outings. Safe to say, it's interesting to note that his tenure as Bond has been a hit-or-miss; with the first (""Casino Royale"") and third (""Skyfall"") entries garnering critical acclaim. On the other hand, the second (""Quantum of Solace"") and fourth (""Spectre"") both reaped middling reviews. Hence, there's considerable pressure on director Cary Joji Fukunaga (who co-wrote the script with Neal Purvis, Robert Wade, and Phoebe Waller-Bridge) to make ""No Time to Die"" deliver. Not only should it be good to continue the trend; it should also serve as a fitting Craig's swansong to the franchise. And right off the bat: ""No Time to Die"" is hardly a perfect film; but it is a great Bond filmand one that closes Daniel Craig's tenure as 007 in style. What's up in the air with ""No Time to Die"" is how it tries to fix the narrative mess left by ""Spectre"" and continue the story. While some viewers would appreciate such effort for the sake of continuity, audiences new to the franchise would feel like they have to re-watch the previous entryand the others as well, for that matter. This is evident in how the film integrated Blofeld and Leiter into the story. Personally, I think it's a genius move to incorporate two of the integral characters in the James Bond mythos. Fukunaga and the crew are able to give both characters the closure they deserve, at least in the Craig incarnations. In addition, the ramifications of the events from ""Spectre"" set off the actions MI6 took to ensure it doesn't happen again. Naturally in these kinds of films, things go tits up, and before Bond knows it, he's thrust back to the spotlight to try and save the day once again. Overall, I find ""No Time to Die"" a massive improvement over the disappointing ""Spectre."" Nevertheless, it ultimately settles in the shadows of what I consider the greatest Bond films ever, ""Skyfall."" A few reasons include the feeling the movie gives off from the get-go, which is to live up to the stratospheric expectations set by the 2012 entry. That air of self-consciousness is apparent in the narrative of the film featuring Bond on the retreat, only to be coaxed out of retirement. This part feels like a retread of ""Skyfall's"" first act. Another reason involves Malek's turn as the villain Safin. While paling in comparison to Javier Bardem and Christoph Waltz's performances"
169,OSH_Doc9_No_time_to_die,OSH_Doc9_No_time_to_die,OSH,Action,Positive,No_time_to_die,"I've always graded films on how well they meet their aspirations. Not every film is trying to be Citizen Kane or Lawrence Of Arabia, so the only accurate benchmark to measure a film against is how successfully it achieves what it is trying to achieve. No Time To Die is trying to do a lot of things. It's trying to wrap up the Daniel Craig era of Bond, while also give Craig a fitting farewell that matches his brilliant entry to the franchise (Casino Royale, which is the best Bond film for my money). It's also trying to push the series into places its never been and continue its modernisation, while also maintaining the essential 007-ness of it all. And it wants to be a damned good Bond film. No Time To Die is all those things. It achieves every goal, and does so with heart, grit, guts and the occasional wry smile. It's a continuation of the changes that have been evident in the series with every passing decade, but it's also exceedingly worthy of carrying the 007 licence. In short, this will go down as one of the best Bond films of all time. It certainly carries one of the most Bond-worthy plots - the villainous Lyutsifer Safin (Malek) has taken control of a diabolical superweapon with the capacity to selectively wipe out anyone he wants, one family at a time. Naturally, it's up to Bond to stop him. What's impressive about No Time To Die is the way it weaves this typical storyline among the threads of the connections Craig's Bond has made along the way. It ups the stakes like no 007 movie before - not just in a ""I'm trying to take over the world!"" megalomaniacal way, but in a personal way for Bond as well. It shows Bond in a new light, making him simultaneously stronger and more vulnerable than ever before. Most of this comes down to the script, written by series regulars Neal Purvis and Robert Wade, along with director Fukunaga, and polished by Phoebe Waller-Bridge. But a lot of credit also has to go to Craig, who delivers the highs and lows beautifully. His light touch with humour along with his physicality and ruggedness have made him a great Bond, but its been his dramatic chops and emotional range that have set him apart, never more so than here. Fukunaga's cinematography is outstanding, the set pieces are brilliant, and the ending is to die for. The cast regulars such as Whishaw, Harris, Fiennes and Wright are great, and the returnees Seydoux and Waltz are also excellent, but its de Armas and Lynch that threaten to walk away with the movie, especially de Armas, who lights up a wonderful sequence set in Cuba. Series custodians Michael G. Wilson and Barbara Broccoli have successful closed one Bond chapter and provided a blank slate for whoever is chosen to pick up the martini glass next. But whoever does so has some huge shoes to"
170,OSH_Doc10_No_time_to_die,OSH_Doc10_No_time_to_die,OSH,Action,Positive,No_time_to_die,"What a ride it has been for Daniel Craig. He first slid into the tuxedo of the dapper 007 back in 2006. Fifteen years and five movies later Craig wraps up his terrific run with the 25th installment in the James Bond franchise, No Time to Die. Due to several reasons (a global pandemic chief among them), we haven't had a Bond film since 2015. That's a long time, but I'm happy to say it was well worth the wait. Directed by Cary Joji Fukunaga, No Time to Die comes packaged with everything you want from a Bond movie  big action, even bigger characters, plenty of style, and a special dash of heart. But Craig's movies have added grit to that list. His Bond carries the weight of loss, and his pain often pushes him outside the bounds of agency protocol. That emotional burden and his willingness to cross the line are traits that set his 007 apart from all the rest. This near $300 million sequel comes with a collection of old familiar faces as well as a few new ones. And once again this latest world-saving mission takes Bond (and us) to locations across the globe  Italy, Jamaica, Cuba, Norway, and of course London. And then you have the story itself which is not only thrilling blockbuster material, but it nails the tricky task of completing Daniel Craig's story arc. And it does it in an profoundly satisfying way. But this is very much Bond's movie. Not just in the traditional sense, but personally and emotionally. From its action-packed earliest frames, No Time to Die has a different pull than Craig's other films in the franchise. Part of it may be psychological. We know this is Craig's last ride and that realization inevitably adds some extra feeling for fans. But it's also a conscious move from Fukunaga who manages to keep his film tonally in-tune with the others while putting a warm and empathetic spotlight on the weary and pained super spy. It's a slippery balancing act, but Fukunaga nails it. Also, the movie looks amazing. Whether he's capturing a location or shooting an elaborate action sequence, Oscar-winning DP Linus Sandgren always gives us something worth looking at. I mentioned the stunning opening in Italy. There's also an impeccably shot edge-of-your-seat car chase/shootout in Norway. And of course, the big finish which features one particularly jaw-dropping close-quartered gunfight up a flight of stairs. Sandgren is constantly treating us to one breathtaking shot after another and frequently reminding us of why movies are always better on the big screen. But what may be most impressive is how the movie flies by despite a hefty running time of 2 hours 43 minutes. I only checked my watch once and that was out of curiosity rather than boredom. Much of it has to do with Fukunaga's crisp pacing and steady mix of drama and action. He never lets things get bogged down. At the same time, he never loses"
171,RQH_Doc1_The_Accountant,RQH_Doc1_The_Accountant,RQH,Action,Negative,The_Accountant,"Like many of my favorite scenes from The Accountant, the best one never actually happens. Having just watched hunky dreamboat/obvious-serial-killer accountant Christian ""Yeah baby, those are two Fs in my last name"" Wolff (Ben Affleck) murder the shit out of some people, plucky number-cruncher Dana Cummings (Anna Kendrick) finds herself in Christian's emergency getaway mobile home. Stunned by the staggering amount of penis substitutes, sorry...guns, Dana drools out a slack-jawed ""Who are you?"" before immediately pulling herself together to ask if that's a real Jackson Pollock painting. Thus, the best scene that never happens is Dana on her cell phone, chattin' up her bestie: ""Okay, so don't freak, but I totally just met a guy... He's super cute, draws numbers on walls, has really great taste in art and killed something like four people for me."" The Accountant stinks with the odor of got-your-nose cleverness, telegraphing plot points in anticipation of a ""No effing way!!"" reaction that no effing person watching will ever have. What's infinitely worse, the film manages to torpedo the autistic community in stultifying fashion, envisioning itself as woke pop culture escapism when it really traffics in the same insulting stereotypical sticks and stones that have long been thrown. Oh, and the second scene is a 100%-irrelevant sequence in which a woman of color is shamed into doing her job, as though simply having her be motivated to do said job requires an impossible suspension of disbelief. Like a friend who leaves unread copies of complicated books lying around to seem smart, The Accountant litters itself with busywork to seem sophisticated. But basically, Christian's asshole Army dad abused him and his brother via violent martial arts training and wound up creating Autistic Batman. Now, Christian helps terrorists and gangsters balance their books, leading agent Ray King (J.K. Simmons) to track him down. Well, it leads King to convince highly competent fellow Department of Treasury employee Marybeth Medina (Cynthia Addai-Robinson) to track Christian down, or else King will reveal that she has a gun tattooed near her no-no parts and once almost killed a drug dealer ""back in da hood."" Christian gets called in to help find missing money for a robotics company run by Lamar Black (John Lithgow). Before Christian can finish his investigation, a dickbag assassin named Brax (Jon Bernthal) murderfies the likely thief. If you can figure out who Brax is before the last 15 minutes, congrats on being smarter than screenwriter Bill Dubuque thinks you are. Actually, no matter what, you're smarter than Bill Dubuque thinks you are. The scenes with Kendrick and Affleck are actually quite pleasant. Sadly, there are only 2-3 of them before she is whisked away into exposition oblivion. For his part, Affleck is clearly trying very hard. Good for you! Good for you, Ben Affleck!! And yet, in a movie this impossibly stupid, having likeable people try hard only kind of makes things awkward. This isn't on you, Anna and Ben. You hear me? You tried good. You both"
172,RQH_Doc2_The_Accountant,RQH_Doc2_The_Accountant,RQH,Action,Negative,The_Accountant,"t's hard to believe that The Accountant is a real movie and not a sketch from a comedy program lampooning Hollywood's tone deaf handling of autism. And yet this isn't just a Hollywood production, it's a major film with marquee talent telling the overly convoluted tale of an autistic accountant who is also a super-assassin. As a piece of storytelling, The Accountant tries to play everything close to the vest, saving all of its big reveals for the final third of the film in a series of confounding revelations that often come closer to comedy than suspense. For all of the bewildering decisions that factor into The Accountant, it's schlocky entertainment factor can't make up for it's incredibly tone deaf portrayal of autism, one that is likely to perpetuate negative stereotypes. Ben Affleck stars as Christian Wolff, who works as an accountant outside in the rural part of Illinois. He runs a quaint little office in a strip mall, using his extensive knowledge of the tax code to find every possible deduction for his local clients. In Washington, Treasury officer Ray King (J.K. Simmons) has tried to piece together the true identity of Wolff, his visage having appeared in surveillance photos alongside the world's worst criminals all over the globe. In order to uncover the clues of Wolff's identity, King takes to blackmailing Marybeth Medina (Cynthia Addai-Robinson), a young agent with a shady past, into investigating the trail of breadcrumbs as to Wolff's identity and involvement with these nefarious forces across the globe. Meanwhile, an unnamed assassin (Jon Bernthal) is lurking in the shadows around Christian Wolff's affairs as he begins a new job working at a robotics company headed up by Lamar Black (John Lithgow), at one point targeting Christian's new co-worker and friend Dana Cummings (Anna Kendrick). But when push comes to shove, this accountant crunches more than just numbers  he crunches bones. It becomes hard to get invested in all the proceedings in director Gavin O'Connor's film because the first half of the film is invested in establishing all the separate mysteries at the center of Bill Dubuque's screenplay. Flashbacks to Christian's past as an autistic child are meant to shed light on his behavior in the present. The reason Christian has a lethal set of skills that make him John Wick with exceptional math skills are from his domineering Army father (Robert C. Treveiler), who has his young son training in martial arts in Jakarta in one particular flashback. Oddly, the whole aspect of Christian being an accountant for the world's worst criminals is only given a bit of lip service at the beginning, and much more screen time is dedicated to the mentorship of Francis Silverberg (Jeffrey Tambor), who teaches Christians all the tricks of the dirty money trade. All the back and forth of the film's timeline fails to captivate as the story is more interesting in shrouding everything in mystery that there's not even much of a framework to become invested in."
173,RQH_Doc3_The_Accountant,RQH_Doc3_The_Accountant,RQH,Action,Negative,The_Accountant,"The Accountant is a Good Will Hunting / Batman hybrid with little logic and an utterly terrible performance by leading man Ben Affleck The Accountant's plot plays like an Earth-bound retelling of Total Recall: mild-mannered man is actually a super-secret baddie with all manner of methods to kill. Actually that sounds like a Steven Seagal movie, though buying him as an accountant is harder than buying Affleck as one. Despite appreciating director Gavin O'Connor's past work, The Accountant is messier than its multitude of gunshot wounds to the head. Christian Wolff (Affleck) is an autistic accountant in league with the nation's worst criminals. He's being hunted by two FBI operatives hoping to learn his identity. Wolff finds himself stumbling upon some heavy-corporate fraud that puts the life of a young woman (Anna Kendrick) in danger. The Accountant came under fire upon release of its first trailer, as it takes the tired trope of the ""autistic savant"" to extremes. Christian's introduced at a special camp/home/mountain lodge where his military father and unfeeling mother are trying to deal with their son's disability. Christian's father declares the world isn't all rainbows and puppies, so there's no need to help Christian manage his disability therapeutically. There's a gray area here. The script never wants to come down on medical intervention but says Christian ""passes"" for well-adjusted. His ""quirks"" are those commonly seen in movies about autistic characters; he's precise, unable to socialize, and suffers from OCD. I can't comment on the film's authenticity, but as a disabled person who generally rolls their eyes at this stuff....I did, a lot. One line hopes to work around questions about Christian's issues by saying he's ""high functioning."" The two words that say ""We did little research"" and serve to allow Christian to drop all pretenses of autism by the end. Image courtesy of Warner Bros. Bill Dubuque's Blacklisted script deals in a lot of concessions; Christian's autism is danced around for 45 minutes. The main concession is whether Christian is a villain or not. J.K. Simmons' Ray King character implies that Christian cooks the books for horrible people, drug cartels and warlords. He says Christian works for the worst of the worst which violates Screenwriting 101: Show, don't tell. As far as we know, the only bad thing is Christian fudges old people's taxes to get them better returns, like a strip mall Mr. Incredible. Christian's violence manifests against characters who are already villains, and his foil (played by Jon Bernthal) is open in his villainy. At 128 minutes The Accountant gets greedy from the word go. It's not enough to have Christian be the accountant for baddies. He's also an autistic savant with a special set of murdering skills (more bloodless headshots like Magnificent Seven, ), has the ability to do math better than Will Hunting, and protects Anna Kendrick like The Terminator. Honestly, throw in some ""truth, justice and the American Way"" and this is an audition for Superman. The script gobbles up plot details"
174,RQH_Doc4_The_Accountant,RQH_Doc4_The_Accountant,RQH,Action,Negative,The_Accountant,"The Accountant stars Ben Affleck as a high functioning autistic man who is a strip mall CPA during the day, and a criminal bean-counter/assassin at night. He doesn't dress up in a bat costume, but he does like to gruffly whisper into the ears of his would-be victims before killing them. The film begins with a shadowy man entering a building and soon laying waste to its inhabitants. We then flash back to 1989, where young Chris Woolf (Seth Lee), the older of two brothers, is brought to a neurological center by his concerned parents. He exhibits OCD tendencies, self-soothing behavior like rocking and finger tapping, and the occasional total freak-out. Best Accountants in SF Best SF Bookkeepers Top Tax Preparation Companies Best Tax Planning Companies Outsourced CFO Services He's offered a place at the center, but his father refuses, insisting the only thing that can ""cure"" Chris is an increased exposure to the things he's reactive to, which, in his mind, means forcing Chris and his brother into martial arts lessons that leave them bloody. Jumping to the present day, we meet the older, buffer Chris Woolf (Ben Affleck), a loner living a single-set-of-silverware life, driving from his big empty house in an Illinois suburb to his strip-mall office, where help clients figure out how to turn their jewelry-making hobbies into small business write-offs. You can tell Chris is a math genius because he likes to solve accounting mysteries by writing out numbers on see-through glass. We also meet Ray King (J.J. Simmons) the director of Crime Enforcement at the Department of Treasury, who is obsessed with finding out just who this mysterious homicidal accountant is, and Marybeth Medina (Cynthia Addai-Robinson), a young analyst he basically blackmails into solving the mystery. Why? I guess because Ray King doesn't know how to use Google, since that's basically all Marybeth Medina does to get to the bottom of the Chris's real identity. The cast also includes John Lithgow as the head of a robotics firm that hires Chris to examine its books, Anna Kendrick as Dana Cummings, a junior accountant at the firm (and, for a brief and agonizingly awkward moment, the potential object of Chris stilted affection) and Jon Bernthal as an equally mysterious assassin that wants Chris and Dana dead. The movie wants to lay out its pieces like the jigsaw puzzles Chris can so easily put together, using a non-linear timeline filled with flashbacks, tossing out plot twists here and there, and introducing characters with no context. But towards the middle director Gavin O'Connor seems to lose faith in that presentation, and instead sticks in a solid fifteen minutes of clunky exposition, explaining everything we've just seen. And even with that explanation, it still leaves so many plot holes and loose ends flailing about I wonder if the hope is to turn this into a franchise? It definitely seems to set itself up for a sequel no one will want to see. Though, to be honest, I'd rather"
175,RQH_Doc5_The_Accountant,RQH_Doc5_The_Accountant,RQH,Action,Negative,The_Accountant,"""The Accountant"" crosses ""Rambo"" with ""A Beautiful Mind,"" wonders what would happen if Vin Diesel played Alan Turing, ponders the possibility of Jason Statham carrying a really big gun and an even bigger calculator. And yes, it's as lousy as all this sounds. The film stars Ben Affleck as Christian Wolff, an amoral, autistic math genius who also is gifted in the arts of shooting and punching people to death. This combination of extraordinary traits means he's at the top of the professional field, narrow as it may be, of assassin accountants, and therefore of great value to organized criminals in need of someone who can not only figure out what ripoff artist has his hand in the boss's till, but also is ready and willing to blow that hand clean off. If this sounds silly, like an opportunity for some campy fun or an exercise in putting one's tongue in one's cheek, pump the brakes there, pal. Director Gavin O'Connor smothers the film in a humorless tone suggesting he's dead serious. He plows forward with a violent, unending grimness, through a screenplay sludged up with extraneous characters, pointless narrative convolutions and twists as plausible as a Michael Bay Oscar win. O'Connor at least had Tom Hardy and Edward Norton to beef up his previous notable pictures, ""Warrior"" and ""Pride and Glory,"" respectively. But here, he's merely the latest to overestimate Affleck's ability to convincingly bear the brunt of weighty drama. Of course, the script, a hoary chasm of overcooked cliches and unconvincing exchanges between flimsy characters, does Affleck no favors. He's the kind of guy that needs crisp, wry wisecracks softballed over the plate, not a character driven by obsessive-compulsion and harboring a deep desire to experience a human feeling. Affleck's dead-eyed performance is weirdly inert and awkward, and he looks uncomfortable, like he's trying not to laugh, or holding in a fart on a hot date. Christian's front is a strip-mall accounting firm, where he fudges deductions for naive yokels, covering for his skullduggery uncooking books for whoever can offer him a stack of cash or an original Jackson Pollock. He has just enough socialization to get by in the company of others, who probably just think he's a bone-dry math nerd who likes to go home and scribble ""Star Trek"" fan fiction. We learn his psychological origin in a series of hacky flashbacks: His dad was a gung-ho, old-school foot-putter-downer who wasn't going to have an extra-sensitive pansy boy for a son, so he trained Christian and his brother to be tough guys, hiring a martial artist to pummel the crap out of them and make them hard inside and out. Now, the adult Christian participates in a bizarre nightly ritual in which he blasts music that sounds like death-metal dubstep, turns on a strobe light and grinds a billy club up and down his shins, Affleck grimacing like he's experiencing a colonoscopy in the back seat of a school bus. I had no idea what the"
176,RQH_Doc6_The_Accountant,RQH_Doc6_The_Accountant,RQH,Action,Positive,The_Accountant,"In the end, it's all about the buy in. Maybe you can accept a grown man running around in an American flag costume smashing people in the face with an indestructible shield. Perhaps you absolutely can't accept that, yet you're okay with a Catholic married couple who are also ghost hunters. You might have a positive or negative reaction to a trailer. You might even hear just the premise of a film, and you make a split-second decision. It's hard to say what we'll accept when it comes to movies. My good friend Devila loudly and unapologetically scoffs whenever she sees a trailer for a Marvel movie, but she is down when it comes to Star Trek. Most of us know what we like pretty quickly. However, there's something special about seeing a film that you initially wrote off, and realizing early on that it's far better than you anticipated. The Accountant is the perfect example of this. There was a specific moment early on when I realized I'd dig the film. Christian Wolff (Ben Affleck) runs a shabby accounting firm in a run-down strip mall. He's helping a kindly rural couple do their taxes. The wife makes her own jewelry and asks Christian if he likes her necklace. As only someone on the autism spectrum can, he insults her, then immediately helps the couple realize they can treat her jewelry making business as a sizeable tax deduction. Right then, I willingly bought into everything. There's more to our accountant than thoughtless insults aimed at gormless hicks. His name isn't really Christian Wolff, or Lou Carroll, or any of the other aliases he uses. His business isn't just a bargain basement H&R Block. Rather, he has a more specialized clientele. When mobsters, drug lords, and their unsavory ilk find out they may be getting ripped off, they need a forensic accountant to uncook the books. Pretty good work if you can get it. The Treasury Department has heard whispers of this mysterious accountant, and agent Ray King (J.K. Simmons) wants him. But Ray has run into a brick wall in his investigation. He needs a fresh pair of eyes, and he drafts Medina (Cynthia Addai-Robinson) to track the shadowy money man down. The heat, as they say, is on. The mysterious British woman that coordinates Christian's gigs suggests a legitimate assignment. A cutting-edge prosthetics company headed up by Lamar Black (the mighty John Lithgow) has run into some financial irregularities, discovered by Dana (Anna Kendrick), one of the firm's accountants. The plot, as they also say, thickens, as Christian and Dana are plunged into a deadly conspiracy. They must deal with a talkative hitman played by the always welcome Jon Bernthal. We also get hints of Christian's childhood, where his father makes the questionable decision to treat his son's autism by taking him to Indonesia and having martial arts instructors beat the hell out of him.* When I first saw the trailer for The Accountant, the idea of an autistic"
177,RQH_Doc7_The_Accountant,RQH_Doc7_The_Accountant,RQH,Action,Positive,The_Accountant,"In one of his most interesting roles in recent years, Ben Affleck takes on the persona of Christian Wolff, a math genius who also happens to be on the highly functioning side of the autistic spectrum. Christian is so functional, in fact, that he's also a highly trained assassin with most of his emotional components turned off, so no amount of begging or pleading for one's life is going to move him the slightest. Which doesn't mean he isn't lovable! The Accountant works because it treats its subject and characters seriously without taking itself too seriously. Director Gavin O'Connor (Warrior, Miracle, Pride and Glory), working from a former blacklist script by Bill Dubuque, knows that what he's working with is something of a superhero movie blended with a fun crime drama. We even get an origin story, told largely through flashbacks, of Christian and his brother being raised as Army brats by their single father, who believes the only way for Christian to survive in the world as an adult is to beat the tough into him through intense bouts of physical training that includes weaponry and fighting. Christian still grows up with quirks that more resemble OCD and his love of puzzles and patterns is almost psychotic. It's established early that if he's unable to finish a task, he loses his mind and goes through a brutal form of self-flagellation until the panic subsides. Although he takes on the guise of a small-town CPA working in a secluded strip mall, Christian makes serious money bookkeeping for some of the most dangerous criminal organizations on the planet. A great deal of what we learn about Christian's work comes from the Treasury Department. Their Crime Enforcement Division is run by Ray King (J.K. Simmons) and his newly recruited agent Marybeth Medina (Cynthia Addai-Robinson, best known as ""Arrow's"" Amanda Waller, and a real standout in this film), who are closing in on Christian right as he takes on a seemingly legit clienta massive robotics company founded by Lamar Black (John Lithgow). When low-level accounting clerk Dana Cummings (Anna Kendrick) discovers a multi-million-dollar shortfall in the company's books, Christian is brought in to pinpoint who in the company might be embezzling. Naturally, the closer the two get to finding the truth, the more danger they put themselves in, a prospect that unleashes Christian's killer instincts. Photography courtesy of Warner Bros. Pictures Photography courtesy of Warner Bros. Pictures The Accountant has several tones working quite nicely together. The childhood material is sometimes hard to stomach, which is the point. However, Christian grown up is often inadvertently humorous and endearing. This is only because he has trouble understanding certain basic human moods or personalities, or expressing himself properly. He is keenly aware that he wants to be a more social being, but his condition makes that nearly impossible, and instead he approximates appropriate responses, if only to hide his disability and make others feel more comfortable around him. When we catch him doing it, we"
178,RQH_Doc8_The_Accountant,RQH_Doc8_The_Accountant,RQH,Action,Positive,The_Accountant,"The title character of ""The Accountant"" may not be the first investigator who falls somewhere on the autism spectrum  think Tony Shalhoub in TV's ""Monk"" or the many incarnations of Sherlock Holmes for that matter  but he is one of the most enjoyable. So much so that watching Ben Affleck's Christian Wolff make numbers do his bidding as he grapples with a world he isn't completely at home in, not to mention a rising body count, is so entertaining it's hard not to wonder if Warner Bros. has a sequel in the works. Wouldn't be a bad idea. Written by Bill Dubuque and directed by Gavin O'Connor (the heartfelt ""Miracle""), ""The Accountant"" is a nifty piece of genre entertainment, its wacky edge and genial tone despite that body count coming as something of a pleasant surprise in a year rife with lumbering, over-amped blockbusters. A lot of people deserve credit for what's on screen, starting with screenwriter Dubuque, who fleshed out a character who starts the film not as a hero but one of the bad guys. Ben Affleck stars in the trailer for ""The Accountant."" For Christian Wolff is not an ordinary number-cruncher. He does forensic accounting, investigating the source of fraud or embezzlement for what one character calls ""some of the scariest people on the planet. Drug cartels. Arms brokers. Money launderers. Assassins."" People like that. More than that, Wolff also happens to be a lean, mean fighting machine, a marksman capable of hitting a target a mile off, a master of the obscure Indonesian martial art pentjak silat and a street fighter capable of taking out an entire Mafia family with an ordinary steak knife. What Wolff lacks, however, are garden variety people skills. Buttoned down to the max, with the pocket protector to prove it, he almost never smiles and is not strong on personal interaction. A high-functioning autistic individual, he is obsessed with order and making sure all tasks are completed. While this may sound-one dimensional, Affleck's pleasure in playing the part and the skill he employs to safeguard Wolff's integrity, to make sure he is treated not like a figure of fun but taken seriously as someone who simply interacts with the world in a different way, makes the difference. Director O'Connor is a filmmaker at home with genre, and though he occasionally overdoes things (""Warrior"") he is unafraid of emotion and has expertly cast ""Accountant"" with skilled performers, including Anna Kendrick, J.K. Simmons, Jeffrey Tambor and John Lithgow. Just so we don't get the wrong idea about Wolff, his criminal associates notwithstanding, he's introduced at the offices of his ZZZ Accounting, next to Paul's Laundromat in a Plainfield, Ill., strip mall, helping a poor farm family get the best deal out of the U.S. tax code. We also flash back to Wolff's childhood, to a school in New Hampshire that tries to tell his parents that their son is a remarkable young man. When his mother asks if he can have"
179,RQH_Doc9_The_Accountant,RQH_Doc9_The_Accountant,RQH,Action,Positive,The_Accountant,"That's some skill set Christian Wolff (Ben Affleck) has in ""The Accountant."" Genius number cruncher. Crack shot. Martial-arts master. Collector of fine art. A man of many impressive accomplishments. What makes him even more impressive is that he is autistic. Which poses difficulties when he tries to interact socially with other people. At the same time, though, his condition gives him the ability to single-mindedly navigate intricate financial matters. That makes him much sought-after by people with complicated finances, like cartel kingpins and shady businessmen, who wish to protect their ill-gotten gains. His training in martial arts and his impressive hidden arsenal of high-powered weaponry make him a man skilled at defending himself against the unsavory characters he works with, should that become necessary. Sounds complicated. It is complicated. And that's only a bare-bones rundown of the complexities wrapped into ""The Accountant"" by screenwriter Bill Dubuque (""The Judge"") and director Gavin O'Connor (""Warrior""). Most Read Entertainment Stories Affleck brings a kind of sphinxlike stillness to his portrayal of the autistic hero. Obsessive mannerisms signal Wolff's attempts to impose order on what he perceives to be chaos around him. But he's also high-functioning enough to interact effectively and sympathetically with other people, particularly a corporate accountant (played by Anna Kendrick) whom he perceives as being a kindred spirit: a big math nerd and an outsider not unlike himself, though she is not autistic. It's a muted but impressive performance. Similarly impressive is Jon Bernthal as the villain, a mesmerizingly intelligent killer; J.K. Simmons as a high-ranking Treasury official intent on tracking down Wolff; and Cynthia Addai-Robinson as a Treasury agent with a checkered past  a past that Simmons' character uses to blackmail her into helping him catch Wolff. Virtually all characters have hidden sides to their personalities, which, when revealed, enrich the story. The picture addresses the autism aspect with sensitivity in flashbacks to Wolff's youth. The stresses on his family and the tough love his Army-officer father employs to help him cope in an unfriendly world  martial-arts training is one  are laid out. Dubuque's script is the real star here. He meshes multiple plot elementswith smooth expertise. He carefully plants clues throughout the movie that are in essence fuses to revelations that explode in later scenes. Everything in the picture is there for a purpose, and there's more going on in every scene than initially meets the eye. There are no loose ends here. It's a thrill to see how adroitly Dubuque ties everything together. O'Connor's direction is perfectly in sync with the script's twists and turns. He makes Wolff's hunt through arcane financial records as exciting as a climactic shootout, and both scenes are riveting. The premise of accountant as action hero might seem absurd, but ""The Accountant"" makes it credible and fascinating."
180,RQH_Doc10_The_Accountant,RQH_Doc10_The_Accountant,RQH,Action,Positive,The_Accountant,"Say what you will about Ben Affleck as Batman, or Jack Ryan, or any number of other action heroes that have seemed to be a stretch for the boy-next-door star, but Affleck is a terrific fit for ""The Accountant,"" in which he plays an autistic assassin. Though his choice in material is strong, the actor has always been a strange kind of thespian, one who seems so normal and non-actorly that most of his performances feel like watching one of your buddies up on screen, pretending to be someone he's not. Here, Affleck, who formerly drew the short end of the stick playing the dumb townie to Matt Damon's math savant, finally gets to embody the numbers whiz, and also to run around shooting some heavy-duty guns: It's like Will Hunting and Jason Bourne rolled into one, brains and bullets. What's not to love? Based on a deliciously pulpy Black List screenplay by Bill Dubuque, ""The Accountant"" was one of those projects that admirers imagined would never get made  and maybe they had a point, seeing as how the script casually assumes that someone with Asperger's Syndrome is potentially wired to become a ruthless killing machine. In the wrong hands, the screenplay could have been as controversial as Brian De Palma's ""Dressed to Kill"" was with the trans community. But here, director Gavin O'Connor (""Warrior"") demonstrates the right way to handle such material, elevating what is essentially an exploitation movie into a zen character study, one that takes its pound-of-flesh antihero seriously. As Christian Wolff (just one of this character's many aliases), Affleck plays a CPA who crunches numbers as efficiently as he crunches bones, and capturing that odd combination is all about tone. O'Connor has a close friend who is the parent of an autistic child, which makes him unusually sensitive to the film's trickiest ingredient: Instead of presenting Affleck's Christian Wolff as some kind of freak, he treats the guy as special, blessed with an ability that makes him almost superhuman. (As if speaking to a junior X-Man, his father says, ""You're different. Sooner or later, difference scares people,"" before sending his son into a Silat fighting match with three adults.) By extension, ""The Accountant"" is a hair's breadth removed from being a superhero movie, unfolding with the kind of fun, comic-book energy all but absent from ""Batman v Superman: Dawn of Justice"" earlier this year, while maintaining the requisite degree of gravitas. A suitable analogy might be the film that remains M. Night Shyamalan's best, 2000's all-but-forgotten superhero prologue ""Unbreakable."" Like that film, ""The Accountant"" is built almost entirely upon exposition as Dubuque juggles no fewer than four separate story threads: He gives us Wolff's current assignment, which involves ""uncooking"" the books at a company called Living Robotics whose founder (John Lithgow) uses the company's benefits to justify the most heinous kind of behavior. At the same time, from the sidelines, Treasury Dept. investigator Ray King (J.K. Simmons) enlists a young analyst, Marybeth Medina (Cynthia Addai-Robinson)"
181,SKC_Doc1_Barbie,SKC_Doc1_Barbie,SKC,Comedy,Positive,Barbie,"It's unfortunate that fantasy has glutted the movies and tarnished the genre's name with the commercial excesses of superhero stories and C.G.I. animation, because fantasy is a far more severe test of directorial art than realism. This is, first off, because the boundless possibilities of the fantastical both allow for and require a filmmaker's comprehensive creativity. But, crucially, fantasy is also a vision of realitythe subjective truth of filmmakers' inner life, the world as it appears in their mind's eye. The great directors of fantasy are the ones who make explicit the connection between their fantasy worlds and lived reality, as Wes Anderson recently did in ""Asteroid City,"" and as Greta Gerwig has done spectacularly in her new film, ""Barbie."" Unlike Anderson, who has spent his entire career on the far side of the imagination, Gerwig's previous features as solo director, ""Lady Bird"" and ""Little Women""both ardently crafted, both modestly literaldid little to foreshadow the overwhelming outburst of inventive energy that makes ""Barbie"" such a thrilling experience. Though ""Lady Bird,"" Gerwig's breakthrough feature, is a fictionalized story of her own adolescence, her family life, and her home town, ""Barbie""yes, a movie about a doll made under the aegis of its manufacturer, Mattelis the far more personal film. It's a film that's energized throughout by a sense of artistic freedom and uninhibited creative passion greater than what Gerwig has brought to even her previous projects made outside the ostensible constraints of studio filmmaking. The underlying subject of ""Barbie"" is how to play with Barbie dolls and why. Playing with Barbies, after all, is the D.I.Y. version of adaptation, the enactment in private of the kind of free and wild play that Gerwig (who wrote the script with her romantic and creative partner, Noah Baumbach) enacts in the movie. ""Barbie"" is about the intellectual demand and emotional urgency of making preexisting subjects one's own, and it advocates for imaginative infidelity, the radical off-label manipulation of existing intellectual property. Moreover, it presents such acts of reinterpreting familiar subjects, as a crucial form of self-analysis, a way to explore one's own self-image and to confront the prejudices and inequities built into prevailing, top-down interpretations of them. ""Barbie,"" in other words, is a film of the politics of culture and, by extension, of the need for a creative rebellion to reestrange the familiar for the sake of social change. The movie begins with one of the most ingenious parodies I've seen in a while, an origin story of the Barbie doll based on the opening sequence of ""2001: A Space Odyssey."" A group of girls is stranded in a barren primordial landscape. A voice-over narration (by Helen Mirren) explains that, since the beginning of time, they had only baby dolls to play with, leaving them nothing to imagine themselves as except mothers. Then came Barbie (Margot Robbie), who, with her many varieties and guises, offered the girls (who now smash their baby dolls to pieces) the chance to imagine themselves as astronauts, doctors, judges, even"
182,SKC_Doc2_Barbie,SKC_Doc2_Barbie,SKC,Comedy,Positive,Barbie,"""Barbie,"" director and co-writer Greta Gerwig's summer splash, is a dazzling achievement, both technically and in tone. It's a visual feast that succeeds as both a gleeful escape and a battle cry. So crammed with impeccable attention to detail is ""Barbie"" that you couldn't possibly catch it all in a single sitting; you'd have to devote an entire viewing just to the accessories, for example. The costume design (led by two-time Oscar winner Jacqueline Durran) and production design (led by six-time Oscar nominee Sarah Greenwood) are constantly clever and colorful, befitting the ever-evolving icon, and cinematographer Rodrigo Prieto (a three-time Oscar nominee) gives everything a glossy gleam. It's not just that Gerwig & Co. have recreated a bunch of Barbies from throughout her decades-long history, outfitted them with a variety of clothing and hairstyles, and placed them in pristine dream houses. It's that they've brought these figures to life with infectious energy and a knowing wink. ""Barbie"" can be hysterically funny, with giant laugh-out-loud moments generously scattered throughout. They come from the insularity of an idyllic, pink-hued realm and the physical comedy of fish-out-of-water moments and choice pop culture references as the outside world increasingly encroaches. But because the marketing campaign has been so clever and so ubiquitous, you may discover that you've already seen a fair amount of the movie's inspired moments, such as the ""2001: A Space Odyssey"" homage and Ken's self-pitying '80s power ballad. Such is the anticipation industrial complex. And so you probably already know the basic plot: Barbie (Margot Robbie), the most popular of all the Barbies in Barbieland, begins experiencing an existential crisis. She must travel to the human world in order to understand herself and discover her true purpose. Her kinda-sorta boyfriend, Ken (Ryan Gosling), comes along for the ride because his own existence depends on Barbie acknowledging him. Both discover harsh truthsand make new friends along the road to enlightenment. This bleeding of stark reality into an obsessively engineered fantasy calls to mind the revelations of ""The Truman Show"" and ""The LEGO Movie,"" but through a wry prism that's specifically Gerwig's. This is a movie that acknowledges Barbie's unrealistic physical proportionsand the kinds of very real body issues they can cause in young girlswhile also celebrating her role as a feminist icon. After all, there was an astronaut Barbie doll (1965) before there was an actual woman in NASA's astronaut corps (1978), an achievement ""Barbie"" commemorates by showing two suited-up women high-fiving each other among the stars, with Robbie's Earth-bound Barbie saluting them with a sunny, ""Yay, space!"" This is also a movie in which Mattel (the doll's manufacturer) and Warner Bros. (the film's distributor) at least create the appearance that they're in on the surprisingly pointed jokes at their expense. Mattel headquarters features a spacious, top-floor conference room populated solely by men with a heart-shaped, ""Dr. Strangelove""-inspired lamp hovering over the table, yet Will Ferrell's CEO insists his company's ""gender-neutral bathrooms up the wazoo"" are evidence of diversity. It's a neat"
183,SKC_Doc3_Barbie,SKC_Doc3_Barbie,SKC,Comedy,Positive,Barbie,"From the early, lo-fi days of her career as something of a muse for the mumblecore movement, Greta Gerwig has been interested in messy tales of nascent adulthood. And from her partnerships with now-husband Noah Baumbach, most notably 2012's Frances Ha, to her own solo directorial work (2017's Lady Bird and 2019's Little Women), her films have continued to bear the mark of a storyteller who understands the ways that modern adults, but especially women, are burdened by the weight and expectations of responsibility. Gerwig's Barbie is partially inspired by psychologist and author Mary Pipher's Reviving Ophelia, a 1994 bestseller about how adolescent girls lose their identities while navigating a looks-obsessed, media-saturated culture. That should be enough to quell expectations of the film playing out as a show of allegiance to one of the most recognizable brands in the world. And if it doesn't, the subversive streak of Gerwig and Baumbach's script certainly will. At once a journey of self-actualization and a testament to female solidarity, Gerwig's film is here to explain how the patriarchy is an all-inclusive, regressive force. Which isn't to say that this film, which very smartly sees girlboss feminism as a way for the patriarchy to hide itself better, is a bummer. It certainly helps that the filmmakers are getting their message across with live-action Barbie and Ken dolls. Gerwig and Baumbach make an explicit point of targeting the unrealistic expectations that the Barbie doll has set for generations of kids while also upholding its promise as an object of a young child's most prized possession: an unabashed imagination. Riffing on the iconic ""Dawn of Man"" sequence from Stanley Kubrick's 2001: A Space Odyssey, Barbie cheekily acknowledges the Mattel brand's massive cultural footprint by beginning as something of a historical fantasy that retells the story of human evolution as a byproduct of the invention of dolls. It then introduces us to Stereotypical Barbie (Margot Robbie), who's settled into her dream life in Barbie Land: a pristine matriarchal society that exists somewhere in our collective imagination off the coast ofwhere else?Venice Beach, California. It's there that Barbie's boyfriend, Ken (Ryan Gosling), trades innocuous, homoerotic banter with another Ken (Simu Liu) while at the same time doting on Barbie, whose mostly content to spend the majority of her days and nights hanging out with her unequivocally supportive best friends, among them President Barbie (Issa Rae), Physicist Barbie (Emma Mackey), and Doctor Barbie (Hari Nef). And though Gosling's Ken wishes that he received a bit more affection from his girlfriend, for him, too, life in plastic seems pretty fantastic. Then, one day, the idyllic, semi-autonomous world of Barbie Landsmoothly designed by Sarah Greenwood to mimic the plasticity of the real-life toys, and in a mind-boggling array of bubblegum pinks and cotton-candy bluesexperiences a disruption: During a dance break (shades of Vincente Minnelli), Barbie asks her friends if anyone ever thinks about dying. The rupture of Barbie Land's utopia takes Barbie on an Oz-like journey of reckoning that's kicked earnestly"
184,SKC_Doc4_Barbie,SKC_Doc4_Barbie,SKC,Comedy,Positive,Barbie,"Barbie, the hotly anticipated film opening nationwide on July 21, has a lot on its mind. How could it not, when its creatorsdirector Greta Gerwig co-wrote the film with her partner, Noah Baumbachhave been handed such a tricky task? The film, about the preeminent fashion doll, has to serve the interests of its masters, in this case the Mattel corporation, while also cheating out to the audience to convince them that what they are watching is not just some two-hour ad. The film must be extra conscious of what Barbie iscritical of it, evenwhile also celebrating one of the most famous toys ever made. What choice did Gerwig have, then, but to go weird? That's exactly what she does with Barbie, which is part satire, part earnest fable, and part big-minded meditation on the nature of existence. Those components don't a cohesive film makeBarbie's many fashions and accessories often clashbut at least Gerwig has made something worth thinking and talking about. Barbie does not give off the cold gleam of mere board-approved product, even if that is, at root, still what it is. Margot Robbie plays Stereotypical Barbie, essentially just the blonde, basic model. She lives in Barbie Land surrounded by other Barbies defined by a single attribute: there's President Barbie (Issa Rae), Doctor Barbie (Hari Nef), Writer Barbie (Alexandra Shipp), and so on. They live happy days in the company of the Kens, affable dopes cognizant of their second-tier status but not terribly fussed about it. Our main Barbie's Ken, a beach-bound version of the doll, is played by Ryan Gosling, who takes up a lot of space considering that this is a Barbie movie, not a Ken one. In the film's confused, who-really-cares-about-logic reality, the Barbies each represent dolls that are being played with in the real world, but they themselves can also cross into our realm in their own physical form. This fact is readily accepted by everyone who hears itbe they doll or human. Gerwig does not want us dwelling on particulars, not when there is so much thematic ambition to be addressed. Something begins troubling Robbie's Barbie. She has a dawning fear of death; her feet have fallen from high-heel ready tip-toe. Most alarming, to her anyway, is the cellulite that has developed on her thighs. In search of some sort of remedy, Barbie leaves her comfortable home to find the little girl currently playing with her (again, it's confusing) in the hopes of cheering her up, thus restoring Barbie's perfect existence. Ken stows away in the Barbie convertible, and soon both he and his sorta girlfriend are learning terrible things about the world, an Adam and Eve emerging from the garden to find a wilderness riven with sin. Barbie comes to realize that she's got a complicated profile among the humans. She and her kin have not inspired a utopia in which women do amazing things without barrier or opposition, the way the Barbies have long assumed. Instead the dolls have been largely dismissed"
185,SKC_Doc5_Barbie,SKC_Doc5_Barbie,SKC,Comedy,Positive,Barbie,"This Barbie review was written during the 2023 WGA and SAG-AFTRA strikes. Without the labor of the writers and actors who are currently on strike, movies like this one would not be possible, and Autostraddle is grateful for the artists who do this work. This Barbie review also contains spoilers. In Barbra Streisand's rendition of Stephen Sondheim's ""Putting It Together,"" the artist finds herself going back-and-forth with her producers about the work she's put into her art. It comes at the top of The Broadway Album, something these faux producers argue is ""just not commercial."" To that, she challenges: What is commercial? This is the kind of question that has plagued any number of individuals when both creating and consuming art. What, exactly, defines a commercial product? Is simply being popular enough to categorize something as such? Does something have to be specifically designed as such to be void of artistry? Is the inclusion of a popular brand, regardless of any attempts at subversion within the art, enough to consider a work ""commercial?"" And what of artists who manage to straddle the line between ""commercial"" and ""art""? If Twitter were to be believed, there would be absolutely no realm in which one could ""sell out"" and still create a great film. In an era where most independent filmmakers are being hired to helm hack work at Disney or any given streamer  under the watchful eye of producers who have no interest in any distinct vision beyond their bottom line  the question of whether or not artistry can exist within a commercial art piece has become all the more pressing and understandable. An inherent wariness at the mere concept of engaging with an established brand is not unwarranted, but there's worth in actually dissecting whether or not those works still work successfully as art in spite of their commercial success (or their ability to push a brand). Greta Gerwig's Barbie is the latest to fall victim to the hyperbole of the internet's fear at an artist selling out. Depending on who you ask, Barbie is either a testament to artistry and distinct vision surviving in spite of brand interference or a warning that even the most distinct artist will get lost under the weight of capitalism. The truth, in reality, is somewhere between these two opposing poles (and far closer to the former). Gerwig's film is, ultimately, about a doll. As one might imagine, this comes with all the benefits (its appealing color palette, an expansive cast of existing characters to play with in a sandbox) and drawbacks (an arguably incessant need to engage with the products it features, a devotion to an existing ""brand"") of any work designed to promote a brand. But that delicate balance between the two is where Barbie flourishes as a work of art. It's less an advertisement for a company than it is a surprisingly dense text about just what exactly Barbie means to multiple generations of women, mining the absurd history of"
186,SKC_Doc6_Barbie,SKC_Doc6_Barbie,SKC,Comedy,Negative,Barbie,"Filmmaking partners Greta Gerwig and Noah Baumbach reportedly wrote the script for Barbie, ultimately directed by Gerwig, during the height of the COVID-19 pandemic. That catastrophe has caused over 20 million deaths and served as a ""trigger event,"" accelerating all manner of social, economic and political processes. The pair might have put their time to better use, thinking about the momentous changes taking place. Instead, Gerwig and Baumbach produced a shallow, moralizing feminist fable. Of course, from the point of view of the parties immediately concerned, it has turned out brilliantly: so far Barbie's earnings worldwide come to half a billion dollarsand climbing. The film is about a doll, launched in 1959, very popular with children. US toymaker Mattel has sold more than a billion of them. One feels a little embarrassed having to spend much time describing the story-line. Barbie opens with a scene parodying Stanley Kubrick's 2001: A Space Odyssey. Little girls playing with tea sets and dolls are suddenly confronted by a monolith, a giant Barbie who motivates them to shatter their dull toys. The narrator (Helen Mirren) intones that Barbie is more than ""a lady in a bathing suit ... She has her own money, house, car and career. Since Barbie can be anything, so can women ... Girls become women who can achieve anything they put their minds to. Thanks to Barbie all the problems of feminism and equal rights have been solved."" Of course, the tenor is ironic, but the overall presentation of Barbie's world is not at all what one expects, especially from ""hipster"" filmmakers. After all, the ""Barbie phenomenon"" has been attacked for decades by a certain type of middle class radical as the embodiment of the mass media-induced imposition of conformity and consumerism. Along these lines, one earnest 2016 feminist essay, for example, after arguing that the ""canonical female body is first of all middle class, white and young, with fine facial features and unwrinkled skin, fit and well-toned and especially slim,"" refers to ""an 'American,' and more specifically Californian 'body-beautiful' ideology,"" and asserts that ""the Barbie doll is the highest expression not only of this ideal but also of a socially induced brainwashing of young girls for the purposes of acceptance and conformity to this canon."" (""Resisting the Male Gaze: Feminist Responses to the 'Normatization' of the Female Body in Western Culture"") However, and their need to gain the approval of Mattel presumably played a role, Gerwig and Baumbach have rejected all this, and seriously treat Barbieland (albeit with a wink and a nod), complete with its all-female construction crews, US government cabinets and Nobel Prizewinner cohorts, as a feminist utopia. This central idea and guiding motif makes no sense whatsoever, and that does create difficulties. In any event, ""Stereotypical"" Barbie (Margot Robbie) lives in Barbieland with other Barbie iterations such as Doctor Barbie, Astronaut Barbie, President Barbie, etc. There is even the short-lived Proust Barbie (Lucy Boynton) ""that didn't sell very well."" The full bench of the Supreme Court"
187,SKC_Doc7_Barbie,SKC_Doc7_Barbie,SKC,Comedy,Negative,Barbie,"I'm going to start this post by saying I am not a Barbie girl. I spent my younger years spinning, literally, in my own world, and was rarely interested in dolls that were foisted on me. Frankly I preferred a witch's broomstick and cuddly toys. Then came the tomboy years, where my older brother convinced me I wanted to be a footballer (specifically a goalie so that he could practice his penalties). In this phase, I gave many of my old Barbies buzzcuts and tattoos (which my sister found traumatising and never got over). Just before I hit puberty, I did begin to feel an inexplicable pull towards these dolls, wondering if these idealised forms of beauty were something I should be looking up to... buuut that didn't last long before I lost interest entirely. Needless to say, I did not feel like the target audience for the film and never thought I'd be making a post about it. Until my sister made a Barbie party and sat me (and dog) down to watch it. Unsurprisingly, now I've seen it,I have things to say. So, whether you are a fan of the franchise or not, get yourself a stiff drink, cos this is gonna be a doozy. First, I don't know how long the opening went on for, but it felt like it d-r-a-g-g-e-d. Now, obviously, this will only apply to people not already invested in a Barbie world, because the aesthetic is really well done. For me though, I wasn't exactly laughing at the ""beach"" jokes and thought the setup so dull I might die of boredom. The only highlight for me was when we met weird Barbie, which delighted me, for obvious reasons (see above- though I can't say I did it cos I was ""playing too hard""). It quickly became apparent to me that the plot was paper thin. When something needed to happen, it just did. I mean, the clue is in the way Barbie is told she will ""just know"" who she is looking for when she enters the real world. There's no need for explanation or logic; there's just jumping from scene to scene at the drop of a hat (and with a quick change of clothes). I had no idea why anything was happening half the time. Admittedly, I did like that this was centred on a mother-daughter relationship, rather than being a romance. If anything, I wish the film had gone further to really explore the themes of sisterhood. It would've made sense to build the plot around this and flesh out the scenes where they supposedly bonded- instead of telling us ""they've bonded now!"" Wouldn't it have been great if they'd made a story about actual female friendship? Ya know, tell an actual story. But no, that would've disrupted the flow of simply ambling from point to point. So, when the movie leaps head first into messaging, it almost felt like a welcome relief from the sheer nonsense up until that"
188,SKC_Doc8_Barbie,SKC_Doc8_Barbie,SKC,Comedy,Negative,Barbie,"Don't let ""Barbie's"" dreamy, Day-Glo visuals fool you. The film runs on hate, not affection. ""Barbie,"" inspired by the Mattel toy dating back to 1959, loathes men to a degree that would make a Women's Studies major blush. It hates the Barbie toy itself, dubbing it ""fascist"" and worse throughout the film. ""Barbie"" also hates women with sweet memories of the doll. Just know you supported the ""Patriarchy"" all those years ago. And maybe even now. That leaves an ambitious film, scattered with well-earned laughs, that disintegrates during a disastrous third act. ""Barbie"" opens with a clever conceit. What if Barbie Land existed as another universe alongside our real, imperfect world? The toys-as-people conceit is funny at first but quickly loses steam. Stereotypical Barbie, played with panache by Margot Robbie, suddenly finds herself victim to feelings from that other realm. She thinks about death, for starters, interrupting the dreamy existence everyone enjoys in Barbie Land. Except the men. The various Kens, led by Ryan Gosling, are there to be either ogled or ignored. Mostly the latter. This Uber-feminist world has no need, desire or empathy for Ken Nation. And the lads are perfectly content because they don't know any better. When Barbie and Ken leave their world to visit the Real one, everything changes. Ken discovers the Patriarchy, and he likes it! (The screenplay mentions the ""patriarchy"" 10 times... 10!) Barbie encounters rampant sexism, like AMC's ""Mad Men"" on steroids. Had ""Barbie"" been set in the 1950s some of this would make sense. Can Barbie learn why her perfect life is now not so ideal? Will Ken bring the Patriarchy back home? Will a movie that starts with promise curdle during the critical third act? The answer to the latter, sadly, is ""absolutely."" That's a shame since director/co-writer Greta Gerwig establishes inventive ways to bring the toy franchise to life. She even drops references to actual Barbie accessories during the film and uncorks a funny faux commercial about a new, ""depressed"" Barbie doll option. The production design is sublime. If ""Barbie"" were an old home you'd say it had ""good bones."" Gerwig, along with collaborator Noah Baumbach, have an agenda to push that drains the joy from their creation time after time. And it starts from the opening minutes with a cringe-worthy close-up of the all-female Supreme Court (where's Amy Coney Barrett?). Feminism! Empowerment! Down with the Patriarchy! Every time the film gains momentum it pauses to make a mini-speech The characters can't move beyond these moments because there's always another minutes away. It's the perfect encapsulation of woke storytelling. The AgendaTM matters more than the narrative and mustn't be denied. ""Barbie"" could still offer powerful points about sexism in the western world with a less heavy-handed approach. Show, don't tell. Instead, it tells, and tells, until the story has nowhere to go. That leaves a finale brimming with poorly choreographed fight scenes, dance numbers that make no sense and conclusions that feel almost anti-human. This movie hates men so"
189,SKC_Doc9_Barbie,SKC_Doc9_Barbie,SKC,Comedy,Negative,Barbie,"When Barbie premiered in theaters last summer, I, like many other women, rushed to see it during opening week. I did the whole thing  I wore a fully pink outfit, smeared sparkly makeup across my eyes and walked into the theater with my friends expecting a movie that, while fun, had a moving message about what it is to exist as a woman. Mostly, I was excited to finally have a movie that was made specifically forwomen. However, that was not what I got. Barbie was certainly not the groundbreaking feminist film that everyone had said it was. In fact, I found it deeply misogynistic for several reasons, and it was discomfiting for me to see it being lauded as a masterpiece when it so clearly perpetuated many of the most harmful mindsets that modern day women are forced to overcome. Firstly, the entire movie is based around beauty. This is surely not far from the truth of real women. So much of our lives are based around the conscious or unconscious pursuit of beauty that it was obviously something a movie about the female experience had to address. However, the way the writers went about it reeked of typical entry level feminism. Barbie insists on everyone being beautiful  in fact, in its most pivotal scene, which features Barbie crying because she doesn't feel pretty enough, the movie's response is to have another one of the female leads console her by telling her that she is so beautiful. While it's important to understand that beauty does not exist only in the rigid definition that is often assigned, by having the most emotional scene in the movie end with the main character receiving validation in order to feel good again, it reinforces the idea that in order to be okay, women have to be beautiful. In a world where Barbie preached more than just performative feminism, the scene would have gone more like this: ""I'm not pretty."" ""You don't have to be, it's not your job."" Think about how much more influential this dialogue would have been. If such a widely viewed movie had changed that one line to be something truly meaningful, its impact could have been so much more positive. To tell women that they are beautiful, even if they don't feel like it, is reinforcing the same age old idea that a woman's value is based on her appearance. What we need is a new take on feminism, one that is not deeply entrenched in misogynistic ideals. Women need to know that it is alright not to be beautiful, that it is not their duty to constantly, or ever, appeal to the male gaze. If it was just that one scene where these problematic themes were prevalent, perhaps the movie could still be claimed as an overall success. Unfortunately, the examples of this exact same issue pile up. Another widely discussed scene in Barbie is when Margot Robbie, playing stereotypical Barbie, is talking to an older"
190,SKC_Doc10_Barbie,SKC_Doc10_Barbie,SKC,Comedy,Negative,Barbie,"Now that the Barbenheimer fanfare is over and we've all finally gotten I'm Just Ken out of our heads, let's talk seriously about Barbie (2023) - the good, the bad and the ugly! Despite being an aesthetically pleasing film with lots of glitz, glitter and glamour, Barbie focused on addressing social inequalities, such as misogyny, and explored philosophical themes, like existentialism. This has led to some critics praising Barbie (2023) for its feminist themes. From a Black and intersectional feminist's point of view, Barbie (2023) fails to offer any new, cutting-edge takes on feminism and depicts heteropatriarchy through a one-dimensional, white feminist gaze. This blog piece explores how Barbie is an enjoyable movie with lacklustre feminist commentary that fails to be a revolutionary and instead perpetuates white feminism. What is 'white feminism' and how is it different from 'intersectional feminism'? 'White feminism' is often associated with 'liberal feminism,' 'T.E.R.F feminism', and 'choice feminism'. It prioritises the ideals of white, cis-gendered and otherwise privileged women. It often focuses on the well-being of the individual, rather than addressing oppressive structures and intersecting discriminations that enable inequality in the first place. It fails to acknowledge the nuanced way in which these structures affect people from diverse backgrounds. It aspires to elevate white women to be equal to white men, thereby suggesting that white men are the ideal to live up to, limiting its capacity to inspire transformative change. Proponents of white feminism benefit from systems and structures of white supremacy whilst silencing women of colour, trans-women and other marginalised individuals. By depicting social oppression as universal and patriarchy as one-dimensional, white feminism fails to acknowledge the experiences of the most marginalised. A 'white feminist' is not a feminist who is white, but rather someone who considers themselves a feminist and subscribes to the previously outlined viewpoint. In contrast to white feminism, intersectional feminism acknowledges the multi-faceted nature of people's identities and how that impacts their experiences. It utilises these diverse perspectives to collaborate in the fight for liberation from oppressive structures. To an extent, Barbie (2023) does a great job of simplifying and explaining the patriarchy, especially to younger audiences. The film portrays the patriarchy existing on a variety of levels, from institutional, cultural and interpersonal issues that are embedded in every aspect of society. When Barbie enters the real world, she experiences gendered social discrimination and oppression in various forms, such as hyper-sexualisation, 'cat-calling' and the male gaze. On the other hand, Ken learns about how men control an array of institutions and systems (sports, media and business). He also benefits from patriarchal social norms. The contrast between the characters' experiences, highlights how gender discrimination manifests in multiple ways and how socially vulnerable individuals are harmed by unequal power structures. Moreover, in neo-liberal Western countries, the belief that social inequalities have been reduced to an inconsequential level has become a mainstream opinion. The post-feminist and post-radical viewpoint posit that all goals of social justice movements have been achieved and all structures of"
191,WSM_Doc1_Batman,WSM_Doc1_Batman,WSM,Sci-Fi,Positive,Batman,"Matt Reeves’ “The Batman” isn’t a superhero movie. Not really. All the trappings are there: the Batmobile, the rugged suit, the gadgets courtesy of trusty butler Alfred. And of course, at the center, is the Caped Crusader himself: brooding, tormented, seeking his own brand of nighttime justice in a Gotham City that’s spiraling into squalor and decay.But in Reeves’ confident hands, everything is breathtakingly alive and new. As director and co-writer, he’s taken what might seem like a familiar tale and made it epic, even operatic. His “Batman” is more akin to a gritty, ‘70s crime drama than a soaring and transporting blockbuster. With its kinetic, unpredictable action, it calls to mind films like “The Warriors” as well as one of the greatest of them all in the genre, “The French Connection.” And with a series of high-profile murders driving the plot, it sometimes feels as if the Zodiac killer is terrorizing the citizens of Gotham.And yet, despite these touchstones, this is unmistakably a Matt Reeves film. He accomplishes here what he did with his gripping entries in the “Planet of the Apes” franchise: created an electrifying, entertaining spectacle, but one that’s grounded in real, emotional stakes. This is a Batman movie that’s aware of its own place within pop culture, but not in winking, meta fashion; rather, it acknowledges the comic book character’s lore, only to examine it and reinvent it in a way that’s both substantial and daring. The script from Reeves and Peter Craig forces this hero to question his history as well as confront his purpose, and in doing so, creates an opening for us as viewers to challenge the narratives we cling to in our own lives.And with Robert Pattinson taking over the role of Bruce Wayne, we have an actor who’s not just prepared but hungry to explore this figure’s weird, dark instincts. This is not the dashing heir to a fortune prowling about, kicking ass in a cool costume. This is Travis Bickle in the Batsuit, detached and disillusioned. He’s two years into his tenure as Batman, tracking criminals from on high in Wayne Tower—an inspired switch from the usual sprawl of Wayne Manor, suggesting an even greater isolation from society. “They think I’m hiding in the shadows,” he intones in an opening voiceover. “But I am the shadows.” In the harsh light of day, Pattinson gives us hungover indie rock star vibes. But at night, you can see the rush he gets from swooping in and executing his version of vengeance, even beneath the tactical gear and eye black.As he’s shown in pretty much every role he’s taken since “Twilight” made him a global superstar in 2008, working with singular auteurs from David Cronenberg to Claire Denis to the Safdie brothers, Pattinson is at his best when he’s playing characters who make you uncomfortable. Even more than Christian Bale in the role, Pattinson is so skilled at making his beautiful, angular features seem unsettling. So when he first spies on the impossibly"
192,WSM_Doc2_Batman,WSM_Doc2_Batman,WSM,Sci-Fi,Positive,Batman,"Where do you go after “The Dark Knight”? Ben Affleck blew it, and even Christopher Nolan, who brought unprecedented levels of realism and gravitas to that franchise-best Batman saga, couldn’t improve on what he’d created in his 2012 sequel. So what is “Cloverfield” director Matt Reeves’ strategy? Answer: Go darker than “The Dark Knight,” deadlier than “No Time to Die” and longer than “Dune” with a serious-minded Batman stand-alone of his own. Leaning in to those elements doesn’t automatically mean audiences will embrace Reeves’ vision. But this grounded, frequently brutal and nearly three-hour film noir registers among the best of the genre, even if — or more aptly, because — what makes the film so great is its willingness to dismantle and interrogate the very concept of superheroes.Sure, that’s been done before — “Who watches the Watchmen?” Alan Moore memorably asked, influencing decades of spandex-clad savior stories — though Reeves does something relatively unique here, at least by comic-book-movie standards: He strips the genre of its supernatural elements (even more than the Nolan trilogy did) and introduces a more complex version of a classic pulp hero who’s only a whisker’s breadth removed from the story’s bad guy, morally speaking. Whereas these movies are typically defined by their villains, “The Batman” gets under your skin by asking: What if the good guys aren’t really the good guys? What if the person we were counting on to protect us might actually be making the situation worse?While Batman — who’s played here by gloomy “Twilight” star Robert Pattinson, representing the orphaned character’s tortured psychology to an almost painful degree — focuses on punching out petty thugs in shadowed alleys and on subway platforms, the Riddler (a genuinely disturbing Paul Dano) emerges to expose/dispose of the white-collar scoundrels embedded at the highest levels of power. Both men are vigilantes, though one is preoccupied with helping the police, while the other targets the systemic corruption that undermines our faith in such institutions — in Gotham City, for sure, but off screen as well.In ways far more unsettling than most audiences might expect, “The Batman” channels the fears and frustrations of our current political climate, presenting a meaty, full-course crime saga that blends elements of the classic gangster film with cutting-edge commentary about challenges facing the modern world. It’s a hugely ambitious undertaking and one that’s strong enough to work even without Batman’s presence, not that it would have any reason to exist without him. But by incorporating the character and so many of the franchise’s trademarks — Catwoman (a slinky Zoë Kravitz), the Penguin (Colin Farrell, all but unrecognizable), loyal butler Alfred (Andy Serkis, fully analog) and an epic car chase involving the latest iteration of the Batmobile — Reeves electrifies the dense, ultra-dark proceedings with an added level of excitement that justifies the film’s relatively demanding running time.From the beginning, the director breaks from the stylistic influences of the genre, establishing a tone that almost never feels derivative of other comic book movies. That"
193,WSM_Doc3_Batman,WSM_Doc3_Batman,WSM,Sci-Fi,Positive,Batman,"With his Planet of the Apes installments, Matt Reeves demonstrated that big studio franchise movies based on iconic screen properties didn’t have to exclude intelligent, emotionally nuanced storytelling. The same applies to The Batman, a brooding genre piece in which the superhero trappings of cape and cowl, Batmobile and cool gadgetry are folded into the grimy noir textures of an intricately plotted detective story. Led with magnetic intensity and a granite jawline by Robert Pattinson as a Dark Knight with daddy issues, this ambitious reboot is grounded in a contemporary reality where institutional and political distrust breeds unhinged vigilantism.More balanced in its bleak social realism than 2019’s Joker — it’s shaped by the perspective not of a villain but of a conflicted hero whose arc takes him from being an instrument of vengeance to a crime-fighter who refuses to surrender his hope of making a difference despite the daunting odds — The Batman seems less likely to be dismissed as nihilistic exploitation.It’s a soulful nocturne of corruption and chaos, and as much as I longed for a few more glimmers of humor, at no point during the hefty three-hour run time did my attention wander. But Reeves’ film hammers home the realization that somewhere along the line, someone — probably Christopher Nolan — decided that Batman movies should no longer be fun.That’s fun in the sense of amusement. Don’t get me wrong, there’s excitement and thrills, notably in an electrifying chase on a bridge in which the Batmobile withstands explosions and a wall of fire like an armor-plated muscle car. There’s also plenty of sexual tension in the dangerous allure between Pattinson’s Batman and Zoë Kravitz’s Selina Kyle, a slinky creature of the night with a rockin’ rubber fetish-wear wardrobe, formidable kickboxing moves and a payback agenda that plants her on the path to becoming Catwoman. What there isn’t much of is laughs, unless you count the sick sense of humor of Edward Nashton (Paul Dano), the alienated geek accountant better known as the Riddler.For those of us who grew up on endless reruns of the 1960s Batman TV series, with its campy parade of guest villains and its cartoonish wham-boff-kapow fight scenes, there was a natural progression in Tim Burton’s studio reinventions of the enduring DC property. In particular, his 1992 entry, Batman Returns, is a favorite for many of us, thanks in large part to the lip-smacking turns of Danny DeVito as the Penguin and Michelle Pfeiffer as a Catwoman destined — with no disrespect to Kravitz, who’s terrific — to remain unequaled.The dour self-seriousness that crept into screen treatments starting in 2005 with Nolan’s Batman Begins is probably truer to the original DC Comics vision of creators Bob Kane and Bill Finger, and to the 1986 rejuvenation by Frank Miller. But as compelling as the Nolan and now Reeves takes on the material are, all that gravitas can become, well, heavy.I found myself even thinking wistfully of the truly terrible Joel Schumacher ‘90s entries, gaudy trash that"
194,WSM_Doc4_Batman,WSM_Doc4_Batman,WSM,Sci-Fi,Positive,Batman,"It was less than three years ago that Todd Phillips’ mid-budget but mega-successful “Joker” threateningly pointed toward a future in which superhero movies of all sizes would become so endemic to modern cinema that they no longer had to be superhero movies at all. With Matt Reeves’ “The Batman” — a sprawling, 176-minute latex procedural that often appears to have more in common with serial killer sagas like “Se7en” and “Zodiac” than it does anything in the Snyderverse or the MCU — that future has arrived with shuddering force, for better or worse. Mostly better.This isn’t “Captain America: The Winter Soldier” posturing as a 1970s conspiracy thriller or “Logan” half-committing to its Western heart, nor is it a simple throwback to Christopher Nolan’s Bush-era take on the Dark Knight, which grounded Bruce Wayne in a tactile Gotham while still broadly adhering to the storylines and spectacles expected of its genre. No, the better part of this Batman belongs to another genre altogether, as Reeves stubbornly eschews the usual razzmatazz in favor of a hard-boiled murder-mystery in which The World’s Greatest Detective just happens to be a (very) tortured billionaire with an unexplained hard-on for bats.Which isn’t to suggest that people will confuse this mirthlessly dark Bat-noir for a Raymond Chandler adaptation, or even any of the David Fincher movies that lent “The Batman” its grim style or haunted air of fear — not with Colin Farrell playing Oswald Cobblepot under 50 pounds of Jake LaMotta cosplay, Paul Dano’s Riddler drawing foam question marks in his lattes, and a glowering Robert Pattinson karate-chopping street gangs while entombed inside a rubber Batsuit thicker than the tires of a monster truck. But it’s those brief (and very rare) dashes of action that best illustrate the film’s defiantly anti-blockbuster approach, as Reeves designs them with a much greater emphasis on close-up emotion than big screen excitement.The combat is shot in silhouette, the sole Batmobile sequence is framed tighter than “Locke,” and the setpieces double down on Greig Fraser’s bonfire cinematography — his Stygian color palette extending Bruce’s personal hell across the whole of Gotham — to a degree that makes them seem like a scorched-earth rebuttal to the candied aesthetic of most other superhero movies (and a serious crisis for any corporate multiplex that doesn’t regularly change its projector bulbs). Even this film’s relatively familiar, broadly Nolan-esque Batman tries to save the city climax is discomforting for the way it stages all the usual POWs! and BAMs! against a recognizable backdrop of real-world horror.And there is plenty to be afraid of in this Gotham, as “The Batman” makes clear by opening with a Halloween-night home invasion that unfolds like a chapter from the Book of Saw (a fitting prelude to a film whose Riddler is equal parts Joker and Jigsaw). The mayor is murdered by a serial killer just days before his potential re-election, leaving behind the first of several mangled bodies and taunting clues.What it doesn’t leave behind is a power vacuum. If"
195,WSM_Doc5_Batman,WSM_Doc5_Batman,WSM,Sci-Fi,Positive,Batman,"Batman has become Bat-ubiquitous. Gotham’s protector is rarely far away from the screen; this year alone, there is the return of Michael Keaton’s Bruce Wayne, the cinematic debut of Batgirl, and the animated DC League Of Super-Pets, which features Ace the Bat-hound, Batman’s pet dog. He is everywhere. An icon. The challenge for The Batman’s writer-director Matt Reeves: how to make a totemic, mythic figure of pop culture feel new.Reeves’ approach, it seems, is evolution rather than revolution. Comparisons with Christopher Nolan’s era-defining Batman trilogy are unavoidable — it shares Nolan’s serious, neo-noirish tone, and one set-piece is reminiscent of The Dark Knight — but the difference to, say, Batman Begins is that this is emphatically not an origin story. There is, gratifyingly, no new recreation of Bruce Wayne’s parents being murdered. Like Spider-Man: Homecoming, this is ‘post-origins’: a superhero still in his early years, grappling with youthful naivety and what his masked identity actually means.Working with his cinematographer Greig Fraser, Reeves has rendered perhaps the best screen realisation of Gotham so far.So, in Robert Pattinson, we get a very different Bruce Wayne. Where Christian Bale and Ben Affleck embraced the macho side of the character, Pattinson looks like a boyish vampire, his skin tone only a shade warmer than in Twilight. His is the first screen Batman to be fully seen wearing the eyeshadow required of the character’s costume, which evokes Robert Smith from The Cure. In the suit he’s methodical and muscular; out of it, he’s racked with insecurity and self-doubt. A repeated needle drop of Nirvana’s ‘Something In The Way’ confirms it: this is emo-Bats.As a new direction, it makes total sense for this most brooding of superheroes. And though the humourlessness sometimes flirts with self-parody — Pattinson’s narration, delivered like Rorschach’s journal, grumbles mainly about vengeance, fear, justice, the usual stuff — the mood is justified by a believably dark bad guy. In a crowded rogues’ gallery (shout-outs to Zoë Kravitz’s instantly charismatic Catwoman and Colin Farrell’s bafflingly convincing prosthetic Penguin), this is the Riddler’s show, anchored by a chilling Paul Dano performance. He’s a bespectacled terrorist of the Trump era, driven by an incel’s misplaced sense of injustice and a love of fiendish puzzles. (And latte foam art.)Fully embracing the “world’s greatest detective” comics reputation that cinematic Batmen often forget, Reeves thus plays things out like a twisty David Fincher-esque thriller. (Some of the Riddler’s clues could have been ripped from the pages of the Zodiac killer.) Occasionally the knottiness of the plotting will leave you feeling that near-three-hour runtime, but it is never boring, the narrative propelled by a series of grisly conundrums through Gotham’s seedy underbelly.What will also hold your attention is how beautiful that underbelly looks. Working with his cinematographer Greig Fraser, Reeves has rendered perhaps the best screen realisation of Gotham so far; walking a careful tightrope between gritty realism and heightened pulp (lots of neon, lots of rainfall) without ever overplaying their hands. The result is some remarkable film craft,"
196,WSM_Doc6_Batman,WSM_Doc6_Batman,WSM,Sci-Fi,Negative,Batman,"We have had great and awful Batman movies dating back to 1989, with Tim Burton’s “Batman.” We have seen lots of actors, of varying quality, in the lead role. Less than three years ago, we even had a Batman spin-off (“Joker”) win the Oscar for best actor.The terrain is crowded, and if you’re going to make another Batman movie, you’d better have something new to say. Perhaps a fresh approach to the material? Maybe an actor so amazing in the title role that he makes it all seem new again?In “The Batman,” we get neither.Robert Pattinson is an interesting screen presence, with an air of strangeness and torment about him that should have served him well as Bruce Wayne. But it’s as if Pattinson has forgotten everything he’s learned since the “Twilight” films. He plays the entire movie in one long note of anguish and misery. He doesn’t smile once.Is ‘The Batman’ worth watching? Chronicle critics debate 2022’s biggest movie yet30 years ago, ‘Batman: The Animated Series’ offered a hugely influential take on iconic superheroThat director Matt Reeves could have allowed Pattinson to go down this path — or worse, encouraged him to play it in this way — is a case of epic directorial malpractice. This movie is three hours long, as long as the tour was supposed to be in “Gilligan’s Island.” That’s a long time to go without a single variation in mood and tone.But Reeves, who co-wrote the script, seems to have decided something going into this picture: Make it dystopian! Make it a commentary on American discontent! Create a parallel world that reflects our world, etc., etc.So Reeves ends up with something that feels very 2019, as pre-pandemic as skintight jeans. He comes up with a knockoff of “Joker,” only without the wit and without the great performance, just a flimsy idea that everything is awful, corrupt and rotten. And he assumes that this concept is so deep and profound that he needs three hours to develop it.The fundamental mistake of “The Batman” is that it postulates a world in which there are no good guys and no bad guys. This is an artistic mistake, in that it misunderstands the dramatic wellspring of all action and superhero movies. But it’s also bad luck, in that “The Batman” is being released at one of those frightening junctures in world history in which good and evil are no longer abstract concepts.Bruce Wayne, a mopey sort of guy who really should wash his hair more often, has already begun his vigilante career as Batman, but he’s an ambiguous figure as far as law enforcement is concerned. Meanwhile, a new serial killer is going around, leaving riddles next to elaborately dead bodies — and these riddles are directed at Batman.There’s a case to be made that the freakishness of Batman’s self-presentation (that is, the costume) is actually causing the emergence of equally freakish villains. This is probably the movie’s intention, but it’s a self-defeating one.Equally self-defeating is the notion"
197,WSM_Doc7_Batman,WSM_Doc7_Batman,WSM,Sci-Fi,Negative,Batman,"Now, it’s probably official. Batman can never again be fun, or have fun. He’s the gloomiest of superheroes, haunted by a traumatic past, doomed to skulk around a filthy, lawless Gotham that, at least in the somber vision of Matt Reeves’ The Batman, is an obvious metaphor for 2020s America. The Batman’s America is a place where nutso fringe theorists fully armed with automatic weapons can gun down a Black woman mayoral candidate just because they don’t like the direction the country is going in. In this way, a movie based on a comic-book character will help us face our own darkness.Or will it?The semi-nihilistic yet vaguely hopeful vision of The Batman is what makes it like so many other superhero movies of the past 10 years or so, not what sets it apart. It does have some advantages over the others: Reeves is a relatively thoughtful, careful filmmaker, and the DC universe he’s working in may offer more freedom than the Marvel woodchipper that directors like Taika Waititi and Chloé Zhao have endured, a kind of processing plant that presses their vision into a particle-board-like consistency with the other movies in the franchise.The Batman is a moderately well-made film, with some appealing performances, most notably from its star, Robert Pattinson, and from its cryptically glamorous Catwoman, Zoë Kravitz. And it looks like a movie, which used to be something you didn’t even have to say: The Batman may be dark, literally—its doomy, underlit ambience comes courtesy of cinematographer Greig Fraser—but at least it’s pleasurably cinematic, a picture that creeps to the edges of the big screen with an operatic flourish. Reeves doesn’t just throw his ideas onto that screen: he’s attuned to how they hit, and if the movie, a bat-hair short of three hours long, features at least three too many endings, Reeves still keeps the story from falling into sluggishness. (I’m among a minority that believes his 2010 Let Me In is better—more bruising, and more poetic—than the 2008 Swedish film, Let the Right One In, it’s based on.)The plot goes something like this: Gotham is in a bad way, a dirty, lawless metropolis on the verge of a mayoral race that at least offers some hope for change. Pattinson’s the Batman, so special he gets his own definite article, appears in the city as needed, which is often, summoned by that yellow tattoo in the night-clouded sky that’s never referred to as the Bat Signal, though we all know that’s what it is. (“We have a signal now, for when I’m needed,” he explains in a gravelly, whispered voice-over, as if this information weren’t already burned into our pop-culture data banks.) Early on, the incumbent mayor is murdered in a particularly grisly way (largely off-screen, at least) by a mouth breather in a creepy leather mask, his little piggy eyes peering through grimy eyeglasses; the murder weapon is some sort of ugly spadelike tool. It’s Halloween night, and the mayor’s young son, just back from trick-or-treating,"
198,WSM_Doc8_Batman,WSM_Doc8_Batman,WSM,Sci-Fi,Negative,Batman,"There are very few things that are still expected in this life. Those include Kanye West saying or doing something totally outrageous, Donald Trump calling the 2020 presidential election rigged and an egotistical Bruce Wayne basking in his obscene wealth and heroism in equal measure.And now, writer-director Matt Reeves’ “The Batman” has eviscerated that third bullet point. But who is The Caped Crusader without all the flair, duality and unsettling humanity that has made him so fascinating to watch on the big screen all these years?The short answer from the new film could also be determined after shaking a magic eight ball once: “Reply hazy, try again.” This irresolute reaction comes not just because “The Batman” is a stark departure from what we’ve seen before theatrically. (Honestly, it would have to be different in order to justify its existence just shy of a decade after Christopher Nolan’s superb “The Dark Knight” trilogy).It’s that “The Batman” reaches for an ingenious and compelling new way to tell a story about the thin lines between corruption, greed and nobility — but ever so limply and always just out of its grasp. That’s a bit jarring to witness after decades of watching the masked vigilante, played before by a bevy of actors like Adam West and Ben Affleck, navigate these muddy waters with sleek confidence even while making questionable choices in the most dangerous situations.With Robert Pattison in the role, “The Batman” character is considerably precarious and apprehensive. However, he seems to also have a big heart and wants to be part of the change for reasons not based on pride or rage but something else he can’t quite put his finger on (and the movie, frustratingly, never tells us).Part of that pathos is due to age. We meet Bruce Wayne younger than we’ve seen him previously and in an earlier era of Gotham City. It’s about 20 years after the brutal murder of his billionaire parents, which puts him at around 30 years old. He’s alone and mopey, though evidently not without hope that he can clean up the streets — simply because he feels he must.That timid faith compels him to blindly align with law enforcers, even though we know their system to be contributing to the corruption, like lieutenant Gordon (Jeffrey Wright), presumably because it’s the right thing an orphaned child should do to exact what he calls “vengeance.”But that’s a word repeated often in “The Batman” without any real heft to it. In fact, much of how Batman operates is mechanical. Not yet inhabiting his more familiar staggering presence that can alternate between reckless and flashy — as he does in later years when he flits from brawling in dark alleyways to lavish parties at the Wayne mansion — Bruce here is a shell of who we know he becomes later. Both the young Batman and the young Bruce are uncertain and terribly dull to watch, even in the film’s thrilling chase scenes and recognizably moody look.That’s because very little"
199,WSM_Doc9_Batman,WSM_Doc9_Batman,WSM,Sci-Fi,Negative,Batman,"If nothing else, director Matt Reeves’ The Batman is ambitious. Nearly three hours long. Featuring an intricately plotted narrative written by Reeves and Peter Craig (Bad Boys for Life) that comes across like a modern police procedural crossed with a 1970s-style neo-noir more than it does a modern comic book adaptation. Putting extra emphasis on character development and less on showcasing a never-ending stampede of energetic action set pieces. Deadly serious with precious few instances of deliberate humor.It’s a lot to take in, and I give Reeves props for convincing Warner Bros. to allow him to go so far out on a potentially audience-unfriendly limb with the studio’s most profitable DC superhero. No one is playing it safe, and on rewatch I imagine that on a rewatch, all of the film’s stunning highs will make the frustrating lows feel a bit more insignificant than they do right now.But that’s not how it feels at the moment. After a spectacular string of success that began with 2008’s Cloverfield, continued with 2010’s Let Me In, and culminated with the soaring double-whammy of Dawn of the Planet of the Apes in 2014 and War of the Planet of the Apes in 2017, here Reeves has delivered something of a mixed bag. While there’s much to love, I cannot say I walked out of The Batman satisfied. It is a motion picture whose parts are more impressive than the whole, and watching it is something of an exhilarating endurance test.It has been two years since billionaire Bruce Wayne (Robert Pattinson) secretly took up the mantle of the vigilante crimefighter known throughout Gotham City as the Batman. His name has become synonymous with the word “vengeance,” and every time his signal lights up the sky, criminals stare into darkened alleys wondering if he’ll come striding out to inflict unimaginable pain upon them.There’s a new threat to the city, one enamored with and emboldened by his antics. They have begun executing many of Gotham’s most powerful figures, including the mayor, leaving behind cryptic riddles for the hero to decipher. While Lt. James Gordon (Jeffrey Wright) is open to getting assistance from the vigilante, others in the department aren’t happy their boss is allowing the Batman the freedom to investigate free from supervision or restraint.Needless to say, this new bad guy gets tagged with the nickname “Riddler,” and, as portrayed by Paul Dano, he is a jittery sparkplug overflowing in rage toward a corrupt political status quo and a citizenry at large, who he feels have been negligent in doing anything to change this. It is a deliciously nasty performance, one that drips in the grimy, unwashed vindictiveness of toxic masculinity left unrestrained.This on its own would be an intriguing take on one of Batman creator Bob Kane’s more iconic characters. It’s as if Reeves and Craig want their film to be the antithesis to Todd Phillips’ Joker. This is no celebration of white male anger. They’re trying to start a valuable discussion, especially as they compare"
200,WSM_Doc10_Batman,WSM_Doc10_Batman,WSM,Sci-Fi,Negative,Batman,"It's time Batman got a proper R-rated movie. We've seen him dance. We've seen him """"get nuts,"""" get seduced, and get rubber nipples. We've seen him rebrand as a """"so serious"""" Dark Knight, then reboot as a brawny brooder. With The Batman, writer/director Matt Reeves teams with Robert Pattinson to take another spin on the iconic superhero. But without the freedom an R-rating allows, this movie — full of menace and murder — feels toothless. Imagine if David Fincher made a Batman movie but it was censored to air on televisions at Walmart. That's what Reeves' The Batman feels like.Like Fincher's Zodiac and Seven, The Batman thrusts audiences into a deeply twisted detective story, where a sharp-minded but impulsive sleuth sets out to capture a serial killer. The clues of the case will be revealed to the detective and his audience simultaneously. So, we shouldn't be able to get a step ahead. We should be awed by the deductions our intrigued anti-hero unfurls before our eyes.Robert Pattinson's Batman is aggro but not interesting.Regrettably, Reeves first misstep is that his anti-hero doesn't have the exhilarating disdain and wild bravado of Fincher's. His Batman is less booming with bravado, more brooding and boring. His theme song is a moaning emo track that never rises to a roar or a victorious chorus, and Pattinson's performance is similarly one-note. Worse still, this Batman isn't much of a detective, making leaps in logic that are more inexplicable than elementary. To the credit of Reeves and co-scribe Peter Craig, The Batman doesn't bother with an origin story, so a news broadcast swiftly establishes that 20 years ago Bruce Wayne's parents were murdered. However, they skip too much by rushing through a first act with no character development. It's expected you know the drill: Orphan haunted by his past stalks the night as a vigilante dressed as a bat, hellbent on justice. Also, Alfred (this time played by Andy Serkis) is his butler/father figure/metaphorical punching bag for bad moods.But this Batman's not like the other Batmen. He's a mood, made up of grumbling angsty monologues, hard stares, and grit teeth. Oh, we've done that? Well, he's so aggro that his yarn-walling is done with spray paint on concrete! (This is not a joke. It's a real scene.) Zoë Kravitz deserves better than this sex kitten Catwoman.Catwoman is similarly confined to a mood of murky misanthropy. Zoë Kravitz's natural charisma is suffocated in a role that asks her chiefly to sneer and hip swivel while wearing leather. The two larger-than-life characters of Batman and Catwoman are bled of their verve. So, their fight scenes — though thoughtfully choreographed to be balanced with a hint of sexual innuendo — lack spice. Their forbidden romance feels more required than earned or authentically lusty. Their chemistry is inert, making me wish I could flee the theater and revisit the wild sensuality of Michael Keaton and Michelle Pfeiffer's Bat/Cat liplock in 1992's Batman Returns. It's almost like Reeves forgot superhero movies should"
201,WKF_Doc1_Inception,WKF_Doc1_Inception,WKF,Action,Positive,Inception,"Watching Inception is like striking a match and setting your brain on fire. The movie's tagline, your mind is the scene of the crime, is so much more than a reference to what happens in the film. Sure the plot involves a group of dream-invading thieves, but in the process of telling that story, something much bigger happens inside your own head. It's as if writer/director Chris Nolan has invaded your brain as well. As he attempts to unlock the secrets of the human psyche, his movie implants its own ideas in your subconscious. You'll walk out of Inception questioning your own reality. It's a feeling I haven't had since the first time I saw The Matrix, only, Inception pulls it off without fetish leather and kung fu. Inception spends almost all of its running time risking collapse as the plot becomes more and more complicated. It never holds back. It dares to challenge its characters and its audience. Leonardo DiCaprio plays Cobb as a desperate man teetering on the edge. We learn he has the technology to invade people's dreams and he uses it to get inside their head and steal secrets. Where this technology came from or exactly how it works is never discussed, it's accepted by everyone as a matter of course. Is Inception set in a near future? An alternate universe? We don't know it's just one of the many layers hidden inside Nolan's film left for you to either unravel or accept as the rules of this world. And as Cobb's story unfolds, it's riddled with more unexplained complexity. We learn that he's unable to return to America to see his kids, but don't know why. Are we even sure his kids exist? Is Cobb mad? At some point you'll have to decide, but Inception won't give you all the answers. Inception captures the inner workings of dreams in a way no other movie has before: Realistically. How do you know when you're dreaming? You don't, at least not until you wake up. The world of Nolan's dreams is almost real and you'll have to look closely around the edges for discontinuity, for the little places where things don't quite fit together. It's all there in the way the movie's filmed and as Hans Zimmer's brilliant, throbbing score swells around you in the theater and Nolan's carefully chosen images shine out from the screen you may even find yourself wondering not if you're watching a dream, but if you're actually in one. As the dreams go deeper the complexity of what's happening skews dangerously close to becoming overwhelming and there are a million moments in the film when it could have and maybe it all should have collapsed under its own weight, buried beneath Nolan's psychological hubris. At times understanding it is almost like trying to hold four or five different movies in your head all at once. Yet it never collapses. Inception runs along a razor's edge, layering worlds on top of each other"
202,WKF_Doc2_Inception,WKF_Doc2_Inception,WKF,Action,Positive,Inception,"If there's one movie this year that people have been asking me the most questions about as their ""movie guy,"" it's the new Christopher Nolan-directed Inception. If you're like my friends, you've seen the heavily-hyped imagery from the previews and commercials of a folding Paris skyline, an exploding cafe, gravity-defying hallway falls, and crumbling beachfront skyscrapers, all accompanied by a booming musical score and ominous narration by its star Leonardo DiCaprio. People constantly ask me ""Don, what the hell is that movie about?"" I can tell you right now, those images are just a taste of many like it, and that's only the start of the genius of Inception. It is, without a doubt, a challenging maze of dreams within dreams. Contrary to M. Night Shyamalan movies, or even the TV show Lost (which I love for the mental workout) that implausibly twist with very little explanation afterwords and cause their audience to feel baffled and turned off, Inception delivers twists that fit the evolving context of the story it's creating and commandingly wins your attention enough to not turn you off. While it may not seem like it, trust me, there is a point and a light at the end of the tunnel to this maze. Inception is essentially two things at its core. It's a ""one last job"" story for a thief and a dramatic story of regret and forgiveness of a father and husband, both of which are set in a modern science fiction setting that echoes shades of Minority Report with a dash ofThe Matrix. The thief is Dom Cobb, compellingly played by Leonardo DiCaprio, who wants nothing more than to be reunited with his two kids back home in the U.S., but his illegal activity has made him a wanted man. He also carries a deep and complicated regret with his wife Mal (luminous Public Enemies French actress and Academy Award winner Marion Cotillard) as to why he can't be there. Here's where you're going to start to need the salt grains. It's going to sound crazy and preposterous, but I promise it's easier to watch and enjoy than explain in words. Dreams are what is being stolen, but not in a Freddy Krueger way. Cobb is an ""extractor,"" a man who specializes in entering a person's subconscious by sharing in their dreams to steal that person's secrets for profit and corporate espionage. Imagine being able to steal the idea to invent the iPod before Steve Jobs was able to do it himself. You can't call it patent stealing or copyright violation because it doesn't exist yet. That's what Cobb does and he operates where our dreams occur, where we don't remember how they start, and when we don't know they're not real until we wake up. He does so by getting close to the subject, sedating the target, and plugging them into a mysterious briefcase. The case injects compounds that enable a shared dream experience for all of those plugged it. Cobb works with"
203,WKF_Doc3_Inception,WKF_Doc3_Inception,WKF,Action,Positive,Inception,"Inception may be the most intelligent action film you will ever see. I've always believed that you cannot sum up the plot of a great film in a single sentence. It's proven true once again. I'd need reams of A4 paper before even attempting to dissect this storyline. It's a stunning achievement - one that has been ten years in the making for writer-director Christopher Nolan (Memento, The Dark Knight). So how do I describe the story? I need to give you all something. Essentially this film is about dreams. What if we lived in a world where we had the power to share dreams? What if we took this a step further and people were able to manipulate you in these dreams? I know we've seen films about this subject before (Strange Days springs to mind) but it's Nolan's vision which makes this so impressive. To use his own words, Nolan ""wanted to create a film that would allow the audience to experience the limitless realities that only in dreams can we realize."" The key word there is ""limitless"". It has given Nolan full reign to create some amazingly artistic sequences. There's a fight scene involving Joseph Gordon-Levitt in a hotel hallway which left me shaking my head with disbelief. There are many players in this intricate tale but the central character is Dom Cobb (DiCaprio), a master in dream extraction. He is paid to infiltrate people's minds and coerce them into revealing their deepest secrets. This is an incredibly powerful ability but as you can imagine, it's also highly illegal. Wanted by the authorities in America, Cobb was forced to flee the country and leave his young children behind. All he wants is to find a way to clear his name and return home. A wealthy businessman (Watanabe) is about to provide Cobb with that opportunity. If he can pull off one final job, he will use his connections and allow Cobb safe passage back into the United States. Their target is Robert Fischer (Murphy), the heir to a billion dollar energy business. This is a very different assignment though. Cobb will not be stealing memories. He will be implanting them. With the help of his team, he will be taking on this extremely risky process known simply as ""inception"". Legendary film critic Roger Ebert aptly described Inception as ""a movie immune to spoilers: if you knew how it ended, that would tell you nothing unless you knew how it got there."" I must say though that the film does end on a perfect note. Like everything that precedes it, it's designed to leave you thinking and to leave you talking. I just love movies like this. I can picture the wry smile on Christopher Nolan's face when he finally finished his first draft. He must have known this was something special. There's not a lot of background to the story (such as how the dream extraction technology evolved) and some viewers may be critical of this fact."
204,WKF_Doc4_Inception,WKF_Doc4_Inception,WKF,Action,Positive,Inception,"'Whose subconscious are we going into exactly?"" asks a character in Christopher Nolan's sci-fi thriller ""Inception."" This gets a big laugh in a sublime brain-twister of a movie that plays out so intricately on so many levels simultaneously that a bathroom break comes at your own peril. Text for a few seconds and you may miss a key development. Leonardo DiCaprio leads a team of high-tech corporate saboteurs who descend deep into a target's dreams  with quite a few detours, some of them roadblocks set up by DiCaprio's late wife (Marion Cotillard). In a season of brain-dead spinoffs, ""Inception"" stands out as a singularly cerebral exception and will generously reward your 148 minutes of undivided attention. I strongly suspect a second visit will pay off even more. Not weighed down by the comic-book mythology of the two ""Batman"" movies and given a reported $150-million budget for his original concept, writer-director Nolan is free to let his imagination soar on an epic scale. Abetted by a world-class team of collaborators, he's crafted an instant sci-fi classic that surpasses its most obvious recent influences, ""Blade Runner"" and ""The Matrix."" Unlike 99 percent of movies, the less you know about ""Inception"" going in, the better. So I'd advise you to stop reading now and head for the theater. OK, so you want more? DiCaprio plays Dom Cobb, an expert at entering victims' dreams and extracting industrial secrets. He cannot return to the United States for reasons that are initially unclear, but prove to be emotionally resonant. He's approached by a wealthy businessman (Ken Watanabe) who wants Dom to reverse his usual procedure and instead implant an idea in a mark. Dom is to enter the dreams of the heir to an empire (Cillian Murphy) and convince him to dismantle it to the businessman's benefit. With a return to the US and a reunion with his two children dangled as the payoff, Dom assembles a dream team. There's his longtime organizer (Joseph Gordon-Levitt); an architect (Ellen Page) who constructs dazzling dream worlds; a ""forger"" (Tom Hardy) who can impersonate anyone at will; and a pharmacist (Dileep Rao) who enables very deep sleep. It isn't just as simple as putting the victim to sleep for 10 hours. The team and their client not only enter his dreams, but they enter dreams within his dreams and dreams within those dreams  so those 10 hours can translate into 10 years on the lowest level. Only the architect knows that Dom's late-wife-from-hell is lurking on all of those levels, and maybe even one below that, to mess with Dom's mind. The idea of entering dreams to manipulate someone isn't new  ""Dreamscape"" did that back in 1984  but Nolan raises the stakes with brilliantly deployed effects (Gordon-Levitt walking on ceilings is just one ""wow"" moment) and a fast-moving, globe-spanning story. DiCaprio, who has never been better as the tortured hero, draws you in with a love story that will appeal even to non-sci-fi fans. Meanwhile,"
205,WKF_Doc5_Inception,WKF_Doc5_Inception,WKF,Action,Positive,Inception,"SPOILERS This film follows Cobb, a man who is payed to infiltrate peoples' subconscious through their dreams and extract information. He is hired by a man however to do the opposite, the impossible. To infiltrate a tycoon's subconscious and plant an idea instead of take one - known as inception. This movie shattered my comprehension and mind a million times over, and the more I try and work it out, the crazier it gets. How on earth does Chris Nolans brain work? How to you conceive this script from nothing? A story so intricate, intellectual, complex and layered that simply watching it is mind-bending, let alone writing it. The thought of sitting down and working through the labyrinth-like story and characters is incredible daunting. Every single facet of this film can be taken down a seemingly endless rabbit hole. Ive said this before, but now, truly, I can say: I have never seen anything like this. Nolan has pushed the boundaries of storytelling and how it doesn't necessarily have to be transparent for an audience to grasp onto it. There is a plethora of things I couldn't comprehend while watching - but it honestly never took away from the film in general. It was never too convoluted that I became overwhelmed and uninterested. Was I completely mind-broken, scratching my head the entire time, yes. But I still was able to focus on the plot point at hand and be insanely immersed. It struck an incredible balance of being complex, but still allowing the viewer to be immersed in the moment and not in thought. You don't have to understand the science and logic of it to have the watch of your life - vaguely understanding the labyrinth of layers and depth is kind of what makes it incredible. I can understand the scope and scale of what Nolan is doing, but I'm not going to sit down and map it all out. What a premise for a film, and what a delivery. Amid the spiderweb of subconscious and dreams within dreams, there is a character I grabbed onto and empathized with. Cobb is a broken widower, and it was fantastic learning about his trauma and wife piece by piece. We're guessing throughout at the entire picture of his past, but it is slowly, sometimes painfully unveiled to us with brilliant pacing. I was right there in those moments with Cobb as he opens up to Ariadne, or confronts his wife in the void. And the end, oh my god the end. He finally confronts his wife and the guilt he bears, giving us, the viewer, the final pieces of their story puzzle - catharsis man, catharsis. An incredible character and a heartbreaking story with high stakes attached, threatening to derail their mission. I really like what Cobbs story and the movie as a whole says in terms of our subconscious and trauma. Cobb suppressed his emotions and guilt for so long they threatened to consume him. Any mission he went"
206,WKF_Doc6_Inception,WKF_Doc6_Inception,WKF,Action,Negative,Inception,"It is with a heavy heart that I have to report that Christopher Nolan's latest exhibits one of the great schisms between grand intentions and inept executions to be seen at the movies in recent years. Only someone who never saw (or appreciated) Dark City would be able to call it visionary (or Paprika, or Heat, or Blade Runner, or 2001: A Space Odyssey, or Solaris [either one], or, uhm, The Matrix... should I go on?), as Nolan's long-gestating science fiction opus (he first conceived of it as a teenager) rarely rises above its own apparent reliance on these influences. Visually, they're the only thing that stands out from the film's enslavement to one of the more redundant and unmelodious scripts to ever grace a big budget film. In the year of The Social Network's dialectic melodies, Inception is even more blatantly like nails on chalkboard. By distilling the film to its key money shots, the preview was a rush. The movie entire is mostly a snooze. Nolan's core concept -- that a synthetic dreamland might give way to the raging subconscious of a tortured man -- is as conceptually appetizing as those similarly mind-fucky plots of the aforementioned films. It is tragic, then, that about 90%+ of Inception's running time feels like flight preparation; the stewardess, as she is, never shuts up. And here, she's every single one of the characters, a term I use loosely; mostly, they're ciphers for information, nothing more. Nolan's script seems scared shitless of letting the audience wonder about much of anything, less they get ""bored."" And so, it spends most of the time bending over backwards telling you things it might have far more creatively shown to you, or when it shows them to you, it usually tells you anyway, etc. The aforementioned Matrix might paint in similarly obvious strokes at times (""Trinity"" is a blatant metaphor, sure, but ""Mal"" should make cringe anyone who holds language sacred), but it's also beautifully stylized, consistently visually inventive, and presented as a great genre tease; it peels away the layers with titillating ease. In contrast, Inception talks at you ad nausea for nearly three hours, expects food market and architectural farts to blow your mind (the lame M.C. Escher shout-outs are the real kicker for me; one man's paradox is another's retarded staircase), and holds your hand as it walks with you through supposed dreamscapes (droll city skylines that are at best casually surreal; where's Lynch when you need him?). I can only speak for myself, but this is exactly the kind of movie where I'd rather be lost, at least for a bit. That would be interesting. The heist sequences, when they come, are something close to exciting, but that's mostly the attention-demanding score at work, and although a zero gravity Joseph Gordon-Levitt kicking ass is surely a beautiful thing, the overwhelmingly realistic presentation of the dreamland would seem to counter the reason for taking us into the dreamland in the first place (I'll"
207,WKF_Doc7_Inception,WKF_Doc7_Inception,WKF,Action,Negative,Inception,"I suppose how you feel about Inception depends on whether you compare it to Nolan's Batman movies, which I have not seen, or his brilliant breakout film, Memento, which I have seen more than once. Perhaps both of these comparisons are misguided and Inception should be evaluated in the company of other big budget, head-trippy futuristic fare, with or without sci-fi trappings; Minority Report, Vanilla Sky, Total Recall, Brazil, and no doubt lots of other stuff I've never seen. Be this as it may, I am inclined to compare Inception to Memento because the former so plainly presents itself as a thinking man's action thriller, with a complex psychological premise we are expected to find as engaging as the one around which Nolan constructed Memento. It would be easy merely to dismiss Inception's failure on this score as being the result of it saddling its complex psychological premise with way too much action thriller baggage. Clearly, the intense drama achieved by the low-budget, street life, daylight Noir of Memento is not even approximated by the capital-intensive, fantasy land, CGI overload of Inception. But the real problem with Inception has to do with its complex psychological premise in the first place. In the first place, it's truly not complex at all. Set aside all the mumbo-jumbo tech talk about how there are concentric rings of the unconscious that can be induced, invaded and controlled by others from without. What remains is the most banal, coffee-table Freudian stuff. So much smoke and mirrors about how to manipulate the inner workings of the mind through the power of suggestion, only to trot out and ride the tried and true hobbyhorse of a father figure fixation. Jesus, why not simply put the billionaire victim in intensive (and expensive) psychotherapy, let him take forever to get over daddy, and take over his inherited company while he's preoccupied on the couch. In the second place, the psychological premise is way too complex. On this score, the demands of the action thriller really are at fault. In order to establish the changing situations that facilitate the variety of thrilling action, the Byzantine architecture of the head-trippy plot takes on ever more inconsistent proportions that must be justified by ad hoc explanations in the dialogue. The constitutional articles of the psychological premise are continually undergoing congressional amendment. Just when being murdered in a dream is the mechanism for waking up in reality, this ceases to be the case and an entirely different mechanism is introduced. Just when there is definitely a mechanism of some sort - any sort - to ensure waking up in reality, this ceases to be the case and an entirely different and deeper ring of the unconscious is introduced, from which it may be impossible escape. The tolerance of the audience is over-taxed. And in the opinion of this taxpayer, the whole conceptual government deserves to be voted out of office. The incessant explanation of the psychological architecture saddles the action just as much"
208,WKF_Doc8_Inception,WKF_Doc8_Inception,WKF,Action,Negative,Inception,"At the movies, incomprehensible gibberish has become a way of life, but it usually takes time before it's clear that a movie really stinks. Inception, Christopher Nolan's latest assault on rational coherence, wastes no time. It cuts straight to the chase that leads to the junkpile without passing go, although before it drags its sorry butt to a merciful finale, you'll be desperately in need of a ""Get Out of Jail Free"" card. Writer-director Nolan is an elegant Hollywood hack from London whose movies are a colossal waste of time, money and I.Q. points. ""Elegant"" because his work always has a crisp use of color, shading and shadows, and ""hack"" because he always takes an expensive germ of an idea, reduces it to a series of cheap gimmicks and shreds it through a Cuisinart until it looks and sounds like every other incoherent empty B-movie made by people who haven't got a clue about plot, character development or narrative trajectory. Like other Christopher Nolan head scratchers-the brainless Memento, the perilously inert Insomnia, the contrived illusionist thriller The Prestige, the idiotic Batman Begins and the mechanical, maniacally baffling and laughably overrated The Dark Knight-this latest deadly exercise in smart-aleck filmmaking without purpose from Mr. Nolan's scrambled eggs for brains makes no sense whatsoever. Is it clear that I have consistently hated his movies without exception, and I have yet to see one of them that makes one lick of sense. It's difficult to believe he didn't also write, direct and produce the unthinkable Synecdoche, New York. But as usual, like bottom feeder Charlie Kaufman, Mr. Nolan's reputation as an arrogant maverick draws a first-rate cast of players, none of whom have an inkling of what they're doing or what this movie is about in the first place, and all of whom have been seen to better advantage elsewhere. Especially Leonardo DiCaprio, who remains one of the screen's most gullible talents. After his recent debacle in Shutter Island, Martin Scorsese's dopey insane-asylum bomb, one hoped for something more substantial from the easily misled Leo, not another deranged turkey like Inception. He should have stayed in bed. I'd like to tell you just how bad Inception really is, but since it is barely even remotely lucid, no sane description is possible. Let's see. It opens with crashing waves on a beach. In the middle of a July heat wave, I wanted to jump in, but the thrill didn't last. Cut to the battered face of Leo, looking like a 14-year-old washed ashore facedown from a toy sailboat. He has come from another location conjured up in a dream, and is fond of muttering jabberwocky like ""I am the most skilled extractor of dreams."" In other words, he can close his eyes, enter somebody else's dreams with his pock-marked baby face and blow up China. The excellent Marion Cotillard, who has spiraled a long way down from her Oscar-winning role as Edith Piaf, growing a wart in the center of her forehead in the"
209,WKF_Doc9_Inception,WKF_Doc9_Inception,WKF,Action,Negative,Inception,"Writer/director Christopher Nolan is too obsessed with the mechanics of the gimmick and plot of Inception to make any intellectual leaps off the screen. Confined to the plot alone, the ideas of the movieabout dreams, perception of reality, the subconscious, etc.are sound in the way they help to implement the story. People talk a good deal in Nolan's world of and about ""shared dreaming,"" but most of the dialogue is establishing (then re-establishing, adding new twists, or changing) the rules of the game. And make no mistake about it: Inception is a game, through and through. Nolan has proven himself adept not only at creating mind games like this and carrying us through their elaborate narrative structures but also sewing at least one, guiding thematic core to them. This is what is missing in Inception. For all its talk of big ideas, none of them involve us in the movie apart from considering how they tie to and lead the cat's cradle of a plot. Cobb (Leonardo DiCaprio) and his partner Arthur (Joseph Gordon-Levitt) specialize in securing the subconscious thoughts of their clients, although they are also prone to stealing them, too. A Japanese businessman named Saito (Ken Watanabe) approaches them with an offer: Plant the idea in the mind of Robert Fischer (Cillian Murphy), a rival's son, to break up his father's company, which would help encourage competition (mainly, that of Saito's business) in the field. Arthur argues it's impossible to place an idea in someone's head and then asks Saito not to think about elephants. Nolan has some chutzpah to show how simple this ""impossible"" task is in the real world and then spend the rest of the movie putting his character's consciousnesses in jeopardy to do the same thing in the most convoluted way imaginable. It's a simple dismissal that since the idea of elephants isn't actually Saito's own, it won't stick. The process of planting the thought in Fischer's brain is so complicated that the issue never arises again. Once Saito has planted the seed of the inciting incident in Cobb's and Arthur's noggins, the rest of the movie takes on the form of a heist. Cobb runs point. Arthur does research. Ariadne (Ellen Page), an architecture student, designs the dream worlds the team will use to navigate through Fischer's subconscious. Eames (Tom Hardy) will impersonate key figures in Fischer's life within his dream to load the scenario in their favor. The characters are their types without any further elaboration (except that Arthur and Eames don't get along and Ariadne is curious about the whole process and her new boss), and they only exist to lay down the laws of sharing another person's dream and to go through the motions of the reverse heist. Only Cobb has a backstory, which involves the subconscious influence of his dead wife Mal (Marion Cotillard), who repeatedly interferes with his plans, and visions of his two children, whose faces he longs to see again. His history, which he maintains in"
210,WKF_Doc10_Inception,WKF_Doc10_Inception,WKF,Action,Negative,Inception,"Leonardo DiCaprio plays Dom Cobb (the name sounds like it should evoke somethingbut what? Dummkopf?), who specializes in plunging into people's ""subconscious"" minds while they sleep and extracting their corporate secrets. (I'm with Freud in preferring ""unconscious."") But his new client, Saito (Ken Watanabe), wants the impossible: for Cobb not to steal an idea but to plant one in a business rival's head. Why is an ""inception"" more difficult than an extraction? ""The subject's mind always knows the genesis of an idea,"" explains one characterwhich strikes my unoriginal and highly suggestible mind as dead wrong. But that's the premise, anyway. Cobb accepts the job because he longs to see his two little kids in the U.S. and is forbidden to return on account of a Crime to Be Revealed Later; and Saito says that with one phone call he can make the legal problems go away. (He just can.) Then Saito says what in this kind of thriller are magic words: ""Assemble your team."" A team of colorful specialists! Cool! So it's, like, Mission: Impossible in the Dreamscape-Matrix! Cobb's point man is Arthur, played by Joseph Gordon-Levitt, who also evokes The Matrix: He looks like Keanu Reeves's runty little brother. Eames (Tom Hardy) is the ""forger,"" who can impersonate people in dreams without those dumb M:I rubber masks. The chemist, Yusuf (Dileep Rao), will create the badass sedatives that will hold the fragile three-dream edifice together. The brilliant architecture student Ariadne (Ellen Page) has two functions: dreamworld designer and exposition magnet. She's a newbie, so Cobb has to explain to her how the science works. It takes a lot of explaining. Nolan, who wrote the script, thinks like a mechanical engineer, and even when you can't follow what's happening, you can admire in theory the multiple, synchronized narrative arcs and cute little rules for jumping around among different flights of consciousness. He has two fresh ideas. In a dream, you can fall asleep and have another dream, in which you can fall asleep and have another dreamexcept time works differently at different depths. A minute up top might be, say, ten minutes in the dream, an hour in the dream within a dream, and, below that, years. Although the different levels look the same (too bad), the gimmick allows Nolan to have three clocks ticking down instead of one, and the editor, Lee Smith, has cut among them in ways so ostentatious that he's all but sewn up this year's editing Oscar. The other neat touch is the Freudian monster femme who keeps popping up: Cobb's wife, Mal (Marion Cotillard), who emerges from his own unconscious (even in other people's dreams) to sabotage his schemes. Cotillard is clock-stoppingly gorgeous and has a great first scene. She surveys the debris raining down with glittering eyes, laughing in delight. But after that, the tone of her appearances is funereal. Mal is the key to the mysterious tragedy that eats away at Cobb. Up top, in the waking world, Ariadne worries to Arthur:"
211,PZJ_Doc1_Drag_me_to_hell,PZJ_Doc1_Drag_me_to_hell,PZJ,Horror,Positive,Drag_me_to_hell,"When I finally saw this movie, the only place that it was playing was in the suburbs. Or at least, the closest place was the suburbs. When I went out to the suburbs, I had forgotten what suburbs are like with all the homogeneity and sterility, which was both disgusting and somewhat nostalgic, seeing as it reminded me of towns I had visited while in college. Much to my surprise, the theater chain that I was going to was a theater chain that I used to work at in college, and seeing as I had a new schedule at work, I went ahead and applied to be a projectionist at this new theater. I got the job, and no matter how shitty or annoying my days might have been working at the theater, I could always remember the first time visiting that theater as a customer. ENOUGH WITH THE MEMORIES, LET'S GET ON WITH THE REVIEW. The film opens with a segment of a family bringing their little boy to see a medium in hopes of helping remove a gypsy curse, but the medium fails and the ground opens up and the child is sucked down to Hell. FORESHADOWING, MUCH?! We then meet Chrstine (Alison Lohman), a young woman trying to move forward at the bank where she works, and her boyfriend Clay (Justin Long), a professor at the local college. An old woman (Lorna Raver) comes into Christine's bank, and in order to impress her boss with a tough decision, Christine refuses a loan extension, so the old woman stays after work to confront Christine. After the physical assault, the old woman steals a button from Christine's coat, utters some gypsy words, and then vanishes. THAT'S WHEN SHE GETS REAL. Spooky things start happening, from voices to shadows seemingly following Christine, and feeling like she's out of options, decides to speak to a medium who informs Christine that in three days, she's going to be dragged down to Hell. You messed with the WRONG old lady, Christine! With Christine NOT wanting to go to Hell, she tries to find the old woman, only to find that she has died since the curse has been given. Rut roh! Christine must seek other methods of losing the curse, from sacrificing her kitten to seeking guidance from the medium that was in the opening scene. Although the medium is able to summon the spirits, the crucial part of the ceremony doesn't take place, and Christine feels like she's out of options. She is then informed that, as a last resort, Christine can give the button as a formal gift to someone else, and that other person will take over the attention of the curse and be sucked down into Hell. While debating who to give the button to, an incredibly elderly man, the sleazy guy also going to Christine's promotion, she then realizes that she can give the button to the old woman's dead body as a formal gift. She takes the"
212,PZJ_Doc2_Drag_me_to_hell,PZJ_Doc2_Drag_me_to_hell,PZJ,Horror,Positive,Drag_me_to_hell,"Director Sam Raimi returns to his roots with Drag Me to Hell, his self-described ""spook-a-blast"" chiller that has no intention of allowing the viewer even a moment of reprieve. Potent beyond belief, this insanely frightening film plays like a funhouse of horror. It teems with shocks, menace, and comic tension, and it refuses to yield until the last frame. The picture balances humor and rushes of nightmarish dread in a creep-show experience that takes pleasure from its own wickedness. Through it all, Raimi, returning to the genre where clearly he was meant to be, drives his film with wit and style, all while simultaneously revolting his audience. And yet, Drag Me to Hell never feels cheap or exploitative; its most effective moments rely on convincing and sympathetic characters. Christine Brown (Alison Lohman) wants to earn a crummy assistant manager promotion at her bank, but she has to compete with her sniveling newbie coworker for the attention of her slimy boss (David Paymer). She's a tangible character with realistic aspirations, aptly played by the sympathetic and sweetly innocent Lohmanshe's not the usual horror movie victim whom the audience can't wait to see receive her just deserts. When Christine denies Mrs. Ganush (Lorna Raver), an old Gypsy woman, a third extension on her mortgage, the woman attacks her (in a slapstick parking garage duel of epic proportions) and infects her with a curse. Over the next three days, a demon spirit called a ""Lamia"" slowly materializes with the intention of doing as the title suggests, dragging Christine down to hell for punishment. Haunted by the wraithlike shadows of the Lamia goat-creature, and suffering sudden appearances by Mrs. Ganush's phantom presence, poor Christine is subject to unbelievable tortures, particularly when considering the PG-13 rating. With everything from maggots to embalming fluid to old lady sputum vomited into Christine's mouth by the ghastly things terrorizing her, the film will test your gag reflexes. At one point, she attempts to endure the Lamia's taunts during a meal with her skeptic boyfriend (Justin Long) and his parents; all at once, Christine hacks up a fly, which proceeds to buzz around the dinner table. That would mark the end of any formal gathering. Eventually, she enlists the help of a psychic medium, Rham Jas (Dileep Rao), to help her remove the curse. She tries everything from animal sacrifices to a seance to rid herself of the Gypsy woman's scourge. This is the film Sam Raimi fans have waited for since the early 1990s. Seemingly tempered by studio pictures and a particular Marvel franchise, Raimi's signature brand of unabashed directorial energy displayed on The Evil Dead Trilogy and Darkman has been suspiciously absent from his recent output. The sole exception occurred in Spider-Man 2 when Dr. Octopus first awakens after having metallic arms fused to his back, and the arms tear down doctors with all the fervor of a Deadite. Efforts like The Gift and A Simple Plan demonstrate what a fine storyteller Raimi can be, but Drag"
213,PZJ_Doc3_Drag_me_to_hell,PZJ_Doc3_Drag_me_to_hell,PZJ,Horror,Positive,Drag_me_to_hell,"It was 2009, and some people were starting to forget a few things about Sam Raimi. He'd made his name in the horror genre with the Evil Dead movies, but he also branched out to other genres in the 90s, with the western The Quick and the Dead, the crime thriller A Simple Plan, and the romantic drama For Love of the Game. In the early 2000s, Raimi thrilled nerds once again (well, mostly) with the Spider-Man movies, which gave audiences a profitable, family-friendly superhero far before the Marvel Cinematic Universe rose to prominence. But if audiences forgot this was the same director who brought us some of cinema's most hilariously disgusting horror, Raimi reminded us with the movie Drag Me to Hell, a delicious slice of wicked B-movie fun. The tagline for the movie pulled no punches. The poster tells us, ""Christine Brown has a good job, a great boyfriend, and a bright future. But in three days, she's going to hell."" In other words, this could potentially be any of us who made a bad decision and got far more than they bargained for. 2009 was probably the only time Drag Me to Hell could've ended the way it did, with (spoiler!) protagonist Christine Brown (Alison Lohman) literally dragged to hell. True, Christine may be a loan officer (which is right up there with IRS workers in terms of most despised on-screen professions), but it's easy for us to see ourselves in her struggles, making her both sympathetic and easy to root for. There's a slot for a cushy position at work, and she's competing against a backstabbing colleague for it. Christine also has to deal with underappreciation and sexism, with her boss asking her to grab him a sandwich on her lunch break. It's eventually revealed that Christine worked her way up from a harsh rural childhood with an alcoholic mother, and her loving boyfriend Clay (Justin Long) is being pressured to date someone with a higher social and financial status. So when Christine is told that the right person for the promotion is the one who can make ""tough decisions,"" it's deeply understandable why she chose to deny the elderly Mrs. Ganush (Lorna Raver) a third extension on her mortgage, even after Mrs. Ganush begs on her knees. The problem is, she turns out to be a gypsy, and places a terrible curse on Christine, summoning an evil demon called the Lamia, which torments its victim over the course of three days, then literally drags them to hell. The effects become apparent immediately, quickly escalating from mysterious voices to outright violence. Be warned: Drag Me to Hell is a scary movie that's actually scary, and there's no doubt that Christine's torment is real. This is a shadowy, evil, force sends Christine horrifying, disgusting dreams that involve flies, vomiting, and worms. The Lamia is also physically violent, punching Christine in the face and throwing her through the air. It also seems to know when it would be"
214,PZJ_Doc4_Drag_me_to_hell,PZJ_Doc4_Drag_me_to_hell,PZJ,Horror,Positive,Drag_me_to_hell,"For much of his career, Sam Raimi was a cult director best known for his madcap horror trilogy of Evil Dead films. Then, amazingly, the filmmaker whose highest grossing movie of his career didn't even top $40 million at the domestic box office was given the reins to the iconic Marvel character Spider-Man. There was a demand for comic book movies at the time but Raimi's Spider-Man was such a smash hit that it brought superhero cinema into a full-fledged pop culture phenomenon. After a successful trilogy that pulled in well over a billion dollars in the North America alone, Raimi moved on from the web-slinger. His first movie after the greatest successes of his career would be Drag Me to Hell, a movie Raimi co-wrote with his brother Ivan and would see the director returning to his horror roots. Nine years after its release, Drag Me to Hell lands on Blu-ray with a new special edition from the dedicated horror nuts at Scream Factory, an edition that honors this often overlooked example of purely distilled Sam Raimi cinema. The plot for Drag Me to Hell is straightforward and to the point. Christine Brown (Alison Lohman) is piecing her life together living in Los Angeles. She works as a loan officer at a bank with her eyes set on a promotion to assistant manager. Christine is dating a young doctor Clay (Justin Long). Things are on the upswing for the somewhat shy young woman. That is until Sylvia Ganush (Lorna Raver) enters the bank one day seeking an extension on her home loan. At that moment Christine is presented with a choice to make. Eager for that promotion, Christine decides to try and impress her boss and reject Mrs. Ganush's extension. That evening, as Christine walks out to her car, she's attacked by a belligerent Ganush and the scuffle ends with the old gypsy placing a curse on Christine. The evil spirit of the Lamia will haunt her for three days until it finally burst through this earthly plane and will drag Christine to Hell where she'll be tortured through eternity. Sam Raimi brings such an efficiency to the horror of Drag Me to Hell, knowing exactly where he's taking his characters and easily guiding the story along to horrific moment after horrific moment. Since the film is dealing with a deadly supernatural entity, Sam and Ivan Raimi allow the character of the spiritualist Rham Jas (Dileep Rao) to serve as the main channel of expository dialogue. There's this perfect balance between not over-explaining the events of the film while still pulling the audience into this twisted world of demons from Hell. More importantly, Sam Raimi knows what you want out of a movie entitled Drag Me to Hell and, dammit, he's going to give it to you. The horror filmmaking of Sam Raimi is very much like a rollercoaster ride. First there's a jolt to get your attention. Then the terror twists and turns with escalating dread and ease"
215,PZJ_Doc5_Drag_me_to_hell,PZJ_Doc5_Drag_me_to_hell,PZJ,Horror,Positive,Drag_me_to_hell,"At what point does gleeful cynicism become so gleeful that it ceases to function as cynicism at all, and mutates into a blatant formalist trope of little emotional or intellectual resonance, but plenty of aesthetic...what's the word? Bliss? Is frisson somehow appropriate here? I guess it would all depend, largely, on how you feel about horror movies in the first place. But let's say you do. Like them, that is. In which case, a tricked-out number such as Sam Raimi's Drag Me To Hell, co-written by Raimi and his brother Ivan, will delight not just on the frenetic-fright level that Raimi set a certain bar for in his Evil Dead films of the '80s, but also for the ruthlessness with which it toys with viewer sympathies. To get into this a bit will require the use, alas, of some substantive spoilers. Which I will place, although perhaps not immediately, below the jump. Beware. Be warned Raimi's Evil Dead films, beginning in 1981 with the just regular Evil Dead, an ultra-low budget DIY landmark, conflated hysterical laughter with hysterical screaming by making explicit the always-present link between horror violence and slapstick. Raimi's most obvious antecedents/inspirations were, of course, the Three Stooges, whose eye-gouging, strangulating, head-smiting antics would have caused grave if not fatal injuries if performed in earnest and in real life. Raimi upped the ante with gore, even more pronounced creepy/funny sound effects than you found in an average Stooges short, and a hyper moving camera style. Not to mention cutting that screamed ""Boo!"" over and over again at breakneck speed. The pictures established him as a gonzo horror maestro, but on entering Hollywood proper he applied his style to a number of different genresthe superhero movie (Darkman), the ""straight"" thriller (A Simple Plan) and even a baseball picture (For Love of the Game). His work on the blockbuster Spider Man films mostly subsumed his innovative side, alas, and that's one reason Drag Me To Hell's got fans of his earlier work excited. As well they should be. Ultra-extreme vomiting and swallowing are among the shock effects Raimi's added to the Dead bag of tricks, and they shift the horror action slightly away from Stooges territory and into the realm of great animation gagmen Tex Avery, Frank Tashlin, and Chuck Jones. Indeed, there's a bit involving an anvil hanging from the ceiling of a toolshed that could have come straight out of a Road Runner cartoonand the bug-eyed reaction when the anvil drops is the live-action equivalent of one of the escaped-con-wolf's double takes upon finding he's still got Droopy on his tail in Northwest Hounded Police. But while the Evil Dead pictures kind of prided themselves on their thoroughly one-dimensional characterizationsthere was the stolid and rather somewhat stupid square-jawed hero Ash, surrounded by malevolent demons and not much else, at least until 1992's Army of Darkness, in which he teamed up with a bunch of medieval clodshere Raimi goes for...well, I wouldn't call it depth, exactly. But he and"
216,PZJ_Doc6_Drag_me_to_hell,PZJ_Doc6_Drag_me_to_hell,PZJ,Horror,Negative,Drag_me_to_hell,"When I was in elementary school, we had a classmate named Dong that would cry at the drop of the hat. Let's not confuse Dong with Vinny, however, who would literally cry if the breeze hit him the wrong way. Dong would really only cry when we teased him and we soon found, as little shit kids love to do, the easiest way to push the poor lad to tears. ""Dong, the gypsies are coming,"" we would chant. ""The gypsies are coming to take to you away."" Even though we had no idea what a gypsy was or why they were purported to steal children, such provocation turned Dong into a blubbering mess. Once he even threw at chair when someone pushed him too hard. I hope to hell that poor Dong does not see Drag Me to Hell, Sam Raimi's return to the splatter flick genre that made him famous after years making mainstream blockbusters such as Spider-Man. See, Drag Me to Hell features one very pissed off Gypsy woman who, like all Gypsies must do in horror films, curses poor Alison Lohman's Christine after she refuses to grant her an extension on her housing loan. More a comedy-horror in the vein of Evil Dead 2 and Army of Darkness rather than a film created to inspire fear in the hearts of intrepid viewers, Drag Me to Hell allows Raimi the opportunity to return to his old tricks of Three Stooges-type body humor and a chance to play with beasties that spew goo and like to scream in distorted voices. See, poor Christine isn't all bad. A momentary lapse of better judgment and the desire to wrest a promotion away from a brown-nosing, shitbag colleague (Reggie Lee) informs her decision to foreclose on the Gypsy's house. Call it the wrong place at the wrong time, but this choice gets Christine a one-way curse to hell when her despondent client sics an angry demon on her ass. Unfortunately, Lohman does not possess the natural charisma Bruce Campbell brought to the Evil Dead series and her ersatz charm is not enough to carry the picture. Supporting players like boyfriend Clay (Mac-guy Justin Long) and spiritual guru Rham (Dileep Rao) have neither the acting chops nor the script to be anything more than incidental characters. So the entire production rests on the shoulders of Lohman and her battle against an invisible goat-demon named the Lamia. Raimi will never be a great filmmaker, but Drag Me to Hell is more a series of squirm-inducing scenes than a cohesive film. Sure, there are plenty of gross-out scenes (including a classic battle between Christine and the Gypsy in a moving car), but rather than amount to a film that really chills the bones, Raimi mixes ""gotcha!"" moments with scenes so over the top, there is nothing to do but laugh. Drag Me to Hell will never be more than a minor work in Raimi's oeuvre, mainly because it's really nothing new for him. After the"
217,PZJ_Doc7_Drag_me_to_hell,PZJ_Doc7_Drag_me_to_hell,PZJ,Horror,Negative,Drag_me_to_hell,"The hell of other people? Of mewling children and packed malls? Of bullies and bureaucracy? Of sickos and psychos? All scary as heck. But Argento's witches and Fulci's emissaries of the beyond? Pea soup spit-up and spinning heads? The mark of the beast and the bark of the devil? Could be my dimestore Catechism wasn't dark enough to do lasting damage, but hell-with-a-capital-h very rarely delivers the necessary shiver-shock of true horror. When I'm in the market for a new nightmare, I'll take a man wearing a mask over fire and brimstone every time.more Demons and curses and red lava lakes are the cartoon versions of real terror, and playing up the absurdity of eternal damnation is how Sam Raimi made his name. With Drag Me to Hell, he returns to the goofy realm of malediction and prayer, of grossed-out giggles and groans. Alison Lohman, a refinement of the Jenna Fischer model of mousiness, stars as Christine Brown, whose professional aspirations are as dull as her name. Looking to prove her mettle and climb the ladder in her loan department, Christine denies a crone's request for a mortgage extension. With her bejewelled fingers tapering to crusty yellow nails, her mismatched eyes and her Slavic croak, old Mrs. Ganush is clearly a Gypsy witch, so instead of asking to speak to Christine's manager, she calls a curse down on the perky little loan officer's pretty little head. What follows is, for the most part, a dispiritingly rote exercise in comic dread. Raimi's sick sense of humor quickens the routine at intervals, never more so than in two uproarious scenes of animal sacrifice, but Drag Me to Hell squanders an ungodly amount of screen time on needless narrative explication. Imagine a version of Army of Darkness in which Bruce Campbell's Ash sits around whinging about the Necronomicon instead of questing after it. And sure, the horror that interrupts Christine's lethargy is thrillingly ridiculous, if a bit too reliant on humorous fluids and cheap digital effects, but there's simply not enough of it. Raimi is a master designer of rickety, haunted house set pieces. He is not a great storyteller, and he doesn't write characters anyone can actually care about. That's fine. In fact, I prefer not to bond too much with people who are about to be eviscerated. But then why the endless chatting and dithering and over-explaining by characters who seem so anxious to get it all over with that they've pre-emptively stiffened with rigor mortis? The legitimately pleasing touches of absurditya possessed slice of cake, a coughed-up cat, Justin Long as a psychology professorjust aren't worth the struggle it takes to make it through long stretches of apathetic moviemaking. PG-13. CHRIS STAMM."
218,PZJ_Doc8_Drag_me_to_hell,PZJ_Doc8_Drag_me_to_hell,PZJ,Horror,Negative,Drag_me_to_hell,"The title ""Drag Me to Hell"" offers both literal and ironic inklings to those associated with the movie's payoff, including the audience. A young woman aspiring for big professional opportunities at a bank makes a grievous error with a mysterious woman who arrives at her desk pleading for help, resulting in a horrific curse that anchors the crosshairs of torment onto her soul for a resulting 100 minutes of loud and foreboding celluloid. Her house thumps with the thundering sounds of something monstrous, and then a shadowy form tosses her around like a torn rag doll. She is attacked in her office garage. Animals hiss and growl as she walks by. She is assailed by visions of a malevolent being who makes clear his purpose of pulling her into an afterlife of endless torture and suffering. And then the movie demands the panic-stricken victim to sacrifice a kitten in a vain attempt to ward off the evil presence... and in that moment, a deplorable line is crossed. For the remaining running time, no more is it our concern as to whether she is going to emerge from the experience in tact or unscathed; the real hell eluded to by said title now becomes the movie theater, where moviegoers go from being surprised and thrilled to completely appalled by some contemptible plot decisions. After a certain point, the movie becomes our own cinematic damnation from which there is no escape. The movie is the brain child of Sam Raimi, who was made famous in this genre early on with the ""Evil Dead"" series, and then departed the trenches of B-movie horror comedy in favor of loftier Hollywood ambitions. The results were eclectic but effective, yielding the marvelous ""A Simple Plan,"" a taut thriller called ""The Gift,"" and the box office triumph of the first three ""Spider Man"" movies. Somehow, after those achievements, Raimi's mind convinced itself that revisiting the past was a wise decision, perhaps strengthened by the noting that more money for a film budget was as his disposal, and the support of a major studio would give him certain freedoms with this approach that were not allotted to him so many years prior. Sometimes, they say, the past is better left there. The movie stars Alison Lohman as Christine Brown, the would-be heroin of the story, who is basically a collection of insecurities masquerading around under the veneer of opportunistic intentions. She is a financial consultant at a bank, vying for an assistant manager position and doing nearly anything possible to try and impress her indecisive boss, who is also considering a potentially more qualified candidate for the job. Those lofty ambitions are realized when an old and grotesque woman (Lorna Raver) comes to her desk, begging for a third extension on her house's mortgage. Christine feigns sympathy, but denies the claim and leaves her at the mercy of a foreclosure. The old woman begins causing a public scene by getting on her knees, to which Christine calls security"
219,PZJ_Doc9_Drag_me_to_hell,PZJ_Doc9_Drag_me_to_hell,PZJ,Horror,Negative,Drag_me_to_hell,"In Sam Raimi's revenge-of-the-gypsy horror flick Drag Me to Hell, Alison Lohman takes one grotesque liquid after another in the face. She also suffers what might be cinema's most epic nosebleed, almost drowns in a muddy grave, and generally gets bashed around. A less dignified role for a young actress would be hard to imagine, but then if you want dignity you don't look to Sam Raimi in his manic-diabolical B-movie mode. Raimi, the cult-favorite auteur behind the madly inventive and sensationally entertaining Evil Dead series, has been playing with the big boys lately (his last three films were the highly lucrative Spider-Man trilogy). Drag Me to Hell is his welcome-home to the low, disreputable fun of his drive-in-schlock roots. But there's a note of mean-spiritedness I haven't detected in his work before. The movie is manic and gross, all right, but not much fun unless you enjoy watching an attractive 29-year-old woman getting punished repulsively over and over. It should be a big hit with guys who collect bukkake porn. Lohman, in the role of nice but eager-for-promotion loan officer Christine Brown, is being punished for refusing to grant an old gypsy woman (Lorna Raver) an extension on her mortgage. Raver, a TV veteran, is required to remove her dentures in lurid close-up and beg Christine on her knees for mercy  and that's before she reappears as a grasping, murderous harridan. Drag Me to Hell certainly expresses disgust at ambitious young women and destitute old women; the gypsy is still doing revolting things even when she's dead. Christine's callousness has brought a curse upon her, and the old crone doesn't just want to send her to hell outright  she wants Christine to suffer first. All right, setting aside the film's troublesome misogyny, Drag Me to Hell is clearly intended as a Saturday-night flick to make teenagers howl and squeal and gag. Most of it isn't scary, though. ""I recognize terror as the finest emotion,"" Stephen King once wrote, ""and so I will try to terrorize the reader. But if I find that I cannot terrify, I will try to horrify, and if I find that I cannot horrify, I'll go for the gross-out. I'm not proud."" Raimi isn't proud, either. The style is disappointingly earthbound coming from a man who once had to make his own cheap camera mounts to get the insane, looping shots he wanted  a good portion of Drag Me to Hell looks like television, and even the spooky stuff is largely a matter of bumps in the night and ooga-booga shadows. The horror is very tame. The script, by Raimi and his brother Ivan, had been sitting around collecting dust for decades, and maybe there's a reason for that  the story is blithely padded out to allow for maximum torment of the heroine, at the expense of logic. Christine tries all sorts of things to free herself of the curse, pumping money into a sympathetic spiritual counselor for advice that never"
220,PZJ_Doc10_Drag_me_to_hell,PZJ_Doc10_Drag_me_to_hell,PZJ,Horror,Negative,Drag_me_to_hell,"The true test of any successful horror flick is how wretched it makes you feel. At the very least, it should inspire a banquet of dread or offer a canape of anxiety. After Drag Me to Hell you won't mind walking home alone. You might even welcome a dark, deserted alley. It could help alleviate the anger of knowing you've been had. This is surprising, since Drag Me to Hell is the creation of writer-director Sam Raimi, whose body of work has been dedicated to turning more than one viewer's hair white with the Evil Dead and Spider-Man franchises. The only thing he's likely to turn a viewer to this time is the door marked exit. For God only knows what reason, it begins with a prelude staged in 1969 in Pasadena. A kid steals a necklace from a gypsy wagon and takes refuge in one of those old houses that look like W. C. Fields lived there. The doors slam open; people fall to their deaths; the floor opens and sucks the little thief into a cauldron of flames; and the house goes back to looking like a silent-film set. Forty years later, a pretty loan officer in a California bank named Christine Brown (Alison Lohman, sometimes unfairly confused with Lindsay Lohan) refuses to extend a delinquent loan to an ancient hag with one eye and a mouth full of black incisors who has an epileptic fit in the middle of the bank and puts a curse on the young career girl. The nightmare begins. The crone attacks her in the underground parking garage, wrecks her car and rips a button from her coat. Soon she hears the same voices the little boy heard back in 1969. A bug crawls into her nose in the middle of the night. The next day at work she spews blood all over the bank. Her boyfriend (Justin Long) pooh-poohs the whole thing, until she bakes a harvest cake to impress his snobby parents and a human eye pops out of the batter with the kind of ensuing dinner-table chaos that guarantees a short engagement with no need for the bridal registry at Bloomingdale's. Seeking the help of a loopy carnival medium, Christine finds herself up to her pierced ears in corpse vomit, animal sacrifice, violent seances and open graves. Nothing stops the curse. The road to deliverance leads to the same old house in Pasadena containing the doorway to hell, but the movie doesn't end there. There's still a preposterous finale in a grotesque cemetery that tickles the funny bone more than it assaults the nervous system. Sound effects play an important part in the superficial mechanics (pots and pans rattle, glass shatters, powerful forces knock people to the floor), and to Mr. Raimi's credit, there is no happy ending. Still, the first rule in spook films is ""If you want to hold the audience's attention, make them believe the horror could really happen""a rule Drag Me to Hell ignores at its"