Doc_ID,DSI_Title,Submission File Name,Student Name,Genre of Movie,Review Type (pos or neg),Movie Title,Text
101,EKW_Doc1_Oblivion,EKW_Doc1_Oblivion,EKW,Sci-Fi,Positive,Oblivion,"For Oblivion, the second feature by Joseph Kosinski, the director uses the same two-parts-style-and-one-part-substance recipe as in his previous feature, TRON: Legacy, but this time the concoction goes down easier. Based on Kosinski's own unpublished graphic novel and written by screenwriters Karl Gajdusek and Michael Arndt, this gorgeous production seems more concerned with producing remarkable images than telling a remarkable story. But what images. Kosinski combines top-notch special FX with the same primordial, Icelandic scenery that Ridley Scott used for his comparable visualist's rendering of Prometheus, and the result is a familiar post-apocalyptic alien invasion tale ripped from the pages of countless (and better) science-fiction stories. Fortunately, the original material has no expectations to meet, unlike Scott's did, leaving the serviceablebut nothing more than thatstory to maintain our interest as the director's awe-inspiring visuals, exciting action sequences, and the ever-watchable star power of Tom Cruise keep the audience rapt. Cruise stars as Jack Harper, a white-clad technician on Earth some 64 years after humanity's devastating battle with invaders from outer space, who first attacked by detonating our Moon. The Earth was rocked with resultant natural disasters and soon irradiated by human nukes in retaliation, the landscape left almost unlivable. Survivors decided to migrate to Saturn's habitable moon, Titan, and now leftover is a massive upside-down pyramid-shaped station called the Tet, which orbits the planet. Below on the surface, enormous engines collect water for Titan, and Harper repairs downed equipment and his team's security drones on missions monitored by the other sole member of his so-called ""mop-up crew"", his controller Victoria (Andrea Riseborough), with whom he shares a bed. Their orders come from a Tet ""mission control"" agent (Melissa Leo) who asks daily, ""Are you an effective team?""leaving us to ponder what happens when the answer is no. That moment comes in due time when Jack finds himself asking questions about his five-year mission, such as why a mandatory ""memory wipe"" was required. Or, why the few surviving alien Scavengers (called Scavs) are trying to trap him? The audience asks their own questions too, like why are Victoria's pupils always dilated? And then there are Jack's visionsthose vague impressions he gets at night of a woman he has perhaps never seen. What do they mean, and how do they relate to the now-dead prewar world to which Jack feels so close to yet could have never known? His digging puts a strain on his and Victoria's strict mission orders to keep within their designated borders and protect the vital water collectors, all targets for the lingering Scavs inside the perimeter, where beyond is a deadly ""Radiation Zone."" Victoria's conformity and insistent lack of curiosity remain unbending, while Jack's romanticism keeps him going. And when a prewar shuttle containing five cryogenically frozen humans crash lands and is attacked by drones, Jack must also ask why drones would attack humans and why the sole survivor, Julia (Olga Kurylenko), looks exactly like the woman from his dreams. Her presence in the Jack-Victoria relationship becomes"
102,EKW_Doc2_Oblivion,EKW_Doc2_Oblivion,EKW,Sci-Fi,Positive,Oblivion,"Since his questionable comments and ill advised sofasaults on Oprah, Tom Cruise has become an actor that many people love to hate. But those things are in the past and as wacky as they were they still didn't effect the level of his onscreen work. He's a talented actor who throughout his career has tackled a wide variety of roles in iconic 80's cheesefests, stirring and emotional dramas, big budgeted franchises, and even sci-fi thrillers. Now he returns to the science fiction genre in ""Oblivion"", a much more direct and vast sci-fi picture than Cruise's other efforts. ""Oblivion"" is co-written and directed by Joseph Kosinski, the man behind Disney's $400 million money maker ""Tron: Legacy"". Disney originally purchased the rights to ""Oblivion"" in hopes of repeating Tron's success but later relinquished the rights. It was quickly gobbled up by Universal Studios with Tom Cruise and Jessica Chastain set to star in the picture. Chastain would eventually drop out for ""Zero Dark Thirty"" with Olga Kurylenko replacing her. The movie is based on Kosinski's unpublished graphic novel and was given an ambitious $120 million budget. I have to say I was really excited for ""Oblivion""even though the studio was very cryptic in regards to the film's details. That's a good approach to take because I found that the less you know going in the more effective the story will be. And for me it was quite effective. ""Oblivion"" doesn't fall into the category of a science fiction masterpiece but thanks to its visionary conception, stunning effects, and some strong committed performances it doesn't miss by much. Now there have been three main criticisms hurled at ""Oblivion"". Some have complained about its thin plot. Others took off points for its lack of originality. And yet others have had problems with the lack of any meaningful character development. I certainly don't flippantly dismiss any of these gripes but I don't necessarily agree with them either. There's a lot going on in ""Oblivion"" and while it does borrow from several other sci-fi pictures, the same could be said for most science fiction. As for the lack of character development, that may be true but I found there to be a good and needed reason for it. Like I said the less you know the better so I'm not going to spoil anything by divulging any significant details. The film is set in 2077 during the aftermath of a war with an alien species known as the Scavengers. The Scavs (as they're affectionally called) destroyed our moon which sent Earth into a series of natural and environmental convulsions. A full invasion of Earth followed. The humans won the war but the planet was left ravaged and in disrepair. The surviving population now inhabit one of Saturn's moons called Titan. Now if a sci-fi movie wants to score points with me just give me a futuristic world that's not only visually impressive but that I can get lost in. That certainly happened here and even if"
103,EKW_Doc3_Oblivion,EKW_Doc3_Oblivion,EKW,Sci-Fi,Positive,Oblivion,"Oblivion"" is a competently made sci-fi action movie  something that can't be said about the majority of the genre. Though many of the prominent futurism themes can be linked back to earlier films, and a few loose ends might not be tied up with the sturdiest of knots, the structure and plot twists keep the intrigue high while the action paces itself nicely alongside the unfolding mystery. Tom Cruise makes a compelling hero and the setup is a savvy blend of dystopian invention and amnesia-induced identity loss. The list of films ""Oblivion"" borrows from is a long one, but the concepts are all executed cleverly and proficiently, resulting in an epic space opus that presents far more moments of awe than head-scratching queries. The year is 2077 and Earth has been left nearly uninhabitable after a brutal war against an invading alien species known as ""Scavengers."" While the remnants of humanity have been gathered aboard the Tet, an enormous pyramidal space station that will eventually carry the survivors to a new home on one of Saturn's moons, technician Jack Harper (Tom Cruise) and his partner Victoria (Andrea Riseborough) remain on Earth to monitor and perform maintenance on giant hydro-rigs and the protective, heavily armed robot drones that guard them. When a spaceship crash-lands nearby and Jack investigates, he rescues from the wreckage Julia (Olga Kurylenko), a mysterious woman whose appearance sets into motion the discovery of a massive conspiracy that will place the very fate of mankind in Jack's hands. ""Oblivion"" is heady, weighty, and cerebral science-fiction, foregoing the little green man angle for a much more sinister and complex alien incursion. In terms of postapocalyptic, futuristic thrillers, borrowing randomly from ""The Road Warrior,"" ""2001: A Space Odyssey,"" ""Moon,"" ""The Matrix,"" and ""Total Recall,"" it's a highly ambitious and largely successful twist, toying with existential and deterministic viewpoints while smartly avoiding depressing bouts of violence or sacrifice. Its focus on altering or interfering with memories is augmented perfectly by the heavily synthesized soundtrack, itself lending to the dreamlike qualities of Jack's remembrances. An engaging mystery, ""Oblivion"" forces viewers to wait nearly two hours before giving up any secrets; but to the film's credit, the protracted anticipation is delightful. Mind-boggling and artistically visionary, the many answers it finally grapples with will probably raise further investigations into the various aspects less examined, but the climactic conclusion is pleasantly resolute  even if specific details can be rationalized with the term ""gaping plot holes."" An exemplary fit for IMAX screens, ""Oblivion"" boasts outstanding visuals that add tremendously to the scope of the project. Immense exterior shots and sets introduce the audience to a uniquely fascinating world, with unfriendly terrain, monumental wreckage, and obscured paradises. The interior designs are just as spectacular, though used much more sparingly. The obvious budget for special effects definitely helps establish and stabilize the pioneering perspective; visual wizardry occasionally substitutes for inchoate plot points. But perhaps most impressive of all is the origins of the story, starting as"
104,EKW_Doc4_Oblivion,EKW_Doc4_Oblivion,EKW,Sci-Fi,Positive,Oblivion,"Earth is a memory worth fighting for."" ""Oblivion"" centers on a drone technician, Jack Harper (Tom Cruise, ""Mission Impossible III: Ghost Protocol), who flies a Bubble Ship (a hybrid of a fighter spaceship and helicopter) and is tasked to fix downed drones on earth in 2077. He lives in a sleek dig high above the clouds together with his partner, Victoria (Andrea Riseborough), who also serves as his communication officer. She monitors his safety from their base in space and dutifully reports to their superior, Sally (Melissa Leo) through a sophisticated system. Before embarking on their five-year service, Jack and Victoria had their memories wiped to maintain the security of their mission. 60 years ago, earth was invaded by aliens, called 'scavs' (scavengers). The scavs shattered the moon, and without the moon, the earth destablized, resulting in earthquakes and tsunamis that destroyed half of the planet. Humans launched nukes to stave off the scavs and eventually won the war. However, the earth became mostly inhabitable and the surviving humans moved to Titan, one of the moons of the Saturn ring. The drones are used to man fusion reactors that drain seawater and convert into energy. They also patrol the earth's surface to shoot down any remaining scavs. Jack and Victoria are nearing the end of their mission; in two weeks, they will conclude their service and join the rest of the humans in Titan. While Victoria is looking forward to it, Jack has doubts and oddly feels that earth would always be his home. He's traveled far and wide and found unspoiled swaths on earth, including a remote cabin by the lake, a calming oasis. His uncertainty is confounded by recurring dreams of a woman (Olga Kurylenko) and flashes of life in New York, which strangely feels like a memory of a past than a fantasy. When a spaceship crash lands on earth, Jack finds that it's filled with several pods of humans in hyper-sleep state. And inside one of the pods, is the woman in his dreams, who later wakes up and mentions that her name is Julia. Jack and Julia are discovered and captured by a group of rebels (led by Morgan Freeman and Nikolaj Coster-Waldau), human survivors. The events that transpire, followed with fierce flying and firefights, make Jack realize that his life is not what it seems to be and that he's not what he thinks he is. He may just unknowingly holds the fate of mankind on his hands. Director Joseph Kosinski (""Tron Legacy"") executes his vision with excellence. Cruise plays his part with sincerity, connects with both of his leading ladies and the higher mission he's entrusted with. With a straightforward story and humanity, ""Oblivion"" is captivating from the start. Part of the appeal is the mystery, which unfurls easily piece by piece and takes us along through each discovery and ultimate truth. A bigger appeal is the phenomenal visual, reminiscent of last year's ""Prometheus,"" elevated by an electronica beat, along the same vein"
105,EKW_Doc5_Oblivion,EKW_Doc5_Oblivion,EKW,Sci-Fi,Positive,Oblivion,"PLOT: In 2077, Earth has been rendered uninhabitable after a long war with an alien scavenger race. Jack (Tom Cruise) is a technician, left behind to service robot drones that harvest the planet's remaining resources. He lives in tower thousands of feet above the surface with Victoria (Andrea Riseborough), his communications officer and lover. Both of them had their memories wiped at the beginning of their five year tour of duty. One day, while on patrol, Jack rescues a woman named Julia (Olga Kurylenko), who's a dead ringer for the woman that's been haunting his dreams. How did she end up on Earth, and why can't he stop dreaming about her? REVIEW: It's strange to say this about a movie that hasn't even opened in North America yet, but already, OBLIVION feels totally underrated. Since its overseas debut last weekend, OBLIVION's critical notices have been decidedly mixed. Everyone agrees that director Joseph Kosinski has made a film that's visually striking, but nobody seems to think the story is worth all that much, with the common complaint being that it's derivative. I went into OBLIVION with that in mind, and I honestly wasn't expecting much beyond a fun ride with some good eye candy. To my surprise, I actually got a lot more than that, with OBLIVION being an ambitious film on more than just a visual level. To be fair to the critics that haven't been too keen on it, Kosinski's film is far more successful visually than it is narratively, but even still, it tries to be something more than your typical sci-fi programmer, and for the most part I think it succeeds. OBLIVION is certainly a more cerebral sci-fi movie than the trailers would have you believe, and it definitely feels like a throwback to the kind of pre-STAR WARS sci-fi of the sixties and seventies. In that regard, it would probably make an interesting double bill with MOON, as they seem to be inspired by a lot of the same movies, like 2001: A SPACE ODYSSEY, THX 1138, and SILENT RUNNING. Like his last film, TRON: LEGACY, Kosinski's OBLIVION benefits tremendously from an arresting mix of visuals and music. The cool, sterile whites of Jack and Victoria's sanctuary are an interesting contrast to the vast open spaces of a ravaged earth, and the shots juxtaposing Cruise against the empty landscape are gorgeous. If you have the opportunity to watch OBLIVION on an IMAX screen, I'd wager this is one movie that's really worth the extra expense. It's all complemented by a stunning musical score by French electronica band M83 and co-composer Joseph Trapanese (who also worked with Daft Punk on their TRON:LEGACY score). If you know M83's work (""Hurry Up, We're Dreaming"" is a great album), you'll expect the gorgeous electronic soundscapes we get throughout, although the score is never overwhelming, and can be effectively subtle when needed. It's the perfect complement to what's happening on-screen, and some of the cues, such as the track ""Starwaves"" (which"
106,EKW_Doc6_Oblivion,EKW_Doc6_Oblivion,EKW,Sci-Fi,Negative,Oblivion,"""Is it possible to miss a place you've never been? To mourn a time you never lived?""  Jack Harper Oblivion is a visually stunning film. It's what I've come to expect with the latest sci-fi films. Director Joseph Kosinski continues to bring his strong visual principles from Tron Legacy (a film which I'm a massive fan of) into Oblivion, where Earth is presented as a desolate planet, destroyed by an alien invasion. While familiar world landmarks (e.g. the Empire State Building in New York) are buried/destroyed, it is beautifully contrasted with vehicles and home station towers which are designed to live and travel comfortably whilst preserving security and maintenance that our hero, Jack Harper (Tom Cruise) has to undertake. Notice how the towers and Jack's mode of transport, the bubble ship, are mainly see-through. It suggests to the audience that this clean, modern and futuristic way of living has nothing to hide while it subconsciously suggests a false sense of security and that everything is not all it seems. It's either that or an IKEA designer survived the alien war and business is booming! Joking aside, despite the very epic and strong visuals, I did found this film lacking. The problem I have with Oblivion has nothing to do with Tom Cruise (who I thought was superb) or the rest of the cast who deliver strong and heartfelt performances. The problem sadly lies with the plot. It felt slightly backwards. The first 2/3 of the film sets up the plot nicely. It easily establishes how we find Earth in the aftermath of the invasion. It's introduces the character of Jack Harper as we see his mind constantly battle between two conflicts. The first conflict is his honourable duty to his partner, Victoria (played by Andrea Riseborough) and the mission. Maintain control, fix drones and they get to go home. The second conflict is the dreams he has of another past life and most importantly, another woman. Who was this woman who haunted his dreams and why does he seem to be the only one affected by it? It shouldn't be possible as both Jack and Victoria both had a security memory wipe, which is suppose to keep their memories hidden beneath the surface so they could only focus on the objective. The confliction is handled very well. After everything that has happened to Earth, Jack still regards it as home, and to be honest who would blame him. He doesn't want to leave. He fondly remembers the last Super Bowl game in the same way we would remember the last music concert or the first football game you went to. He hoards collectable items such as old records, books and toys and takes them off grid to a secret location  a cabin that doubles up as a personal museum. It's his heaven, his fortress of solitude where objectives and missions are secondary and Earth's beauty and colour becomes primary. His partner, Victoria doesn't share the same feelings, obviously"
107,EKW_Doc7_Oblivion,EKW_Doc7_Oblivion,EKW,Sci-Fi,Negative,Oblivion,"All style, no substance is the refrain that ran through my head watching writer/director Joseph Kosinski's latest film, Oblivion. This is also the precise sentiment created by his previous film, Tron: Legacy. Though the Tom Cruise-starring science fiction adventure is breathtaking to look at, there is nothing to the film aside from the visuals. Bland, predictable, and frankly boring, Oblivion is an empty stylistic exercise, and feels like a slick bit of advertising, not a movie. Filmed in IMAX with Sony's new CineAlta F65 camera, Oblivion does look fantastic. Watching drone repairman Jack Harper (Cruise) blast through the wrecked-up wasteland of a post-alien invasion New York City on a futuristic dirt bike, past the strewn carcasses of container ships and submarines, is spectacular. Or when he floats through the ruined world in his bubble ship, the special effects are crisp and clean, and blend seamlessly with the frame. They're so good you don't notice them. But the entire film reminds you of those IMAX movies you saw as a kid, where a helicopter mounted camera sweeps around the rim of an active volcano, or dives into the Grand Canyon. The biggest problem in Oblivion is that it has about as much story, character, and emotional involvement as those clinical, removed IMAX movies. Jack and his partnerin both a business and romantic senseVictoria (Andrea Riseborough), are two of the last human beings on the planet. As Jack's heavy-handed voice over tells you at the outset, and as the film explains in great detail again and again throughout, aliens called Scavs destroyed our moon, which threw the planet into geologic upheaval. When chaos was in full bloom, they invaded, and we were forced to use nukes to win the day. So we won the war, but the planet was ruined in the process, and the human race relocated to Jupiter's moon of Titan. All that remains are skeleton crews like Jack and Victoria, tasked with servicing the droneswhich make sounds like a synthesizer fartingthat protect the massive rigs that drain seawater to convert into power for the folks on Titan. The whole set up is an obvious attempt to make you consider our own dependence on finite natural resources like oilthe docks are set up to look like offshore oil drilling platformsbut other than a quick mention that the oceans are almost gone, the metaphor is roundly ignored. Jack and Victoria are stock movie short timers. With just two weeks left before their mission is complete and the can move on to Titan, she just wants to keep her head down, do her job, swim naked with Jack, and abandon this place to memory. He, on the other hand, is wistful, questioning, and still feels that Earth, even after everything, is still his home. You're supposed to feel his yearning when, standing in the middle of the ruins of a football stadium, he waxes poetic about a game he has never seen, but there is so little emotional connection that you can't"
108,EKW_Doc8_Oblivion,EKW_Doc8_Oblivion,EKW,Sci-Fi,Negative,Oblivion,"Remember when the movies held the impending extinction of human life on the planet as a worst-case scenario  something that could and would be heroically averted, if only at the last second? Nowadays, the end times are only the beginning: an apocalyptic backdrop is something we're going to be seeing a lot of this year, so we might as well get used to it. In the glossy, derivative, ambitious and fatally underpowered ""Oblivion,"" Tom Cruise is the last guy on Earth. He's Jack, a technician  a mechanic, really  whose job is to fix broken down drones (in a cute touch he sticks the first one back together with chewing gum). In other words, he's a bit like WALL-E, and Andrea Riseborough is his latter day Eve. They live in a billion-dollar birdhouse perched up above the clouds, and in a quaintly chauvinist set up, he reconnoiters the skies in a flashy starfighter prototype, while she sits at an interstellar telephone exchange and relays the commands of mission controller Sally (an irritatingly twangy Melissa Leo) from on high. See, the remainder of the human race has taken refuge on a giant spaceship (it looks like a floating audio speaker, something that wouldn't be out of place on the cover of an '80s progressive rock album). The plan is to scoot over to Saturn just as soon as they have sucked up enough hydropower from the Earth's oceans to fuel the journey. But why? Well, because of the alien invaders who destroyed the moon and threw the biosphere out of whack, that's why. As Cruise mournfully intones in the movie's lugubrious prologue, we won the war, but lost the planet. That's what the drones are for: to kill off the last remaining hostiles, or ""scavs,"" who have taken refuge on the edge of the radioactive wastelands that cover most of the globe. That's more than enough backstory, I know, but there's much more to come out, even as Jack goes about his daily routine, tracking down lost drones, revisiting ruined New York landmarks (the top of the Empire State Building now sits at ground level on a sea of dust), and occasionally going AWOL himself to grapple with fragmentary memories of a beautiful girl (Olga Kurylenko), and a lost world he has no right to remember. The story is officially credited to an unpublished comic book by the film's director, Joseph Kosinski. But if you poured all the most memorable sci-fi films from the past half century into a blender, from ""2001: A Space Odyssey"" and the original ""Planet of the Apes"" all the way down to last year's ""Prometheus,"" you would probably wind up with something very similar and equally synthetic  though quite possibly more exciting. While he immerses us in an often dazzling futurescape, for the most part Kosinski (""Tron: Legacy"") lacks the poetic imagination to animate this requiem for a dying world  comparisons with ""WALL-E"" are certainly not to this film's advantage  and"
109,EKW_Doc9_Oblivion,EKW_Doc9_Oblivion,EKW,Sci-Fi,Negative,Oblivion,"I'm a huge fan of science fiction, and that is probably part of the problem I had with ""Oblivion."" The mix of derivative writing and brilliant production design really put me in a quandary with the film. On one hand, it was a visual masterpiece. On the other hand, it was a sad disappointment. To make matters worse, I was quite impressed with Joseph Kosinski's previous film ""Tron: Legacy."" I grew up with ""Tron,"" and seeing his slick, modern update to the story counted as one of my favorite moments in the theaters in 2010. Sure, I knew it has severe pacing and story problems, but it was just so damn cool to watch. I was hoping for at least the same thing with ""Oblivion."" I suppose I did get it to some degree. The look of the film is fantastic, and on the IMAX screen, it really works. The visual effects are mind-blowing and so realistic you will likely forget they are, in fact, generated in a computer. Similarly, the action sequences (when they actually get around to happening) are thrilling and exciting, if not sometimes apparent re-shoots of moments from ""Tron: Legacy."" (If you don't believe me on that point, compare the canyon chase in this movie to the light-jet chase in ""Tron: Legacy."") Though, what ""Oblivion"" reminds me of is a second novel from an author who made a sudden splash with his or her first. Instead of delivering something new, the writer digs an old unpublished work from his or her writing trunk and takes the opportunity to get it out there for the readers. The problem is that while the author (or in this case, filmmaker) is in love with the piece, it features less refined and more amateurish content. In essence, there's a reason why this movie wasn't made before ""Tron: Legacy"" put Kosinski on the map... or grid. The story, and the characters, and the pacing is where ""Oblivion"" breaks down. It's not the cast, and it's not the design of the film. It's all that other ""stuff"" that makes a movie a movie, and unlike ""Tron: Legacy,"" no amount of slick production design and eye-popping visual effects will change that. That story is one that I've seen in many different pieces of science fiction literature and movies over the years. Tom Cruise stars as Jack, a custodian of sorts on Earth 60 years after a war made the planet uninhabitable. With his memory wiped, he and his partner/lover monitor and provide maintenance to drones that protect giant processors that are supposedly cleaning up the surface for the eventual return of the human race. However, when entities on the surface known as ""scavs"" (short for scavengers) bring down an ancient spacecraft, Jack starts to uncover startling secrets about himself and his mission. I could list the dozen or so movies that ""Oblivion"" mimics, but to do so would offer some pretty hefty spoilers. Suffice to say that there is very little original thought"
110,EKW_Doc10_Oblivion,EKW_Doc10_Oblivion,EKW,Sci-Fi,Negative,Oblivion,"Most of its ambition is directed toward its sumptuous visual effects, depicting an eerily beautiful post-apocalyptic Earth, decimated by nuclear war and rendered primordial by the destruction of the moon. Yet the overly familiar sci-fi tropes the screenplay employs limits our immersion in the story, which focuses on the identity crisis of a man who methodically uncovers secrets about the world he lives in. Tom Cruise plays that man, Jack Harper, with the sincerity and star power that keeps the film from being an empty display of exquisite art direction. Jack is stationed on Earth, maintaining the flying spheroid robot drones that seek and destroy the remaining alien invaders, dubbed Scavengers, that caused the war. His partner in love and work, Victoria (Andrea Riseborough), sits at a computer terminal, guiding his dangerous missions on the planet's devastated surface. Sally (Melissa Leo), their forcibly polite, chilly supervisor, gives them orders from an orbiting space station. The surviving Earthlings now live on one of Saturn's moons, Titan. Jack's voiceover narration tells us that he and Victoria were given a ""mandatory mind wipe"" prior to their mission. As with so many movie characters with washed brains, he experiences echoes of a previous life, prior to the invasion, in dreams, featuring a woman (Olga Kurylenko) who is not Victoria. His yearnings prompted him to build a little slice of nirvana in a lush valley, a secret cabin decorated with totems from an existence on the fringes of his memory  books, an old hi-fi, Led Zeppelin records. It's two weeks before Jack and Victoria are scheduled to go home to Titan, which is the sci-fi equivalent of a bank robber's last score or a cop's last assignment before retirement  it's only a matter of time before something derails the plan. Jack's existential restlessness coincides with a craft wrecking on Earth; it contains the literal woman of his dreams, and the seams of his artificial reality begin to show. He then encounters Beech (Morgan Freeman), who leads a cadre of surviving humans wearing capes and goggles and whatnot. They live in an underground Thunderdomey place, which becomes a fabled flame-and-steam factory come the action-packed third act. Oddly, ""Oblivion"" has enough material to fill three movies  maybe this is a result of modern cinema's rampant franchise-itis - yet still seems thinly rendered. It's almost a narrative about narrative itself, since the Jack character eventually comes to understand the larger mythology of his story. It looks fresh, but the plot is familiar, a stylish pastiche of ""Blade Runner,"" ""2001: A Space Odyssey"" and ""Mad Max."" This degrades the effectiveness of Jack's emotional arc; when the film reveals its pseudo-profundities, it feels derivative and a bit silly. Director Joseph Kosinski made an auspicious debut a couple years ago with ""TRON: Legacy,"" and he's made a marked improvement since then, in terms of constructing impactful action sequences. But ""Oblivion"" suffers from the same problem that plagued the ""TRON"" sequel: it's an exquisite bore, a lot of provocative"
111,EQF_Doc1_The_Others,EQF_Doc1_The_Others,EQF,Horror,Positive,The_Others,"A few years ago, Alejandro Amenabar's third movie was prominent in the top 250 of IMDb. But today, it isn't there any more. That's really unfair. It largely deserved its place and to occupy it as long as possible. After, ""Tesis"" (1996) and ""Abre Los Ojos"" (1997), Amenabar goes up a notch and signs with ""the Others"" (2001) a masterful masterpiece which refreshes fantastic cinema and breathes new life into the theme of the haunted house. He largely deserves his nickname of ""new young prodigy of Spanish cinema"". With Tom Cruise, partly responsible for the production, one could fear a strong Hollywood influence in Amenabar's opus. But fortunately, it's nothing of the sort. As a matter of fact, just like the great M Night Shyamalan, Alejandro Amenabar appears as a real author, on the fringe of the Hollywood industry and he's got enough character to let his style nurture. Let's hope he won't be crushed by the Hollywood machine. The movie was shot in Spain, with eventually a modest budget (17 millions of dollars) and it was a surprise to see it doing brilliantly a little everywhere in the world. Amenabar had already ventured in the dreadful world of the snuff-movies with his debut movie ""Tesis"" and had succeeded in mixing several films genres in one cohesive narrative line with ""Abre Los Ojos"". But with ""the Others"", one didn't suspect a real ease in the ""In Camera"". It's a quite dramatic change of style and in the end a successful translation in the fantastic. Amenabar's references are easy to guess. They're three cornerstones in fantastic cinema: ""the Innocents"" (1961), ""the Haunting"" (1963) and ""the Sixth Sense"" (1999). ""The Others"" can be considered as the meeting of these three opus. All the elements of the fantastic movie with Gothic nature are gathered and perfectly used. There's no shortage of examples: an austere mansion with a sinister architecture which hides a dark secret, big rooms half obscured, a mist which tends to thicken throughout the days, characters with sinister-looking faces. All these features blend themselves to create a nearly stifling universe. Moreover, Amenabar favors a calm and quite slow rhythm to play with the spectator's nerves as much as possible and we are entitled to real moments of fear. It is also interesting to write that a minimum of special effects is just enough for the director to maintain anxiety. He also weaves a more and more threatening atmosphere marked out by the progressive reversal of situation (in the beginning of the film, Nicole Kidman dominated Fionnula Flanagan but in the middle of the film, it's the contrary which happens). And, of course, like in a successful suspense movie, virtually all the obscure or ambiguous points are clarified making the story incredibly coherent and after the final conclusion (which of course, I won't reveal), the very last sequences have a strong emotional power and it would take a heart of stone to resist them. On another extent, let's also take down the"
112,EQF_Doc2_The_Others,EQF_Doc2_The_Others,EQF,Horror,Positive,The_Others,"Honestly, if you're afraid of the dark, you're going to love this. The Others is like being stuck in a house with all the windows shut during a heatwave, except here, it's 100% darkness. Amenabar takes a Victorian mansion, cuts off the electricity, and boom! You're left in an atmosphere where even the shadows are scared. The film gives off a vibe that makes you want to check under your bed, even in broad daylight. Like, why does light always bring fear in horror movies? Here, it's the light that kills. The house reeks of unease, and Nicole Kidman plays a huge part in that. Nicole Kidman is fully committed-like, really. You almost wonder if she had a sleep crash during the whole shoot because she embodies this devout mother on the verge of losing it so well. She's as terrifying as she is terrified, and it's brilliant. When she starts to unravel, you're sitting there like, ""Okay, I'm going to chill with the lights at my place too."" You get attached to her, but at the same time, you don't want to be stuck in that Black Mirror house with her. Let's talk about the servants. When you've got Bertha, this old housekeeper who looks like she's got a resume as long as a never-ending day, you really start to wonder where she came from. She shows up with a friendly face, but there's that little gut feeling telling you you're not out of the woods yet. It's like she knows things about your life that even you forgot. She sends chills down your spine in a ""I'm nice, but don't push it"" kind of way. Basically, the servants hang around with a vibe so off, you almost feel like they're the real bosses of the house. The plot is tailor-made. It starts with classic horror themes-mysterious kids, a haunted house-and then, bam, it flips your mind in no time. The final twist? Honestly, even after seeing mind-benders like Fight Club or The Sixth Sense, you won't see this one coming. Amenabar makes you believe one thing, and when you grasp the truth, you feel like the joke's been on you all along. You end the film like, ""Okay, I definitely underestimated how deep this story goes."" Visually, it's a treat. It's like every shot was hand-painted. There's a real play with light-or rather, the lack of it-that puts you under intense pressure. The scenes are sharp, the cinematography is gorgeous, and the editing... flawless. Amenabar handles tension like a top chef during rush hour: just enough to keep you hooked, but without overcooking the whole thing. The Others is hands down one of the best horror films of the decade. No need for jumpscares to keep you on edge-just atmosphere, top-notch actors, and a twist that will haunt you long after the credits roll. If you haven't seen this movie yet, seriously, what are you waiting for?"
113,EQF_Doc3_The_Others,EQF_Doc3_The_Others,EQF,Horror,Positive,The_Others,"Nicole Kidman plays the mother of two children in 1940's England in a giant mansion. Her husband is away in the war, but luckily the beginning of the film shows three individuals being hired to take care of the house. The small catch is that these kids have a rare disease that doesn't allow them to be exposed to sunlight. It's a giant empty house, filled with groans and creaks, but it's hard to tell what's normal and what's supernatural. The children tell tales of seeing other people in the house, but their mom just thinks it's her children playing tricks on her. It isn't until she experiences things firsthand, such as doors forcefully opening or closing, music from the piano, running footsteps, and even her daughter appearing as an old woman, she starts to believe them. When the frustrations get to be too much, Kidman tries to travel to a neighboring house, only to be met by a dense, impenetrable fog, and also her husband, back from the war. The strange activities seem to stop while the husband comes back, but things still seem off. The husband disappears, and then shit starts ""popping off"", as the kids would say. With the discovery of grave markers on the property and questioning why the caretakers are at the house, we learn that the caretakers are ghosts! No! As the kids and their mom take refuge in the house, the activity seems to culminate in seeing multiple apparitions who are conducting a seance. We then learn that it is in fact Nicole Kidman and her family that are ghosts, and the activity that they thought to be ""ghosts"" were people trying to contact their spirits! The film ends with the family refusing to acknowledge they are ghosts and vowing to stick together and stay in their house....FOREVER!!!!! I really only remember there being two or three good scares in this movie, with one towards the end of the movie being pants-shittingly scary. After watching this movie again, there are definitely five or six segments that could creep you out, but there's an emphasis on ""could"". Unfortunately, with all of my haunted house movie viewings, they all seem to lose their creepiness the more you see them. Knowing when all of these surprises and scares are coming makes them seem cheesy, but I really have no one to blame for that except myself. The isolation of the family in their home adds to the creepy ambiance of the whole movie, and the twist at the end definitely surprised me the first time I saw it. Because the story isn't really too original or unique, the twist is what makes this movie stand out from most other contemporary haunted house movies. You can also believe that Nicole Kidman could be driven insane with the amount of care she is paying to her children's disease because she is a raging bitch throughout most of the movie. In fact, you kind of wish that her kids"
114,EQF_Doc4_The_Others,EQF_Doc4_The_Others,EQF,Horror,Positive,The_Others,"Films that deal with the supernatural, whether in direct or implied terms, are more often than not disappointing, in that they rarely manage to deliver on their promise. Moreover, films of that same school touted as being `scary,' as well, are usually even more of a let down; so a film that can truly bring a supernatural theme to fruition and be frightening-- joltingly scary even-- in the balance, is one to be celebrated. `The Others,' written and directed by Aleiandro Amenabar, is a film to be celebrated. Unlike most films of the genre, this is a true sojourn into regions beyond the known that actually takes you to that final destination. And when your mouth is so dry you can't swallow, and the palms of your hands have gone clammy cold with sweat, you'll know you've arrived; that Amenabar has succeeded in taking you to that place where few filmmakers dare to even attempt to go. By the end of the film, it's clear that when Amenabar makes a promise, he keeps it. The Channel Islands, 1945: World War II has ended, and in a picturesque country mansion, the mistress of the manor, Grace Stewart (Nicole Kidman), is at the end of her tether; she has not heard from, nor about, her husband, Charles (Christopher Eccleston) since he went off to war, and all of her servants-- including her children's nanny-- have inexplicably disappeared without notice and without a trace. Caring for her two children, Anne (Alakina Mann) and Nicholas (James Bentley), without help, is beginning to overwhelm her, as they suffer from a rare disease that makes them vulnerable to light any brighter than the essential amount of candlepower, a condition that demands the utmost vigilance on the part of their caretaker. And at the moment, that means Grace, alone, in a house by necessity shrouded in darkness. Help arrives, however, in the form of Ms. Bertha Mills (Fionnula Flanagan) and her companions, Mr. Tuttle (Eric Sykes), and a young girl named Lydia (Elaine Cassidy), in response to an add placed by Grace in a local newspaper. All experienced in service, they are the answer to Grace's immediate problems, and she puts them to work immediately. But it soon becomes apparent to Ms. Mills and the others, that something is amiss in the household; something to do with Grace, who seems to be having trouble coping. Still, there's more: Anne insists that she has seen `others' in the house, including a young boy she calls `Victor.' And, according to Anne, Victor claims that the house belongs to him and those with him. The real problem, though, is the fact that no one else can see him. Only Anne. And it's about to take Grace to the very edge of what's left of her sanity. If, indeed, there is any left at all by that time. More than a supernatural thriller, what Amenabar has created here is a gem that stands out from among the rest because of it's"
115,EQF_Doc5_The_Others,EQF_Doc5_The_Others,EQF,Horror,Positive,The_Others,"Many films have toyed with the idea of psychological torture and very few have actually managed to carry it out. ""The Others"" joins a short list of such films that range from ""Gaslight"" to ""The Manchurian Candidate."" An island in the English Channel is the home of a beautiful older home where a young mother lives with her two light-allergic children. Grace (Nicole Kidman) must take great care not to expose them to light or they will break out in sores and possibly die. She makes sure that every door is locked and all curtains drawn. These are the instructions passed along to three wayward servants arrive mysteriously not long after Grace's previous employees fled. These servants, led by Mrs. Mills (Fionnula Flanagan), seem rather experienced and turn out to have previously worked at the mansion several years prior. The others are Lydia (Elaine Cassidy), a dedicated mute who knows far more than she can say, and Mr. Tuttle (Eric Sykes), the fatherly old gardener with a secret of his own. Grace is a very Christian woman who teaches Anne (Alakina Mann) and Nicholas (James Bentley) to live by the bible and refuses to accept when Anne says there are people living in the house, but not ghosts as they wear sheets and chains. When the house awakens with hollow piano notes echoing through the empty halls and heavy footsteps cascading off lonesome walls, the idea of a haunted house doesn't become so unusual. ""The Others"" is the fantastic English-language debut for Spanish director Alejandro Amenabar. The film is suspenseful canvas stretched taught across an entertaining frame. Kidman paints the vivid portrait of a woman terrified by things unknown. She's a panic-stricken mother who desperately wants to protect her children. Even through her mounting madness, she never loses sight of her true goals. Flanagan is terrific as the calm, stern English housekeeper with a penchant for secrets. She and Kidman play terrific counterpart, one sensible, one hysterical. Mann and Bentley each display talents that not many of their age can muster. Much of the credit for younger performances is heaped on the director and in this case, I'm sure he had a hand in molding their talents. Even Sykes and Cassidy due their part in completing an excellent ensemble. Not only is the acting above par, the suspense itself is mind-boggling. The slow pace helps keep the audience in suspense and even though much of the action is pitted against things that aren't there, you still feel every bump in the road. Much of this can be credited to Kidman's ultimately believable performance, but much of it is thanks to a terrific director, editor and composer whose combined talents make ""The Others"" one of the year's best films and one to add to the ranks of great psychological thrillers. ""The Others"" feels like a cross between ""Gaslight,"" the story of a husband who tries to drive his wife mad and ""The Shining"" about a haunted hotel high in the Colorado"
116,EQF_Doc6_The_Others,EQF_Doc6_The_Others,EQF,Horror,Negative,The_Others,"We knew it would only be a matter of time before the studios tried to capitalize on the recent success of M. Night Shyamalan's ""The Sixth Sense"" and start bringing haunted house mysteries and metaphysical thrillers a-la-Hitchock our way. Unfortunately for us, the timing is sooner rather than later. Set in 1945 on Jersey, one of the Channel Islands situated between Britain and France, World War II is over. A pasty, clammy-looking young woman named Grace lives with her two small children on a large estate in a manor house shrouded in darkness and fog. Her husband, who had gone off ""to fight the baddies"" in the war, has not yet returned home and Grace anxiously awaits his return despite his being presumed dead for the past 1 12 years. Her children, young Nicholas who is scared of his own shadow, and his sister, the precocious, inquisitive Anne, suffer from such a sensitivity to light that should they be exposed to anything above a dim oil lamp or candle flicker, they will die. Over-the-top, Bible-obsessed Christian that she is, Grace home schools the children in what appears to be their only subject  religion  in anticipation of Anne's First Communion and the life hereafter with all of its various hells. Servants engaged by Grace mysteriously vanish during the night, the most recent set of which left the preceding week with such suddenness they failed to even collect their wages. In response to an advertisement for a new staff, a grandmotherly Irish woman named Mrs. Mills, her apparent gentleman friend Mr. Tuttle and the young mute Lydia appear at the door seeking employment just as suddenly as the old servants disappeared. Interestingly, the advertisement has yet to even be mailed to the paper for publication. After sending Mr. Tuttle off to commence gardening, Grace escorts Mrs. Mills and Lydia throughout the house, explaining ""the rules"" as they go. When entering or exiting a room, each door must be locked before another may be opened. There is, of course, a key for each of the 50 doors in the house. Curtains must always be drawn  not due just to the children's light sensitivity, but as a measure to ease Grace's migraines. There is to be no noise. And above all, one must not believe any ""stories"" told by the children. Anne, it seems, believes in ghosts and ""the others"" that she claims reside in the house, using this belief to both petrify her whiney little brother and drive her non-believing tightly wound mother to the very edge of madness. Writer/Director Alejandro Amenabar does an adequate job creating the eeriness and creepiness of a haunted house, giving us the requisite piano playing in the middle of the night, tromping and clomping of footsteps on the upper floors, opening and closing of locked doors, noises in the middle of the night (although in the dark house it could be the middle of the day for all we know), cluttered attics, seances and"
117,EQF_Doc7_The_Others,EQF_Doc7_The_Others,EQF,Horror,Negative,The_Others,"We can begin with the best thing in The Others: Kidman, no doubt. And the film itself is not a bad movie, but something worse. You can wonder what's worse than a bad movie? The answer is a non-original movie. And talking about Alejandro Amenabar a non-original movie is something really serious, because this boy has no one single original idea in his brains. I mean, everything in his movies is copied from another film. In this case, even the idea and the lights are copied from another movies and not only the images, so this is something incredible. People who doesn't know much about cinema (or that are too young to have seen much movies) can see an obvious linking between The Others and The Sixth Sense (Night M. Shyamalan, 1999), but that is just one of the multiple copies of this film. And I write copies and not references or tributes, because I truly believe that Amenabar is a master in the copy-paste style. When you pay attention to The Others you can see images from The Exorcist (William Friedkin, 1973), Room at the top (Jack Clayton, 1959), The Haunting (Robert Wise, 1963), The Changeling (Peter Medak, 1980), La Chute de la Maison Usher (Jean Epstein, 1928), The Shining (Stanley Kubrick, 1980), Barry Lyndon (Stanley Kubrick, 1975, here the use of lights), and many others, including also Luis Bunuel (Viridiana, 1961) or Federico Fellini (Amarcord, 1974). So, there is an absolute lack of new ideas in this movie, what is an incredible pity, but a cruel reality. So, why much people love Amenabar? Well, it's really easy. When you are young you have no idea about what is already filmed. So you can create something incredible out of modern style just going to your videoclub and copying every single scene you love. But there is also another question more difficult to answer? Why do experts love this movie? OK, there are different possible answers. First, they are also too young and they have to learn much more. Second, they are Amenabar's friends (in Spain there are a lot of them, but even here there are some critics that have seen much copies in this movie than in any other filmed by the director). Third, they are in love with Nicole Kidman (and that's really normal). Fourth, they haven't seen the movie (this is not so impossible. I am a journalist and I know people who do it). Fifth, a mystery I don't understand. Summing up, Alejandro Amenabar is not a genius neither a clever director. He is just a lucky boy who knows the best way to make a movie without wasting a single minute of thinking: to copy. And in that he is really a master, or at least, one of the best plagiarists of the world. Congratulations for that."
118,EQF_Doc8_The_Others,EQF_Doc8_The_Others,EQF,Horror,Negative,The_Others,"When this film came out...I thought it might be good..worth seeing at some point..in the theater. I am glad I never wasted my time and money to do so then. It starts off boring..stays boring..and does little to make you want to watch it until the end. It did not take long to realize the main characters were dead..and did not understand what had happened to them. The kids...the boy..is wimpy..and the girl is rather mean and hateful. No wonder..with a mother who seems to have major mood swings at the drop of a hat. The husband...a war hero of sorts..comes home..suddenly..out of the fog...unsure of how he got there...and with the idea the war is still being fought...so he must go back and leave his family again. To live in that gloomy house..surrounded by fog..no wonder he wants to leave. The caretakers of the place...they all seem to know SOMETHING...but none say a word...why? The housekeeper simply does the bidding of the woman..with a grim look on her face..as if she doesn't approve. Why doesn't she speak up? The kids are supposedly sensitive to light...so everything is kept dark..windows covered...she thinks the sunlight will kill them...how does she know that? Who told her? A doctor..? Or is it part of her delusions? She seems very uptight and almost manic at times..ranting and raving...which would have been the perfect time for someone to tell her the truth. Apparently..her husband was killed in the war...and she lost her mind because of it...killed her children and the people who worked for her...and then herself....or she was loony all along and that sent her over the edge? The mansion sits far from anything...it seems...no one comes...no one we see anyway...but when the curtains disappear...we know someone or something has taken them down...ghosts we are thinking..? Someone trying to kill her children...the woman is thinking. I never did get the idea of why the woman kept all the keys to everything. Every room had to be kept locked...another of her delusions? If she was so fearful of the place...why didn't she gather her children and leave? Fog or no fog? Any good mother would have gone for help or something of the sort. She gets a gun and attempts to shoot...another hint at what she might have done at one time to the living? I wanted to like this film...and I am not a big Nicole Kidman fan at all..but after I figured out the plot..it was no longer interesting. They called the unseen people ""The intruders""...and it scares the children. Who would scare children like that? If they have to spend eternity being afraid because of things their mother did..it seems wrong. The seance scene finally lets you in on what is going on...duh...we knew that already. What people would hold a seance to find out of the place was truly haunted before they decided to buy it? Weird. The place will continue to stay empty..because as Nicole Kidman says in the end"
119,EQF_Doc9_The_Others,EQF_Doc9_The_Others,EQF,Horror,Negative,The_Others,"The Others starts auspiciously enough with a blood-curdling scream by its star, Nicole Kidman. Unfortunately, this the most interesting thing that happens for the next 45 minutes. Spanish writer/director Alejandro Amenabar, who helmed the film, definitely does not fall into the trap of overstating the horror in his horror film (I have often complained that scary movies undermine their own effectiveness by overdoing their effects), but he almost goes too far in the opposite direction, keeping the action at a slow, plodding pace that provokes more yawns than gasps from his audience. Kidman, who is onscreen during practically every scene, is suitably affected, but one can only witness so many minutes of wandering tensely around a darkened mansion looking for ghosts before one thinks, ""Okay, show me something scary, or I'm going to go watch Rush Hour 2 again."" The final reel of The Others is reasonably captivating, but the 85 minutes that come before it are mostly just dull and atmospheric. Kidman's character, Grace, is a mother of two who is still waiting in her huge and unneccessarily scary house in the Channel Islands for the return of her husband from World War II. The trouble is, it's fall 1945, the war ended several months ago, and she still hasn't heard a word. (My theory is he's too scared to come back to the house.) Anyway, while she waits for him, she has other problems. Her children, Anne (Alakina Mann) and Nicholas (James Bentley), suffer from an allergy to light which makes it neccessary to keep the curtains closed at all times lest they break out in hives, and her entire staff of servants has recently tendered their resignation, no doubt because Grace has been grumpy lately for lack of sex. While Grace alternates between catching up on her embroidery and psychologically torturing her kids with scary Bible lessons, her new staff of three begins to learn the rules of the house. Mrs. Mills (Fionnula Flanagan), whose soft but frumpy exterior and Dublin accent give her a startling resemblance to Robin Williams in Mrs. Doubtfire, serves as the house's mysterious cook/nanny, Mr. Tuttle (Eric Sykes) is the mysterious gardener, and Lydia (Elaine Cassidy) is the mysterious young mute girl whose purpose seems mainly to be mysterious. They learn that any open door must be closed before another is opened, the curtains must always be closed, and the children must be kept on the edge of terror at all times. As usual in this type of movie, the house is just as much a character as anyone in the film. The place is ridiculously huge, with stone walls on the outside and dark wood interiors, ancient furniture and fixtures, and no electricity. The weather seems to be in a permanent foggy morning state, during the few times we actually see outside. This oppressive atmosphere would be good for horror if there were any horror to speak of in the film. But as it turns out, it's just oppressive. Though Kidman"
120,EQF_Doc10_The_Others,EQF_Doc10_The_Others,EQF,Horror,Negative,The_Others,"A Gothic mom-in-distress thriller for those who might believe in ghosts or at least are open-minded, or for those who like a scary puzzler story to be grounded in those old-fashioned techniques of getting at the human emotions rather than being a computerized technical special-effects production of the supernatural. It most closely resembles the Henry James story ""Turn of the Screw,"" as that one was filmed by Jack Clayton and was called ""The Innocents."" That film's premise is also of a woman desperately trying to save the two children in her care from invisible invaders in their house. The 29-year-old acclaimed Chilean-born, Spain-based director, Alejandro Amenabar (Open Your Eyes/Thesis), provides a surprise ending to this chiller, which the clever viewer might guess since there are enough clues laid down. That's something ""The Sixth Sense"" did, but there it worked better because the story was more plausible and less artsy, so when the surprise ending resulted it seemed more satisfactory than in Amenabar's film. The dark and somber tone of Amenabar's film lingers for too long to make it seem anything more than an atmospheric and stylish mumbo-jumbo scare film. It creeps along at a gruelingly slow pace, belaboring its point that ghosts can live among the living. The film is set in 1945, just as WW11 ended, in a remote house on the isle of Jersey, in the English Channel. But time seems irrelevant, as it could be set at any time, though the story fits most readily into the Victorian period. The mansion is inhabited by a stern, bossy, high-strung, Bible fundamentalist Catholic mother, Grace (Nicole Kidman-looking like Grace Kelly in the 1940s), her two vulnerable children, Ann (Alakina) and Nicholas (Bentley), and three odd servants who mysteriously show up and offer their services when the other servants fled for no apparent reason not even bothering to collect their wages. The servants include: the head housekeeper, Bertha Mills (Fionnula Flanagan- a noted Irish actress), the gardener, Mr. Tuttle (Sykes), and a young cleaning lady who is mute, Lydia (Cassidy). The house is not only creepy and filled with ghost sounds, but is enveloped in darkness because all the windows must be covered with thick curtains as the children are mysteriously allergic to the light and if exposed it could be fatal to them. Grace is the household head because her husband Charles (Eccleston) has not returned from the war and has been reported as a MIA, though she still has some hope that he will return. In the house there is no telephone, no radio and no electricity. Also, ""no door must be opened unless the one before is closed."" There are 50 doors, 15 keys, and enough dark corners and creaky floorboards to even scare a dead person. When those cliched scary formula effects don't work enough scares, the background music goes into a high crescendo to add more chills. Another scare tactic used is when the scene shifts outside and the house is covered in fog and"
121,FOJ_Doc1_It__Chapter_Two,FOJ_Doc1_It__Chapter_Two,FOJ,Horror,Negative,It__Chapter_Two,"Even before Tim Curry donned the Pennywise persona for the 1990 mini-series, Stephen King's It was always going to be tough to adapt. As well as being such a colossal story, its ideas and setups are as haunting as they are thematically rich. Andy Muschietti's second diving into the It narrative struggles to fully do them justice. There's plenty to admire, but its individual segments are better than its whole. Following the second half of King's novel, It Chapter Two takes place 27 years after the first. The losers club have all grown and gone their separate ways. The only one who remains in Derry is Mike (Isaiah Mustafa), who discovers that Pennywise the Clown (Bill Skarsgard), an entity who haunted the losers club as children, has returned. He calls everyone from the losers club, including Bill (James McAvoy), Beverly (Jessica Chastain), and Ritchie (Bill Hader), and summons them back to Derry, where they will all face Pennywise for a second, and hopefully final, time. It Chapter Two is a film with a lot on its plate  so much in fact that it doesn't really know what to do with it all. But there are elements of substance to its somewhat messy presentation. A fruitful theme that can be derived is that of past trauma and coming to terms with it. All of the losers club members who have left Derry each return with amnesia, having forgotten Pennywise and his horrors, their memories being hazier the further away they have gotten from Derry. Mike is the only one who remembers clearly, acting as a guide through their past experiences. As such, these characters are forced to confront their dark pasts both directly and suddenly. One could argue that conquering your fears is a trait of the genre, regardless of age, but because we're dealing with fairly experienced adults instead of naive children, the film at times feels more like a trip through an obnoxious carnival hall than journeys of personal growth. All of the actors work with the material well too. On top of being perfectly cast as aged versions of the actors from the previous film (in spite of some uncomfortable de-aging CGI on the child actors), each one feels committed to the ideas the film seems to inhabit. McAvoy and Chastain both encompass their characters' shared and individual horrors excellently, as does James Ransone as Eddie, resulting in vulnerable portrayals of broken people. But, much like Finn Wolfhard before him, Bill Hader steals the show as Ritchie. Both very funny, and very sincere, Hader creates maybe the most intricate character of the film. His performance is articulate and layered, achieving tension and even heartbreak. Unfortunately, the film sacrifices the coming-of-age element that made the first one so distinct. Two of my friends and I were in the pub the other day, and we were discussing how accomplished Stephen King is as a coming-of-age writer. The Body (aka Stand by Me) is a perfect example, and even earlier"
122,FOJ_Doc2_It__Chapter_Two,FOJ_Doc2_It__Chapter_Two,FOJ,Horror,Negative,It__Chapter_Two,"When we last left the not-so-cozy little town of Derry, Maine it was 1989 and the seven friends who make up ""The Losers Club"" had vanquished the sinister child-chomping clown Pennywise (Bill Skarsgard). Knowing the possibility that he could return in 27 years, the group vows to come back to Derry if Pennywise every resurfaces. If that doesn't scream sequel nothing does. To be fair Stephen King's best-selling novel made a clear that a sequel was all but guaranteed. And it's not like the filmmakers weren't saying as much before the first ""It"" even hit theaters. And I'm sure Warner Bros. didn't mind making another film considering the first one brought in over $700 million against a modest $35 million budget. ""It Chapter Two"" deals with the inevitable return of Pennywise after 27 years in hibernation. A new cast plays the all grown up ""Losers"" while the original cast returns playing their younger selves in numerous flashbacks. Mike (Isaiah Mustafa) ends up being the only one who stayed in Derry and when he sees signs of the killer clown's return he contacts the ""Losers"" to fulfill their oath. Strangely, with the exception of Mike, the group have forgotten key details of their friendship and their time in Derry. Turns out the further you get away from the town the less you remember. Chap2 Bill (James McAvoy), Beverly (Jessica Chastain), Richie (Bill Hader), Ben (Jay Ryan), Eddie (James Ransone), and Stanley (Andy Bean) receive calls from Mike beginning their slow drip of returning memories. It also begins the film's overly long and cumbersome task of getting these characters from Point A to Point B while checking off a lot of boxes along the way. Navigating the unwieldy plot is just one of the problems effecting this overstuffed and wildly uneven sequel. The first film proved that these characters were at their best when they were together. ""Chapter Two"" fails to tap into that by keeping them apart for far too long. Take a long middle segment where each person goes out on their own to find their ""artifact"" hidden somewhere in Derry. It's meant to show them facing and overcoming a buried fear from their past, but it plays out like one staged horror set piece after another some. A couple are good including Beverly's despite it being completely spoiled in the trailers. Some are more interested in the grotesque while others are just ridiculous. A couple of moments do hit home particularly when the group discovers their old underground clubhouse. The scene blends together sequences of the young and old in a way that makes their friendships seem authentic and tangible. There is also a tender emotional tug from the movie's final few minutes that you can't help but be effected by despite the bumpy road to get there. A few other things contribute to this disappointing followup. Several aimless story-threads are introduced that literally go nowhere. There is a fizzling love triangle that is all but abandoned. We get"
123,FOJ_Doc3_It__Chapter_Two,FOJ_Doc3_It__Chapter_Two,FOJ,Horror,Negative,It__Chapter_Two,"Size isn't everything. For nearly three hours, the epic-sized sequel It Chapter Two attempts to mirror the length and girth of Stephen King's massive 1986 novel of 1,138 pages, one of the author's longest and most memorable works. After the incredible financial success of the first big-screen adaptation of It in 2017, which earned over $300 million in domestic receipts and even more at the international box office, the sequel attempts to instill its own landmark quality with a long runtime. But director Andy Muschietti's unsophisticated treatment of the beloved pop-horror text fails to elevate the material to the exultant stature implied by its duration. As an author, King validated an admittedly ludicrous storyabout adults grappling with horrific memories from their childhood experiences fighting an alien-clown named Pennywisewith his ability to immerse the reader in the inner psychology of his characters. Muschietti prefers to jolt his audience with cheap jump-scares, an ear-pummeling score, and gooey special FX more attuned to lowbrow schlock. At the same time, his characters, performed by an excellent cast, feel peripheral to the movie's spooky funhouse scares. Despite the luxurious 170-minute runtime, Chapter Two feels hastily assembled, oddly brief and bloated at the same time, and beneath the text on which it was based. Set 27 years after the events of its predecessor, Chapter Two opens with Pennywise (Bill Skarsgard) having returned from his slumber in the bowels of Derry, Maine, where the Losers Club of reject teens once assembled to stop him. The adult Mike (Isaiah Mustafa) has never left Derry and thus has never forgotten his traumatic experiences fighting the child-murdering clown. In fact, he's spent nearly three decades at the local library, researching Derry's storied history to uncover a way to defeat Pennywise once and for all. This is all recounted for the viewer in Mike's banal voiceover, wrought with winking lines such as, ""Sometimes they come back"" (the name of a King short story). Eventually, Mike calls upon his former friends, who made a blood oath as teens, to reassemble in Derry should the creature ever return. Strangely enough, those who left their childhood town have forgotten what happened, meaning much of Chapter Two involves scenes that recall events from Chapter One. Then again, the sequel also entails the characters remembering new scenes from their childhood that the filmmakers couldn't fit in the 2017 movie. When Mike calls his friends to ask them to come home, Muschietti has fun reintroducing his audience to the adult version of the Losers Club. The stuttering former leader of their group, Bill (James McAvoy), has become a successful novelist who now toils in Hollywood under a fretting director (Peter Bogdanovich). Though he replaced his overprotective mother with an equally fussy wife, the hypochondriacal Eddie (James Ransone) has found his calling as an insurance risk assessor. Likewise, Bev (Jessica Chastain) runs a successful fashion business, but she has replaced her abusive father with a marriage marked by domestic violence. The former ""fatboy"" Ben (Jay Ryan) has blossomed"
124,FOJ_Doc4_It__Chapter_Two,FOJ_Doc4_It__Chapter_Two,FOJ,Horror,Negative,It__Chapter_Two,"Quite a few more than 99 red balloons go by in a frightful montage that decorates the personal terrors of the returning characters in IT: CHAPTER 2. The cheerful child's toy was effectively turned into a harbinger of dread in the 2017 original movie that exploited the fears and traumas of a group of small town misfits. The orchestrator of both the rash of disappearances around Derry, Maine, and the murderous pursuit of those unlikely investigators was embodied in the form of a phantasmagoric clown called Pennywise. Almost three decades after what they believed was their victory over the nightmare jester, the balloons fly again and people disappear, or turn up in pieces, and the members of the ""Losers' Club"" return to Derry to face their foe and their fears. They've all moved on. Far from their hometown, the Losers have become successful writers, famous comedians, and trophy wives. Only one who endured the terror remains; the stalwart Mike established strong roots in Derry and has spent a lifetime examining its origins to find out what brought the clown to town in the first place. His are also the first pair of ears that perk up when more people suddenly begin to turn up missing and dismembered. Quickly putting two and two together and coming up Pennywise, Mike reaches out to those far away friends to gather them back to Derry to take down the clown once again. While the others have enough of a recollection about their friendship to take the call, their remembrances of that tragic summer are foggy. Even so, the subconscious memories awoken by Mike's phone calls manifests in unspecific panic, projectile vomiting, and in one case, a suicide. Upon arrival in Derry, it doesn't take long for the remaining Losers to remember all too well why they left; a recollection that is enhanced when horrific hallucinations begin almost immediately. Pennywise wastes no time in welcoming back the ones that got away, and even employs the Losers' childhood bully, himself driven insane by that summer, to help him get the job done. Even as adults who know what the clown is capable of, the Losers are unprepared for decades-old bandages to be ripped off of festering wounds by the laughing murderer. Unresolved conflicts, unhealed emotional scars, and deep-rooted fears once again serve as beautiful tableaus for Pennywise to construct his all-too-real nightmares. Just as he intended when they were children, the clown will have them one way or another; by driving them insane or tearing them apart with his piranha-like teeth. IT: CHAPTER 2 falls short of the original 2017 movie. There was a magic, freshness, and symmetry to the first film that isn't here. Perhaps it was the performances -- individual and combined -- of the kids of the Losers' Club that radiated a naturalness that viewers could easily relate to and cheer for. We could feel their fright as they faced those surreal, bloodcurdling scenes. Perhaps it was those imaginative depictions of terror that"
125,FOJ_Doc5_It__Chapter_Two,FOJ_Doc5_It__Chapter_Two,FOJ,Horror,Negative,It__Chapter_Two,"Just two years ago, director Andy Muschietti delivered the remarkable first half of his adaptation of Stephen King's ""IT."" It was a box office phenomenon and opened to wide acclaim from critics and audiences, who praised it for its thrilling storytelling and exceptional young cast. With its major success, the pressure was on to deliver a second half worthy of going right alongside the first in terms of the epic scope of the narrative, the cast, and, of course, the scares. Two long years later, the wait is finally over, and we can at last see if Muschietti (and screenwriter Gary Dauberman) can finish the epic adaptation they began by bringing it to what would hopefully be a satisfying conclusion. Picking up 27 years after the events of the first film, we find Mike Hanlon (Isaiah Mustafa) still living in Derry. One day he hears about someone getting killed in town, and upon discovery that Pennywise (Bill Skarsgard) has returned, attempts to reunite the members of the Losers' Club. He manages to contact Beverly (Jessica Chastain), Richie (Bill Hader), Bill (James McAvoy), Ben (Jay Ryan), and Eddie (James Ransone) (with the final member, Stanley, having committed suicide), and meets them for dinner, where strange happenings begin to occur soon after. While some of them immediately want to get out of town, Mike does eventually convince them that he has a way of defeating Pennywise once and for all through a Native American ritual. Pinning all of their hopes on this ritual, the group must collect tokens from their childhood before confronting the evil in one final battle. As noted, the first film had been a pretty remarkable achievement in that it was able to provide a good number of thrills throughout its captivating tale, always staying its course, and getting to the point in a reasonable amount of time. However, when it comes to ""IT: Chapter Two,"" it feels as though the difference between the films is night and day. This second part is simply far less captivating, is in no rush to get anywhere, takes an incredibly long time to get to the point, and ultimately doesn't really do much of anything on its way there. Much has already been said about the film's bloated 169-minute runtime, and it's true: there was absolutely no reason for the film to be this long, especially when it becomes clear that the story doesn't require this much time to tell. This becomes more and more evident as the lengthy film proceeds, first starting off just a bit slow as our heroes gather in Derry, and then even more so as it heads into its extremely repetitive second act, which consists of several unnecessary flashbacks, and feels as though it contains multiple sequences that should've been expunged as deleted scenes (i.e. scenes that don't get anywhere or add much of anything to the film). Finally, the film heads into an incredibly tedious and stretched-out finale, which had been a minor issue in the"
126,FOJ_Doc6_It__Chapter_Two,FOJ_Doc6_It__Chapter_Two,FOJ,Horror,Positive,It__Chapter_Two,"Let's remember that the first part of It (2017) was released twenty-seven years after the television miniseries It: The Killer Clown ( It , 1990), because, as is well known, ""It,"" or in one of its visible forms, the clown ""Pennywise,"" returns to the town of Derry every twenty-seven years. The sequel in question, titled It: Chapter Two ( It Chapter Two , 2019), is chronologically set in 2016 for that same reason, where all the children we met in the first installment, set in 1989, are now adults. After a prologue that delves once again into the themes of xenophobia, homophobia, and bullying, Mike, the only one still living in Derry, is tasked with warning his friends who have left that Pennywise is back, murdering people. It's no coincidence that Mike is the one who reunites the ""Losers' Club,"" because, having never left the town, his memories are fresher than theirs. Narratively speaking, he was the last to join the group as a child, and conversely, now he's the one who summons them to fulfill the promise with which It (2017) ended. One of the most intriguing aspects of this story remains: there's something rotten in Derry, something that has existed since its founding, something that seems to rise from the sewers and spread throughout the town, contaminating it. This same thing, after the initial confrontation with the Losers' Club, will return stronger and more terrifying than ever. And one has to wonder if this ""something"" has ruined the town, or if it's happening there because Derry is a place where, from its very foundations, the adults are violent, possessive, or absent parents, leaving the children completely unprotected and devoid of values. When the protagonistsMike ( Isaiah Mustafa ), Beverly ( Jessica Chastain ), Bill (James McAvoy ), Richie ( Bill Hader ), Eddie ( James Ransone ), Ben ( Jay Ryan ), and Stanley ( Andy Bean )reunite, we see what has become of each of them. Furthermore, as mentioned earlier, the traumas these children suffered show their emotional repercussions in adulthood. For example, Eddie is married to a woman with overprotective tendencies very similar to his mother's, and Beverly is in a relationship with a man who perpetrates domestic violence just as her father did. Consequently, cyclicality is ever-present, not only in Pennywise's return every twenty-seven years, but also in the repetition of harmful behaviors and patterns, as well as in the visual composition through the circular openings. Therefore, upon returning to Derry, the story largely focuses on each character's individual journey of self-discovery. Through this experience, they must confront their past fears in order to face the great monster and its constant transformations together once again. From there, the narrative alternates between the present and the past of each character through flashbacks. Some childhood scenes are from the first film, while others are revealed for the first time in this second installment. The film can be structurally divided into three acts: a first act with a"
127,FOJ_Doc7_It__Chapter_Two,FOJ_Doc7_It__Chapter_Two,FOJ,Horror,Positive,It__Chapter_Two,"In 2016, Derry once again falls into the cycle of the missing and dead. Mike Hanlon (Isaiah Mustafa), the long remainder of the Loser's Club begins the arduous task of reminding the other 6 of their promise: if It returns, they'll return to fight. Bill Denbrough (James McAvoy) is a writer, even if his books have garbage endings. Beverly Marsh (Jessica Chastian) is a fashion designer, married to an abusive husband. Ritchie Tozier (Bill Hader) is a stand-up comedian, Eddie Kaspbrak (James Ransome) is a risk management adjuster, Stan Uris (Andy Bean) is an accountant, Ben Hanscomb (Jay Ryan) is an architect. All of them have shaken off the horror of Derry and gone on to be relatively successful and mildly happy if broken by their individual traumas. Mike alone has stayed, becoming the archivist for the horrors of Derry, unable to forget what happened and documenting the evil that has always lived in and under Derry, Maine. Unhappy that they've been summoned for more than a reunion, but unable to shake that Derry is someplace they have to be, they begin to remember the strong powerful youths they once were. They band together one last time to fight It (Bill Skarsgard), manifesting again as the terrifying clown Pennywise to lure the unwary and lonely to feast on their damaged bodies. It has issues of Its own. The Losers Club defeated It once before hibernating in 1989, and It wants them back, baiting Mike at a crime scene with a message written in blood: COME HOME COME HOME COME HOME. Pennywise tells them, ""For 27 years, I dreamt of you. I craved you... I've missed you!"". When they each search for the tokens that made them nearly invincible in 1989, It taunts them with fear and despair. It sends them one last curveball in the form of Henry Bowers (Teach Grant), because while supernatural monsters are scary, human monsters are unpredictable as well as terrifying. If you're expecting It Chapter Two to be bloodier and gorier and more adult, you won't be disappointed. It Chapter One (2017) dealt with childhood trauma and loss, Chapter Two zeros in on that unresolved trauma. Bill faces the guilt of losing his brother, Beverly squares with unrequited love and sexual abuse from basically every adult man in her life, Ritchie and Ben are deeply unhappy with an unrequited love story of their own, Eddie needs to see the forest and the trees with permission of his overbearing mother and then his wife before taking a step anywhere. Stan can never measure up or live beyond everyone else's expectations, Mike relives the loss of his parents and lives while Black in Podunk Derry, Maine. It is a deep plush tapestry of fear, loss, and terror, reminding us that our childhood bonds are often the strongest, even if we don't remember them. For those of you that remember the book, neither Tom Rogan nor Audra Denbrough shows up as wrenches in the Losers' grand scheme, and"
128,FOJ_Doc8_It__Chapter_Two,FOJ_Doc8_It__Chapter_Two,FOJ,Horror,Positive,It__Chapter_Two,"It Chapter Two is beautifully cathartic and emotionally rewarding. Now, usually that's not a sentence I would write to associate with a horror film, but it's surprisingly accurate in summing up the adventure that director Andy Muschietti takes us on. Whether its Ari Aster's Hereditary or Jordan Peele's Get Out and Us, there's no denying there has been a notable shift within the horror genre, focussing more on the emotional substance and its social and psychological effects than the traditional jump scare motifs. To a certain extent, Muschietti's take on the Stephen King classic (with all of its richness and minus that controversial sex scene) has done well to align itself in that same company. Given how traumatic Pennywise (Bill Skarsgard) can be with his deceptive smiles and evil manifestations, this is a therapeutic journey to conquer fears and defeat the clown. And trust me, as someone who hates that clown ever since Tim Curry donned the suit and make-up in the TV miniseries, its thematic exploration felt necessary. And that's where we find ourselves, 27 years later with the Losers Club reforming to keep their 'blood oath' promise they made as kids. The entire film is built like an epic blockbuster event that chucks in the kitchen sink equivalence of twists and turns. But like a lot of Stephen King adaptations, its subject matter can be 'out there', but beyond the surface layer of scares which It adopts, elevating from the creepy to the horrifyingly graphic (and the occasional Meta references thrown in as a tribute), its focussed exploration is that childhood loss of innocence. The coming of age vibes is strong as the plot transcends into adulthood with all of its negotiated difficulties and life struggles. But it's genuinely surprising how poignant and reflective It Chapter Two is. Working best as a back-to-back experience (which I recommend), that wave of unexpected emotion lifts the film. Drawing active parallels with Netflix's The Haunting of Hill House with its visual transitions, its switch between the grown-up adults and their young counterparts is instantaneous. It leaves a celebrated nostalgia on the journey they've faced and their growing companionship as friends which you want to revisit. But, you adore the set-up with their older selves, knowing they have to confront and reconcile with the generational trauma of their past. It's an emotional beat often taken for granted, but as much it takes its time to establish those points, you relish their reconnecting journey, proving once again that they are the heart and soul of this film. it-chapter-2wo-losers-club.jpg Rightfully, the film deserves high praise with its casting. Jessica Chastain, James McAvoy, Bill Hader, Isaiah Mustafa, Jay Ryan, Andy Bean and James Ransone comfortably match their young counterparts with ease, diminishing any hints of star power, but allows room for depth in their spot-on performances. McAvoy mimics Bill's panic stutter that gets worse as the film escalates. Chastain brings the confidence that Sophia Lillis had in the first film, but is always within touching"
129,FOJ_Doc9_It__Chapter_Two,FOJ_Doc9_It__Chapter_Two,FOJ,Horror,Positive,It__Chapter_Two,"Andy Muschietti (far right) director of 'It Chapter Two,' poses for a portrait with cast members (from left) James McAvoy, Jay Ryan, Bill Hader, James Ransone, Andy Bean, Isaiah Mustafa and Jessica Chastain at Heritage Square Museum in Los Angeles. There were high expectations for the sequel opening, September 5, especially since the first film became the highest-grossing horror movie of all time. There's a point about one-third way into the film that's crucial to the entire movie. The members of the Losers club sit down, having not seen each other in over two decades. Each of them older, thought to be wiser, and yet unable to recall much of their past. They all seem to celebrate their life's achievements but can't seem to pinpoint how exactly they got there. Then, someone says the name of the clown responsible for their shared trauma. The message of It Chapter Two is clear. Nothing's really dealt with, until it's dealt with. This moment is crucial, narratively, because it's the point when all the characters are brought up to speed and can move the plot along. More important than that, though, it's a scene that reminds these characters that what binds them is not just an evil, psychopathic, shape-shifting clown, but it's the relationships they formed with each other. It's that very relationship that's meant to prove effective against their face-painted foe. subtle storytelling Whereas the first film taught the characters that their fears do not define them, the sequel is much more subtle with its storytelling. That's probably why the film wasn't as frightening as the original. You're no longer looking through the eyes of a child, you're seeing the perspective of grown adults. Adults are much less likely to be afraid of a clown, but they are likely to be unable to reconcile their pasts. Several times throughout the film, the characters are faced with secrets and shame that haunt them, despite their perceived maturity. I found It Chapter Two was a beautiful film with striking, mind-bending visuals that left me scratching my head, trying to figure out how the shots were achieved. It was also light on the horror, yet still able to provide a jump or two. The decision to make the film more about the characters was a wise one, but can bog down the film, based on just how many characters it needs to get to. Ultimately, whether you like the film depends entirely on your investment in the characters, rather than the thrills. I, personally, thought the film did a fantastic job of earning that investment, despite feeling imbalanced with particular storylines that were best left on the cutting-room floor."
130,FOJ_Doc10_It__Chapter_Two,FOJ_Doc10_It__Chapter_Two,FOJ,Horror,Positive,It__Chapter_Two,"Twenty-seven years after their first encounter with the terrifying Pennywise, the Losers Club have grown up and moved away, until a devastating phone call brings them back. Pennywise (Bill Skarsgard) is back. This time he's really, really angry. He has had time to stew on things as IT CHAPTER 2 picks up 27 years after the first film. While most of the kids from the Loser's Club have moved out of Derry, Maine, Mike (Isaiah Mustafa/Chosen Jacobs) has remained. Haunted by the events of the past, he keeps ever vigilant for IT's possible return. When mysterious disappearances begin occurring once again, Mike reaches out to his childhood friends to remind them of their promise to return to kill IT once and for all. I am happy to report that IT Chapter 2 is a worthy sequel to the first film, and in some ways even better. Bigger risks are taken, the violence is more unhinged and effective, scenes get more abstract and dreamlike, and it carries a surprising emotional weight. The film deftly jumps from present to past and back again thanks to a nimble script by Gary Dauberman and clear direction from Andy Muschietti. This necessitates employing the younger performers from the first film along with a new ensemble of expertly cast adult actors. The effect is consistency in character that adds a unique gravitas to the collective performances. We are first reintroduced to all of the Losers as they get the fateful call that pulls them back to their painful childhoods in Derry and the film begins. All but one of the Losers immediately hop onto planes and return home with the exception of Stanley (Andy Bean/Wyatt Oleff). Once back, the Losers meet for dinner at the Jade of the Orient. Each of the losers arrives and sizes one another up in their own way. Beverly (Jessica Chastain/Sophia Lillis), Bill (James McAvoy/Jaeden Martell) Richie (Bill Hader/Finn Wolfhard), Eddie (James Ransone /Jack Dylan Grazer), and Ben (Jay Ryan/Jeremy Ray Taylor) sit at a round table, reconnecting until a lingering feeling of dread takes hold again. As they all slowly recall the evil they faced 27 years before, Mike attempts to convince them that it is their obligation to stay, confront the evil, and defeat it for good. The initial response is to run, screaming into the night and never look back. After a bit of convincing, they all realize that the only way to fight fear is to confront it. Dauberman's script goes to great pains to include the rich mythos of IT as an ancient, cosmic creature that has tormented the area for hundreds of years without sacrificing narrative momentum. The film even goes so far as to touch on the local Native Americans tactics in facing off with the creature and how that could help the Losers. Saddled with their marching orders, each adult Loser heads off to seek a ""token"" to be used in a ritual that will destroy IT for good. As this plays out,"
131,JKW_Doc1_Minority_Report,JKW_Doc1_Minority_Report,JKW,Sci-Fi,Positive,Minority_Report,"The runt in the litter of Steven Spielberg's great movies, Minority Report is an unqualified success, a motion picture that like most films worth their weight deepens and expands upon repeat viewings. If there was initially any reluctance on my part to award this a four-star rating, it was because, for all its merits, it doesn't quite belong on the same level as all those other Spielberg four-stars, movies like Jaws and Raiders of the Lost Ark and Saving Private Ryan. Yet on a more generous sliding scale, this was markedly superior to practically everything else that had played theaters in 2002  among the year's offerings, only Todd Haynes' Far From Heaven and Hayao Miyazaki's Spirited Away also earned perfect scores. Expanding a 1956 short story by Philip K. Dick (whose works also inspired Blade Runner and Total Recall), screenwriters Scott Frank and Jon Cohen plunge viewers into the Washington, DC of the year 2054. For the past six years, there have been no murders in the DC area, thanks to a branch of the Justice Department known as the Pre-Crime Unit. Brought to fruition by kindly creator Lamar Burgess (Max von Sydow) and largely run by Chief John Anderton (Tom Cruise), the unit relies on three ""Pre-Cogs"" who have the ability to see murders before they even occur, which in turn allows Anderton and his men the opportunity to arrest the killers before they've actually killed anybody. It's a perfect system, everybody keeps insisting, but with the Pre-Crime Unit on the verge of possibly going national, pesky government agent Danny Witwer (Colin Farrell) suddenly shows up and starts asking the difficult questions. Whether Witwer hopes to shut the operation down or replace Anderton as its main man remains shrouded, but things certainly appear to be swinging in his favor either way when Anderton gets pegged by the Pre-Cogs as a murderer, destined to assassinate a man he hasn't even met in approximately 36 hours. It has long become a cliche to gush over the ability of a motion picture to create its own self-contained world, yet there's simply no other way to describe the sights and sounds of Minority Report. From the very first frame, Spielberg and production designer Alex McDowell present a fully realized universe, a place that basically looks like today but with some logical technological advances added for good measure (in that respect, the movie draws comparison to gritty futuristic flicks like A Clockwork Orange, RoboCop, and, of course, Blade Runner). In this brave new world, cars drive up the sides of buildings, animated characters on cereal boxes sing and dance for the pleasure (or annoyance) of the consumer, and headlines on newspapers automatically change with each breaking story. Most ingeniously  and surely the most natural progression from where we stand today  ads on billboards directly address each person walking by, making modern society's Internet impersonality seem quaint by comparison. As an added credit, this is that rare movie in which product placements"
132,JKW_Doc2_Minority_Report,JKW_Doc2_Minority_Report,JKW,Sci-Fi,Positive,Minority_Report,"Minority Report might take place some fifty years after the film was shot, but the film's themes are still relevant almost twenty years later. This movie marks the first collaboration between Steven Spielberg and Tom Cruise. It raises provocative questions: what if we could know the future? And what if the person seeing it discovered they were about to commit a murder? Based on a Philip K. Dick short story, the film requires the audience to buy into the science early. Once you do, it's easy to sit back and enjoy the ride. Even in 2020, the science depicted feels surprisingly believable. There's much to consider about the eye-dentification technology. Social media platforms already track our faces, and companies target us online via cookies. Philip K. Dick seems prophetic in his science-fiction vision. He also wrote Blade Runner. One of the film's central themes is free will versus determinism. If we could see the future, could we change it? Minority Report explores this beautifully, asking whether foreknowledge frees or traps us. The Department of PreCrime primarily focuses on preventing murders. The three pre-cognitivestwo male twins and one femalesee visions of the future, displayed on a large screen. They do not interact with the outside world. Agents in the department then work to arrest individuals based on these visions. This concept drives both the plot and the tension of the film, as the system's reliability is constantly under scrutiny. PreCrime Captain John Anderton (Tom Cruise) struggles after the disappearance of his son, Sean, and is separated from his wife, Lara (Kathryn Morris). Anderton's life takes a drastic turn when he appears in a pre-cog vision just as DOJ agent Danny Witwer (Colin Farrell) visits the agency. On the run, Anderton learns from PreCrime creator Dr. Iris Hineman (Lois Smith) that Agatha (Samantha Morton) sometimes sees alternate visions called ""minority reports."" These conflicting visions are crucial to the film's central mystery. A central plot point involves Ann Lively (Jessica Harper), who is revealed to be Agatha's mother. As Anderton investigates, he discovers he is being framed, while Witwer starts to question the system after studying the footage. However, the true manipulator, PreCrime's founder Lamar Burgess (Max von Sydow), has been covering up a murder. This layered conspiracy keeps audiences on edge until the climax. While Minority Report features the usual sci-fi thrills, it also ventures into film noir territory. The film's color palette contributes to this aesthetic. Spielberg described it as ""the grittiest-looking entertainment movie I've ever done,"" not counting Schindler's List or Saving Private Ryan. The visual style underscores the tension and moral ambiguity central to the story. John Williams's score departs from his usual tonal work for Spielberg. Instead of familiar themes, the music heightens suspense, drawing inspiration from Bernard Herrmann's legendary compositions. The score complements the thriller elements and reinforces the film's darker, futuristic tone. Spielberg often tells stories set in the past, frequently around World War II. Here, he jumps fifty years into the future. The film's release"
133,JKW_Doc3_Minority_Report,JKW_Doc3_Minority_Report,JKW,Sci-Fi,Negative,Minority_Report,"Once again this year we are graced with a futuristic sci-fi flick based on a short story by the visionary Philip Dick, this time in the form of ""Minority Report"", which poses the intriguing hypothesis: What if we could see into the future and arrest people before they commit a murder, or any other crime for that matter? Set in the year 2054 in Washington, D.C., Tom Cruise stars as John Anderton, who, having lost his son, now does his best to prevent murders before they happen as Chief of the elite Pre-Crime Division of the Justice Department. Assisting him are three genetically altered precognitives known as ""Pre-Cogs"" who are attached to machines that record their visions of murders which are ""set"" to occur anywhere from a few minutes to four days into the future. With each vision, two wooden balls roll out of the machine attachment, each one bearing the name of the killer and victim. As a result of this ""perfect"" system, Washington, D.C. is now murder free. (Let's face it, given our life and times, Dick should have set this scenario in 3054 to have any plausibility.) Believing the Pre-Cogs infallible, Anderton advocates nationalizing the Pre-Crime system, that is until the Justice Department questions the methods and techniques utilized by the Division and Anderton himself becomes the subject of a Pre-Cog vision seeing him committing a murder. Suddenly questioning the accuracy of the system (since he of course knows he's innocent and will continue to be innocent), Anderton goes on the run, stealing a female Pre-Cog named Agatha, setting us up for what now becomes a routine futuristic chase movie. Directed by Steven Spielberg, ""Minority Report"" reeks of the darker tone and color desaturation found in Spielberg's last futuristic foray, ""A.I."", a technique that works well in this type of film and once again is executed beautifully by long time Spielberg cinematographer Janusz Kaminski. Hand in hand with Kaminski's artistic flair, are some dazzling special effects action sequences, including a chase on a vertical highway that is so impressive, you have to see it to believe it. (Warning  those with severe motion sickness may want to cover their eyes at this part.) Not to be outdone, many scenes which one would believe are special effects, are in fact, the result of elaborately and elegantly choreographed camera maneuvers which are expertly executed and utilized for maximum dramatic effect. Cruise performs admirably as Anderton, using physicality and controlled raw emotion to their best advantage as he manipulates not only his pursuers, but the audience as well. An excellent counterpoint to Cruise's energetic yet psychologically tormented Anderton is Samantha's Moore portrayal of Pre-Cog Agatha  tacit, ethereal and seemingly helpless. Max von Sydow, no stranger to the futuristic and fantastic (""Dune"", ""Judge Dredd"" and ""The Exorcist"") steps in as Anderton's superior, Bureau Director Burgess, exhibiting an almost fatherly pride in his protege Anderton while relative newcomer, Colin Farrell is perfectly cast as the bureaucratic FBI investigator Danny Witwer who"
134,JKW_Doc4_Minority_Report,JKW_Doc4_Minority_Report,JKW,Sci-Fi,Positive,Minority_Report,"In the movie it's the future (2054) and we now see Washington D.C. where a system known as pre-crime is born. Pre-Crime is a new law system where people known as pre-cognitive are used as machines which can foretell the future and predict a major crime. Tom Cruise plays John Anderton, one of the best officers who bust the people who commit the pre-crimes. The system is perfect, flawless and it does the job... but what happens when the system turns on you? Now, accused of killing a man in thirty-six hours he doesn't know, he is now on the run from his own task force and a Government official (Colin Farrell) who wants him at all costs. I am a huge fan of Steven Spielberg's works. So, it was no surprise I'd try and check this out as soon as possible. I became a little jaded by his latest work ""A.I."" which was sub-par, gloomy, and very confusing. I had my doubts going into this, but as I suspected I was in for a good time. This has to be one of Spielberg's best ever; we instantly begin to become dazzled as Spielberg leaves us in awe with an incredible world which seems to be a mix of futuristic landscapes and skyscrapers mixed with small town suburbia and old-fashioned houses. We also get an amazing view of the highways of the future as cars not only drive along the ground but up on the sides of building into the skies. The city is very overcome by computer -generated ads by fashion companies and commercials that know our names and offer us products non-stop. We're also kept under monitor as our eyes are scanned and indexed before we enter anyplace from bathrooms to trains. We get this view of the new world which is beautiful yet still very dangerous. The cast is phenomenal as Tom Cruise is at his top as John Anderton. We believe he is in danger and never doubt his desperation. I always question Tom Cruise as an actor, but this movie has proven me wrong. We get excellent stunts performed by Cruise himself as he scrambles desperately throughout the movie attempting to cheat a system that is basically fail safe. Colin Farrell is also truly excellent as Danny Witwer, the suspicious government operative who questions the system's accuracy and will stop at nothing to catch John. The two plays off each other very well in action scenes and truly have excellent chemistry as they throw dialogue back and forth to one another, challenging each other's expertise. Max Von Sydow is a great compliment to this movie as Tom's Mentor and often his confidant helping him to fight off the law. The movie makes itself out to be a man-on-the-run movie when truly it is an intricate Hitchcockian murder mystery with plot twists and turns at every corner that kept me on the edge of my seat. This movie is very reminiscent of the golden era of"
135,JKW_Doc5_Minority_Report,JKW_Doc5_Minority_Report,JKW,Sci-Fi,Positive,Minority_Report,"In the satirically detailed world of Minority Report, which unfolds in 2054, you can't walk into a Gap store without a hologram greeting you by name and complimenting you on the last item you bought there  perhaps you'd care for a black tank-top? Privacy is dead, and people visit a virtual-reality club to explore their wildest fantasies; one man wants to kill his boss, but knows that if he plans to do it for real, Washington's Pre-Crime unit will catch him before he carries it out. Experience seems to be dead, too. The population is safe from certain forms of physical aggression, but they've all been pre-emptively neutered, like Alex in A Clockwork Orange. I refer to that Stanley Kubrick classic for a reason: Minority Report, despite some eleventh-hour lapses and rhetorical flab, is the movie A.I. should have been. Steven Spielberg, adapting Kubrick's long-cherished project last year, missed the mark so completely that the result offered the best of neither director. But Minority Report is the real thing, more Kubrick than anything Spielberg has done, and more Spielberg than anything Spielberg has done in too many years. I had given up hope, fearing Spielberg to be lost in his warm bubble bath of homilies: His recent movies haven't been entertaining or even educational  they've been instructional. Well, Spielberg seems to have snapped out of it. He is working once again with his trademark effortless sense of purpose and precision. If his previous recent films have been tepid baths, this one is a cold shower  shocking and revivifying. Tom Cruise is John Anderton, ace ""detective"" for the Pre-Crime unit. Spielberg's and Cruise's first collaboration has not produced the expected smiling, cocky, full-blooded hero, but rather an angry, hollow, flawed man, who takes drugs to kill his torment over his kidnapped little boy. Anderton is thus driven to stop crimes before they happen, though his logic is faulty, since a boy can be kidnapped and tortured for years without being ""seen"" by Pre-Crime's three precognitives, who can only see future murders. Cruise plays Anderton as a man who throws all his faith into the ""perfect"" Pre-Crime structure because if it is shown to be faulty, his work  his reason for not eating his gun  is rendered meaningless. Faulty it is, though. The ""Pre-Cogs""  cleverly named Agatha, Arthur and Dashiell  ""see"" Anderton killing someone within 36 hours, a man he's never met. The full weight of the Pre-Crime force  led by Max von Sydow as its figurehead and Colin Farrell as a sort of internal-affairs investigator looking for flaws in the system  comes down on Anderton, who flees into the city. It's there that Minority Report most closely resembles a previous bitter dystopian drama inspired, like this one, by a Philip K. Dick story: Blade Runner, in which Harrison Ford bumped up against a menagerie of colorful characters. Here, Anderton meets a crackpot who traffics in black-market eyes (Peter Stormare), a virtual-reality pimp"
136,JKW_Doc6_Minority_Report,JKW_Doc6_Minority_Report,JKW,Sci-Fi,Positive,Minority_Report,"Brilliantly realised, complex and humane, Minority Report is easily on a par with Blade Runner as one of the best adaptations of Philip K Dick's work ever made. There hasn't been a science fiction film this good for 20 years. Forget shiny buildings and action-packed chases - Minority Report has both, but it has so much more, elevating it far above the status of popular pulp. Spielberg has taken Dick's short story and spun it out into a powerful plot which retains the labyrinthine twists of the original and adds a few more, comfortably filling two and a half hours. Here we see a world as detailed and paranoid as the original, yet warmer, more human and very close to home; this only serves to make events as they unfold more chilling. It's certainly timely, but the things which it has to say will probably always be relevant. This isn't science fiction as escapism; it's science fiction as a political tool, as a means of making statements about the human condition. It's science fiction film-making at its very best. This isn't to say that Minority Report is a perfect movie; like any work on such a grand scale, it has its flaws. Sometimes Spielberg's habitual sentimentality creeps in just a little too far, yet this serves well as a counterpoint to the more vicious angles of the plot. Visually it is stunning, often reminiscent of Kubrick. Flashy future technology and architecture have been cleverly interwoven with the familiar, even the old-fashioned, to create a world which we can believe is not too far away from our own; a world which has changed, but not unrecognisably. This is a world where, in the District of Columbia, murder has been done away with thanks to the use of precognitive individuals who can spot crimes before they happen, giving the authorities a chance to intervene. All sorts of questions are raised hereby, to do with free will and whether or not one can be guilty of a crime one never actually committed, but Spielberg has the sense not to linger on them for long, since there are other matters of equal importance to be explored. Perhaps his greatest triumph is that he draws strong performances from all of his actors. A superb script enables several formidable, rounded characters to emerge, by contrast with Dick's own spare characterisation. Tom Cruise is perfect in the central role, eschewing the glamour which many feared might ruin his performance. This is perhaps the best work of his career to date, rivaling Eyes Wide Shut. The supporting cast are all excellent, which is vital to the process of misleading the audience as to just whom one can or can't actually trust. Some of the audience with whom I saw this movie evidently came away disappointed; they'd been expecting trademark Cruise glamour, Spielberg cutesiness and a pulp action plot. What they had been forced to endure instead was something which demanded that they use their brains. Minority Report is"
137,JKW_Doc7_Minority_Report,JKW_Doc7_Minority_Report,JKW,Sci-Fi,Negative,Minority_Report,"Based on the short story by Philip K. Dick, ""Minority Report"" marks the second futuristic, science-fiction epic Steven Spielberg has made in as many years (after what I believe to be his greatest achievement, ""A.I.: Artificial Intelligence""). For Spielberg, undeniably one of the most influential and visionary filmmakers of his time, the film almost seems tailor-made for his marvelous visual sense and stunning talent for storytelling. For all of its sweeping technical flourishes and seamless visual effects, however, ""Minority Report"" is as shallow and characteristically vacant as ""A.I."" was emotionally resonating and creatively groundbreaking. In other words, though it pains me to conclude, Steven Spielberg's latest opus is one of the weakest films he has made, to date. Set in a surprisingly realistic vision of what Washington, D.C. might look like in 2054, John Anderton (Tom Cruise) is the top detective on the police force's relatively new Pre-Crime Unit. Through three pre-cog oracles whose minds hold the key to the future, the Pre-Crime Force, headed by Director Burgess (Max Von Sydow), is able to stop predestined murders before they occur. The alleged success of the program has cut down on major crimes in D.C. by ninety percent. When the latest murder suspect name comes up, Anderton is dismayed to learn that it is his own. Without never having met the victim before, Anderton is convinced that someonepossibly federal agent Danny Witwer (Colin Farrell), who is after his jobis trying to ruthlessly set him up. With the police suddenly after him, Anderton has no choice but to go on the run. Breaking into the Pre-Crime building, he kidnaps the most talented of the three pre-cogs, Agatha (Samantha Morton), convinced that what she knows about his future is the key to clearing his name and saving his life. The general premise of ""Minority Report"" is a novel one, fascinating in the way the world has developed enough in fifty years that the police force has begun acting, more or less, as God to citizens. The moral implications of such a debatewhether a person's future is predestined or capable of changeare thought-provoking, to be sure, but get lost in a screenplay (credited to Scott Frank and Jon Cohen) more interested in action set-pieces, and a film that chooses style over any form of hard-edged substance. While several of the action scenes are astonishingly executed, including a death-defying jump across cars hovering in the air, and a search for John by electronic spiders sent to check the retinas of an apartment complex's tenants, what surrounds them is a thoroughly unsatisfying emptiness posing as a study of serious-minded issues. Whatever deep-rooted involvement one might have grown to have in John Anderton's dire predicament proves sterile in a sea of blank faces posing as characters. Precious little is ever learned about John, except that he blames himself for his son's kidnapping six years ago, is separated from his wife (Kathryn Morris), and has a secret drug problem, and even fewer reasons are given for why we"
138,JKW_Doc8_Minority_Report,JKW_Doc8_Minority_Report,JKW,Sci-Fi,Negative,Minority_Report,"In Minority Report, a futuristic thriller set in 2054, murder has been eliminated in Washington DC thanks to a division of law enforcement known as Precrime. Tapping into the minds of the Pre-Cogs, a trio of psychics who can foresee the future, Precrime is able to track down and arrest would-be killers before they actually commit their lethal deeds. The system appears to be flawless. But when police chief John Anderton (Tom Cruise), the head of this controversial department, is himself accused of the future murder of a man he hasn't even met, he sets out to prove his innocence, all the while hunted by his fellow officers. Based on a 1956 short story by renowned science fiction writer Philip K. Dick, Minority Report is typical of director Steven Spielberg in how it deftly melds flashy entertainment with critical issues. The movie is made up of three major ingredients: the thrilling action of an innocent man running from the law; the cautionary tale of how good intentions can go astray when not tempered by wisdom (specifically, infringing on people's civil liberties in the name of protecting them); and the old debate of human free will versus pre-ordained destiny. Unfortunately, the movie's philosophical elements take a backseat to John's mundane escape from authorities. Clearly, I understand that the relentless manhunt is more important than a bunch of metaphysical mumbo jumbo to most people. But without the pre-determined fate aspect, Minority Report is really nothing more than your standard crime drama, complete with cliches ranging from the generic framing of an innocent man to the corruption in the ranks of the police. I'm not asking for a stuffy dissertation that bores audiences like the sterile Solaris--just a comfortable balance that gives a little more substantial acknowledgement to the concept of being able to control one's own future. As it is, the film only briefly engages the notion of pre-determination intelligently when John debates Precrime issues with Danny Witwer (Colin Farrell), an agent from the Justice Department who has been ordered to find flaws in the system. John's argument of an absolute future is just about the most interesting and thought-provoking moment of the whole movie, although the scene quickly gives way to nonsense that stretches even the boundaries of science fiction (a claim that the Pre-Cogs can only foresee homicides because ""there's nothing more destructive to the metaphysical fabric that binds us than the untimely murder of one human being by another"" puts an arbitrary importance on human lives). Credibility is further shot when the story dissolves into trite cheerleading that all but says, ""You can do it! You control your destiny! Go, John!"" Cruise's frequent failure to convey emotion makes his character of John Anderton less than interesting. We see none of his conviction in the ideas of justice, none of his sense of betrayal when the system turns on him, and none of his paranoia in a suddenly hostile world. In an attempt to elicit sympathy and establish John's dedication"
139,JKW_Doc9_Minority_Report,JKW_Doc9_Minority_Report,JKW,Sci-Fi,Negative,Minority_Report,"Before I launch into what could read like an unabashedly positive review of the Steven Spielberg-Tom Cruise sci-fi collaboration ""Minority Report,"" let me get off my chest the two things that ultimately torpedo the movie's excitement and stylistic brilliance. Both problems come toward the end of the film, but I'll be vague so as not to spoil anything. 1) The whole plot resolution hinges on that tired and idiotic cliche of an antagonist giving himself/herself away through a verbal slip-up. (""Wait a minute!"" replies a protagonist, ""I never said..."") There is just no excuse for this kind of screenwriting shortcut in this day and age. It's an insult to intelligent moviegoers, especially in a film that is so enthralling until such bogus Hollywood gimmickry leaves it with a bad aftertaste. 2) The film is structured as a futuristic film noir whodunit (or who-will-do-it, as the case may be) -- yet as the last pieces of a mystery fall into place for Cruise's character, the audience is left in the dark until the last minute for the sake of a cheap surprise. Cruise stars a Pre-Crime cop in Washington, D.C., circa 2054. With the aid of unwilling ""Pre-Cogs"" -- psychics who are kept sedated while tuned in to (and terrified by) their collective visions of impending murders -- Cruise and his crack team of high-tech, jet-pack-wearing cop commandos arrest people for impeding crimes before they happen. He's a man possessed by the memory of his kidnapped son and, by extension, obsessed with his job. And he's convinced the Pre-Cog system is flawless -- until one of the psychics' typically fuzzy visions shows him murdering a total stranger in less than 36 hours. Suddenly on the run from his own men, Cruise soon learns that the Pre-Cogs don't always see the same version of future events -- but this information has been concealed to preserve the virtually crime-free world the Pre-Crime system has created. He starts to realize ""it's not the future if you stop it"" -- and the only way to stop it is to free one of the Pre-Cogs from Pre-Crime headquarters in the hopes of discovering disparity in the prediction that has made him a wanted man. Stylistically ""Minority Report"" is unquestionably the first hallmark film of 21st Century science fiction. It's also an undeniable second step in a new, dark (sometimes darkly humorous) and richly atmospheric direction for Spielberg (the first step being ""A.I."") Influenced by the cerebral sci-fi of Stanley Kubrick and Terry Gilliam, Spielberg's vision of a sleek but swarthy cityscape future is a dream-like but uncomfortably uncanny utopia. Scratch the surface of its automated convenience -- sporty self-driving pod cars on wall-climbing super-freeways, advertisements that read your retinas for identification then customize their sales pitch -- and you see what Cruise comes to realize: This is a world where it's impossible to hide. In one of the film's most memorable scenes, the police seize control of Cruise's car as it races at 100 mph down"
140,JKW_Doc10_Minority_Report,JKW_Doc10_Minority_Report,JKW,Sci-Fi,Negative,Minority_Report,"IT'S the year 2054. ''You'd think we'd have found a cure for the common cold by now,'' sniffs Burgess (Max von Sydow). He's the director of the Pre-Crime law enforcement unit that causes so much trouble in Steven Spielberg's atmospheric new thriller, ''Minority Report,'' a muscular and dense exercise of skill and verve. He's also the boss and mentor of the Pre-Crime chief, John Anderton (Tom Cruise). Although a few things remain the same in 2054 -- people still touchingly wear glasses even though eye-replacement surgery is available -- much has changed. Pre-Crime exists to stop crimes before they are committed; Pre-Cogs, a trio of beings who float in a nutrient-rich fluid, can predict when a crime will be committed and know the identity of the perpetrator. Thanks to the efforts of Anderton's team and the Pre-Cogs, there hasn't been a murder in Washington in six years. And all is right with the world. Anderton stands at a blank video screen and, using hologram-projectors built into his gloves, moves streams of evidence around gracefully; he's a combination of Michael Tilson Thomas and Tommy, the Who's blind pinball wizard. Anderton is blind, too -- to the morality of Pre-Crime. He buys the motto ''That which keeps us safe also keeps us free,'' until he becomes a fugitive himself. Accused of a crime predicted for the future, he is soon on the run. Eyes and seeing are central to the heap of metaphors in ''Minority Report'': Anderton has to have his eyes plucked out of his head -- in a sequence that brings to mind the clamps holding Alex's eyes wide open in ''A Clockwork Orange'' -- to gain deeper insight. ''Minority Report'' is a little like Barry Levinson's ''Homicide'' series, too. When a crime of passion comes into view, it's called a redball -- as the big murders were on ''Homicide'' -- but here it's literally that. A small reddish billiard ball is issued with the would-be criminal's name carved into it and it rolls down a tube into view of the team. It's another instance of treating the plot as a game. Brown balls are for premeditated crimes, and when Anderton's own name comes down the shoot, he dashes off for his life. Mr. Cruise does as much sprinting in this picture as he has in his entire career so far. He begins the movie pumping his legs so we can see Pre-Crime in action; it's almost as if he's trying to outrun the age of 40 (coming July 3) that he's been telling interviewers everywhere he's just fine with. ''Everybody runs,'' Anderton says, when pursued by his former colleagues in a chase scene that seems longer than most movies. Falling back on reflex, Mr. Spielberg cuts the sequence together as if it were a series of perfect basketball plays. This episode has two chases. After Anderton eludes the Pre-Crime squad, the determined F.B.I. agent Ed Witwer (Colin Farrell) picks up the chase. When they met earlier, Anderton and Witwer"
141,NAZ_Doc1_Mean_Girls,NAZ_Doc1_Mean_Girls,NAZ,Comedy,Negative,Mean_Girls,"There's the darkly subversive humour and a terrifying trio of queen bees who buzz through the high school halls, like Heathers. There's the acutely observant depictions of various cliques and their labels, particularly in that minefield known as the cafeteria, that made audiences relate so well to Sixteen Candles. But when you look closely, there's another pop culture phenomenon that Mean Girls resembles even more: Saturday Night Live, which makes sense, since it springs from the mind of SNL head writer Tina Fey. The same things that are right and wrong with most of the late-night comedy show's skits are right and wrong with Mean Girls. It comes on strong with sharp, biting wit and great energy, then runs out of steam and doesn't know when to call it quits. (The presence of Tim Meadows, Amy Poehler and Ana Gasteyer also feels familiar in this Lorne Michaels production, which mercifully lacks the idiotic humour that marked some of his other movies, including A Night at the Roxbury and The Ladies Man.) As directed by Mark Waters (who also directed Lohan in last year's charming remake of Freaky Friday), the movie's structure also feels like a series of sketches. Lohan's character  the new girl in school, Cady, who'd been raised in Africa by her zoologist parents  alternates between the outcasts who initially befriended her and the popular group, which she infiltrates. Each scene offers some great one-liners and a few memorable physical jokes, but there's little narrative momentum to tie the film together and drive it along. This is Fey's first screenplay, though based on Rosalind Wiseman's best-selling nonfiction book Queen Bees & Wannabes: Helping Your Daughter Survive Cliques, Gossip, Boyfriends & Other Realities of Adolescence. (It's also Fey's first big film role.) The dryly funny Wrecking Update anchor plays a dryly funny math teacher and the movie's voice of reason. And for a while, she has a good thing going. Cady arrives at a suburban Chicago high school (which has to be a nod to those great John Hughes movies like Sixteen Candles, The Breakfast Club and Ferris Bueller's Day Off, which also were set there) and becomes friends with punk rock Janis Ian (Lizzy Caplan) and chubby Damien (Daniel Franzese), who's ""too gay to function."" One day during lunch, she ends up getting trapped in the web of The Plastics, as they're known. Fabulous blond Regina (Canadian actor Rachel McAdams) is their cruel leader, and her minions are the insecure, psychotic Gretchen (Lacey Chabert) and the airhead Karen (Amanda Seyfried). When Cady lets it slip that she has a crush on Aaron (Jonathan Bennett), a cute guy in her calculus class who happens to be Regina's ex-boyfriend, Regina befriends her with the intention of destroying her. Janis and Damien have their own plans for destroying the Plastic pack, and figure Cady's access is the best way to achieve them. Cady is caught between both worlds  but because mean girls can be so intimidating and persuasive "
142,NAZ_Doc2_Mean_Girls,NAZ_Doc2_Mean_Girls,NAZ,Comedy,Negative,Mean_Girls,"Mean Girls boasts a screenplay written by the queen bee of hip comedy, Tina Fey, who used Rosalind Wiseman's parental self-help tome ""Queen Bees and Wannabes: Helping Your Daughter Survive Cliques, Gossip, Boyfriends & Other Realities of Adolescence"" as a reference point. Wiseman's book offers little that hasn't been covered by Jane Austen, Emily Bronte or Louisa May Alcott; mostly it describes age-old social situations in pop-psycholgical terms under the guise of candidness. All you need to know about Wiseman is that she has spent time on ""Dr. Phil"" promoting Empower, her organization that works to ""empower"" adolescent girls to proactively synergize their diverse energies into interpersonal win-win situations  a Coveyization of ""Girl World"" understanding. Ultimately, her method yields little actual insight because it's so reductive; she employs charts, graphs and tables to organize all girls into ""types"" (queen bee, sidekick, torn bystander, messenger and target), then interviews a bunch of them and plugs their comments into her analysis where handy. By simplifying humans into sub-archetypes, they become less like actual humans and more like stock movie characters. It would be a good starting point, perhaps, if the reader were unaware how treacherous adolescence can be. Fundamentally, though, it's an incomplete understanding of the complexity of human relationships that masquerades as deep analysis  Wiseman doesn't attempt to get under the skin of her subjects, like the better efforts of Rachel Simmons' ""Odd Girl Out: The Hidden Culture of Aggression in Girls"" or Mary Pipher's ""Reviving Ophelia: Saving the Selves of Adolescent Girls."" The reality is that most high school boys and girls are acutely aware of ""types,"" and most fit bits and pieces of several. Yes, there are ""popular girls"" and ""sexually active band geeks"" and ""JV jocks,"" but the masses exist between the obvious stereotypes  the opposite of the high school movie, in which the protagonist is the only different, diverse and interesting character swimming through a sea of stereotypes. No doubt ""types"" populate our high schools, but ever since John Hughes' The Breakfast Club told us that ""You see us as you want to see us  in the simplest terms, in the most convenient definitions,"" this arrangement has ironically been taken for gospel. What's worse is that this theory of the high school social milieu has become the standard narrative to ""understanding"" school violence, even when the classifying of groups isn't relevant. At its best, the high school movie transcends its setting, using high school as a metaphor for something larger (think Alexander Payne's Election); mostly, though, films from this genre have become basically naive versions of Robert Altman movies. Mean Girls thrusts Cady Heron (Lindsay Lohan), the new girl who was raised in Africa by missionary parents, into the sexually charged world of the suburban high school  so sexually charged, in fact, that the first thing the bespectacled math teacher (Fey herself) does is take off her spilled-upon shirt in front of the class. Cady is befriended by fringe homosexuals Janis and"
143,NAZ_Doc3_Mean_Girls,NAZ_Doc3_Mean_Girls,NAZ,Comedy,Negative,Mean_Girls,"If only we could have a look at the first draft of the script Tina Fey turned in for Mean Girls, the teen-jungle comedy that is being trumpeted as the screenwriting debut of the Saturday Night Live comic. I refuse to believe that someone of Fey's smarts and sass would have been content to submit a screenplay that trades so obviously in such tired high-school constructs as the bitch clique, the put-upon newcomer, the goth and gay friends, the clueless parent and the overwhelmed teacher. Not to mention all the other tricks of the teen-flick trade: the jokes about flatulence, vomiting, naughty dogs, breast size, sexual identity and so on that pop up as if required by Hollywood law. Maybe I'm wrong, indulging in conspiracy theories about studio meddling. Or perhaps I'm simply expecting too much of Fey, who had the difficult task of pulling a comedy out of Rosalind Wiseman's serious parental guidebook Queen Bees & Wannabes: Helping Your Daughter Survive Cliques, Gossip, Boyfriends & Other Realities of Adolescence. But Fey is better than this. As SNL's first female head writer and host of the popular ""Weekend Update"" segment, she has distinguished herself as one of the few bright lights on a show that long ago lost its edge. She has a prickly sense of satire that is largely missing from Mean Girls. The movie aims to be another Heathers, but it settles for something far gentler, even with Fey as a member of the cast (she plays a teacher) along with fellow SNL alums Tim Meadows, Ana Gasteyer and Amy Poehler. The script really is an issue here, since director Mark Waters and star Lindsay Lohan proved themselves capable of superior work when they first teamed up last summer's happy remake Freaky Friday. Particularly Lohan, who has some of Reese Witherspoon's sense of self-awareness to confide to viewers in moments of direct address, as in the recent Confessions of a Teenage Drama Queen. Lohan once again demonstrates her range in Mean Girls, which she is pitched to young audiences as a coming-of-age story for girls. She's playing Cady, a 16-year-old girl originally from Africa who is going to a public school for the first time. She's the daughter of zoologist parents (Neil Flynn and Ana Gasteyer) who have home-schooled her in Africa, studying animals in the wild. Her first day at North Shore High introduces her to a whole other zoo, which gets the movie off to a rousing start. But predictably, Cady's initial bravery brings her face-to-face with the Plastics, a painted-face trio led by the deposed queen Regina George (Rachel McAdams), who has already disposed of one boyfriend (Jonathan Bennett). The Plastics are snub Cady, who takes refuge with the only two students at North Shore who will play nice: goth girl Janis (Lizzy Caplan) and her closeted pal Damian (Daniel Franzese), who is repeatedly described as ""almost too gay to function."" Battle lines are drawn, and Cady soon becomes Regina's replacement. She imitates Regina's ways,"
144,NAZ_Doc4_Mean_Girls,NAZ_Doc4_Mean_Girls,NAZ,Comedy,Negative,Mean_Girls,"Before Lindsay Lohan became as famous for her offscreen activities as for her movie performances (""The Parent Trap,"" ""Freaky Friday"") and before Tina Fey ran for the Vice Presidency of the United States (""Saturday Night Live""), the pair made ""Mean Girls"" in 2004. Lohan starred, and Fey wrote the screenplay and co-starred. The movie takes some mildly amusing shots at formula, new-girl-in-town teen films and, while breaking no new ground, at least leaves one smiling. Given its potential, I just wish it had done something more. Lohan plays Cady Heron, a sixteen-year-old whose parents have home-schooled her while traveling around the world as research zoologists. The family has just returned from an extended stay in Africa and finally settled down in middle America, so Cady is off to a regular public school for the first time in her life. She goes from the wild to the wilder. The filmmakers, basing their movie on the book ""Queen Bees and Wannabes"" by Rosalind Wiseman, intend for Cady's encounters at North Shore High School to represent and satirize most of the problems of everyday, middle-class high-school life. We get shots at name-calling, backbiting, gossiping, rumormongering, petty jealousies, and general cattiness, just for starts. If it seems as though you've seen all this before, well, yeah, you probably have. The movie's successes, minor as they may be, are in the details. On Cady's first day of school, she learns that animals of the veldt who eat each other for dinner are nicer to one another than the student body at North Shore. Practically everybody at school is a creep or a jerk. Naturally, various cliques entirely make up the student body, each clique sitting at a different table in the cafeteria. There are the jocks, the cheerleaders, the hotties, the blacks, the cool Asians, the thin girls, the fat girls, the art freaks, the band geeks, the burnouts, the wannabes, the nerds, the preps, the freshmen, the ROTC, etc. At the top of the ladder are the Plastics, the royalty of the cliques, whose leader, Regina George (Rachel McAdams), is the Queen Bee, the richest, meanest girl in school. Despite the fact that Cady is brilliant and beautiful, almost nobody wants to have anything to do with her because she doesn't belong to a clique, so the first friends she makes are a pair of outsiders like herself: Damian (Daniel Franzese), a gay, witty young man, and Janis (Lizzy Caplan), a smart, semi-goth, artsy type girl. (Nobody in the film actually looks, talks, or thinks like a teenager, neither figuratively nor literally. Lohan is about the only person in the movie who was still in her teens when she made it, and the others appear to be just what they are, twenty-somethings.) Now comes the major plot contrivance. Janis holds a grudge against Regina for spreading a rumor about her being a lesbian. When Regina and her followers take an unexpected interest in Cady, Janis and Damian urge Cady to go along with it,"
145,NAZ_Doc5_Mean_Girls,NAZ_Doc5_Mean_Girls,NAZ,Comedy,Negative,Mean_Girls,"With a screenplay by Tina Fey of ""Saturday Night Live,"" my hopes were high that ""Mean Girls"" would represent what Fey has been bringing to the show for some time now: a sharp, weird sense of humor. Trafficking unknowingly in stale teen girl flick cliches and failing to maintain a narrative flow past the hour mark, ""Mean Girls"" is a disappointment, and a poor directing job from clearly-out-of-his-league filmmaker, Mark Waters. There are laughs, but also a great deal of disinterest what the film is trying to say. After being home schooled in Africa for most of her life, Cady (Lindsay Lohan, ""Freaky Friday"") is making a fresh start in a suburban Illinois high school. Trying to fit into her treacherous surroundings, Cady makes friends with two ""art geeks"" (Daniel Franzese and Lizzy Caplan), as well as three of the most popular girls in the school, known as ""The Plastics"" (Rachel McAdams, Lacey Chabert, and Amanda Seyfried). Torn between the friends she respects and the popularity that will bring her attention, boys, and pretty clothes, Cady is pushed to the brink when The Plastics begin to betray her. Employing the rules of the jungle to help achieve revenge, Cady attempts to keep her self-respect as she sorts out the mess she's in. What's really exciting about ""Mean Girls"" is that it was written by current ""Saturday Night Live"" savior Fey. In her first feature film screenplay, hopes were high that Fey could translate her razor wit and crack timing to the big screen, especially in the excruciatingly flooded genre of the high school clique comedy. ""Mean Girls"" is a nice idea for a film, based on the novel by Rosalind Wiseman. ""Girls"" opens as a satire of high school life, complete with broad student stereotypes and requisite weenie teachers (played by Fey and Tim Meadows). The defining material of the film is how Wiseman juxtaposes the backstabbing, ferocious high school relationships with similar ones found in the animal life of Africa, and director Mark Waters (""Freaky Friday"") covers this material exactly for the first 45 minutes. But much like Cady herself, Waters begins to fall a little too much in love with his movie, and he doesn't know when to stop. ""Mean Girls"" is only a genuinely smart, wonderful film for about a 1/3 of its running time. The rest is devoted to stale gags (the film contains another entry for the ""2004: Year of the Fart Joke"" awards) and material so depressingly familiar that it sucks all the energy out of the production by the time it reaches the hour mark, where it just simply shrivels up and dies. Most of the fault for the failure of ""Mean Girls"" can be placed on Waters's shoulders, as he is just the wrong man for this job. Fey's script is peppered with biting jabs at overindulging parents, sexualized pre-teens (a ripe topic if I ever saw one), and the awkwardness of being in high school without a defining identity. Waters directs"
146,NAZ_Doc6_Mean_Girls,NAZ_Doc6_Mean_Girls,NAZ,Comedy,Positive,Mean_Girls,"Cady Heron is a hit with The Plastics, the A-list girl clique at her new school, until she makes the mistake of falling for Aaron Samuels, the ex-boyfriend of alpha Plastic Regina George. Wednesday, April 30th isn't just any other Wednesday; it's a day to celebrate the early 2000s coming-of-age comedy Mean Girls. This is a film that has held onto my life since the moment it was released with its quotable catchphrases, of-the-times fashion, and its relatable growing pains for young women. A quintessential movie that is not only filled with legendary performances from the geeks to the Plastics, but also captures how hard it truly is to be a teenage girl finding your place in the world. Now let's put on our favorite pink shirt, hit play on the soundtrack, and take a stroll down memory lane. As I was writing down notes before diving into this piece, there was a memory from my childhood that stuck out. It was Halloween of 2004, and I had just been invited to a sleepover at my best friend's house, but there was an urgency to this invitation. It wasn't the usual sleepover; my best friend had managed to get two of the most popular girls in school to join. They wore all the best clothes from the mall, their parents let them wear makeup, and they were both positively perfectat least in my mind. Being 10 years old at the time and rather awkward in both my attitude and my appearance, it's needless to say that these girls were the Plastics of my world, and I was the odd one out. While packing my bag for the weekend, I panicked about whether I should bring my emotional support stuffed animal or not, but one thing I made sure to stuff into my bag was my rented copy of Mean Girls. If the snacks I brought didn't impress them, I knew this was my holy grail. Looking back at this memory makes this film even more special to me, and its importance all the more clear. It's the first film I remember showing to others outside of my family that made me pay attention to how people reacted to art. Seeing the reactions from my best friend and the popular girls in school showed me that although we come from different walks of life and privilege, we can bond over a film that encapsulates our girlhood. Through Cady Heron and eventually her gang of Plastics, we learned that girls come in all shapes and sizes, and although our interests vary and the way we dress might seem odd to one another, there's no right or wrong way to express femininity as long as it's inclusive. It's easy to root for a character like Cady, especially when she is played by Lindsay Lohan, an icon of the times. She's a fish out of water coming from an entirely different country and culture, which she inevitably finds to be far removed from life"
147,NAZ_Doc7_Mean_Girls,NAZ_Doc7_Mean_Girls,NAZ,Comedy,Positive,Mean_Girls,"From porn sites to chat rooms, teen girls seem to have America in an agitated twist. Everyone wants to figure out what makes girls tick, and those who don't just want to get in their pants. An America already stoopid-crazy about teen flesh can now add Mean Girls to its playlist of comedies featuring bitchy popular girls who get their comeuppance. The teen bitch comedy, from Heathers to Jawbreaker, operates from the same frisson of delight that propels every Halloween and Scream franchise, in which the crazed killer does gory damage to uppity prom queens and promiscuous party girls. We are a hypocritical culture as obsessed with watching the sadistic hijinks of teen dream queens as we are obsessed with relishing the moment when these objects of our visual infatuation get what's coming to 'em. It's probably thanks to ""Saturday Night Live"" writer and cast member Tina Fey's screenwriting that Mean Girls is a funnier and more insightful movie than your average teen comedy. Though Fey probably works out some of her own ""mean girl"" issues and indulges in some tired ""get the bitches"" cliches, she keeps things lively enough to offset the ""same old, same old"" phenomenon. Regina (Rachel McAdams) is the blond, evil ringleader of the reigning high school clique, worshiped and feared by the school's populace. Regina's charisma is so powerful she has transformed even her bimbo mother into a wannabe acolyte and has convinced her parents to vacate their McMansion's master bedroom so the pampered princess can spread out. Regina is threatened with dethronement when a new sheriff in town prepares to oust the alpha honey. A hottie in nerd's clothing, Cady Heron (Lindsay Lohan) is a home-schooled academic's daughter who's been living with her parents in Africa and is unfamiliar with the complex caste system of an American high school. Cady approaches her new school like an anthropological study. In amusing fantasy sequences, the bizarre rituals of the high school lunchroom and the ferocious girl quest for power are likened to the chest-beating grunts and butt sniffing of beasts in the African wild. Cady is set up by two artsy types  sardonic goth Janis (Lizzy Caplan) and irony-generating gay kid Damian (Daniel Franzese)  to observe the Plastics, as Janis has dubbed them, in their native habitat and report back. The ho-hum, predictable machinations involved in unmasking the Plastics as grade-A beeyatches are less interesting than the film's ability to nail teenage culture, especially the American high schooler's infatuation with hip-hop. The school math geek, a beanpole East Indian, is obsessed with rap, and his dick-grabbing, profanity-laced talent-show act is a hilarious display of teen nasty lurking inside a baby-faced guise. In this by-turns innocent and wiseacre teen world, the coach is boffing a member of the Asian girl clique, and the catatonically mild-mannered school principle, Mr. Duvall (Tim Meadows), brandishes a baseball bat to quell a girl fight. Mean Girls' insights into the top-dog girl psyche are gleaned from a work of pop"
148,NAZ_Doc8_Mean_Girls,NAZ_Doc8_Mean_Girls,NAZ,Comedy,Positive,Mean_Girls,"Teenage girls can be red in tooth and claw, in case you hadn't gotten the pop-culture memo. Films like Catherine Hardwicke's Thirteen and books like Rosalind Wiseman's Queen Bees & Wannabes have thrown a harsh light on teen girls' yearning for acceptance and struggles with self-esteem; Tina Fey, head writer on Saturday Night Live, read Wiseman's book, and Fey's resulting screenplay was so inspired by Queen Bees that Wiseman gets a screen credit. Mean Girls, which opened with surprisingly big numbers, may tap into the same zeitgeist that seeks to decode the unhappy daughters of a new generation. It's also considerably witty, with freshly conceived characters and a baroquely structured plot. Lindsay Lohan, whose popularity may be part of the reason for Mean Girls' success, is Cady Heron, a homeschooled girl attending a public school for the first time. Cady doesn't know the social rules of high school, though her new friends, outcast art freaks Janis (Lizzy Caplan) and Damien (Daniel Franzese), waste no time filling her in. Tina Fey must have been as relieved and as dispirited as many viewers to learn that high-school cliques haven't changed much in fifteen years. The queen bee clique, derisively known as the Plastics, are a trio of well-appointed brats: airhead Karen (Amanda Seyfried), eager-to-please Gretchen (Lacey Chabert), and ringleader Regina (Rachel McAdams). They take notice of Cady, and Regina invites her into the fold, with Janis' enthusiastic approval, since Cady is in the perfect covert position to report back on the Plastics' vapidity. Mean Girls is not just for teenage girls. Tina Fey and producer Lorne Michaels have brought along some fellow Saturday Night Live talent, including Tim Meadows as the grouchy school principal, Ana Gasteyer as Cady's anthropologist mother, and Amy Poehler as Regina's mother, the ultimate nightmare of a parent who wants to be one of the girls. This is perhaps the smartest film Michaels has had his name on. Cady is a math whiz, and the movie does not shy away from showing actual examples of her knowledge. Fey wants girls to know it is acceptable to be smart, and the subplot in which Cady dumbs herself down to win the affection of a popular senior boy serves as a pointed and effective message. Toward the film's conclusion, the script becomes more overtly instructive. Fey herself, playing Cady's calculus teacher, delivers a speech urging girls to stop calling one another degrading names, noting that such language only gives permission for others to do the same. While the sentiment is difficult to dispute, it edges close to a public-service announcement. Similar moments appear when Cady realizes that insulting others does not improve her own self-worth. These lessons have largely already been demonstrated through action, as the Plastics are portrayed as shallow and unappealing, and Cady herself deteriorates as she adopts their behavior. Aside from Regina George and a broadly drawn health teacher, the characters are portrayed with generosity and humor. There is a particularly warm moment when Janis and Damien"
149,NAZ_Doc9_Mean_Girls,NAZ_Doc9_Mean_Girls,NAZ,Comedy,Positive,Mean_Girls,"How do you make a good movie? Would your answer be that you first need a famous actor such as Humphrey Bogart, Cary Grant, or Paul Newman? If so, that view ignores many films that featured major stars but failed creatively. Actors are important, but they are far down the list of what truly makes a good movie. The first essential ingredient is a strong writer. There is a well-known story about screenwriter Robert Riskin, who wrote several films for director Frank Capra. Riskin once sent Capra a bundle of blank pages and challenged him to apply the so-called ""Capra Touch"" to them, illustrating that writing is the foundation of filmmaking. Mean Girls began with screenwriter Tina Fey, an Emmy winner and the head writer for NBC's Saturday Night Live. Fey adapted Rosalind Wiseman's book, Queen Bees and Wannabes: Helping Your Daughter Survive Cliques, Gossip, Boyfriends and Other Realities of Adolescence, transforming a serious nonfiction work into a sharp and insightful comedy. Fey brought the script to producer Lorne Michaels, who immediately supported the project. Director Mark Waters, fresh off the success of Freaky Friday, was drawn to the script as well. With a talented writer, an experienced producer, and a capable director in place, the creative foundation of the film was set before casting even began. Waters then cast seventeen-year-old Lindsay Lohan, who had already demonstrated strong chemistry with him in Freaky Friday, and the film moved confidently into production. Cady Heron, played by Lohan, has been homeschooled in Africa by her parents and suddenly finds herself attending an American high school for the first time. She encounters the dominant clique known as the Plastics, led by Regina George, a fashionable and ruthless trendsetter portrayed by Rachel McAdams. Regina's followers, Gretchen and Karen, are arrogant toward others but submissive to Regina's authority. They invite Cady into their inner circle, unaware that she will soon complicate their social hierarchy. Conflict arises when Cady develops feelings for Regina's boyfriend, Aaron Samuels. With the help of her outsider friends Janis and Damian, Cady devises a plan to undermine the Plastics, even as she becomes increasingly entangled in their world. This premise could easily have resulted in a shallow teen comedy with little appeal beyond its target audience. Instead, the film succeeds because of Fey's intelligent screenplay, Waters' confident direction, and Lohan's strong performance. McAdams delivers a compelling antagonist in Regina, portraying her as charming, calculating, and quietly vicious. The supporting cast contributes consistently strong performances, creating a believable and entertaining ensemble. The result is a film about high school girls that remains engaging for viewers of all ages. The film's pacing is another notable strength. It maintains momentum throughout and never feels sluggish or padded. Despite initial impressions created by the trailer, Mean Girls proves to be a genuinely funny and well-crafted film. It demonstrates how strong writing, thoughtful direction, and committed performances can elevate a familiar genre into something memorable and widely appealing."
150,NAZ_Doc10_Mean_Girls,NAZ_Doc10_Mean_Girls,NAZ,Comedy,Positive,Mean_Girls,"I can't say that I was surprised to find myself enjoying Mean Girls; the re-teaming of the Freaky Friday team of director Mark Waters and star Lindsay Lohan alone suggested something worth watching. I was surprised, though, by how much I enjoyed it, to the degree that I want to see it again, and soon. The trailer made it obvious that Mean Girls was designed to move Lohan out of the realm of Disney and into the cinematic mainstream. As such, the film was bound to feel a little transitional, a bridge for its star out of teen films and into the world of adults without fully crossing that divide. It was a clever decision to give Lohan a role that advances her to playing a realistic teenager who literally moves from a protected world into a more complicated one. Just as Lohan is stepping outside of the Disney-machine cocoon, her character Cady Heron leaves the safety of a home-schooled upbringing in Africa for the perils of a real high school in Illinois. This setup is effective, but it is the sharp writing by Tina Fey and the confident direction by Mark Waters that truly make the film work. Mean Girls immediately signals that it is willing to take risks, opening with stylized vignettes depicting what Cady imagines home-schooled kids are like. While not all of these jokes land, the willingness to break from conventional storytelling is refreshing. Even when certain visual metaphors are repeated too often, the film's creative ambition remains evident. On the surface, the premise resembles a standard teen comedy, but the execution consistently elevates the material. The film repeatedly approaches familiar genre tropes only to sidestep them or give them a new twist. This keeps the story engaging and unpredictable. When Cady enters high school, she is taken under the wing of goth outcast Janis Ian and flamboyant Damian, who quickly explain the school's social hierarchy. Trouble begins when the elite clique known as the Plastics takes an interest in Cady. Janis harbors a long-standing grudge against their leader, Regina George, and encourages Cady to infiltrate the group and report back. As expected, Cady initially fails to recognize Regina's cruelty and is drawn in by popularity and attention. Even when she realizes she is becoming someone she dislikes, she struggles to stop herself. The screenplay allows this transformation to unfold gradually and honestly, which gives the story emotional weight. There is a precision and insider knowledge at work that makes Mean Girls both very funny and surprisingly perceptive about high school life. Comparisons to other teen satires are inevitable, but this film distinguishes itself by grounding its humor in recognizable human behavior rather than exaggerated caricature. Even when characters are heightened for comedy, they still feel authentic. The adult characters are often ineffectual or distracted, but they retain a sense of humanity that prevents them from becoming mere punchlines. Ultimately, Mean Girls succeeds because it balances humor with insight, delivering an entertaining and thoughtful film that"
151,NFB_Doc1_Dinner_for_Schmucks,NFB_Doc1_Dinner_for_Schmucks,NFB,Comedy,Negative,Dinner_for_Schmucks,"Slobs versus snobs. Nerds versus jocks. Schmucks versus elitist businessmen. It's all relative. Such familiar comedic tropes have been around forever it seems, and Dinner with Schmucks has no qualms about returning to the realm of the hapless underdog battling for the right to exist against privileged powermongers. Director Jay Roach helms a comedy very similar in approach to another of his movies, Meet the Parents, as both rely on absurdly uncomfortable situations and a protagonist too timid to do anything about them. Though filled with notable stars and plenty of hilarious bit roles, the movie as a whole drags and annoys, and ultimately proves a little two-faced, as the 'snobs vs. slobs' setup often does. After an impressive display of salesman-like ingenuity, lowly 6th Floor analyst Tim (Paul Rudd) receives an invite to a weekly dinner at the home of 7th Floor executive Lance Fender (Bruce Greenwood). Each of the superior office types invited to this dinner must bring a ""special"" guest. ""Special"" in this case means idiotic, as the executives have staged this dinner to poke fun at what they consider nerds and losers. Tim thinks the idea is ""messed up"", as does his art curator girlfriend Julie (Stephanie Szostak). She threatens to leave him if he goes; he argues that he must in order to get a crucial promotion, and with his fingers crossed he promises he won't attend. Tim all but writes off going to the cruel dinner until, by accident, he literally crashes into Barry (Steve Carell), a sweet but unusual guy who makes dioramas of high art and historic events using taxidermied mice, such as his rendition of Louis Pasteur who ""invented penicillin"". Barry would be perfect for Fender's dinner, except Tim's girlfriend walks out when she finds out he's going. Then Barry show's up at Tim's house and proves to be an utter annoyance, single-handedly ruining every aspect of Tim's life. But for some reason, probably because the writers wrote him that way, Tim allows Barry to tag along as he attempts to win back Julie and save his job. The movie is difficult to endure because, like Roach's Meet the Parents, the scenario evolves from a series of awkward situations into a disastrous snowball effect. Tim is subject to no end of misunderstandings that he's incapable of explaining away to his livid girlfriend, all thanks to Barry. Take the subplot where Barry inadvertently invites Tim's stalker Darla (Lucy Punch) over, and in an attempt to correct this mistake, Barry tells Julie to leave thinking she's Darla. These are nightmare moments that are embarrassing for Tim, so much so that the audience doesn't laugh as much as groan What next? or shout Oh no! with disbelief. Much of it proves very funny, just for the audacity and ludicrousness of these moments, but at the same time the audience is aware of how exaggerated such gags are for comic effect. Making it worse is Tim, who while stricken by Barry's poor social manners, does"
152,NFB_Doc2_Dinner_for_Schmucks,NFB_Doc2_Dinner_for_Schmucks,NFB,Comedy,Positive,Dinner_for_Schmucks,"The characters and situations presented in ""Dinner for Schmucks"" are so excessively ridiculous that one or the other will ultimately draw laughs. The downside to this structure of supreme silliness is that when the film finally demands sympathy and understanding of its subjects, it's nearly impossible to comply, given the almost otherworldly foundation they've been built upon. Steve Carell and Paul Rudd fill their roles with torrents of enthusiasm, but while they manage to edge past the stale supporting characters, they're unable to avoid getting dragged down to a less constructive level during the expected plot contrivances. Rarely realistic and barely believable, the film's methodical demolition of its protagonist's life does become surprisingly entertaining under the constant bombardment of ludicrous scenarios. With an expensive lifestyle and the possibility of marriage to his longtime girlfriend, Tim (Paul Rudd) finds himself boldly elbowing his way through the rat race of corporate ladder-climbing at the private equity firm, Fender Financial, where he works. Finally scrambling his way into the prospects of upper management, Tim is invited to a ""Dinner for Winners"" at the boss's house, a callous competition where each executive must bring the most maniacal idiot they can find for the others to berate. When Tim runs into Barry (Steve Carell), a nerdy taxidermist whose hobby involves creating elaborate dioramas with stuffed mice, he thinks he's hit the jackpot  but Barry's early arrival quickly turns disastrous as the oblivious simpleton begins wreaking havoc on Tim's personal life as well as his teetering career. ""I can't help but think this is partially my fault."" ""Dinner for Schmucks"" tries to capitalize on the ridiculous. When particular gags just don't work, the script opts to deliver another barrage of preposterous, unexplainably kooky characters and dialogue to distract the audience from the lack of genuinely funny content. Some of the time it succeeds, creating eccentricities so disconnected, so over-the-top, that uneasy laughter is bound to occur. The remaining bits powerlessly fail to mask the fact that many of the scenery changes and plot progressions are trite gambits that are as predictable, recycled, and pathetic as the lead characters. The guys at the office verbally joke about floor levels denoting seniority and the collecting of idiotic dinner guests, while slapstick bullies its way into the picture through Tim's back pain and bold artist Kieran's (Jemaine Clement) fancying of full-body satyr attire and animalistic mating dances. The large gathering of absurd supper company adds humor with physical appearances and disturbing skills. But the majority of comedy comes from Steve Carell, who singlehandedly serves up a combination of slapstick, rubbish, contorted facial expressions, immaturity, and extreme, introverted conversations. While Carell steals the show with his ""mousterpiece"" taxidermy creations, the characters themselves nearly ruin it with their out-of-this-world designs. None of the cast appears convincingly real, stretching their weirdness beyond anything remotely plausible, and Tim is always too accepting of every misunderstanding and awkward situation, as if he's already accustomed to such ceaseless nonsense."
153,NFB_Doc3_Dinner_for_Schmucks,NFB_Doc3_Dinner_for_Schmucks,NFB,Comedy,Positive,Dinner_for_Schmucks,"A remake of Francis Veber's French farce The Dinner Game, Dinner for Schmucks pairs Steve Carell and Paul Rudd as a wildly mismatched odd couple thrown together by one man's upward mobility, another man's nonsensibility and the notion that everything does indeed happen for a reason. Rudd is Tim, a successful ""sixth floor"" analyst whose desire to make it to his firm's top floor is suddenly within reach when he finds himself invited to the inner circle's monthly dinner gathering. Each attendee is to bring a high falootin' loser to the dinner where they will all be put on a rather freakish display and, you guessed it, the biggest loser makes their host an even bigger winner. Tim isn't quite cruel enough to not see the sheer humiliation involved in this exercise, a fact drummed into his brain by his girlfriend (Stephanie Szostak), but when Barry (Carell) seemingly falls into his lap during a traffic mishap he can't help but view it as a sign from God that he's supposed to go to this dinner party and take Barry with him. Of course, nothing goes as planned. Not surprisingly, Dinner for Schmucks is nowhere near as biting or cruel as its French predecessor. In fact, it's nowhere near as funny as Francis Veber's The Dinner Game, however, however, director Jay Roach and his team of writers do manage to infuse the film with a much more satisfying degree of humanity and, unlike Veber's film, an actual dinner party. How much you enjoy Dinner for Schmucks may very well depend upon your tolerance for Steve Carell, a man who is seen by some as the funniest man working in cinematic comedy today and by others as a maddeningly one-note comic who keeps finding films to match that one note. While this critic leans towards the former conclusion, it's also true that Dinner for Schmucks does manage to capitalize on many of the things America has come to know, love and expect from Carell including his ability to project simultaneously a wholesome goodness, a sort of not so thinly veiled idiocy and, yet, a certain naughty little boy charm. Here, by the time Tim and Barry have made it to the actual dinner Tim's world has been turned upside down by Barry's well intended but ill-conceived attempts at forging an actual friendship. To give away too much about either character would be to spoil the surprise and a few of the film's funnier gags, but watching Barry try so hard yet fail miserably is both funny and sweet while Rudd's Tim is almost as equally inept at being a participant in the climactic dinner. One of the true joys of Carell's performance is that he, in fact, does not allow Barry to be a one-note ""idiot."" Barry is a creator of the most awesomely strange and interesting dioramas and lost his wife (admittedly, it was a bit difficult imagining him ever actually getting his wife) to a professional peer who continues to"
154,NFB_Doc4_Dinner_for_Schmucks,NFB_Doc4_Dinner_for_Schmucks,NFB,Comedy,Positive,Dinner_for_Schmucks,"There's something definably French about Dinner for Schmucks, as though the film can't seem to shake its original source material, the 1998 French film The Dinner Game. As such, the picture teeters between Hollywood morality tale and off-the-wall mean-spirited romp. And this, unfortunately, doesn't lend itself to a wholly enjoyable experience, especially for fans looking to laugh away at our goofball characters guilt-free. But in some ways, that's really the point of Dinner for Schmucks. Our society is intoxicated with making fun of one another, and often in very mean ways. From YouTube bloopers to viral video sensations  we love to make fun of the weird, bizarre and extraordinary. And, for the most part, those who are made fun of often play along with the gag, or they disappear forever, destroyed by their misfortune. Dinner for Schmucks takes this societal flaw, reworks and rebinds it, and delivers a morality play in which we're told that laughing at the goobers in this film is both right and very wrong. Up-and-coming financial adviser Tim (Paul Rudd) works for a seemingly sinister company that buys up corporations and essentially destroys them. In other words, these men create no value whatsoever. In a bid to gain a promotion, Tim suggests luring a young entrepreneur so that the company can take control of this man's inherited assets. The big boss (Bruce Greenwood) loves the idea, and as a token gesture, he invites Tim to a special dinner in which he's supposed to bring a guest. This guest, of course, must be a complete loser  someone the whole room can mock and ridicule. Cue Barry, played by Steve Carell, who's essentially reprising his character from The 40 Year-Old Virgin, crossed with his simpleton weatherman buffoon, Brick Tamland, from Anchorman. Barry is a strange bird, with not much confidence or common sense and a quirky hobby (he stuffs mice and creates dioramas). Over the course of the film, though, Tim and Barry bond and slowly evolve into friends, which causes much conflict once Tim must present Barry to the dinner party. In a way, Dinner for Schmucks tries to remind us that we're all human beings and we have feelings that can be hurt. It also points out that the real schmucks are not the people on display, but the jerks who put them there. At least the weirdos in this movie are trying to do something with themselves  create value  even if it's completely bizarre (and very chuckle-worthy). As a wayward morality play, the film is a smashing success. As a comedy  not as much. The film is bogged down by numerous farcical comedic set pieces that don't quite work, editing is all over the board, and the uneven tone really draws the film away from its deeper meaning. As a whole, Dinner for Schmucks is a bit off. But peel back the layers and there's a lot to draw from this bizarre little film. Schmucks arrives on Blu-ray using the"
155,NFB_Doc5_Dinner_for_Schmucks,NFB_Doc5_Dinner_for_Schmucks,NFB,Comedy,Positive,Dinner_for_Schmucks,"Dinner for Schmucks begins with a title sequence set to ""The Fool on the Hill,"" one of my favorite Beatles songs. I was about to cry ""Sacrilege!"" until the charm of the sequence won me over: a variety of mice we assume to be fake (real, we later learn, and dead) dressed up in little outfits, enacting an outdoor idyll. The man who collects these dead mice and turns them into art is Barry Speck (Steve Carell), and the Beatles song prompts us to think of Barry as the fool. But we're presented with a perhaps greater fool: Tim Conrad (Paul Rudd), who's angling for a corporate promotion and thinks he can get it by inviting Barry to the boss's monthly, ironically named ""Dinner for Winners."" Each employee brings some laughable goofball to the dinner, and the winner is the one whose guest earns the most derision from the assembled elite. Based on the somewhat more acidic French farce The Dinner Game, this American remake actually shows us the dinner, unlike the original. Director Jay Roach and writers David Guion and Michael Handelman treat the premise as an occasion for a meeting of eccentrics, of which the hapless Barry is possibly the least schmucky. (Tim understands the event to be ""a dinner for idiots""; the film's title is never used to describe the proceedings, suggesting that the dinner's true schmucks aren't the invited ones.) This puts us in the awkward position of laughing along with the gathered snobs at people too socially blinkered to realize they're being exploited, but it also gives comedians like Zach Galifianakis and Octavia Spencer a chance to uncork their weirdness. The evil Jeff Dunham is on hand, too, but I agreed to forget he was there. Bizarrely, Dinner for Schmucks put me in mind of two classics of short literature; bear with me a minute. The first is Poe's ""Hop-Frog,"" in which a deformed court jester exacts ghastly revenge on the callous king and his council. There's a direct line from Poe to Paul Bowles' ""A Distant Episode,"" wherein a professor of linguistics is kidnapped by a desert tribe, has his tongue cut out, and is forced to dance for their amusement. In both, the elite class are violently humbled and made ridiculous by the underlings they'd condescended to. Dinner for Schmucks doesn't go so far as to dress hateful corporate prez Bruce Greenwood or financier David Walliams as orangutangs or rip their tongues out (though there is some nasty business involving a finger), but it does arouse in us a similar working-Joe desire to watch the dismantling of this pompously appointed celebration of how much cooler rich people are than schmucks. I'm not saying Dinner for Schmucks is any sort of Bunuelian spray of venom at the bourgeoisie. Of course not. But there's a little more going on in it than you might expect from a summer comedy starring Steve Carell and Paul Rudd. (Both of whom are terrific here, Carell in particular working"
156,NFB_Doc6_Dinner_for_Schmucks,NFB_Doc6_Dinner_for_Schmucks,NFB,Comedy,Positive,Dinner_for_Schmucks,"When the Hollywood remake machine surges through Europe, none shall be spared; 'The Girl with the Dragon Tattoo', 'Let the Right One In' and now 'The Dinner Game' have all joined the ranks of localization and reinvention for the English-speaking market. Largely these remakes are unnecessary and smack of how resistant audiences (or perhaps producers) are to embracing foreign film in their original form. That's not to say that 'Dinner for Schmucks' doesn't have merit in its own right  it does and, as a comedy roll-call of today's great bit-players and stand-up performers, it really brings in the talent. But, honestly, it's irrelevant. Dinner for Schmucks is derivative by its nature and probably never needed to exist in the first place. Let's move past that point though and work under the same assumption that they executive producers are probably banking on; that is, you haven't seen the original. Given that scenario, Dinner for Schmucks is a lot of fun. It's in fact reminiscent in tone to a 'Ben Stiller awkward situational comedy' - and substituting a greying Stiller with evergreen nice guy Paul Rudd ('Knocked Up', 'Role Models') as the burdened straight man. The film's title refers to the dinner party practices of a fabulously wealthy and successful collective of investors who gather together to make fun of idiotic guests. These guests are unwittingly on display for the perverse amusements of their hosts  and the evening culminates in a mock-award ceremony for the fool and quiet adulation for the person who brought them along. Steve Carell is the fall-guy for Rudd's character Tim, eager to break into upper management at his firm and win the heart of his almost-fiancee, Julie (Stephanie Szostak). Julie has another would-be suitor in the hyper-wanky artist Kieran (Jemaine Clement from 'Flight of the Conchords') and naturally Carell's good intentions end up driving a wedge between Tim and Julie. Carell's knack for playing dim characters is never in question  just look at 'Anchorman: The Legend of Ron Burgundy'  but he's rarely as downright obtuse as he is here. His sweetly naive character, Barry, uses dead rodents to construct elaborate dioramas and photographs, staging every element with exacting detail. The butt of plenty of jokes, these mice actually end up creating a surprising heartwarming undercurrent late in the film  and Barry's redemption, such as it is, adds so emotional depth to an otherwise straightforward mismatched-buddy comedy routine. Jay Roach, director behind the 'Austin Powers' Mike Myers vehicles and 'Meet The Parents' employs a similar approach to the tone of the comedy in Dinner for Schmucks. His knack for crafting build-ups and great punch lines put these comedies at front of mind for a generation of audiences, and Dinner for Schmucks, while not as instantly iconic and defined as his previous work, still delivers a lot of entertainment. The story's brisk pace, told over just a few days total, works strongly in Dinner for Schmucks' favour, rarely getting bogged down in drawn out"
157,NFB_Doc7_Dinner_for_Schmucks,NFB_Doc7_Dinner_for_Schmucks,NFB,Comedy,Negative,Dinner_for_Schmucks,"Sometimes, when polite conversation flags at dinner parties, people ask me what is the worst film I have ever seen, and I usually reply that it's a dead heat between Freddy Got Fingered, Guest House Paradiso and Sex Lives Of The Potato Men. But now there is a fourth contender. Dinner For Schmucks is easily the most obnoxious film of the year, and ranks high among the least intelligent remakes of all time. It is the nasty, sadistic ruination by Hollywood of a French comedy called Le Diner de Cons, alias The Dinner Game (1999). The original ranks among the better works of Francis Veber, the veteran farceur who created La Cage Aux Folles. Its anti-hero was a rich smoothie, a social and intellectual snob, whose favourite dinner-time recreation was competing with his well-heeled friends to introduce a guest who is the perfect 'con', or idiot. The person voted most memorable moron at the end of the evening won his patron first prize. The entertainment value of theoriginal lay in watching an arrogant man receive his comeuppance as the victim he chose for humiliation unwittingly caused his callous, privileged life to fall apart. The Americans behind this remarkably half-witted remake, led by director Jay Roach (who made the Austin Powers movies) try to soften the piece by casting the anti-hero with perennial nice guy Paul Rudd. He's now Tim, a middle-manager trying to ingratiate himself with his bosses, who offer him promotion on condition that he brings along an idiot for them to mock at their dinner party. The big problem with this approach is that because Rudd has charm and decency, he fails to convince as a would-be corporate shark. And there's no pleasure to be derived from seeing Tim's life fall apart. Roach and his pals have utterly missed the point of the French original. Moreover, the film gives Tim's chosen idiot Barry (Steve Carell) a remarkable talent  dressing up and posing stuffed mice in various artistic and social tableaux. These show an intelligence, humour and irony that is (a) not idiotic at all, and (b) incompatible with the rest of Barry's character. In his dealings with people, Barry is no naive nice guy but boorish, obnoxious and reckless, without the slightest sense of right and wrong. It's inconceivablethat a man with his mental problems and lack of morality would construct his 'mouseterpieces' or be able to hold down his day job as a taxman. It also makes a nonsense of Tim's schmaltzy speech at the end of the movie about how much he has learned from Barry's finer qualities. Barry doesn't have any. Almost every new idea in the remake is disgustingly cruel or depressingly misogynistic. Tim now has a sexually aggressive stalker (played without an ounce of humour by British actress Lucy Punch) who makes Glenn Close in Fatal Attraction look well-balanced. This character is wheeled on purely to ruin Tim's love-life, and for us to laugh at. Then there's Barry's boss, allegedly a senior"
158,NFB_Doc8_Dinner_for_Schmucks,NFB_Doc8_Dinner_for_Schmucks,NFB,Comedy,Negative,Dinner_for_Schmucks,"The greatest crime committed by DINNER FOR SCHMUCKS, and there are many, is that it might prevent the viewers who have suffered through it to never discover the original, Francis Vebers delicious LE DINER DE CONS, on which it was based. An original of which the re-makers have completely missed the point. Of course, Americanizing a French flick is not in and of itself a death knell for a project. Flattening, sanitizing, and generally smoothing out the edginess in favor of product that is safe, dull, and lifeless is. Veber creates small, character-driven gems, economical of time, clever of concept, and fiercely wicked in dispatching those who deserve it. DINNER FOR SCHMUCKS takes the dynamic of a truly evil but suave and successful man played for a fool by the inept disaster of a good-hearted loser and tosses it aside, and with it, the whole point of the exercise. Only Steve Carrell as the loveable loser retains what made the original so funny, and even he is undone by an uninspired script that resorts to bland cliches. The innate evil of the successful member of the duo has been tempered into Tim (Paul Rudd), a good guy whose dreams of a promotion at the financial firm where he works depend on finding an interesting loser to bring to his bosss monthly dinner for idiots. The boss (Bruce Greenwood), a minor character, can be irredeemably evil, as can all the other members of the firm who would like to see Tim fail. Torn between wanting the promotion and staying in the good graces of his disapproving art-gallery owning girlfriend, Julie (Stephanie Szostak), he opts for the promotion in order to impress her and finally convince her to marry him. His search for the perfect idiot turns out to be easier than he thought when he literally runs into Barry (Carrell), a dimwit with a placid, buck-toothed smile and the amazing ability to misunderstand any situation and/or conversation in which he finds himself. When he reveals that he spends his time making tableaux from the dead mice he collects, Tim is convinced he has a lock on the top idiot. One does not have to have seen the original to find profound disappointment in the remake. While Carrell has the proper childlike innocence and poignant delight in finding what the thinks is a friend in Tim, Tim has too much of a conscience to make their interaction the sharp, sophisticated comedy necessary to carry the action. For all Tims frustration, there is never the killer instinct that would have made Barrys devotion and sweetness all the more funny as he unwittingly yet systematically dismantles every aspect of Tims life. Taking place over two days, instead of the originals single afternoon, it seems contrived and sloppy, relying on too many convenient coincidences rather than the poetic justice of Tims own actions. Its also cluttered with more characters than the originals two, few of any real interest or depth to justify their inclusion. Julie"
159,NFB_Doc9_Dinner_for_Schmucks,NFB_Doc9_Dinner_for_Schmucks,NFB,Comedy,Negative,Dinner_for_Schmucks,"Comedy is an abusive lover. Sure, it might seem like a dream at first! All the funniest people you can think of packed into one movie, every bit part overstuffed with talent, with a premise idiotic but open-ended enough to let them all spin situational straw into comedy gold. Like Rumpelstiltskin! How romantic! Then Rumpelstiltskin steals your $10 and pushes you down the stairs and tells you that you were asking for it. Which, you know, you kind of were. The advance screening of Dinner for Schmucks opened with a ""performance"" by a local improv troupe. This was not a good sign. The improvisers pulled sluggish, reluctant ""volunteers"" from the audience and made them ""tell"" an improvised ""story"" about separating ""Chinese twins"" (I guess they meant Siamese?). Being a pragmatist who does not believe in dark sorcery, I had no idea that the evening could actually go downhill from there. Oh, me! Naive yesterday me. The cast of Dinner for Schmucks is like porno for comedy nerds. Paul Rudd (utterly uncharming for the first time in human history) plays Tim Conrad, an ambitious but frustrated financial analyst at a big firm staffed by dickheads (Ron Livingston, Nick Kroll, The Daily Show's Larry Wilmore, Little Britain's David Walliams)the kind of men who say sentences about ""dividends"" and ""deliverables"" and bang their secretaries (Kristen Schaal) while playing squash and eating finger sandwiches and throwing paperweights at their small, brown menservants. Every month, the CEO hosts a dinner party where each guest brings the most embarrassing idiot he can find (Steve Carell, Zach Galifianakis, Jemaine Clement, the IT Crowd's Chris O'Dowd), everyone makes fun of them, and all the dickheads high-five. Tim is up for a big promotion and needs to find an award-winning schmuck for his inaugural dinner party. Luckily, he hits Barry Speck (Carell)a lonely IRS agent who builds elaborate and completely charming dioramas featuring taxidermied micewith his Porsche and brings him home. Then Barry proceeds to systematically but unintentionally ruin Tim's life. I chuckled onceONCEat Barry's complete sincerity when he announces, in the thick of an impromptu history lecture, ""People said you can't fly a kite in a rainstorm. And Ben Franklin said, 'Yes you can. If you have an electric kite.'"" Also, Jemaine Clement would be funny in a vegetative state. It's clear that Dinner for Schmucks is going for a Meet the Parentsstyle typhoon of misery (Parents and Schmucks were both directed by Jay Roach), but the series of misfortunes that befall Tim are more mean than funny and too contrived to be outrageous. Which is a shame, because Dinner for Schmucks' premisesmug, spiteful corporate executives exploiting and humiliating the common man not just for money, but for sportis a ripe one for a farce. And the cast, an international cabal of funny people, could have really done something with it. Too bad they just punched us in the face instead. I mean, it's nothing. I'm fine. I ran into a door. (Sob.)"
160,NFB_Doc10_Dinner_for_Schmucks,NFB_Doc10_Dinner_for_Schmucks,NFB,Comedy,Negative,Dinner_for_Schmucks,"Why the title, ""Dinner for Schmucks""? To my recollection, no one in the film ever uses the word ""schmuck."" In fact, the event of the title quite often is referred to as a ""dinner for idiots,"" to which each of a group of financial executives brings a guest to (unknowingly) compete for the distinction of being the biggest idiot of the bunch. That's one of the multiple head-scratching facets of the film. The most problematic is that it takes two of our most gifted comic actors, the great Paul Rudd and Steve Carell, and turns themand everyone else in the movie, for that matterinto obnoxious cartoons whose behavior is determined solely by the needs of the plot. I have heard it said that good comedy is either really smart or really sillyI would add that the best comedy is bothbut for most of its running time, ""Dinner for Schmucks"" is just plain stupid. Plenty of comedies have failed harder. The stupidity I'm talking about is the misuse of its two leads. The strengths of Carell and Rudd lie in character-based comedy, a kind of humor that feels honest, natural. (Carell often goes broad as Michael Scott on ""The Office,"" yes, but it's rooted in that character's personality, his unending need to be all things to everybody.) Here, they are reduced to mugging for the camera, fishing for jokes through slapstick. Of course, subtlety never has been the specialty of director Jay Roach, the man behind the ""Austin Powers"" and ""Meet the Parents"" franchises. He's working from a script by David Guion and Michael Handelman based on a 1998 French film called ""The Dinner Game."" Rudd is Tim, who is in line for a big promotion that he hopes will prove to his girlfriend (Stephanie Szostak) that he is good enough to marry. To seal the deal with his boss (Bruce Greenwood), he must attend the aforementioned monthly dinner. Enter Barry, who Carell plays in a sort of greatest-hits act; he's equal parts Michael Scott, ""Anchorman's"" Brick Tamland and Andy Stitzer of ""The 40-Year-Old Virgin."" Barry is a lonely IRS employee whose passion is creating meticulously detailed dioramas using preserved, dead mice. As Barry leaches onto Tim and ruins his entire life in the span of a day, Roach directs without any sense of rhythm, never creating any momentum to carry the story forward. He simply gives us a bunch of people acting weird begging the audience to laugh at them just as the movie's mean-spirited characters do without any sense of comic timing. Jemaine Clement, well known to Flight of the Conchords fans, and ""The Hangover's"" Zach Galifianakis create characters that probably were hilarious in table reads but simply do not work on the screen. Their efforts to be weird supersede everything. Too late, the movie tries to have a heart, leading to a wholly unearned happily-ever-after conclusion. There are some laughs to be had, and despite the recycled feel of his performance, they are almost all courtesy of Carell."
161,OSH_Doc1_No_time_to_die,OSH_Doc1_No_time_to_die,OSH,Action,Negative,No_time_to_die,"During its lengthy run time, No Time To Die executes a vision that is equal parts enthralling and polarizing. That is what tends to happen when a plot leaves space to contradict itself; it offers up the opportunity to both delight and discomfort audiences. So it ambitiously takes on everything in a bid to satisfy the loyalist of followers with an all-you-can-eat James Bond buffet. A nearly three-hour mission means this conclusion has the luxury of being as thorough and sentimental as it would like. It exposes a deep emotional intelligence this action saga could rarely afford. However, this film is incapable of standing on its own, creating a rather tedious movie theatre experience for the less sentimental crowds. It may soothe the growing pains of this expansive film collection, but when you take a step back and look at No Time To Die's achievements as an individual Bond outing, it's a bit of a boring mess. The ridiculously long run time is mostly to blame here. A shorter film would have ironed out the wrinkles of this over-stuffed and bloated premise, forcing Bond to walk at a brisker pace through this memory-ladened minefield. Instead, the plot has free reign to go wherever and do whatever. This adventurous spirit creates a paradox of scattered action scenes that refuse to add stakes to a half-baked sequel of character cameos and shoot-em-up action. It's difficult not to view this conclusion through a cynical lens as someone that has desperately wanted to embrace the Bond franchise and failed miserably to fully understand the appeal, again and again, thanks to these denser installments. James Bond has always stood for refined style, sleek firearms, and clear drinks. This chapter is hardly those things with its clunky and repetitive nature  a nature that works against itself and offers little for our leading man in the form of captivating violence or dialogue. It doesn't take long for these grand cinematic escapades to wear thin as the key players in Bond's finale hour disappear for large chunks of time, and the signature gadgets at his disposal succumb to the convenience of targetless bullets. This last outing does not ponder the question, is he the best Bond? Instead, it allows Craig a formidable performance during those crucial closing moments of No Time To Die. This action installment squanders its momentum by dragging its feet until the bitter last showdown. Yet, the final moments spent by James Bond's side as he watches death close in from every direction is not only a great ending to this film and franchise, but it's one of the greatest endings of any film you will watch this year. Bond sacrifices himself so those he cares about can survive, and it is just about the noblest way to go out. It's the gut-punch farewell that makes sense for this sweeping cinematic tale, the bio-weapon lore it bolsters, and the ceremonial ending this iteration of James Bond deserves. There's nothing more poignant than making the"
162,OSH_Doc2_No_time_to_die,OSH_Doc2_No_time_to_die,OSH,Action,Negative,No_time_to_die,"Let the mourning begin. In No Time to Die, James Bond is dead after 25 installments of the popular series about England's most glamorous secret agentwhich means he will never be backin his present form. This is also Daniel Craig's fifth and final appearance as 007, so enjoy his previously indestructible stoicism for the last time, too. Do this, I hasten to add, only if you are forever dedicated to a fictional action hero who, in your heart of hearts, can do no wrong. In my opinion, he ran out of steam long ago, and now in retirement from Her Majesty's Secret Service, he has no charm, no wit, no sex appeal, no fatal allure for women and he's losing his hair. He dies from stray bullets, deja vu, stale dialogue and mixed reviews. The car chases, the fight sequences (there are two), the helicopter shots, the never-ending guns and exploding warheads have all been done before. This is probably to be expected. You don't go to a James Bond movie to learn anything new. You go to ogle the latest girls, gadgets and exotic locations. The entertainment values are ever apparent, the violence and bloodshed have a certain lift that both defines and defies imagination, and who would have it any other way? You don't always remember what you saw the next day, but you know you had some fun. This time the excitement fades like the popcorn that went with it, and for me, ennui comes on stealthy fingers. No Time to Die may not be the worst James Bond movie ever made, but it's in heavy competition as the dullest one since Octopussy. The film's sole distinction is the fact that it's the James Bond epic that finally manages to make 007 a crashing bore. Directed with more boyish slobber than narrative coherence by Cary Joji Fukunaga from an over-crammed, self-consciously contrived script by no fewer than five writers, No Time to Die hops and stumbles all over the place, but you can still write the plot on the head of a carpet tack. It opens with a flashback to the Italian Alps where a mysterious thug in a white mask plods through the snow to murder a young Madeleine Swann's mother, but young Madeleine narrowly escapes. Cut to the character, all grown up as Lea Seydoux, who may or may not be married to a gooey-eyed, lovesick 007. (The movie is very vague about things that matter.) After some high-speed racing through the mountains in his bulletproof Aston Martin, the two lovers are set upon by agents from the evil crime syndicate SPECTRE in the town square and he dumps Madeleine, thinking she betrayed him. It's the end for Bond and Madeleine, but the movie is just beginning. It helps to know your Ian Fleming history, including Bond's relationship with Vesper Lynd in Casino Royale, as well as the meaning of SPECTRE (you got me there). Cut to Bond trying desperately trying to enjoy his retirement"
163,OSH_Doc3_No_time_to_die,OSH_Doc3_No_time_to_die,OSH,Action,Negative,No_time_to_die,"As the screenplay provides the foundation for all movies, it's easy to understand why ""No Time to Die is such a colossal failure on so many fronts. With a running time of two hours, 43 minutes, this is the longest Bond movie ever, but oddly also the one with the least actual content. Operating more as a direct sequel to ""Spectre or a Craig send-off party than an original film, it lumbers aimlessly across Europe and the Caribbean from one set piece to the next offering little in the way of variety or a cohesive narrative. With Q (Ben Whishaw) now more concerned with putting together a quaint dinner for two, the number of ""new gadgets is reduced to two. Lea Seydoux (as Dr. Madeleine Swann) becomes the first back-to-back repeat ""Bond girl in franchise history. As Seydoux can act and is easy on the eyes, this isn't a deal-killer but when compared to the extended cameo turned in by a sinuous and spunky Ana de Armas (Craig's ""Knives Out co-star), her sullen demeanor and lack of eye-popping Bond costuming falls a bit flat. Missing the droll humor of his predecessors (especially Judi Dench), the returning Ralph Fiennes (at the behest of the writers) has turned MI6 executive M into an uber-serious and mirthless bore. More a cranky overseer than unifying leader, M thought nothing of handing over the then-retired Bond's iconic ""007 identity over to franchise newcomer Nomi (Lashana Lynch). Tasked with mostly running errands for the bulk of the movie, Nomi's frequent head-butting with Bond is utterly unconvincing as is her 11th-hour change of heart. Showing up along the way are longtime Bond characters Felix Leiter (Jeffrey Wright) and villain Ernst Stavro Blofeld (Christoph Waltz) who will, more than likely, never appear in another Bond movie. Every action movie (not just Bond outings) is only as good as the bad guy, and Rami Malek as Safin misses the mark and by a wide margin. The third straight Oscar-winner (after Waltz and Javier Bardem) to play a Bond villain, Malek's Safin doesn't show up in earnest until the 90-minute mark, and even then he has little in the way of personality and (unless you consider using a child as a human shield) offers no danger or palpable menace. A pockmarked facial complexion and lisping whisper are no substitutes for evil. Knowing that this was going to be his last outing as Bond, Craig is ever the dutiful soldier. Following orders to the letter and proving once again that a single man with a pistol can take out scores of machine gun-toting thugs while receiving nary a scratch, Craig's resigned Bond marks the end of a cherished era. With a feeble and maudlin coda, ""No Time to Die is a perfect match for singer Billie Eilish's coma-inducing opening credit theme song. We get a lame villain, a tame love interest, little technical dodads, few fights and chases, and next to no witwhat a pity that this perennial franchise, one which"
164,OSH_Doc4_No_time_to_die,OSH_Doc4_No_time_to_die,OSH,Action,Negative,No_time_to_die,"No Time To Die is the 25th film in the endless James Bond series, and also maybe the first to offer something like an actual ending. ""Goodbye isn't usually in the spy's vocabularynot with a sequel always on the horizon, a return always promised in the credits. Even on the cusp of recasting, it's rare to get any finality from a Bond movie; producers like to leave the door open, in hopes that they'll lure their star back for one more round of martinis. No Time To Die is different. It's been conceived as a proper send-off to Daniel Craig, taking his fifth and final spin in the tuxedo, and as an attempt to wrap up this serialized stretch of a series that's been running since the early '60s. Unfortunately, the film is so concerned with valediction that it ends up treating the actual pleasures of Bondthe stuff that's kept audiences coming back for six decadeslike an afterthought. It's all punctuation, no sentence. Is this the Endgame of spy movies? It's as sentimental and nearly as long, running a patience-taxing two hours and 43 minutes. And here, too, is a five-year time jump, finding a retired, heartbroken Bond living off the grid, forced to return to active duty at the emergence of a new global threat. Didn't Skyfall go there already? It did, and more gracefully: That gleaming installment, the second big highlight of the Craig tenure (and, in general, a more fitting swan song for it), had some fun playing, however briefly, with the idea of a disgruntled and slightly rusty Bond. Here, British intelligence's finest lurches back into the field with almost a perfunctory shrug. No Time To Die's danger is viral: a plague of nanobots that target a specific person (or people's) DNA. Vaguely and coincidentally, this evokes the real worldwide medical crisis that delayed the film's release for a year and a half. It's also a rather confusing weapon of mass destruction, with rules that don't make a ton of sense, even for a Bond moviewhich is a problem, given how much the film ends up hinging on them. The heavy threatening to release this destructive force on the world is the vengeful, cadaverous, and well-named Lyutsifer Safin (Rami Malek, the third Oscar winner in a row to play a Bond villain). Safin gets a great introduction, in a misleadingly superb opening suspense sequence that recalls Halloween more than one of the franchise's usual in-media-res prologues. After that, though, he reveals himself to be little more than a stock adversary, whispering threats with perpetual calm; Craig deserved a more distinctive final foe than this generic sociopathic terrorist. Like almost every actor that's played the role, Craig has reached the point where he's a little too long in the tooth for it. But it's less his age than his effort (or lack of it) that shows: Where once he brought an invigorating balance of thuggish aggression and cucumber-cool wit, the star seems borderline bored in No Time"
165,OSH_Doc5_No_time_to_die,OSH_Doc5_No_time_to_die,OSH,Action,Negative,No_time_to_die,"It is with a heavy heart that I report I did not love No Time to Die, despite my long and abiding love affair with James Bond. Your own mileage may varymany critics appear to be in ecstasies over the film. It is worth seeing if you like Bond or big movies, and it is technically well-crafted. But I left the screening feeling emotionally and physically drained, deflated from an experience that began with both promise and excitement. As I wandered the streets of New York City following No Time to Die's gargantuan 2 hour 43 minute runtime, I found it difficult to parse my thoughts about the film. There are good movies and there are bad movies, and there are many, many shades of grey in between shaped by personal preferences, experiences, and expectations. I tried to keep my own expectations for Daniel Craig's final turn as Bond from ballooning; I told myself I would be happy merely to see the movie on the big screen after more than a year of pandemic delays. Yet happiness is a crucial element missing from No Time to Die, as is, damningly, any real element of fun or even the relief of mindless escapism. It is not a bad movie, yet I emerged numb. The plot of No Time to Die is both overstuffed and thinly drawn. In a weird bit of prescience for a script written long before the pandemic, at its center is a MacGuffin about a deadly biological force that infects and kills. In this way it has a sort of timeliness, but even that aspect is unintentional. Far more time is spent racing cars across picturesque roads or firing shot after shot at anonymous henchmen than explaining the bioweapon or why the bad guy, Rami Malek's Lyutsifer Safin, wants to use it. Malek is criminally underused, and the character is so absurd that he feels like a parody of what a Bond villain should be. Though he speaks in a slow and ponderous whisper, I often found his dialogue incomprehensible, and so Safin remained only a sort of silly background menace. He has an elaborate poison garden in his secret island lair, which is kind of cool but also baffling. His ultimate plan and reasons for planning are preposterously unclear. It didn't have to be this way. The movie starts with astonishing promise, with what The AV Club terms a misleadingly superb opening suspense sequence. In those first few minutes, we see hints of what made No Time to Die director Cary Joji Fukunaga's first season of True Detective so eerily excellent. We learn what connects Malek's Safin and a younger version of Lea Seydoux's Madeleine Swann, Bond's psychiatrist love interest from Spectre. An intriguing and psychologically complex film is suggested by this open that then never materializes. Fukunaga and his co-screenwriters Neal Purvis, Robert Wade, and Phoebe Waller-Bridge (famously brought in to punch up the script and add a woman's perspective) cannot be accused of not giving"
166,OSH_Doc6_No_time_to_die,OSH_Doc6_No_time_to_die,OSH,Action,Positive,No_time_to_die,"Sooner or later, every great run inevitably reaches its end. Everyone looks at No Time To Die as Daniel Craig's final go at interpreting the famous 007, but with all due respect to the remarkable actor I sincerely appreciate, it's much more than just that. Cary Joji Fukunaga (Beasts of No Nation) is the man responsible for delivering a fond farewell to a saga that offered the viewers a collection of memorable characters, all beautifully portrayed by an exceptionally talented ensemble cast. Skyfall and Casino Royale are definitely a few steps above Spectre and Quantum of Solace, in my opinion, but where does this last entry fit in? I regularly clarify my expectations for the films I review before really starting to write about how I feel about them, but I honestly believe this is one of those movies that actually demands that preface. Since I don't watch trailers, my enthusiasm didn't really decrease after the countless delays due to the pandemic, so I was always genuinely interested in seeing this film. I was also prepared for the two most probable finales: either Bond would die in his last mission, or he would survive and live happily ever after. There wasn't much else that could really happen. One of the best compliments I can give No Time To Die is that I started the viewing hoping for one of these specific conclusions to be the one Fukunaga and his team of writers chose, but I gradually changed my mind to wish for the opposite scenario. If the movie really goes through with one of these finales or not is something I'll leave undisclosed in this review for obvious reasons. Still, my point is that Neal Purvis, Robert Wade, Fukunaga, and Phoebe Waller-Bridge (Fleabag) are able to write the most passionate, heartfelt narrative of the entire franchise. This is, by far, the most personal a James Bond flick ever got. I didn't realize the genuine attachment I had with these characters, but this film showed it to me in an impactful manner. I'd be surprised if fans of this saga leave the theater feeling indifferent towards the events of the movie. From the choices each character makes to the incomparable stakes of the last mission, No Time To Die feels like a completely different beast. Let me start from the beginning... The energetic action present in the opening sequence rivals Casino Royale's impressive parkour run, but overall, counting everything that happens until the main theme begins playing and the credits appear, I believe this film delivers the best - and longest? - start to the whole saga. Not only it builds upon what was already developed with Madeleine (Lea Seydoux) - setting up a couple of intriguing questions and a surprising decision from Bond - but it also features a gorgeously shot pursuit scene through a stunning city in southern Italy. Might as well praise the outstanding stunt work, extraordinary cinematography (Linus Sandgren), and seamless editing (Elliot Graham, Tom Cross) already."
167,OSH_Doc7_No_time_to_die,OSH_Doc7_No_time_to_die,OSH,Action,Positive,No_time_to_die,"James Bond might famously prefer his martinis shaken, not stirred, but No Time to Die doesn't quite take that advice. While the enterprising spy hasn't changed his drink order, the latest film he's in  the 25th official feature in the franchise across six decades, and the fifth and last that'll star Daniel Craig  gives its regular ingredients both a mix and a jiggle. The action is dazzlingly choreographed, a menacing criminal has an evil scheme and the world is in peril, naturally. Still, there's more weight in Craig's performance, more emotion all round, and a greater willingness to contemplate the stakes and repercussions that come with Bond's globe-trotting, bed-hopping, villain-dispensing existence. There's also an eagerness to shake up parts of the character and Bond template that rarely get a nudge. Together, even following a 19-month pandemic delay, it all makes for a satisfying blockbuster cocktail. In No Time to Die, Bond does need to look backwards, though  to loves lost, choices made and lingering enemies. Before Billie Eilish's theme song echoes over eye-catching opening credits, the film fills its first scenes with the past, starting with returning psychiatrist Madeleine Swan's (Lea Seydoux, Kursk) links to new mask-wearing villain Lyutsifer Safin (Rami Malek, The Little Things). There's patience and visual poetry to these early minutes amid Norway's snowy climes, even while littered with violence. No Time to Die is a lengthy yet never slow feature, and Bond first-timer Cary Joji Fukunaga doesn't begin with the pace he means to continue; however, the director behind True Detective's stunning first season establishes a sense of meticulousness, an eye for detail and an inclination to let moments last  and a striking look  that serves him exceptionally moving forward. No Time to Die has plenty of time for other magnificent action scenes, albeit fewer than might be expected; a lengthy list of characters, both new and recognisable; and the type of beats that allow Bond ruminate over his accumulated baggage, even when a few routine inclusions also pepper the script. Spectre, the film, gave 007 enough woes from the past  and actually making him grapple with it all, rather than merely throw fists, explode watches and unleash machine-gun fire from his Aston Martin's headlights as though he doesn't have a history, gives this follow-up palpable heft and resonance. In Craig's hands, Bond has become a person first and a suave action figure second. The character still falls into the second category, unsurprisingly, because that's still the gig. But in this iteration, the franchise has evolved past the kind of flicks that gave rise to Austin Powers, Johnny English and their fellow parodies  welcomely so. Indeed, the best sequence in the film takes a stock-standard Bond setup, gives it a firm update and offers Craig's Knives Out co-star Ana de Armas a killer introduction. There are no bikinis involved as per past series instalments, or double-entendre names. Instead, this team-up between Bond and fledgling CIA operative Paloma takes them"
168,OSH_Doc8_No_time_to_die,OSH_Doc8_No_time_to_die,OSH,Action,Positive,No_time_to_die,"""The proper function of man is to live, not to exist. I shall not waste my days in trying to prolong them. I shall use my time."" As M (Ralph Fiennes) reads this Jack London quote aloud near the end of ""No Time to Die,"" we realize how this latest installment in the James Bond film series takes the inevitability of time seriously. And as Daniel Craig's final outing in the titular role, we are witnesses to a 2-hour-43-minute tribute to arguably the best Bond in film history. Nevertheless, there is an undercurrent of a pattern in Craig's Bond outings. Safe to say, it's interesting to note that his tenure as Bond has been a hit-or-miss; with the first (""Casino Royale"") and third (""Skyfall"") entries garnering critical acclaim. On the other hand, the second (""Quantum of Solace"") and fourth (""Spectre"") both reaped middling reviews. Hence, there's considerable pressure on director Cary Joji Fukunaga (who co-wrote the script with Neal Purvis, Robert Wade, and Phoebe Waller-Bridge) to make ""No Time to Die"" deliver. Not only should it be good to continue the trend; it should also serve as a fitting Craig's swansong to the franchise. And right off the bat: ""No Time to Die"" is hardly a perfect film; but it is a great Bond filmand one that closes Daniel Craig's tenure as 007 in style. What's up in the air with ""No Time to Die"" is how it tries to fix the narrative mess left by ""Spectre"" and continue the story. While some viewers would appreciate such effort for the sake of continuity, audiences new to the franchise would feel like they have to re-watch the previous entryand the others as well, for that matter. This is evident in how the film integrated Blofeld and Leiter into the story. Personally, I think it's a genius move to incorporate two of the integral characters in the James Bond mythos. Fukunaga and the crew are able to give both characters the closure they deserve, at least in the Craig incarnations. In addition, the ramifications of the events from ""Spectre"" set off the actions MI6 took to ensure it doesn't happen again. Naturally in these kinds of films, things go tits up, and before Bond knows it, he's thrust back to the spotlight to try and save the day once again. Overall, I find ""No Time to Die"" a massive improvement over the disappointing ""Spectre."" Nevertheless, it ultimately settles in the shadows of what I consider the greatest Bond films ever, ""Skyfall."" A few reasons include the feeling the movie gives off from the get-go, which is to live up to the stratospheric expectations set by the 2012 entry. That air of self-consciousness is apparent in the narrative of the film featuring Bond on the retreat, only to be coaxed out of retirement. This part feels like a retread of ""Skyfall's"" first act. Another reason involves Malek's turn as the villain Safin. While paling in comparison to Javier Bardem and Christoph Waltz's performances"
169,OSH_Doc9_No_time_to_die,OSH_Doc9_No_time_to_die,OSH,Action,Positive,No_time_to_die,"I've always graded films on how well they meet their aspirations. Not every film is trying to be Citizen Kane or Lawrence Of Arabia, so the only accurate benchmark to measure a film against is how successfully it achieves what it is trying to achieve. No Time To Die is trying to do a lot of things. It's trying to wrap up the Daniel Craig era of Bond, while also give Craig a fitting farewell that matches his brilliant entry to the franchise (Casino Royale, which is the best Bond film for my money). It's also trying to push the series into places its never been and continue its modernisation, while also maintaining the essential 007-ness of it all. And it wants to be a damned good Bond film. No Time To Die is all those things. It achieves every goal, and does so with heart, grit, guts and the occasional wry smile. It's a continuation of the changes that have been evident in the series with every passing decade, but it's also exceedingly worthy of carrying the 007 licence. In short, this will go down as one of the best Bond films of all time. It certainly carries one of the most Bond-worthy plots - the villainous Lyutsifer Safin (Malek) has taken control of a diabolical superweapon with the capacity to selectively wipe out anyone he wants, one family at a time. Naturally, it's up to Bond to stop him. What's impressive about No Time To Die is the way it weaves this typical storyline among the threads of the connections Craig's Bond has made along the way. It ups the stakes like no 007 movie before - not just in a ""I'm trying to take over the world!"" megalomaniacal way, but in a personal way for Bond as well. It shows Bond in a new light, making him simultaneously stronger and more vulnerable than ever before. Most of this comes down to the script, written by series regulars Neal Purvis and Robert Wade, along with director Fukunaga, and polished by Phoebe Waller-Bridge. But a lot of credit also has to go to Craig, who delivers the highs and lows beautifully. His light touch with humour along with his physicality and ruggedness have made him a great Bond, but its been his dramatic chops and emotional range that have set him apart, never more so than here. Fukunaga's cinematography is outstanding, the set pieces are brilliant, and the ending is to die for. The cast regulars such as Whishaw, Harris, Fiennes and Wright are great, and the returnees Seydoux and Waltz are also excellent, but its de Armas and Lynch that threaten to walk away with the movie, especially de Armas, who lights up a wonderful sequence set in Cuba. Series custodians Michael G. Wilson and Barbara Broccoli have successful closed one Bond chapter and provided a blank slate for whoever is chosen to pick up the martini glass next. But whoever does so has some huge shoes to"
170,OSH_Doc10_No_time_to_die,OSH_Doc10_No_time_to_die,OSH,Action,Positive,No_time_to_die,"What a ride it has been for Daniel Craig. He first slid into the tuxedo of the dapper 007 back in 2006. Fifteen years and five movies later Craig wraps up his terrific run with the 25th installment in the James Bond franchise, No Time to Die. Due to several reasons (a global pandemic chief among them), we haven't had a Bond film since 2015. That's a long time, but I'm happy to say it was well worth the wait. Directed by Cary Joji Fukunaga, No Time to Die comes packaged with everything you want from a Bond movie  big action, even bigger characters, plenty of style, and a special dash of heart. But Craig's movies have added grit to that list. His Bond carries the weight of loss, and his pain often pushes him outside the bounds of agency protocol. That emotional burden and his willingness to cross the line are traits that set his 007 apart from all the rest. This near $300 million sequel comes with a collection of old familiar faces as well as a few new ones. And once again this latest world-saving mission takes Bond (and us) to locations across the globe  Italy, Jamaica, Cuba, Norway, and of course London. And then you have the story itself which is not only thrilling blockbuster material, but it nails the tricky task of completing Daniel Craig's story arc. And it does it in an profoundly satisfying way. But this is very much Bond's movie. Not just in the traditional sense, but personally and emotionally. From its action-packed earliest frames, No Time to Die has a different pull than Craig's other films in the franchise. Part of it may be psychological. We know this is Craig's last ride and that realization inevitably adds some extra feeling for fans. But it's also a conscious move from Fukunaga who manages to keep his film tonally in-tune with the others while putting a warm and empathetic spotlight on the weary and pained super spy. It's a slippery balancing act, but Fukunaga nails it. Also, the movie looks amazing. Whether he's capturing a location or shooting an elaborate action sequence, Oscar-winning DP Linus Sandgren always gives us something worth looking at. I mentioned the stunning opening in Italy. There's also an impeccably shot edge-of-your-seat car chase/shootout in Norway. And of course, the big finish which features one particularly jaw-dropping close-quartered gunfight up a flight of stairs. Sandgren is constantly treating us to one breathtaking shot after another and frequently reminding us of why movies are always better on the big screen. But what may be most impressive is how the movie flies by despite a hefty running time of 2 hours 43 minutes. I only checked my watch once and that was out of curiosity rather than boredom. Much of it has to do with Fukunaga's crisp pacing and steady mix of drama and action. He never lets things get bogged down. At the same time, he never loses"
171,RQH_Doc1_The_Accountant,RQH_Doc1_The_Accountant,RQH,Action,Negative,The_Accountant,"Like many of my favorite scenes from The Accountant, the best one never actually happens. Having just watched hunky dreamboat/obvious-serial-killer accountant Christian ""Yeah baby, those are two Fs in my last name"" Wolff (Ben Affleck) murder the shit out of some people, plucky number-cruncher Dana Cummings (Anna Kendrick) finds herself in Christian's emergency getaway mobile home. Stunned by the staggering amount of penis substitutes, sorry...guns, Dana drools out a slack-jawed ""Who are you?"" before immediately pulling herself together to ask if that's a real Jackson Pollock painting. Thus, the best scene that never happens is Dana on her cell phone, chattin' up her bestie: ""Okay, so don't freak, but I totally just met a guy... He's super cute, draws numbers on walls, has really great taste in art and killed something like four people for me."" The Accountant stinks with the odor of got-your-nose cleverness, telegraphing plot points in anticipation of a ""No effing way!!"" reaction that no effing person watching will ever have. What's infinitely worse, the film manages to torpedo the autistic community in stultifying fashion, envisioning itself as woke pop culture escapism when it really traffics in the same insulting stereotypical sticks and stones that have long been thrown. Oh, and the second scene is a 100%-irrelevant sequence in which a woman of color is shamed into doing her job, as though simply having her be motivated to do said job requires an impossible suspension of disbelief. Like a friend who leaves unread copies of complicated books lying around to seem smart, The Accountant litters itself with busywork to seem sophisticated. But basically, Christian's asshole Army dad abused him and his brother via violent martial arts training and wound up creating Autistic Batman. Now, Christian helps terrorists and gangsters balance their books, leading agent Ray King (J.K. Simmons) to track him down. Well, it leads King to convince highly competent fellow Department of Treasury employee Marybeth Medina (Cynthia Addai-Robinson) to track Christian down, or else King will reveal that she has a gun tattooed near her no-no parts and once almost killed a drug dealer ""back in da hood."" Christian gets called in to help find missing money for a robotics company run by Lamar Black (John Lithgow). Before Christian can finish his investigation, a dickbag assassin named Brax (Jon Bernthal) murderfies the likely thief. If you can figure out who Brax is before the last 15 minutes, congrats on being smarter than screenwriter Bill Dubuque thinks you are. Actually, no matter what, you're smarter than Bill Dubuque thinks you are. The scenes with Kendrick and Affleck are actually quite pleasant. Sadly, there are only 2-3 of them before she is whisked away into exposition oblivion. For his part, Affleck is clearly trying very hard. Good for you! Good for you, Ben Affleck!! And yet, in a movie this impossibly stupid, having likeable people try hard only kind of makes things awkward. This isn't on you, Anna and Ben. You hear me? You tried good. You both"
172,RQH_Doc2_The_Accountant,RQH_Doc2_The_Accountant,RQH,Action,Negative,The_Accountant,"t's hard to believe that The Accountant is a real movie and not a sketch from a comedy program lampooning Hollywood's tone deaf handling of autism. And yet this isn't just a Hollywood production, it's a major film with marquee talent telling the overly convoluted tale of an autistic accountant who is also a super-assassin. As a piece of storytelling, The Accountant tries to play everything close to the vest, saving all of its big reveals for the final third of the film in a series of confounding revelations that often come closer to comedy than suspense. For all of the bewildering decisions that factor into The Accountant, it's schlocky entertainment factor can't make up for it's incredibly tone deaf portrayal of autism, one that is likely to perpetuate negative stereotypes. Ben Affleck stars as Christian Wolff, who works as an accountant outside in the rural part of Illinois. He runs a quaint little office in a strip mall, using his extensive knowledge of the tax code to find every possible deduction for his local clients. In Washington, Treasury officer Ray King (J.K. Simmons) has tried to piece together the true identity of Wolff, his visage having appeared in surveillance photos alongside the world's worst criminals all over the globe. In order to uncover the clues of Wolff's identity, King takes to blackmailing Marybeth Medina (Cynthia Addai-Robinson), a young agent with a shady past, into investigating the trail of breadcrumbs as to Wolff's identity and involvement with these nefarious forces across the globe. Meanwhile, an unnamed assassin (Jon Bernthal) is lurking in the shadows around Christian Wolff's affairs as he begins a new job working at a robotics company headed up by Lamar Black (John Lithgow), at one point targeting Christian's new co-worker and friend Dana Cummings (Anna Kendrick). But when push comes to shove, this accountant crunches more than just numbers  he crunches bones. It becomes hard to get invested in all the proceedings in director Gavin O'Connor's film because the first half of the film is invested in establishing all the separate mysteries at the center of Bill Dubuque's screenplay. Flashbacks to Christian's past as an autistic child are meant to shed light on his behavior in the present. The reason Christian has a lethal set of skills that make him John Wick with exceptional math skills are from his domineering Army father (Robert C. Treveiler), who has his young son training in martial arts in Jakarta in one particular flashback. Oddly, the whole aspect of Christian being an accountant for the world's worst criminals is only given a bit of lip service at the beginning, and much more screen time is dedicated to the mentorship of Francis Silverberg (Jeffrey Tambor), who teaches Christians all the tricks of the dirty money trade. All the back and forth of the film's timeline fails to captivate as the story is more interesting in shrouding everything in mystery that there's not even much of a framework to become invested in."
173,RQH_Doc3_The_Accountant,RQH_Doc3_The_Accountant,RQH,Action,Negative,The_Accountant,"The Accountant is a Good Will Hunting / Batman hybrid with little logic and an utterly terrible performance by leading man Ben Affleck The Accountant's plot plays like an Earth-bound retelling of Total Recall: mild-mannered man is actually a super-secret baddie with all manner of methods to kill. Actually that sounds like a Steven Seagal movie, though buying him as an accountant is harder than buying Affleck as one. Despite appreciating director Gavin O'Connor's past work, The Accountant is messier than its multitude of gunshot wounds to the head. Christian Wolff (Affleck) is an autistic accountant in league with the nation's worst criminals. He's being hunted by two FBI operatives hoping to learn his identity. Wolff finds himself stumbling upon some heavy-corporate fraud that puts the life of a young woman (Anna Kendrick) in danger. The Accountant came under fire upon release of its first trailer, as it takes the tired trope of the ""autistic savant"" to extremes. Christian's introduced at a special camp/home/mountain lodge where his military father and unfeeling mother are trying to deal with their son's disability. Christian's father declares the world isn't all rainbows and puppies, so there's no need to help Christian manage his disability therapeutically. There's a gray area here. The script never wants to come down on medical intervention but says Christian ""passes"" for well-adjusted. His ""quirks"" are those commonly seen in movies about autistic characters; he's precise, unable to socialize, and suffers from OCD. I can't comment on the film's authenticity, but as a disabled person who generally rolls their eyes at this stuff....I did, a lot. One line hopes to work around questions about Christian's issues by saying he's ""high functioning."" The two words that say ""We did little research"" and serve to allow Christian to drop all pretenses of autism by the end. Image courtesy of Warner Bros. Bill Dubuque's Blacklisted script deals in a lot of concessions; Christian's autism is danced around for 45 minutes. The main concession is whether Christian is a villain or not. J.K. Simmons' Ray King character implies that Christian cooks the books for horrible people, drug cartels and warlords. He says Christian works for the worst of the worst which violates Screenwriting 101: Show, don't tell. As far as we know, the only bad thing is Christian fudges old people's taxes to get them better returns, like a strip mall Mr. Incredible. Christian's violence manifests against characters who are already villains, and his foil (played by Jon Bernthal) is open in his villainy. At 128 minutes The Accountant gets greedy from the word go. It's not enough to have Christian be the accountant for baddies. He's also an autistic savant with a special set of murdering skills (more bloodless headshots like Magnificent Seven, ), has the ability to do math better than Will Hunting, and protects Anna Kendrick like The Terminator. Honestly, throw in some ""truth, justice and the American Way"" and this is an audition for Superman. The script gobbles up plot details"
174,RQH_Doc4_The_Accountant,RQH_Doc4_The_Accountant,RQH,Action,Negative,The_Accountant,"The Accountant stars Ben Affleck as a high functioning autistic man who is a strip mall CPA during the day, and a criminal bean-counter/assassin at night. He doesn't dress up in a bat costume, but he does like to gruffly whisper into the ears of his would-be victims before killing them. The film begins with a shadowy man entering a building and soon laying waste to its inhabitants. We then flash back to 1989, where young Chris Woolf (Seth Lee), the older of two brothers, is brought to a neurological center by his concerned parents. He exhibits OCD tendencies, self-soothing behavior like rocking and finger tapping, and the occasional total freak-out. Best Accountants in SF Best SF Bookkeepers Top Tax Preparation Companies Best Tax Planning Companies Outsourced CFO Services He's offered a place at the center, but his father refuses, insisting the only thing that can ""cure"" Chris is an increased exposure to the things he's reactive to, which, in his mind, means forcing Chris and his brother into martial arts lessons that leave them bloody. Jumping to the present day, we meet the older, buffer Chris Woolf (Ben Affleck), a loner living a single-set-of-silverware life, driving from his big empty house in an Illinois suburb to his strip-mall office, where help clients figure out how to turn their jewelry-making hobbies into small business write-offs. You can tell Chris is a math genius because he likes to solve accounting mysteries by writing out numbers on see-through glass. We also meet Ray King (J.J. Simmons) the director of Crime Enforcement at the Department of Treasury, who is obsessed with finding out just who this mysterious homicidal accountant is, and Marybeth Medina (Cynthia Addai-Robinson), a young analyst he basically blackmails into solving the mystery. Why? I guess because Ray King doesn't know how to use Google, since that's basically all Marybeth Medina does to get to the bottom of the Chris's real identity. The cast also includes John Lithgow as the head of a robotics firm that hires Chris to examine its books, Anna Kendrick as Dana Cummings, a junior accountant at the firm (and, for a brief and agonizingly awkward moment, the potential object of Chris stilted affection) and Jon Bernthal as an equally mysterious assassin that wants Chris and Dana dead. The movie wants to lay out its pieces like the jigsaw puzzles Chris can so easily put together, using a non-linear timeline filled with flashbacks, tossing out plot twists here and there, and introducing characters with no context. But towards the middle director Gavin O'Connor seems to lose faith in that presentation, and instead sticks in a solid fifteen minutes of clunky exposition, explaining everything we've just seen. And even with that explanation, it still leaves so many plot holes and loose ends flailing about I wonder if the hope is to turn this into a franchise? It definitely seems to set itself up for a sequel no one will want to see. Though, to be honest, I'd rather"
175,RQH_Doc5_The_Accountant,RQH_Doc5_The_Accountant,RQH,Action,Negative,The_Accountant,"""The Accountant"" crosses ""Rambo"" with ""A Beautiful Mind,"" wonders what would happen if Vin Diesel played Alan Turing, ponders the possibility of Jason Statham carrying a really big gun and an even bigger calculator. And yes, it's as lousy as all this sounds. The film stars Ben Affleck as Christian Wolff, an amoral, autistic math genius who also is gifted in the arts of shooting and punching people to death. This combination of extraordinary traits means he's at the top of the professional field, narrow as it may be, of assassin accountants, and therefore of great value to organized criminals in need of someone who can not only figure out what ripoff artist has his hand in the boss's till, but also is ready and willing to blow that hand clean off. If this sounds silly, like an opportunity for some campy fun or an exercise in putting one's tongue in one's cheek, pump the brakes there, pal. Director Gavin O'Connor smothers the film in a humorless tone suggesting he's dead serious. He plows forward with a violent, unending grimness, through a screenplay sludged up with extraneous characters, pointless narrative convolutions and twists as plausible as a Michael Bay Oscar win. O'Connor at least had Tom Hardy and Edward Norton to beef up his previous notable pictures, ""Warrior"" and ""Pride and Glory,"" respectively. But here, he's merely the latest to overestimate Affleck's ability to convincingly bear the brunt of weighty drama. Of course, the script, a hoary chasm of overcooked cliches and unconvincing exchanges between flimsy characters, does Affleck no favors. He's the kind of guy that needs crisp, wry wisecracks softballed over the plate, not a character driven by obsessive-compulsion and harboring a deep desire to experience a human feeling. Affleck's dead-eyed performance is weirdly inert and awkward, and he looks uncomfortable, like he's trying not to laugh, or holding in a fart on a hot date. Christian's front is a strip-mall accounting firm, where he fudges deductions for naive yokels, covering for his skullduggery uncooking books for whoever can offer him a stack of cash or an original Jackson Pollock. He has just enough socialization to get by in the company of others, who probably just think he's a bone-dry math nerd who likes to go home and scribble ""Star Trek"" fan fiction. We learn his psychological origin in a series of hacky flashbacks: His dad was a gung-ho, old-school foot-putter-downer who wasn't going to have an extra-sensitive pansy boy for a son, so he trained Christian and his brother to be tough guys, hiring a martial artist to pummel the crap out of them and make them hard inside and out. Now, the adult Christian participates in a bizarre nightly ritual in which he blasts music that sounds like death-metal dubstep, turns on a strobe light and grinds a billy club up and down his shins, Affleck grimacing like he's experiencing a colonoscopy in the back seat of a school bus. I had no idea what the"
176,RQH_Doc6_The_Accountant,RQH_Doc6_The_Accountant,RQH,Action,Positive,The_Accountant,"In the end, it's all about the buy in. Maybe you can accept a grown man running around in an American flag costume smashing people in the face with an indestructible shield. Perhaps you absolutely can't accept that, yet you're okay with a Catholic married couple who are also ghost hunters. You might have a positive or negative reaction to a trailer. You might even hear just the premise of a film, and you make a split-second decision. It's hard to say what we'll accept when it comes to movies. My good friend Devila loudly and unapologetically scoffs whenever she sees a trailer for a Marvel movie, but she is down when it comes to Star Trek. Most of us know what we like pretty quickly. However, there's something special about seeing a film that you initially wrote off, and realizing early on that it's far better than you anticipated. The Accountant is the perfect example of this. There was a specific moment early on when I realized I'd dig the film. Christian Wolff (Ben Affleck) runs a shabby accounting firm in a run-down strip mall. He's helping a kindly rural couple do their taxes. The wife makes her own jewelry and asks Christian if he likes her necklace. As only someone on the autism spectrum can, he insults her, then immediately helps the couple realize they can treat her jewelry making business as a sizeable tax deduction. Right then, I willingly bought into everything. There's more to our accountant than thoughtless insults aimed at gormless hicks. His name isn't really Christian Wolff, or Lou Carroll, or any of the other aliases he uses. His business isn't just a bargain basement H&R Block. Rather, he has a more specialized clientele. When mobsters, drug lords, and their unsavory ilk find out they may be getting ripped off, they need a forensic accountant to uncook the books. Pretty good work if you can get it. The Treasury Department has heard whispers of this mysterious accountant, and agent Ray King (J.K. Simmons) wants him. But Ray has run into a brick wall in his investigation. He needs a fresh pair of eyes, and he drafts Medina (Cynthia Addai-Robinson) to track the shadowy money man down. The heat, as they say, is on. The mysterious British woman that coordinates Christian's gigs suggests a legitimate assignment. A cutting-edge prosthetics company headed up by Lamar Black (the mighty John Lithgow) has run into some financial irregularities, discovered by Dana (Anna Kendrick), one of the firm's accountants. The plot, as they also say, thickens, as Christian and Dana are plunged into a deadly conspiracy. They must deal with a talkative hitman played by the always welcome Jon Bernthal. We also get hints of Christian's childhood, where his father makes the questionable decision to treat his son's autism by taking him to Indonesia and having martial arts instructors beat the hell out of him.* When I first saw the trailer for The Accountant, the idea of an autistic"
177,RQH_Doc7_The_Accountant,RQH_Doc7_The_Accountant,RQH,Action,Positive,The_Accountant,"In one of his most interesting roles in recent years, Ben Affleck takes on the persona of Christian Wolff, a math genius who also happens to be on the highly functioning side of the autistic spectrum. Christian is so functional, in fact, that he's also a highly trained assassin with most of his emotional components turned off, so no amount of begging or pleading for one's life is going to move him the slightest. Which doesn't mean he isn't lovable! The Accountant works because it treats its subject and characters seriously without taking itself too seriously. Director Gavin O'Connor (Warrior, Miracle, Pride and Glory), working from a former blacklist script by Bill Dubuque, knows that what he's working with is something of a superhero movie blended with a fun crime drama. We even get an origin story, told largely through flashbacks, of Christian and his brother being raised as Army brats by their single father, who believes the only way for Christian to survive in the world as an adult is to beat the tough into him through intense bouts of physical training that includes weaponry and fighting. Christian still grows up with quirks that more resemble OCD and his love of puzzles and patterns is almost psychotic. It's established early that if he's unable to finish a task, he loses his mind and goes through a brutal form of self-flagellation until the panic subsides. Although he takes on the guise of a small-town CPA working in a secluded strip mall, Christian makes serious money bookkeeping for some of the most dangerous criminal organizations on the planet. A great deal of what we learn about Christian's work comes from the Treasury Department. Their Crime Enforcement Division is run by Ray King (J.K. Simmons) and his newly recruited agent Marybeth Medina (Cynthia Addai-Robinson, best known as ""Arrow's"" Amanda Waller, and a real standout in this film), who are closing in on Christian right as he takes on a seemingly legit clienta massive robotics company founded by Lamar Black (John Lithgow). When low-level accounting clerk Dana Cummings (Anna Kendrick) discovers a multi-million-dollar shortfall in the company's books, Christian is brought in to pinpoint who in the company might be embezzling. Naturally, the closer the two get to finding the truth, the more danger they put themselves in, a prospect that unleashes Christian's killer instincts. Photography courtesy of Warner Bros. Pictures Photography courtesy of Warner Bros. Pictures The Accountant has several tones working quite nicely together. The childhood material is sometimes hard to stomach, which is the point. However, Christian grown up is often inadvertently humorous and endearing. This is only because he has trouble understanding certain basic human moods or personalities, or expressing himself properly. He is keenly aware that he wants to be a more social being, but his condition makes that nearly impossible, and instead he approximates appropriate responses, if only to hide his disability and make others feel more comfortable around him. When we catch him doing it, we"
178,RQH_Doc8_The_Accountant,RQH_Doc8_The_Accountant,RQH,Action,Positive,The_Accountant,"The title character of ""The Accountant"" may not be the first investigator who falls somewhere on the autism spectrum  think Tony Shalhoub in TV's ""Monk"" or the many incarnations of Sherlock Holmes for that matter  but he is one of the most enjoyable. So much so that watching Ben Affleck's Christian Wolff make numbers do his bidding as he grapples with a world he isn't completely at home in, not to mention a rising body count, is so entertaining it's hard not to wonder if Warner Bros. has a sequel in the works. Wouldn't be a bad idea. Written by Bill Dubuque and directed by Gavin O'Connor (the heartfelt ""Miracle""), ""The Accountant"" is a nifty piece of genre entertainment, its wacky edge and genial tone despite that body count coming as something of a pleasant surprise in a year rife with lumbering, over-amped blockbusters. A lot of people deserve credit for what's on screen, starting with screenwriter Dubuque, who fleshed out a character who starts the film not as a hero but one of the bad guys. Ben Affleck stars in the trailer for ""The Accountant."" For Christian Wolff is not an ordinary number-cruncher. He does forensic accounting, investigating the source of fraud or embezzlement for what one character calls ""some of the scariest people on the planet. Drug cartels. Arms brokers. Money launderers. Assassins."" People like that. More than that, Wolff also happens to be a lean, mean fighting machine, a marksman capable of hitting a target a mile off, a master of the obscure Indonesian martial art pentjak silat and a street fighter capable of taking out an entire Mafia family with an ordinary steak knife. What Wolff lacks, however, are garden variety people skills. Buttoned down to the max, with the pocket protector to prove it, he almost never smiles and is not strong on personal interaction. A high-functioning autistic individual, he is obsessed with order and making sure all tasks are completed. While this may sound-one dimensional, Affleck's pleasure in playing the part and the skill he employs to safeguard Wolff's integrity, to make sure he is treated not like a figure of fun but taken seriously as someone who simply interacts with the world in a different way, makes the difference. Director O'Connor is a filmmaker at home with genre, and though he occasionally overdoes things (""Warrior"") he is unafraid of emotion and has expertly cast ""Accountant"" with skilled performers, including Anna Kendrick, J.K. Simmons, Jeffrey Tambor and John Lithgow. Just so we don't get the wrong idea about Wolff, his criminal associates notwithstanding, he's introduced at the offices of his ZZZ Accounting, next to Paul's Laundromat in a Plainfield, Ill., strip mall, helping a poor farm family get the best deal out of the U.S. tax code. We also flash back to Wolff's childhood, to a school in New Hampshire that tries to tell his parents that their son is a remarkable young man. When his mother asks if he can have"
179,RQH_Doc9_The_Accountant,RQH_Doc9_The_Accountant,RQH,Action,Positive,The_Accountant,"That's some skill set Christian Wolff (Ben Affleck) has in ""The Accountant."" Genius number cruncher. Crack shot. Martial-arts master. Collector of fine art. A man of many impressive accomplishments. What makes him even more impressive is that he is autistic. Which poses difficulties when he tries to interact socially with other people. At the same time, though, his condition gives him the ability to single-mindedly navigate intricate financial matters. That makes him much sought-after by people with complicated finances, like cartel kingpins and shady businessmen, who wish to protect their ill-gotten gains. His training in martial arts and his impressive hidden arsenal of high-powered weaponry make him a man skilled at defending himself against the unsavory characters he works with, should that become necessary. Sounds complicated. It is complicated. And that's only a bare-bones rundown of the complexities wrapped into ""The Accountant"" by screenwriter Bill Dubuque (""The Judge"") and director Gavin O'Connor (""Warrior""). Most Read Entertainment Stories Affleck brings a kind of sphinxlike stillness to his portrayal of the autistic hero. Obsessive mannerisms signal Wolff's attempts to impose order on what he perceives to be chaos around him. But he's also high-functioning enough to interact effectively and sympathetically with other people, particularly a corporate accountant (played by Anna Kendrick) whom he perceives as being a kindred spirit: a big math nerd and an outsider not unlike himself, though she is not autistic. It's a muted but impressive performance. Similarly impressive is Jon Bernthal as the villain, a mesmerizingly intelligent killer; J.K. Simmons as a high-ranking Treasury official intent on tracking down Wolff; and Cynthia Addai-Robinson as a Treasury agent with a checkered past  a past that Simmons' character uses to blackmail her into helping him catch Wolff. Virtually all characters have hidden sides to their personalities, which, when revealed, enrich the story. The picture addresses the autism aspect with sensitivity in flashbacks to Wolff's youth. The stresses on his family and the tough love his Army-officer father employs to help him cope in an unfriendly world  martial-arts training is one  are laid out. Dubuque's script is the real star here. He meshes multiple plot elementswith smooth expertise. He carefully plants clues throughout the movie that are in essence fuses to revelations that explode in later scenes. Everything in the picture is there for a purpose, and there's more going on in every scene than initially meets the eye. There are no loose ends here. It's a thrill to see how adroitly Dubuque ties everything together. O'Connor's direction is perfectly in sync with the script's twists and turns. He makes Wolff's hunt through arcane financial records as exciting as a climactic shootout, and both scenes are riveting. The premise of accountant as action hero might seem absurd, but ""The Accountant"" makes it credible and fascinating."
180,RQH_Doc10_The_Accountant,RQH_Doc10_The_Accountant,RQH,Action,Positive,The_Accountant,"Say what you will about Ben Affleck as Batman, or Jack Ryan, or any number of other action heroes that have seemed to be a stretch for the boy-next-door star, but Affleck is a terrific fit for ""The Accountant,"" in which he plays an autistic assassin. Though his choice in material is strong, the actor has always been a strange kind of thespian, one who seems so normal and non-actorly that most of his performances feel like watching one of your buddies up on screen, pretending to be someone he's not. Here, Affleck, who formerly drew the short end of the stick playing the dumb townie to Matt Damon's math savant, finally gets to embody the numbers whiz, and also to run around shooting some heavy-duty guns: It's like Will Hunting and Jason Bourne rolled into one, brains and bullets. What's not to love? Based on a deliciously pulpy Black List screenplay by Bill Dubuque, ""The Accountant"" was one of those projects that admirers imagined would never get made  and maybe they had a point, seeing as how the script casually assumes that someone with Asperger's Syndrome is potentially wired to become a ruthless killing machine. In the wrong hands, the screenplay could have been as controversial as Brian De Palma's ""Dressed to Kill"" was with the trans community. But here, director Gavin O'Connor (""Warrior"") demonstrates the right way to handle such material, elevating what is essentially an exploitation movie into a zen character study, one that takes its pound-of-flesh antihero seriously. As Christian Wolff (just one of this character's many aliases), Affleck plays a CPA who crunches numbers as efficiently as he crunches bones, and capturing that odd combination is all about tone. O'Connor has a close friend who is the parent of an autistic child, which makes him unusually sensitive to the film's trickiest ingredient: Instead of presenting Affleck's Christian Wolff as some kind of freak, he treats the guy as special, blessed with an ability that makes him almost superhuman. (As if speaking to a junior X-Man, his father says, ""You're different. Sooner or later, difference scares people,"" before sending his son into a Silat fighting match with three adults.) By extension, ""The Accountant"" is a hair's breadth removed from being a superhero movie, unfolding with the kind of fun, comic-book energy all but absent from ""Batman v Superman: Dawn of Justice"" earlier this year, while maintaining the requisite degree of gravitas. A suitable analogy might be the film that remains M. Night Shyamalan's best, 2000's all-but-forgotten superhero prologue ""Unbreakable."" Like that film, ""The Accountant"" is built almost entirely upon exposition as Dubuque juggles no fewer than four separate story threads: He gives us Wolff's current assignment, which involves ""uncooking"" the books at a company called Living Robotics whose founder (John Lithgow) uses the company's benefits to justify the most heinous kind of behavior. At the same time, from the sidelines, Treasury Dept. investigator Ray King (J.K. Simmons) enlists a young analyst, Marybeth Medina (Cynthia Addai-Robinson)"
181,SKC_Doc1_Barbie,SKC_Doc1_Barbie,SKC,Comedy,Positive,Barbie,"It's unfortunate that fantasy has glutted the movies and tarnished the genre's name with the commercial excesses of superhero stories and C.G.I. animation, because fantasy is a far more severe test of directorial art than realism. This is, first off, because the boundless possibilities of the fantastical both allow for and require a filmmaker's comprehensive creativity. But, crucially, fantasy is also a vision of realitythe subjective truth of filmmakers' inner life, the world as it appears in their mind's eye. The great directors of fantasy are the ones who make explicit the connection between their fantasy worlds and lived reality, as Wes Anderson recently did in ""Asteroid City,"" and as Greta Gerwig has done spectacularly in her new film, ""Barbie."" Unlike Anderson, who has spent his entire career on the far side of the imagination, Gerwig's previous features as solo director, ""Lady Bird"" and ""Little Women""both ardently crafted, both modestly literaldid little to foreshadow the overwhelming outburst of inventive energy that makes ""Barbie"" such a thrilling experience. Though ""Lady Bird,"" Gerwig's breakthrough feature, is a fictionalized story of her own adolescence, her family life, and her home town, ""Barbie""yes, a movie about a doll made under the aegis of its manufacturer, Mattelis the far more personal film. It's a film that's energized throughout by a sense of artistic freedom and uninhibited creative passion greater than what Gerwig has brought to even her previous projects made outside the ostensible constraints of studio filmmaking. The underlying subject of ""Barbie"" is how to play with Barbie dolls and why. Playing with Barbies, after all, is the D.I.Y. version of adaptation, the enactment in private of the kind of free and wild play that Gerwig (who wrote the script with her romantic and creative partner, Noah Baumbach) enacts in the movie. ""Barbie"" is about the intellectual demand and emotional urgency of making preexisting subjects one's own, and it advocates for imaginative infidelity, the radical off-label manipulation of existing intellectual property. Moreover, it presents such acts of reinterpreting familiar subjects, as a crucial form of self-analysis, a way to explore one's own self-image and to confront the prejudices and inequities built into prevailing, top-down interpretations of them. ""Barbie,"" in other words, is a film of the politics of culture and, by extension, of the need for a creative rebellion to reestrange the familiar for the sake of social change. The movie begins with one of the most ingenious parodies I've seen in a while, an origin story of the Barbie doll based on the opening sequence of ""2001: A Space Odyssey."" A group of girls is stranded in a barren primordial landscape. A voice-over narration (by Helen Mirren) explains that, since the beginning of time, they had only baby dolls to play with, leaving them nothing to imagine themselves as except mothers. Then came Barbie (Margot Robbie), who, with her many varieties and guises, offered the girls (who now smash their baby dolls to pieces) the chance to imagine themselves as astronauts, doctors, judges, even"
182,SKC_Doc2_Barbie,SKC_Doc2_Barbie,SKC,Comedy,Positive,Barbie,"""Barbie,"" director and co-writer Greta Gerwig's summer splash, is a dazzling achievement, both technically and in tone. It's a visual feast that succeeds as both a gleeful escape and a battle cry. So crammed with impeccable attention to detail is ""Barbie"" that you couldn't possibly catch it all in a single sitting; you'd have to devote an entire viewing just to the accessories, for example. The costume design (led by two-time Oscar winner Jacqueline Durran) and production design (led by six-time Oscar nominee Sarah Greenwood) are constantly clever and colorful, befitting the ever-evolving icon, and cinematographer Rodrigo Prieto (a three-time Oscar nominee) gives everything a glossy gleam. It's not just that Gerwig & Co. have recreated a bunch of Barbies from throughout her decades-long history, outfitted them with a variety of clothing and hairstyles, and placed them in pristine dream houses. It's that they've brought these figures to life with infectious energy and a knowing wink. ""Barbie"" can be hysterically funny, with giant laugh-out-loud moments generously scattered throughout. They come from the insularity of an idyllic, pink-hued realm and the physical comedy of fish-out-of-water moments and choice pop culture references as the outside world increasingly encroaches. But because the marketing campaign has been so clever and so ubiquitous, you may discover that you've already seen a fair amount of the movie's inspired moments, such as the ""2001: A Space Odyssey"" homage and Ken's self-pitying '80s power ballad. Such is the anticipation industrial complex. And so you probably already know the basic plot: Barbie (Margot Robbie), the most popular of all the Barbies in Barbieland, begins experiencing an existential crisis. She must travel to the human world in order to understand herself and discover her true purpose. Her kinda-sorta boyfriend, Ken (Ryan Gosling), comes along for the ride because his own existence depends on Barbie acknowledging him. Both discover harsh truthsand make new friends along the road to enlightenment. This bleeding of stark reality into an obsessively engineered fantasy calls to mind the revelations of ""The Truman Show"" and ""The LEGO Movie,"" but through a wry prism that's specifically Gerwig's. This is a movie that acknowledges Barbie's unrealistic physical proportionsand the kinds of very real body issues they can cause in young girlswhile also celebrating her role as a feminist icon. After all, there was an astronaut Barbie doll (1965) before there was an actual woman in NASA's astronaut corps (1978), an achievement ""Barbie"" commemorates by showing two suited-up women high-fiving each other among the stars, with Robbie's Earth-bound Barbie saluting them with a sunny, ""Yay, space!"" This is also a movie in which Mattel (the doll's manufacturer) and Warner Bros. (the film's distributor) at least create the appearance that they're in on the surprisingly pointed jokes at their expense. Mattel headquarters features a spacious, top-floor conference room populated solely by men with a heart-shaped, ""Dr. Strangelove""-inspired lamp hovering over the table, yet Will Ferrell's CEO insists his company's ""gender-neutral bathrooms up the wazoo"" are evidence of diversity. It's a neat"
183,SKC_Doc3_Barbie,SKC_Doc3_Barbie,SKC,Comedy,Positive,Barbie,"From the early, lo-fi days of her career as something of a muse for the mumblecore movement, Greta Gerwig has been interested in messy tales of nascent adulthood. And from her partnerships with now-husband Noah Baumbach, most notably 2012's Frances Ha, to her own solo directorial work (2017's Lady Bird and 2019's Little Women), her films have continued to bear the mark of a storyteller who understands the ways that modern adults, but especially women, are burdened by the weight and expectations of responsibility. Gerwig's Barbie is partially inspired by psychologist and author Mary Pipher's Reviving Ophelia, a 1994 bestseller about how adolescent girls lose their identities while navigating a looks-obsessed, media-saturated culture. That should be enough to quell expectations of the film playing out as a show of allegiance to one of the most recognizable brands in the world. And if it doesn't, the subversive streak of Gerwig and Baumbach's script certainly will. At once a journey of self-actualization and a testament to female solidarity, Gerwig's film is here to explain how the patriarchy is an all-inclusive, regressive force. Which isn't to say that this film, which very smartly sees girlboss feminism as a way for the patriarchy to hide itself better, is a bummer. It certainly helps that the filmmakers are getting their message across with live-action Barbie and Ken dolls. Gerwig and Baumbach make an explicit point of targeting the unrealistic expectations that the Barbie doll has set for generations of kids while also upholding its promise as an object of a young child's most prized possession: an unabashed imagination. Riffing on the iconic ""Dawn of Man"" sequence from Stanley Kubrick's 2001: A Space Odyssey, Barbie cheekily acknowledges the Mattel brand's massive cultural footprint by beginning as something of a historical fantasy that retells the story of human evolution as a byproduct of the invention of dolls. It then introduces us to Stereotypical Barbie (Margot Robbie), who's settled into her dream life in Barbie Land: a pristine matriarchal society that exists somewhere in our collective imagination off the coast ofwhere else?Venice Beach, California. It's there that Barbie's boyfriend, Ken (Ryan Gosling), trades innocuous, homoerotic banter with another Ken (Simu Liu) while at the same time doting on Barbie, whose mostly content to spend the majority of her days and nights hanging out with her unequivocally supportive best friends, among them President Barbie (Issa Rae), Physicist Barbie (Emma Mackey), and Doctor Barbie (Hari Nef). And though Gosling's Ken wishes that he received a bit more affection from his girlfriend, for him, too, life in plastic seems pretty fantastic. Then, one day, the idyllic, semi-autonomous world of Barbie Landsmoothly designed by Sarah Greenwood to mimic the plasticity of the real-life toys, and in a mind-boggling array of bubblegum pinks and cotton-candy bluesexperiences a disruption: During a dance break (shades of Vincente Minnelli), Barbie asks her friends if anyone ever thinks about dying. The rupture of Barbie Land's utopia takes Barbie on an Oz-like journey of reckoning that's kicked earnestly"
184,SKC_Doc4_Barbie,SKC_Doc4_Barbie,SKC,Comedy,Positive,Barbie,"Barbie, the hotly anticipated film opening nationwide on July 21, has a lot on its mind. How could it not, when its creatorsdirector Greta Gerwig co-wrote the film with her partner, Noah Baumbachhave been handed such a tricky task? The film, about the preeminent fashion doll, has to serve the interests of its masters, in this case the Mattel corporation, while also cheating out to the audience to convince them that what they are watching is not just some two-hour ad. The film must be extra conscious of what Barbie iscritical of it, evenwhile also celebrating one of the most famous toys ever made. What choice did Gerwig have, then, but to go weird? That's exactly what she does with Barbie, which is part satire, part earnest fable, and part big-minded meditation on the nature of existence. Those components don't a cohesive film makeBarbie's many fashions and accessories often clashbut at least Gerwig has made something worth thinking and talking about. Barbie does not give off the cold gleam of mere board-approved product, even if that is, at root, still what it is. Margot Robbie plays Stereotypical Barbie, essentially just the blonde, basic model. She lives in Barbie Land surrounded by other Barbies defined by a single attribute: there's President Barbie (Issa Rae), Doctor Barbie (Hari Nef), Writer Barbie (Alexandra Shipp), and so on. They live happy days in the company of the Kens, affable dopes cognizant of their second-tier status but not terribly fussed about it. Our main Barbie's Ken, a beach-bound version of the doll, is played by Ryan Gosling, who takes up a lot of space considering that this is a Barbie movie, not a Ken one. In the film's confused, who-really-cares-about-logic reality, the Barbies each represent dolls that are being played with in the real world, but they themselves can also cross into our realm in their own physical form. This fact is readily accepted by everyone who hears itbe they doll or human. Gerwig does not want us dwelling on particulars, not when there is so much thematic ambition to be addressed. Something begins troubling Robbie's Barbie. She has a dawning fear of death; her feet have fallen from high-heel ready tip-toe. Most alarming, to her anyway, is the cellulite that has developed on her thighs. In search of some sort of remedy, Barbie leaves her comfortable home to find the little girl currently playing with her (again, it's confusing) in the hopes of cheering her up, thus restoring Barbie's perfect existence. Ken stows away in the Barbie convertible, and soon both he and his sorta girlfriend are learning terrible things about the world, an Adam and Eve emerging from the garden to find a wilderness riven with sin. Barbie comes to realize that she's got a complicated profile among the humans. She and her kin have not inspired a utopia in which women do amazing things without barrier or opposition, the way the Barbies have long assumed. Instead the dolls have been largely dismissed"
185,SKC_Doc5_Barbie,SKC_Doc5_Barbie,SKC,Comedy,Positive,Barbie,"This Barbie review was written during the 2023 WGA and SAG-AFTRA strikes. Without the labor of the writers and actors who are currently on strike, movies like this one would not be possible, and Autostraddle is grateful for the artists who do this work. This Barbie review also contains spoilers. In Barbra Streisand's rendition of Stephen Sondheim's ""Putting It Together,"" the artist finds herself going back-and-forth with her producers about the work she's put into her art. It comes at the top of The Broadway Album, something these faux producers argue is ""just not commercial."" To that, she challenges: What is commercial? This is the kind of question that has plagued any number of individuals when both creating and consuming art. What, exactly, defines a commercial product? Is simply being popular enough to categorize something as such? Does something have to be specifically designed as such to be void of artistry? Is the inclusion of a popular brand, regardless of any attempts at subversion within the art, enough to consider a work ""commercial?"" And what of artists who manage to straddle the line between ""commercial"" and ""art""? If Twitter were to be believed, there would be absolutely no realm in which one could ""sell out"" and still create a great film. In an era where most independent filmmakers are being hired to helm hack work at Disney or any given streamer  under the watchful eye of producers who have no interest in any distinct vision beyond their bottom line  the question of whether or not artistry can exist within a commercial art piece has become all the more pressing and understandable. An inherent wariness at the mere concept of engaging with an established brand is not unwarranted, but there's worth in actually dissecting whether or not those works still work successfully as art in spite of their commercial success (or their ability to push a brand). Greta Gerwig's Barbie is the latest to fall victim to the hyperbole of the internet's fear at an artist selling out. Depending on who you ask, Barbie is either a testament to artistry and distinct vision surviving in spite of brand interference or a warning that even the most distinct artist will get lost under the weight of capitalism. The truth, in reality, is somewhere between these two opposing poles (and far closer to the former). Gerwig's film is, ultimately, about a doll. As one might imagine, this comes with all the benefits (its appealing color palette, an expansive cast of existing characters to play with in a sandbox) and drawbacks (an arguably incessant need to engage with the products it features, a devotion to an existing ""brand"") of any work designed to promote a brand. But that delicate balance between the two is where Barbie flourishes as a work of art. It's less an advertisement for a company than it is a surprisingly dense text about just what exactly Barbie means to multiple generations of women, mining the absurd history of"
186,SKC_Doc6_Barbie,SKC_Doc6_Barbie,SKC,Comedy,Negative,Barbie,"Filmmaking partners Greta Gerwig and Noah Baumbach reportedly wrote the script for Barbie, ultimately directed by Gerwig, during the height of the COVID-19 pandemic. That catastrophe has caused over 20 million deaths and served as a ""trigger event,"" accelerating all manner of social, economic and political processes. The pair might have put their time to better use, thinking about the momentous changes taking place. Instead, Gerwig and Baumbach produced a shallow, moralizing feminist fable. Of course, from the point of view of the parties immediately concerned, it has turned out brilliantly: so far Barbie's earnings worldwide come to half a billion dollarsand climbing. The film is about a doll, launched in 1959, very popular with children. US toymaker Mattel has sold more than a billion of them. One feels a little embarrassed having to spend much time describing the story-line. Barbie opens with a scene parodying Stanley Kubrick's 2001: A Space Odyssey. Little girls playing with tea sets and dolls are suddenly confronted by a monolith, a giant Barbie who motivates them to shatter their dull toys. The narrator (Helen Mirren) intones that Barbie is more than ""a lady in a bathing suit ... She has her own money, house, car and career. Since Barbie can be anything, so can women ... Girls become women who can achieve anything they put their minds to. Thanks to Barbie all the problems of feminism and equal rights have been solved."" Of course, the tenor is ironic, but the overall presentation of Barbie's world is not at all what one expects, especially from ""hipster"" filmmakers. After all, the ""Barbie phenomenon"" has been attacked for decades by a certain type of middle class radical as the embodiment of the mass media-induced imposition of conformity and consumerism. Along these lines, one earnest 2016 feminist essay, for example, after arguing that the ""canonical female body is first of all middle class, white and young, with fine facial features and unwrinkled skin, fit and well-toned and especially slim,"" refers to ""an 'American,' and more specifically Californian 'body-beautiful' ideology,"" and asserts that ""the Barbie doll is the highest expression not only of this ideal but also of a socially induced brainwashing of young girls for the purposes of acceptance and conformity to this canon."" (""Resisting the Male Gaze: Feminist Responses to the 'Normatization' of the Female Body in Western Culture"") However, and their need to gain the approval of Mattel presumably played a role, Gerwig and Baumbach have rejected all this, and seriously treat Barbieland (albeit with a wink and a nod), complete with its all-female construction crews, US government cabinets and Nobel Prizewinner cohorts, as a feminist utopia. This central idea and guiding motif makes no sense whatsoever, and that does create difficulties. In any event, ""Stereotypical"" Barbie (Margot Robbie) lives in Barbieland with other Barbie iterations such as Doctor Barbie, Astronaut Barbie, President Barbie, etc. There is even the short-lived Proust Barbie (Lucy Boynton) ""that didn't sell very well."" The full bench of the Supreme Court"
187,SKC_Doc7_Barbie,SKC_Doc7_Barbie,SKC,Comedy,Negative,Barbie,"I'm going to start this post by saying I am not a Barbie girl. I spent my younger years spinning, literally, in my own world, and was rarely interested in dolls that were foisted on me. Frankly I preferred a witch's broomstick and cuddly toys. Then came the tomboy years, where my older brother convinced me I wanted to be a footballer (specifically a goalie so that he could practice his penalties). In this phase, I gave many of my old Barbies buzzcuts and tattoos (which my sister found traumatising and never got over). Just before I hit puberty, I did begin to feel an inexplicable pull towards these dolls, wondering if these idealised forms of beauty were something I should be looking up to... buuut that didn't last long before I lost interest entirely. Needless to say, I did not feel like the target audience for the film and never thought I'd be making a post about it. Until my sister made a Barbie party and sat me (and dog) down to watch it. Unsurprisingly, now I've seen it,I have things to say. So, whether you are a fan of the franchise or not, get yourself a stiff drink, cos this is gonna be a doozy. First, I don't know how long the opening went on for, but it felt like it d-r-a-g-g-e-d. Now, obviously, this will only apply to people not already invested in a Barbie world, because the aesthetic is really well done. For me though, I wasn't exactly laughing at the ""beach"" jokes and thought the setup so dull I might die of boredom. The only highlight for me was when we met weird Barbie, which delighted me, for obvious reasons (see above- though I can't say I did it cos I was ""playing too hard""). It quickly became apparent to me that the plot was paper thin. When something needed to happen, it just did. I mean, the clue is in the way Barbie is told she will ""just know"" who she is looking for when she enters the real world. There's no need for explanation or logic; there's just jumping from scene to scene at the drop of a hat (and with a quick change of clothes). I had no idea why anything was happening half the time. Admittedly, I did like that this was centred on a mother-daughter relationship, rather than being a romance. If anything, I wish the film had gone further to really explore the themes of sisterhood. It would've made sense to build the plot around this and flesh out the scenes where they supposedly bonded- instead of telling us ""they've bonded now!"" Wouldn't it have been great if they'd made a story about actual female friendship? Ya know, tell an actual story. But no, that would've disrupted the flow of simply ambling from point to point. So, when the movie leaps head first into messaging, it almost felt like a welcome relief from the sheer nonsense up until that"
188,SKC_Doc8_Barbie,SKC_Doc8_Barbie,SKC,Comedy,Negative,Barbie,"Don't let ""Barbie's"" dreamy, Day-Glo visuals fool you. The film runs on hate, not affection. ""Barbie,"" inspired by the Mattel toy dating back to 1959, loathes men to a degree that would make a Women's Studies major blush. It hates the Barbie toy itself, dubbing it ""fascist"" and worse throughout the film. ""Barbie"" also hates women with sweet memories of the doll. Just know you supported the ""Patriarchy"" all those years ago. And maybe even now. That leaves an ambitious film, scattered with well-earned laughs, that disintegrates during a disastrous third act. ""Barbie"" opens with a clever conceit. What if Barbie Land existed as another universe alongside our real, imperfect world? The toys-as-people conceit is funny at first but quickly loses steam. Stereotypical Barbie, played with panache by Margot Robbie, suddenly finds herself victim to feelings from that other realm. She thinks about death, for starters, interrupting the dreamy existence everyone enjoys in Barbie Land. Except the men. The various Kens, led by Ryan Gosling, are there to be either ogled or ignored. Mostly the latter. This Uber-feminist world has no need, desire or empathy for Ken Nation. And the lads are perfectly content because they don't know any better. When Barbie and Ken leave their world to visit the Real one, everything changes. Ken discovers the Patriarchy, and he likes it! (The screenplay mentions the ""patriarchy"" 10 times... 10!) Barbie encounters rampant sexism, like AMC's ""Mad Men"" on steroids. Had ""Barbie"" been set in the 1950s some of this would make sense. Can Barbie learn why her perfect life is now not so ideal? Will Ken bring the Patriarchy back home? Will a movie that starts with promise curdle during the critical third act? The answer to the latter, sadly, is ""absolutely."" That's a shame since director/co-writer Greta Gerwig establishes inventive ways to bring the toy franchise to life. She even drops references to actual Barbie accessories during the film and uncorks a funny faux commercial about a new, ""depressed"" Barbie doll option. The production design is sublime. If ""Barbie"" were an old home you'd say it had ""good bones."" Gerwig, along with collaborator Noah Baumbach, have an agenda to push that drains the joy from their creation time after time. And it starts from the opening minutes with a cringe-worthy close-up of the all-female Supreme Court (where's Amy Coney Barrett?). Feminism! Empowerment! Down with the Patriarchy! Every time the film gains momentum it pauses to make a mini-speech The characters can't move beyond these moments because there's always another minutes away. It's the perfect encapsulation of woke storytelling. The AgendaTM matters more than the narrative and mustn't be denied. ""Barbie"" could still offer powerful points about sexism in the western world with a less heavy-handed approach. Show, don't tell. Instead, it tells, and tells, until the story has nowhere to go. That leaves a finale brimming with poorly choreographed fight scenes, dance numbers that make no sense and conclusions that feel almost anti-human. This movie hates men so"
189,SKC_Doc9_Barbie,SKC_Doc9_Barbie,SKC,Comedy,Negative,Barbie,"When Barbie premiered in theaters last summer, I, like many other women, rushed to see it during opening week. I did the whole thing  I wore a fully pink outfit, smeared sparkly makeup across my eyes and walked into the theater with my friends expecting a movie that, while fun, had a moving message about what it is to exist as a woman. Mostly, I was excited to finally have a movie that was made specifically forwomen. However, that was not what I got. Barbie was certainly not the groundbreaking feminist film that everyone had said it was. In fact, I found it deeply misogynistic for several reasons, and it was discomfiting for me to see it being lauded as a masterpiece when it so clearly perpetuated many of the most harmful mindsets that modern day women are forced to overcome. Firstly, the entire movie is based around beauty. This is surely not far from the truth of real women. So much of our lives are based around the conscious or unconscious pursuit of beauty that it was obviously something a movie about the female experience had to address. However, the way the writers went about it reeked of typical entry level feminism. Barbie insists on everyone being beautiful  in fact, in its most pivotal scene, which features Barbie crying because she doesn't feel pretty enough, the movie's response is to have another one of the female leads console her by telling her that she is so beautiful. While it's important to understand that beauty does not exist only in the rigid definition that is often assigned, by having the most emotional scene in the movie end with the main character receiving validation in order to feel good again, it reinforces the idea that in order to be okay, women have to be beautiful. In a world where Barbie preached more than just performative feminism, the scene would have gone more like this: ""I'm not pretty."" ""You don't have to be, it's not your job."" Think about how much more influential this dialogue would have been. If such a widely viewed movie had changed that one line to be something truly meaningful, its impact could have been so much more positive. To tell women that they are beautiful, even if they don't feel like it, is reinforcing the same age old idea that a woman's value is based on her appearance. What we need is a new take on feminism, one that is not deeply entrenched in misogynistic ideals. Women need to know that it is alright not to be beautiful, that it is not their duty to constantly, or ever, appeal to the male gaze. If it was just that one scene where these problematic themes were prevalent, perhaps the movie could still be claimed as an overall success. Unfortunately, the examples of this exact same issue pile up. Another widely discussed scene in Barbie is when Margot Robbie, playing stereotypical Barbie, is talking to an older"
190,SKC_Doc10_Barbie,SKC_Doc10_Barbie,SKC,Comedy,Negative,Barbie,"Now that the Barbenheimer fanfare is over and we've all finally gotten I'm Just Ken out of our heads, let's talk seriously about Barbie (2023) - the good, the bad and the ugly! Despite being an aesthetically pleasing film with lots of glitz, glitter and glamour, Barbie focused on addressing social inequalities, such as misogyny, and explored philosophical themes, like existentialism. This has led to some critics praising Barbie (2023) for its feminist themes. From a Black and intersectional feminist's point of view, Barbie (2023) fails to offer any new, cutting-edge takes on feminism and depicts heteropatriarchy through a one-dimensional, white feminist gaze. This blog piece explores how Barbie is an enjoyable movie with lacklustre feminist commentary that fails to be a revolutionary and instead perpetuates white feminism. What is 'white feminism' and how is it different from 'intersectional feminism'? 'White feminism' is often associated with 'liberal feminism,' 'T.E.R.F feminism', and 'choice feminism'. It prioritises the ideals of white, cis-gendered and otherwise privileged women. It often focuses on the well-being of the individual, rather than addressing oppressive structures and intersecting discriminations that enable inequality in the first place. It fails to acknowledge the nuanced way in which these structures affect people from diverse backgrounds. It aspires to elevate white women to be equal to white men, thereby suggesting that white men are the ideal to live up to, limiting its capacity to inspire transformative change. Proponents of white feminism benefit from systems and structures of white supremacy whilst silencing women of colour, trans-women and other marginalised individuals. By depicting social oppression as universal and patriarchy as one-dimensional, white feminism fails to acknowledge the experiences of the most marginalised. A 'white feminist' is not a feminist who is white, but rather someone who considers themselves a feminist and subscribes to the previously outlined viewpoint. In contrast to white feminism, intersectional feminism acknowledges the multi-faceted nature of people's identities and how that impacts their experiences. It utilises these diverse perspectives to collaborate in the fight for liberation from oppressive structures. To an extent, Barbie (2023) does a great job of simplifying and explaining the patriarchy, especially to younger audiences. The film portrays the patriarchy existing on a variety of levels, from institutional, cultural and interpersonal issues that are embedded in every aspect of society. When Barbie enters the real world, she experiences gendered social discrimination and oppression in various forms, such as hyper-sexualisation, 'cat-calling' and the male gaze. On the other hand, Ken learns about how men control an array of institutions and systems (sports, media and business). He also benefits from patriarchal social norms. The contrast between the characters' experiences, highlights how gender discrimination manifests in multiple ways and how socially vulnerable individuals are harmed by unequal power structures. Moreover, in neo-liberal Western countries, the belief that social inequalities have been reduced to an inconsequential level has become a mainstream opinion. The post-feminist and post-radical viewpoint posit that all goals of social justice movements have been achieved and all structures of"
191,WSM_Doc1_Batman,WSM_Doc1_Batman,WSM,Sci-Fi,Positive,Batman,"Matt Reeves’ “The Batman” isn’t a superhero movie. Not really. All the trappings are there: the Batmobile, the rugged suit, the gadgets courtesy of trusty butler Alfred. And of course, at the center, is the Caped Crusader himself: brooding, tormented, seeking his own brand of nighttime justice in a Gotham City that’s spiraling into squalor and decay.But in Reeves’ confident hands, everything is breathtakingly alive and new. As director and co-writer, he’s taken what might seem like a familiar tale and made it epic, even operatic. His “Batman” is more akin to a gritty, ‘70s crime drama than a soaring and transporting blockbuster. With its kinetic, unpredictable action, it calls to mind films like “The Warriors” as well as one of the greatest of them all in the genre, “The French Connection.” And with a series of high-profile murders driving the plot, it sometimes feels as if the Zodiac killer is terrorizing the citizens of Gotham.And yet, despite these touchstones, this is unmistakably a Matt Reeves film. He accomplishes here what he did with his gripping entries in the “Planet of the Apes” franchise: created an electrifying, entertaining spectacle, but one that’s grounded in real, emotional stakes. This is a Batman movie that’s aware of its own place within pop culture, but not in winking, meta fashion; rather, it acknowledges the comic book character’s lore, only to examine it and reinvent it in a way that’s both substantial and daring. The script from Reeves and Peter Craig forces this hero to question his history as well as confront his purpose, and in doing so, creates an opening for us as viewers to challenge the narratives we cling to in our own lives.And with Robert Pattinson taking over the role of Bruce Wayne, we have an actor who’s not just prepared but hungry to explore this figure’s weird, dark instincts. This is not the dashing heir to a fortune prowling about, kicking ass in a cool costume. This is Travis Bickle in the Batsuit, detached and disillusioned. He’s two years into his tenure as Batman, tracking criminals from on high in Wayne Tower—an inspired switch from the usual sprawl of Wayne Manor, suggesting an even greater isolation from society. “They think I’m hiding in the shadows,” he intones in an opening voiceover. “But I am the shadows.” In the harsh light of day, Pattinson gives us hungover indie rock star vibes. But at night, you can see the rush he gets from swooping in and executing his version of vengeance, even beneath the tactical gear and eye black.As he’s shown in pretty much every role he’s taken since “Twilight” made him a global superstar in 2008, working with singular auteurs from David Cronenberg to Claire Denis to the Safdie brothers, Pattinson is at his best when he’s playing characters who make you uncomfortable. Even more than Christian Bale in the role, Pattinson is so skilled at making his beautiful, angular features seem unsettling. So when he first spies on the impossibly"
192,WSM_Doc2_Batman,WSM_Doc2_Batman,WSM,Sci-Fi,Positive,Batman,"Where do you go after “The Dark Knight”? Ben Affleck blew it, and even Christopher Nolan, who brought unprecedented levels of realism and gravitas to that franchise-best Batman saga, couldn’t improve on what he’d created in his 2012 sequel. So what is “Cloverfield” director Matt Reeves’ strategy? Answer: Go darker than “The Dark Knight,” deadlier than “No Time to Die” and longer than “Dune” with a serious-minded Batman stand-alone of his own. Leaning in to those elements doesn’t automatically mean audiences will embrace Reeves’ vision. But this grounded, frequently brutal and nearly three-hour film noir registers among the best of the genre, even if — or more aptly, because — what makes the film so great is its willingness to dismantle and interrogate the very concept of superheroes.Sure, that’s been done before — “Who watches the Watchmen?” Alan Moore memorably asked, influencing decades of spandex-clad savior stories — though Reeves does something relatively unique here, at least by comic-book-movie standards: He strips the genre of its supernatural elements (even more than the Nolan trilogy did) and introduces a more complex version of a classic pulp hero who’s only a whisker’s breadth removed from the story’s bad guy, morally speaking. Whereas these movies are typically defined by their villains, “The Batman” gets under your skin by asking: What if the good guys aren’t really the good guys? What if the person we were counting on to protect us might actually be making the situation worse?While Batman — who’s played here by gloomy “Twilight” star Robert Pattinson, representing the orphaned character’s tortured psychology to an almost painful degree — focuses on punching out petty thugs in shadowed alleys and on subway platforms, the Riddler (a genuinely disturbing Paul Dano) emerges to expose/dispose of the white-collar scoundrels embedded at the highest levels of power. Both men are vigilantes, though one is preoccupied with helping the police, while the other targets the systemic corruption that undermines our faith in such institutions — in Gotham City, for sure, but off screen as well.In ways far more unsettling than most audiences might expect, “The Batman” channels the fears and frustrations of our current political climate, presenting a meaty, full-course crime saga that blends elements of the classic gangster film with cutting-edge commentary about challenges facing the modern world. It’s a hugely ambitious undertaking and one that’s strong enough to work even without Batman’s presence, not that it would have any reason to exist without him. But by incorporating the character and so many of the franchise’s trademarks — Catwoman (a slinky Zoë Kravitz), the Penguin (Colin Farrell, all but unrecognizable), loyal butler Alfred (Andy Serkis, fully analog) and an epic car chase involving the latest iteration of the Batmobile — Reeves electrifies the dense, ultra-dark proceedings with an added level of excitement that justifies the film’s relatively demanding running time.From the beginning, the director breaks from the stylistic influences of the genre, establishing a tone that almost never feels derivative of other comic book movies. That"
193,WSM_Doc3_Batman,WSM_Doc3_Batman,WSM,Sci-Fi,Positive,Batman,"With his Planet of the Apes installments, Matt Reeves demonstrated that big studio franchise movies based on iconic screen properties didn’t have to exclude intelligent, emotionally nuanced storytelling. The same applies to The Batman, a brooding genre piece in which the superhero trappings of cape and cowl, Batmobile and cool gadgetry are folded into the grimy noir textures of an intricately plotted detective story. Led with magnetic intensity and a granite jawline by Robert Pattinson as a Dark Knight with daddy issues, this ambitious reboot is grounded in a contemporary reality where institutional and political distrust breeds unhinged vigilantism.More balanced in its bleak social realism than 2019’s Joker — it’s shaped by the perspective not of a villain but of a conflicted hero whose arc takes him from being an instrument of vengeance to a crime-fighter who refuses to surrender his hope of making a difference despite the daunting odds — The Batman seems less likely to be dismissed as nihilistic exploitation.It’s a soulful nocturne of corruption and chaos, and as much as I longed for a few more glimmers of humor, at no point during the hefty three-hour run time did my attention wander. But Reeves’ film hammers home the realization that somewhere along the line, someone — probably Christopher Nolan — decided that Batman movies should no longer be fun.That’s fun in the sense of amusement. Don’t get me wrong, there’s excitement and thrills, notably in an electrifying chase on a bridge in which the Batmobile withstands explosions and a wall of fire like an armor-plated muscle car. There’s also plenty of sexual tension in the dangerous allure between Pattinson’s Batman and Zoë Kravitz’s Selina Kyle, a slinky creature of the night with a rockin’ rubber fetish-wear wardrobe, formidable kickboxing moves and a payback agenda that plants her on the path to becoming Catwoman. What there isn’t much of is laughs, unless you count the sick sense of humor of Edward Nashton (Paul Dano), the alienated geek accountant better known as the Riddler.For those of us who grew up on endless reruns of the 1960s Batman TV series, with its campy parade of guest villains and its cartoonish wham-boff-kapow fight scenes, there was a natural progression in Tim Burton’s studio reinventions of the enduring DC property. In particular, his 1992 entry, Batman Returns, is a favorite for many of us, thanks in large part to the lip-smacking turns of Danny DeVito as the Penguin and Michelle Pfeiffer as a Catwoman destined — with no disrespect to Kravitz, who’s terrific — to remain unequaled.The dour self-seriousness that crept into screen treatments starting in 2005 with Nolan’s Batman Begins is probably truer to the original DC Comics vision of creators Bob Kane and Bill Finger, and to the 1986 rejuvenation by Frank Miller. But as compelling as the Nolan and now Reeves takes on the material are, all that gravitas can become, well, heavy.I found myself even thinking wistfully of the truly terrible Joel Schumacher ‘90s entries, gaudy trash that"
194,WSM_Doc4_Batman,WSM_Doc4_Batman,WSM,Sci-Fi,Positive,Batman,"It was less than three years ago that Todd Phillips’ mid-budget but mega-successful “Joker” threateningly pointed toward a future in which superhero movies of all sizes would become so endemic to modern cinema that they no longer had to be superhero movies at all. With Matt Reeves’ “The Batman” — a sprawling, 176-minute latex procedural that often appears to have more in common with serial killer sagas like “Se7en” and “Zodiac” than it does anything in the Snyderverse or the MCU — that future has arrived with shuddering force, for better or worse. Mostly better.This isn’t “Captain America: The Winter Soldier” posturing as a 1970s conspiracy thriller or “Logan” half-committing to its Western heart, nor is it a simple throwback to Christopher Nolan’s Bush-era take on the Dark Knight, which grounded Bruce Wayne in a tactile Gotham while still broadly adhering to the storylines and spectacles expected of its genre. No, the better part of this Batman belongs to another genre altogether, as Reeves stubbornly eschews the usual razzmatazz in favor of a hard-boiled murder-mystery in which The World’s Greatest Detective just happens to be a (very) tortured billionaire with an unexplained hard-on for bats.Which isn’t to suggest that people will confuse this mirthlessly dark Bat-noir for a Raymond Chandler adaptation, or even any of the David Fincher movies that lent “The Batman” its grim style or haunted air of fear — not with Colin Farrell playing Oswald Cobblepot under 50 pounds of Jake LaMotta cosplay, Paul Dano’s Riddler drawing foam question marks in his lattes, and a glowering Robert Pattinson karate-chopping street gangs while entombed inside a rubber Batsuit thicker than the tires of a monster truck. But it’s those brief (and very rare) dashes of action that best illustrate the film’s defiantly anti-blockbuster approach, as Reeves designs them with a much greater emphasis on close-up emotion than big screen excitement.The combat is shot in silhouette, the sole Batmobile sequence is framed tighter than “Locke,” and the setpieces double down on Greig Fraser’s bonfire cinematography — his Stygian color palette extending Bruce’s personal hell across the whole of Gotham — to a degree that makes them seem like a scorched-earth rebuttal to the candied aesthetic of most other superhero movies (and a serious crisis for any corporate multiplex that doesn’t regularly change its projector bulbs). Even this film’s relatively familiar, broadly Nolan-esque Batman tries to save the city climax is discomforting for the way it stages all the usual POWs! and BAMs! against a recognizable backdrop of real-world horror.And there is plenty to be afraid of in this Gotham, as “The Batman” makes clear by opening with a Halloween-night home invasion that unfolds like a chapter from the Book of Saw (a fitting prelude to a film whose Riddler is equal parts Joker and Jigsaw). The mayor is murdered by a serial killer just days before his potential re-election, leaving behind the first of several mangled bodies and taunting clues.What it doesn’t leave behind is a power vacuum. If"
195,WSM_Doc5_Batman,WSM_Doc5_Batman,WSM,Sci-Fi,Positive,Batman,"Batman has become Bat-ubiquitous. Gotham’s protector is rarely far away from the screen; this year alone, there is the return of Michael Keaton’s Bruce Wayne, the cinematic debut of Batgirl, and the animated DC League Of Super-Pets, which features Ace the Bat-hound, Batman’s pet dog. He is everywhere. An icon. The challenge for The Batman’s writer-director Matt Reeves: how to make a totemic, mythic figure of pop culture feel new.Reeves’ approach, it seems, is evolution rather than revolution. Comparisons with Christopher Nolan’s era-defining Batman trilogy are unavoidable — it shares Nolan’s serious, neo-noirish tone, and one set-piece is reminiscent of The Dark Knight — but the difference to, say, Batman Begins is that this is emphatically not an origin story. There is, gratifyingly, no new recreation of Bruce Wayne’s parents being murdered. Like Spider-Man: Homecoming, this is ‘post-origins’: a superhero still in his early years, grappling with youthful naivety and what his masked identity actually means.Working with his cinematographer Greig Fraser, Reeves has rendered perhaps the best screen realisation of Gotham so far.So, in Robert Pattinson, we get a very different Bruce Wayne. Where Christian Bale and Ben Affleck embraced the macho side of the character, Pattinson looks like a boyish vampire, his skin tone only a shade warmer than in Twilight. His is the first screen Batman to be fully seen wearing the eyeshadow required of the character’s costume, which evokes Robert Smith from The Cure. In the suit he’s methodical and muscular; out of it, he’s racked with insecurity and self-doubt. A repeated needle drop of Nirvana’s ‘Something In The Way’ confirms it: this is emo-Bats.As a new direction, it makes total sense for this most brooding of superheroes. And though the humourlessness sometimes flirts with self-parody — Pattinson’s narration, delivered like Rorschach’s journal, grumbles mainly about vengeance, fear, justice, the usual stuff — the mood is justified by a believably dark bad guy. In a crowded rogues’ gallery (shout-outs to Zoë Kravitz’s instantly charismatic Catwoman and Colin Farrell’s bafflingly convincing prosthetic Penguin), this is the Riddler’s show, anchored by a chilling Paul Dano performance. He’s a bespectacled terrorist of the Trump era, driven by an incel’s misplaced sense of injustice and a love of fiendish puzzles. (And latte foam art.)Fully embracing the “world’s greatest detective” comics reputation that cinematic Batmen often forget, Reeves thus plays things out like a twisty David Fincher-esque thriller. (Some of the Riddler’s clues could have been ripped from the pages of the Zodiac killer.) Occasionally the knottiness of the plotting will leave you feeling that near-three-hour runtime, but it is never boring, the narrative propelled by a series of grisly conundrums through Gotham’s seedy underbelly.What will also hold your attention is how beautiful that underbelly looks. Working with his cinematographer Greig Fraser, Reeves has rendered perhaps the best screen realisation of Gotham so far; walking a careful tightrope between gritty realism and heightened pulp (lots of neon, lots of rainfall) without ever overplaying their hands. The result is some remarkable film craft,"
196,WSM_Doc6_Batman,WSM_Doc6_Batman,WSM,Sci-Fi,Negative,Batman,"We have had great and awful Batman movies dating back to 1989, with Tim Burton’s “Batman.” We have seen lots of actors, of varying quality, in the lead role. Less than three years ago, we even had a Batman spin-off (“Joker”) win the Oscar for best actor.The terrain is crowded, and if you’re going to make another Batman movie, you’d better have something new to say. Perhaps a fresh approach to the material? Maybe an actor so amazing in the title role that he makes it all seem new again?In “The Batman,” we get neither.Robert Pattinson is an interesting screen presence, with an air of strangeness and torment about him that should have served him well as Bruce Wayne. But it’s as if Pattinson has forgotten everything he’s learned since the “Twilight” films. He plays the entire movie in one long note of anguish and misery. He doesn’t smile once.Is ‘The Batman’ worth watching? Chronicle critics debate 2022’s biggest movie yet30 years ago, ‘Batman: The Animated Series’ offered a hugely influential take on iconic superheroThat director Matt Reeves could have allowed Pattinson to go down this path — or worse, encouraged him to play it in this way — is a case of epic directorial malpractice. This movie is three hours long, as long as the tour was supposed to be in “Gilligan’s Island.” That’s a long time to go without a single variation in mood and tone.But Reeves, who co-wrote the script, seems to have decided something going into this picture: Make it dystopian! Make it a commentary on American discontent! Create a parallel world that reflects our world, etc., etc.So Reeves ends up with something that feels very 2019, as pre-pandemic as skintight jeans. He comes up with a knockoff of “Joker,” only without the wit and without the great performance, just a flimsy idea that everything is awful, corrupt and rotten. And he assumes that this concept is so deep and profound that he needs three hours to develop it.The fundamental mistake of “The Batman” is that it postulates a world in which there are no good guys and no bad guys. This is an artistic mistake, in that it misunderstands the dramatic wellspring of all action and superhero movies. But it’s also bad luck, in that “The Batman” is being released at one of those frightening junctures in world history in which good and evil are no longer abstract concepts.Bruce Wayne, a mopey sort of guy who really should wash his hair more often, has already begun his vigilante career as Batman, but he’s an ambiguous figure as far as law enforcement is concerned. Meanwhile, a new serial killer is going around, leaving riddles next to elaborately dead bodies — and these riddles are directed at Batman.There’s a case to be made that the freakishness of Batman’s self-presentation (that is, the costume) is actually causing the emergence of equally freakish villains. This is probably the movie’s intention, but it’s a self-defeating one.Equally self-defeating is the notion"
197,WSM_Doc7_Batman,WSM_Doc7_Batman,WSM,Sci-Fi,Negative,Batman,"Now, it’s probably official. Batman can never again be fun, or have fun. He’s the gloomiest of superheroes, haunted by a traumatic past, doomed to skulk around a filthy, lawless Gotham that, at least in the somber vision of Matt Reeves’ The Batman, is an obvious metaphor for 2020s America. The Batman’s America is a place where nutso fringe theorists fully armed with automatic weapons can gun down a Black woman mayoral candidate just because they don’t like the direction the country is going in. In this way, a movie based on a comic-book character will help us face our own darkness.Or will it?The semi-nihilistic yet vaguely hopeful vision of The Batman is what makes it like so many other superhero movies of the past 10 years or so, not what sets it apart. It does have some advantages over the others: Reeves is a relatively thoughtful, careful filmmaker, and the DC universe he’s working in may offer more freedom than the Marvel woodchipper that directors like Taika Waititi and Chloé Zhao have endured, a kind of processing plant that presses their vision into a particle-board-like consistency with the other movies in the franchise.The Batman is a moderately well-made film, with some appealing performances, most notably from its star, Robert Pattinson, and from its cryptically glamorous Catwoman, Zoë Kravitz. And it looks like a movie, which used to be something you didn’t even have to say: The Batman may be dark, literally—its doomy, underlit ambience comes courtesy of cinematographer Greig Fraser—but at least it’s pleasurably cinematic, a picture that creeps to the edges of the big screen with an operatic flourish. Reeves doesn’t just throw his ideas onto that screen: he’s attuned to how they hit, and if the movie, a bat-hair short of three hours long, features at least three too many endings, Reeves still keeps the story from falling into sluggishness. (I’m among a minority that believes his 2010 Let Me In is better—more bruising, and more poetic—than the 2008 Swedish film, Let the Right One In, it’s based on.)The plot goes something like this: Gotham is in a bad way, a dirty, lawless metropolis on the verge of a mayoral race that at least offers some hope for change. Pattinson’s the Batman, so special he gets his own definite article, appears in the city as needed, which is often, summoned by that yellow tattoo in the night-clouded sky that’s never referred to as the Bat Signal, though we all know that’s what it is. (“We have a signal now, for when I’m needed,” he explains in a gravelly, whispered voice-over, as if this information weren’t already burned into our pop-culture data banks.) Early on, the incumbent mayor is murdered in a particularly grisly way (largely off-screen, at least) by a mouth breather in a creepy leather mask, his little piggy eyes peering through grimy eyeglasses; the murder weapon is some sort of ugly spadelike tool. It’s Halloween night, and the mayor’s young son, just back from trick-or-treating,"
198,WSM_Doc8_Batman,WSM_Doc8_Batman,WSM,Sci-Fi,Negative,Batman,"There are very few things that are still expected in this life. Those include Kanye West saying or doing something totally outrageous, Donald Trump calling the 2020 presidential election rigged and an egotistical Bruce Wayne basking in his obscene wealth and heroism in equal measure.And now, writer-director Matt Reeves’ “The Batman” has eviscerated that third bullet point. But who is The Caped Crusader without all the flair, duality and unsettling humanity that has made him so fascinating to watch on the big screen all these years?The short answer from the new film could also be determined after shaking a magic eight ball once: “Reply hazy, try again.” This irresolute reaction comes not just because “The Batman” is a stark departure from what we’ve seen before theatrically. (Honestly, it would have to be different in order to justify its existence just shy of a decade after Christopher Nolan’s superb “The Dark Knight” trilogy).It’s that “The Batman” reaches for an ingenious and compelling new way to tell a story about the thin lines between corruption, greed and nobility — but ever so limply and always just out of its grasp. That’s a bit jarring to witness after decades of watching the masked vigilante, played before by a bevy of actors like Adam West and Ben Affleck, navigate these muddy waters with sleek confidence even while making questionable choices in the most dangerous situations.With Robert Pattison in the role, “The Batman” character is considerably precarious and apprehensive. However, he seems to also have a big heart and wants to be part of the change for reasons not based on pride or rage but something else he can’t quite put his finger on (and the movie, frustratingly, never tells us).Part of that pathos is due to age. We meet Bruce Wayne younger than we’ve seen him previously and in an earlier era of Gotham City. It’s about 20 years after the brutal murder of his billionaire parents, which puts him at around 30 years old. He’s alone and mopey, though evidently not without hope that he can clean up the streets — simply because he feels he must.That timid faith compels him to blindly align with law enforcers, even though we know their system to be contributing to the corruption, like lieutenant Gordon (Jeffrey Wright), presumably because it’s the right thing an orphaned child should do to exact what he calls “vengeance.”But that’s a word repeated often in “The Batman” without any real heft to it. In fact, much of how Batman operates is mechanical. Not yet inhabiting his more familiar staggering presence that can alternate between reckless and flashy — as he does in later years when he flits from brawling in dark alleyways to lavish parties at the Wayne mansion — Bruce here is a shell of who we know he becomes later. Both the young Batman and the young Bruce are uncertain and terribly dull to watch, even in the film’s thrilling chase scenes and recognizably moody look.That’s because very little"
199,WSM_Doc9_Batman,WSM_Doc9_Batman,WSM,Sci-Fi,Negative,Batman,"If nothing else, director Matt Reeves’ The Batman is ambitious. Nearly three hours long. Featuring an intricately plotted narrative written by Reeves and Peter Craig (Bad Boys for Life) that comes across like a modern police procedural crossed with a 1970s-style neo-noir more than it does a modern comic book adaptation. Putting extra emphasis on character development and less on showcasing a never-ending stampede of energetic action set pieces. Deadly serious with precious few instances of deliberate humor.It’s a lot to take in, and I give Reeves props for convincing Warner Bros. to allow him to go so far out on a potentially audience-unfriendly limb with the studio’s most profitable DC superhero. No one is playing it safe, and on rewatch I imagine that on a rewatch, all of the film’s stunning highs will make the frustrating lows feel a bit more insignificant than they do right now.But that’s not how it feels at the moment. After a spectacular string of success that began with 2008’s Cloverfield, continued with 2010’s Let Me In, and culminated with the soaring double-whammy of Dawn of the Planet of the Apes in 2014 and War of the Planet of the Apes in 2017, here Reeves has delivered something of a mixed bag. While there’s much to love, I cannot say I walked out of The Batman satisfied. It is a motion picture whose parts are more impressive than the whole, and watching it is something of an exhilarating endurance test.It has been two years since billionaire Bruce Wayne (Robert Pattinson) secretly took up the mantle of the vigilante crimefighter known throughout Gotham City as the Batman. His name has become synonymous with the word “vengeance,” and every time his signal lights up the sky, criminals stare into darkened alleys wondering if he’ll come striding out to inflict unimaginable pain upon them.There’s a new threat to the city, one enamored with and emboldened by his antics. They have begun executing many of Gotham’s most powerful figures, including the mayor, leaving behind cryptic riddles for the hero to decipher. While Lt. James Gordon (Jeffrey Wright) is open to getting assistance from the vigilante, others in the department aren’t happy their boss is allowing the Batman the freedom to investigate free from supervision or restraint.Needless to say, this new bad guy gets tagged with the nickname “Riddler,” and, as portrayed by Paul Dano, he is a jittery sparkplug overflowing in rage toward a corrupt political status quo and a citizenry at large, who he feels have been negligent in doing anything to change this. It is a deliciously nasty performance, one that drips in the grimy, unwashed vindictiveness of toxic masculinity left unrestrained.This on its own would be an intriguing take on one of Batman creator Bob Kane’s more iconic characters. It’s as if Reeves and Craig want their film to be the antithesis to Todd Phillips’ Joker. This is no celebration of white male anger. They’re trying to start a valuable discussion, especially as they compare"
200,WSM_Doc10_Batman,WSM_Doc10_Batman,WSM,Sci-Fi,Negative,Batman,"It's time Batman got a proper R-rated movie. We've seen him dance. We've seen him """"get nuts,"""" get seduced, and get rubber nipples. We've seen him rebrand as a """"so serious"""" Dark Knight, then reboot as a brawny brooder. With The Batman, writer/director Matt Reeves teams with Robert Pattinson to take another spin on the iconic superhero. But without the freedom an R-rating allows, this movie — full of menace and murder — feels toothless. Imagine if David Fincher made a Batman movie but it was censored to air on televisions at Walmart. That's what Reeves' The Batman feels like.Like Fincher's Zodiac and Seven, The Batman thrusts audiences into a deeply twisted detective story, where a sharp-minded but impulsive sleuth sets out to capture a serial killer. The clues of the case will be revealed to the detective and his audience simultaneously. So, we shouldn't be able to get a step ahead. We should be awed by the deductions our intrigued anti-hero unfurls before our eyes.Robert Pattinson's Batman is aggro but not interesting.Regrettably, Reeves first misstep is that his anti-hero doesn't have the exhilarating disdain and wild bravado of Fincher's. His Batman is less booming with bravado, more brooding and boring. His theme song is a moaning emo track that never rises to a roar or a victorious chorus, and Pattinson's performance is similarly one-note. Worse still, this Batman isn't much of a detective, making leaps in logic that are more inexplicable than elementary. To the credit of Reeves and co-scribe Peter Craig, The Batman doesn't bother with an origin story, so a news broadcast swiftly establishes that 20 years ago Bruce Wayne's parents were murdered. However, they skip too much by rushing through a first act with no character development. It's expected you know the drill: Orphan haunted by his past stalks the night as a vigilante dressed as a bat, hellbent on justice. Also, Alfred (this time played by Andy Serkis) is his butler/father figure/metaphorical punching bag for bad moods.But this Batman's not like the other Batmen. He's a mood, made up of grumbling angsty monologues, hard stares, and grit teeth. Oh, we've done that? Well, he's so aggro that his yarn-walling is done with spray paint on concrete! (This is not a joke. It's a real scene.) Zoë Kravitz deserves better than this sex kitten Catwoman.Catwoman is similarly confined to a mood of murky misanthropy. Zoë Kravitz's natural charisma is suffocated in a role that asks her chiefly to sneer and hip swivel while wearing leather. The two larger-than-life characters of Batman and Catwoman are bled of their verve. So, their fight scenes — though thoughtfully choreographed to be balanced with a hint of sexual innuendo — lack spice. Their forbidden romance feels more required than earned or authentically lusty. Their chemistry is inert, making me wish I could flee the theater and revisit the wild sensuality of Michael Keaton and Michelle Pfeiffer's Bat/Cat liplock in 1992's Batman Returns. It's almost like Reeves forgot superhero movies should"
201,WKF_Doc1_Inception,WKF_Doc1_Inception,WKF,Action,Positive,Inception,"Watching Inception is like striking a match and setting your brain on fire. The movie's tagline, your mind is the scene of the crime, is so much more than a reference to what happens in the film. Sure the plot involves a group of dream-invading thieves, but in the process of telling that story, something much bigger happens inside your own head. It's as if writer/director Chris Nolan has invaded your brain as well. As he attempts to unlock the secrets of the human psyche, his movie implants its own ideas in your subconscious. You'll walk out of Inception questioning your own reality. It's a feeling I haven't had since the first time I saw The Matrix, only, Inception pulls it off without fetish leather and kung fu. Inception spends almost all of its running time risking collapse as the plot becomes more and more complicated. It never holds back. It dares to challenge its characters and its audience. Leonardo DiCaprio plays Cobb as a desperate man teetering on the edge. We learn he has the technology to invade people's dreams and he uses it to get inside their head and steal secrets. Where this technology came from or exactly how it works is never discussed, it's accepted by everyone as a matter of course. Is Inception set in a near future? An alternate universe? We don't know it's just one of the many layers hidden inside Nolan's film left for you to either unravel or accept as the rules of this world. And as Cobb's story unfolds, it's riddled with more unexplained complexity. We learn that he's unable to return to America to see his kids, but don't know why. Are we even sure his kids exist? Is Cobb mad? At some point you'll have to decide, but Inception won't give you all the answers. Inception captures the inner workings of dreams in a way no other movie has before: Realistically. How do you know when you're dreaming? You don't, at least not until you wake up. The world of Nolan's dreams is almost real and you'll have to look closely around the edges for discontinuity, for the little places where things don't quite fit together. It's all there in the way the movie's filmed and as Hans Zimmer's brilliant, throbbing score swells around you in the theater and Nolan's carefully chosen images shine out from the screen you may even find yourself wondering not if you're watching a dream, but if you're actually in one. As the dreams go deeper the complexity of what's happening skews dangerously close to becoming overwhelming and there are a million moments in the film when it could have and maybe it all should have collapsed under its own weight, buried beneath Nolan's psychological hubris. At times understanding it is almost like trying to hold four or five different movies in your head all at once. Yet it never collapses. Inception runs along a razor's edge, layering worlds on top of each other"
202,WKF_Doc2_Inception,WKF_Doc2_Inception,WKF,Action,Positive,Inception,"If there's one movie this year that people have been asking me the most questions about as their ""movie guy,"" it's the new Christopher Nolan-directed Inception. If you're like my friends, you've seen the heavily-hyped imagery from the previews and commercials of a folding Paris skyline, an exploding cafe, gravity-defying hallway falls, and crumbling beachfront skyscrapers, all accompanied by a booming musical score and ominous narration by its star Leonardo DiCaprio. People constantly ask me ""Don, what the hell is that movie about?"" I can tell you right now, those images are just a taste of many like it, and that's only the start of the genius of Inception. It is, without a doubt, a challenging maze of dreams within dreams. Contrary to M. Night Shyamalan movies, or even the TV show Lost (which I love for the mental workout) that implausibly twist with very little explanation afterwords and cause their audience to feel baffled and turned off, Inception delivers twists that fit the evolving context of the story it's creating and commandingly wins your attention enough to not turn you off. While it may not seem like it, trust me, there is a point and a light at the end of the tunnel to this maze. Inception is essentially two things at its core. It's a ""one last job"" story for a thief and a dramatic story of regret and forgiveness of a father and husband, both of which are set in a modern science fiction setting that echoes shades of Minority Report with a dash ofThe Matrix. The thief is Dom Cobb, compellingly played by Leonardo DiCaprio, who wants nothing more than to be reunited with his two kids back home in the U.S., but his illegal activity has made him a wanted man. He also carries a deep and complicated regret with his wife Mal (luminous Public Enemies French actress and Academy Award winner Marion Cotillard) as to why he can't be there. Here's where you're going to start to need the salt grains. It's going to sound crazy and preposterous, but I promise it's easier to watch and enjoy than explain in words. Dreams are what is being stolen, but not in a Freddy Krueger way. Cobb is an ""extractor,"" a man who specializes in entering a person's subconscious by sharing in their dreams to steal that person's secrets for profit and corporate espionage. Imagine being able to steal the idea to invent the iPod before Steve Jobs was able to do it himself. You can't call it patent stealing or copyright violation because it doesn't exist yet. That's what Cobb does and he operates where our dreams occur, where we don't remember how they start, and when we don't know they're not real until we wake up. He does so by getting close to the subject, sedating the target, and plugging them into a mysterious briefcase. The case injects compounds that enable a shared dream experience for all of those plugged it. Cobb works with"
203,WKF_Doc3_Inception,WKF_Doc3_Inception,WKF,Action,Positive,Inception,"Inception may be the most intelligent action film you will ever see. I've always believed that you cannot sum up the plot of a great film in a single sentence. It's proven true once again. I'd need reams of A4 paper before even attempting to dissect this storyline. It's a stunning achievement - one that has been ten years in the making for writer-director Christopher Nolan (Memento, The Dark Knight). So how do I describe the story? I need to give you all something. Essentially this film is about dreams. What if we lived in a world where we had the power to share dreams? What if we took this a step further and people were able to manipulate you in these dreams? I know we've seen films about this subject before (Strange Days springs to mind) but it's Nolan's vision which makes this so impressive. To use his own words, Nolan ""wanted to create a film that would allow the audience to experience the limitless realities that only in dreams can we realize."" The key word there is ""limitless"". It has given Nolan full reign to create some amazingly artistic sequences. There's a fight scene involving Joseph Gordon-Levitt in a hotel hallway which left me shaking my head with disbelief. There are many players in this intricate tale but the central character is Dom Cobb (DiCaprio), a master in dream extraction. He is paid to infiltrate people's minds and coerce them into revealing their deepest secrets. This is an incredibly powerful ability but as you can imagine, it's also highly illegal. Wanted by the authorities in America, Cobb was forced to flee the country and leave his young children behind. All he wants is to find a way to clear his name and return home. A wealthy businessman (Watanabe) is about to provide Cobb with that opportunity. If he can pull off one final job, he will use his connections and allow Cobb safe passage back into the United States. Their target is Robert Fischer (Murphy), the heir to a billion dollar energy business. This is a very different assignment though. Cobb will not be stealing memories. He will be implanting them. With the help of his team, he will be taking on this extremely risky process known simply as ""inception"". Legendary film critic Roger Ebert aptly described Inception as ""a movie immune to spoilers: if you knew how it ended, that would tell you nothing unless you knew how it got there."" I must say though that the film does end on a perfect note. Like everything that precedes it, it's designed to leave you thinking and to leave you talking. I just love movies like this. I can picture the wry smile on Christopher Nolan's face when he finally finished his first draft. He must have known this was something special. There's not a lot of background to the story (such as how the dream extraction technology evolved) and some viewers may be critical of this fact."
204,WKF_Doc4_Inception,WKF_Doc4_Inception,WKF,Action,Positive,Inception,"'Whose subconscious are we going into exactly?"" asks a character in Christopher Nolan's sci-fi thriller ""Inception."" This gets a big laugh in a sublime brain-twister of a movie that plays out so intricately on so many levels simultaneously that a bathroom break comes at your own peril. Text for a few seconds and you may miss a key development. Leonardo DiCaprio leads a team of high-tech corporate saboteurs who descend deep into a target's dreams  with quite a few detours, some of them roadblocks set up by DiCaprio's late wife (Marion Cotillard). In a season of brain-dead spinoffs, ""Inception"" stands out as a singularly cerebral exception and will generously reward your 148 minutes of undivided attention. I strongly suspect a second visit will pay off even more. Not weighed down by the comic-book mythology of the two ""Batman"" movies and given a reported $150-million budget for his original concept, writer-director Nolan is free to let his imagination soar on an epic scale. Abetted by a world-class team of collaborators, he's crafted an instant sci-fi classic that surpasses its most obvious recent influences, ""Blade Runner"" and ""The Matrix."" Unlike 99 percent of movies, the less you know about ""Inception"" going in, the better. So I'd advise you to stop reading now and head for the theater. OK, so you want more? DiCaprio plays Dom Cobb, an expert at entering victims' dreams and extracting industrial secrets. He cannot return to the United States for reasons that are initially unclear, but prove to be emotionally resonant. He's approached by a wealthy businessman (Ken Watanabe) who wants Dom to reverse his usual procedure and instead implant an idea in a mark. Dom is to enter the dreams of the heir to an empire (Cillian Murphy) and convince him to dismantle it to the businessman's benefit. With a return to the US and a reunion with his two children dangled as the payoff, Dom assembles a dream team. There's his longtime organizer (Joseph Gordon-Levitt); an architect (Ellen Page) who constructs dazzling dream worlds; a ""forger"" (Tom Hardy) who can impersonate anyone at will; and a pharmacist (Dileep Rao) who enables very deep sleep. It isn't just as simple as putting the victim to sleep for 10 hours. The team and their client not only enter his dreams, but they enter dreams within his dreams and dreams within those dreams  so those 10 hours can translate into 10 years on the lowest level. Only the architect knows that Dom's late-wife-from-hell is lurking on all of those levels, and maybe even one below that, to mess with Dom's mind. The idea of entering dreams to manipulate someone isn't new  ""Dreamscape"" did that back in 1984  but Nolan raises the stakes with brilliantly deployed effects (Gordon-Levitt walking on ceilings is just one ""wow"" moment) and a fast-moving, globe-spanning story. DiCaprio, who has never been better as the tortured hero, draws you in with a love story that will appeal even to non-sci-fi fans. Meanwhile,"
205,WKF_Doc5_Inception,WKF_Doc5_Inception,WKF,Action,Positive,Inception,"SPOILERS This film follows Cobb, a man who is payed to infiltrate peoples' subconscious through their dreams and extract information. He is hired by a man however to do the opposite, the impossible. To infiltrate a tycoon's subconscious and plant an idea instead of take one - known as inception. This movie shattered my comprehension and mind a million times over, and the more I try and work it out, the crazier it gets. How on earth does Chris Nolans brain work? How to you conceive this script from nothing? A story so intricate, intellectual, complex and layered that simply watching it is mind-bending, let alone writing it. The thought of sitting down and working through the labyrinth-like story and characters is incredible daunting. Every single facet of this film can be taken down a seemingly endless rabbit hole. Ive said this before, but now, truly, I can say: I have never seen anything like this. Nolan has pushed the boundaries of storytelling and how it doesn't necessarily have to be transparent for an audience to grasp onto it. There is a plethora of things I couldn't comprehend while watching - but it honestly never took away from the film in general. It was never too convoluted that I became overwhelmed and uninterested. Was I completely mind-broken, scratching my head the entire time, yes. But I still was able to focus on the plot point at hand and be insanely immersed. It struck an incredible balance of being complex, but still allowing the viewer to be immersed in the moment and not in thought. You don't have to understand the science and logic of it to have the watch of your life - vaguely understanding the labyrinth of layers and depth is kind of what makes it incredible. I can understand the scope and scale of what Nolan is doing, but I'm not going to sit down and map it all out. What a premise for a film, and what a delivery. Amid the spiderweb of subconscious and dreams within dreams, there is a character I grabbed onto and empathized with. Cobb is a broken widower, and it was fantastic learning about his trauma and wife piece by piece. We're guessing throughout at the entire picture of his past, but it is slowly, sometimes painfully unveiled to us with brilliant pacing. I was right there in those moments with Cobb as he opens up to Ariadne, or confronts his wife in the void. And the end, oh my god the end. He finally confronts his wife and the guilt he bears, giving us, the viewer, the final pieces of their story puzzle - catharsis man, catharsis. An incredible character and a heartbreaking story with high stakes attached, threatening to derail their mission. I really like what Cobbs story and the movie as a whole says in terms of our subconscious and trauma. Cobb suppressed his emotions and guilt for so long they threatened to consume him. Any mission he went"
206,WKF_Doc6_Inception,WKF_Doc6_Inception,WKF,Action,Negative,Inception,"It is with a heavy heart that I have to report that Christopher Nolan's latest exhibits one of the great schisms between grand intentions and inept executions to be seen at the movies in recent years. Only someone who never saw (or appreciated) Dark City would be able to call it visionary (or Paprika, or Heat, or Blade Runner, or 2001: A Space Odyssey, or Solaris [either one], or, uhm, The Matrix... should I go on?), as Nolan's long-gestating science fiction opus (he first conceived of it as a teenager) rarely rises above its own apparent reliance on these influences. Visually, they're the only thing that stands out from the film's enslavement to one of the more redundant and unmelodious scripts to ever grace a big budget film. In the year of The Social Network's dialectic melodies, Inception is even more blatantly like nails on chalkboard. By distilling the film to its key money shots, the preview was a rush. The movie entire is mostly a snooze. Nolan's core concept -- that a synthetic dreamland might give way to the raging subconscious of a tortured man -- is as conceptually appetizing as those similarly mind-fucky plots of the aforementioned films. It is tragic, then, that about 90%+ of Inception's running time feels like flight preparation; the stewardess, as she is, never shuts up. And here, she's every single one of the characters, a term I use loosely; mostly, they're ciphers for information, nothing more. Nolan's script seems scared shitless of letting the audience wonder about much of anything, less they get ""bored."" And so, it spends most of the time bending over backwards telling you things it might have far more creatively shown to you, or when it shows them to you, it usually tells you anyway, etc. The aforementioned Matrix might paint in similarly obvious strokes at times (""Trinity"" is a blatant metaphor, sure, but ""Mal"" should make cringe anyone who holds language sacred), but it's also beautifully stylized, consistently visually inventive, and presented as a great genre tease; it peels away the layers with titillating ease. In contrast, Inception talks at you ad nausea for nearly three hours, expects food market and architectural farts to blow your mind (the lame M.C. Escher shout-outs are the real kicker for me; one man's paradox is another's retarded staircase), and holds your hand as it walks with you through supposed dreamscapes (droll city skylines that are at best casually surreal; where's Lynch when you need him?). I can only speak for myself, but this is exactly the kind of movie where I'd rather be lost, at least for a bit. That would be interesting. The heist sequences, when they come, are something close to exciting, but that's mostly the attention-demanding score at work, and although a zero gravity Joseph Gordon-Levitt kicking ass is surely a beautiful thing, the overwhelmingly realistic presentation of the dreamland would seem to counter the reason for taking us into the dreamland in the first place (I'll"
207,WKF_Doc7_Inception,WKF_Doc7_Inception,WKF,Action,Negative,Inception,"I suppose how you feel about Inception depends on whether you compare it to Nolan's Batman movies, which I have not seen, or his brilliant breakout film, Memento, which I have seen more than once. Perhaps both of these comparisons are misguided and Inception should be evaluated in the company of other big budget, head-trippy futuristic fare, with or without sci-fi trappings; Minority Report, Vanilla Sky, Total Recall, Brazil, and no doubt lots of other stuff I've never seen. Be this as it may, I am inclined to compare Inception to Memento because the former so plainly presents itself as a thinking man's action thriller, with a complex psychological premise we are expected to find as engaging as the one around which Nolan constructed Memento. It would be easy merely to dismiss Inception's failure on this score as being the result of it saddling its complex psychological premise with way too much action thriller baggage. Clearly, the intense drama achieved by the low-budget, street life, daylight Noir of Memento is not even approximated by the capital-intensive, fantasy land, CGI overload of Inception. But the real problem with Inception has to do with its complex psychological premise in the first place. In the first place, it's truly not complex at all. Set aside all the mumbo-jumbo tech talk about how there are concentric rings of the unconscious that can be induced, invaded and controlled by others from without. What remains is the most banal, coffee-table Freudian stuff. So much smoke and mirrors about how to manipulate the inner workings of the mind through the power of suggestion, only to trot out and ride the tried and true hobbyhorse of a father figure fixation. Jesus, why not simply put the billionaire victim in intensive (and expensive) psychotherapy, let him take forever to get over daddy, and take over his inherited company while he's preoccupied on the couch. In the second place, the psychological premise is way too complex. On this score, the demands of the action thriller really are at fault. In order to establish the changing situations that facilitate the variety of thrilling action, the Byzantine architecture of the head-trippy plot takes on ever more inconsistent proportions that must be justified by ad hoc explanations in the dialogue. The constitutional articles of the psychological premise are continually undergoing congressional amendment. Just when being murdered in a dream is the mechanism for waking up in reality, this ceases to be the case and an entirely different mechanism is introduced. Just when there is definitely a mechanism of some sort - any sort - to ensure waking up in reality, this ceases to be the case and an entirely different and deeper ring of the unconscious is introduced, from which it may be impossible escape. The tolerance of the audience is over-taxed. And in the opinion of this taxpayer, the whole conceptual government deserves to be voted out of office. The incessant explanation of the psychological architecture saddles the action just as much"
208,WKF_Doc8_Inception,WKF_Doc8_Inception,WKF,Action,Negative,Inception,"At the movies, incomprehensible gibberish has become a way of life, but it usually takes time before it's clear that a movie really stinks. Inception, Christopher Nolan's latest assault on rational coherence, wastes no time. It cuts straight to the chase that leads to the junkpile without passing go, although before it drags its sorry butt to a merciful finale, you'll be desperately in need of a ""Get Out of Jail Free"" card. Writer-director Nolan is an elegant Hollywood hack from London whose movies are a colossal waste of time, money and I.Q. points. ""Elegant"" because his work always has a crisp use of color, shading and shadows, and ""hack"" because he always takes an expensive germ of an idea, reduces it to a series of cheap gimmicks and shreds it through a Cuisinart until it looks and sounds like every other incoherent empty B-movie made by people who haven't got a clue about plot, character development or narrative trajectory. Like other Christopher Nolan head scratchers-the brainless Memento, the perilously inert Insomnia, the contrived illusionist thriller The Prestige, the idiotic Batman Begins and the mechanical, maniacally baffling and laughably overrated The Dark Knight-this latest deadly exercise in smart-aleck filmmaking without purpose from Mr. Nolan's scrambled eggs for brains makes no sense whatsoever. Is it clear that I have consistently hated his movies without exception, and I have yet to see one of them that makes one lick of sense. It's difficult to believe he didn't also write, direct and produce the unthinkable Synecdoche, New York. But as usual, like bottom feeder Charlie Kaufman, Mr. Nolan's reputation as an arrogant maverick draws a first-rate cast of players, none of whom have an inkling of what they're doing or what this movie is about in the first place, and all of whom have been seen to better advantage elsewhere. Especially Leonardo DiCaprio, who remains one of the screen's most gullible talents. After his recent debacle in Shutter Island, Martin Scorsese's dopey insane-asylum bomb, one hoped for something more substantial from the easily misled Leo, not another deranged turkey like Inception. He should have stayed in bed. I'd like to tell you just how bad Inception really is, but since it is barely even remotely lucid, no sane description is possible. Let's see. It opens with crashing waves on a beach. In the middle of a July heat wave, I wanted to jump in, but the thrill didn't last. Cut to the battered face of Leo, looking like a 14-year-old washed ashore facedown from a toy sailboat. He has come from another location conjured up in a dream, and is fond of muttering jabberwocky like ""I am the most skilled extractor of dreams."" In other words, he can close his eyes, enter somebody else's dreams with his pock-marked baby face and blow up China. The excellent Marion Cotillard, who has spiraled a long way down from her Oscar-winning role as Edith Piaf, growing a wart in the center of her forehead in the"
209,WKF_Doc9_Inception,WKF_Doc9_Inception,WKF,Action,Negative,Inception,"Writer/director Christopher Nolan is too obsessed with the mechanics of the gimmick and plot of Inception to make any intellectual leaps off the screen. Confined to the plot alone, the ideas of the movieabout dreams, perception of reality, the subconscious, etc.are sound in the way they help to implement the story. People talk a good deal in Nolan's world of and about ""shared dreaming,"" but most of the dialogue is establishing (then re-establishing, adding new twists, or changing) the rules of the game. And make no mistake about it: Inception is a game, through and through. Nolan has proven himself adept not only at creating mind games like this and carrying us through their elaborate narrative structures but also sewing at least one, guiding thematic core to them. This is what is missing in Inception. For all its talk of big ideas, none of them involve us in the movie apart from considering how they tie to and lead the cat's cradle of a plot. Cobb (Leonardo DiCaprio) and his partner Arthur (Joseph Gordon-Levitt) specialize in securing the subconscious thoughts of their clients, although they are also prone to stealing them, too. A Japanese businessman named Saito (Ken Watanabe) approaches them with an offer: Plant the idea in the mind of Robert Fischer (Cillian Murphy), a rival's son, to break up his father's company, which would help encourage competition (mainly, that of Saito's business) in the field. Arthur argues it's impossible to place an idea in someone's head and then asks Saito not to think about elephants. Nolan has some chutzpah to show how simple this ""impossible"" task is in the real world and then spend the rest of the movie putting his character's consciousnesses in jeopardy to do the same thing in the most convoluted way imaginable. It's a simple dismissal that since the idea of elephants isn't actually Saito's own, it won't stick. The process of planting the thought in Fischer's brain is so complicated that the issue never arises again. Once Saito has planted the seed of the inciting incident in Cobb's and Arthur's noggins, the rest of the movie takes on the form of a heist. Cobb runs point. Arthur does research. Ariadne (Ellen Page), an architecture student, designs the dream worlds the team will use to navigate through Fischer's subconscious. Eames (Tom Hardy) will impersonate key figures in Fischer's life within his dream to load the scenario in their favor. The characters are their types without any further elaboration (except that Arthur and Eames don't get along and Ariadne is curious about the whole process and her new boss), and they only exist to lay down the laws of sharing another person's dream and to go through the motions of the reverse heist. Only Cobb has a backstory, which involves the subconscious influence of his dead wife Mal (Marion Cotillard), who repeatedly interferes with his plans, and visions of his two children, whose faces he longs to see again. His history, which he maintains in"
210,WKF_Doc10_Inception,WKF_Doc10_Inception,WKF,Action,Negative,Inception,"Leonardo DiCaprio plays Dom Cobb (the name sounds like it should evoke somethingbut what? Dummkopf?), who specializes in plunging into people's ""subconscious"" minds while they sleep and extracting their corporate secrets. (I'm with Freud in preferring ""unconscious."") But his new client, Saito (Ken Watanabe), wants the impossible: for Cobb not to steal an idea but to plant one in a business rival's head. Why is an ""inception"" more difficult than an extraction? ""The subject's mind always knows the genesis of an idea,"" explains one characterwhich strikes my unoriginal and highly suggestible mind as dead wrong. But that's the premise, anyway. Cobb accepts the job because he longs to see his two little kids in the U.S. and is forbidden to return on account of a Crime to Be Revealed Later; and Saito says that with one phone call he can make the legal problems go away. (He just can.) Then Saito says what in this kind of thriller are magic words: ""Assemble your team."" A team of colorful specialists! Cool! So it's, like, Mission: Impossible in the Dreamscape-Matrix! Cobb's point man is Arthur, played by Joseph Gordon-Levitt, who also evokes The Matrix: He looks like Keanu Reeves's runty little brother. Eames (Tom Hardy) is the ""forger,"" who can impersonate people in dreams without those dumb M:I rubber masks. The chemist, Yusuf (Dileep Rao), will create the badass sedatives that will hold the fragile three-dream edifice together. The brilliant architecture student Ariadne (Ellen Page) has two functions: dreamworld designer and exposition magnet. She's a newbie, so Cobb has to explain to her how the science works. It takes a lot of explaining. Nolan, who wrote the script, thinks like a mechanical engineer, and even when you can't follow what's happening, you can admire in theory the multiple, synchronized narrative arcs and cute little rules for jumping around among different flights of consciousness. He has two fresh ideas. In a dream, you can fall asleep and have another dream, in which you can fall asleep and have another dreamexcept time works differently at different depths. A minute up top might be, say, ten minutes in the dream, an hour in the dream within a dream, and, below that, years. Although the different levels look the same (too bad), the gimmick allows Nolan to have three clocks ticking down instead of one, and the editor, Lee Smith, has cut among them in ways so ostentatious that he's all but sewn up this year's editing Oscar. The other neat touch is the Freudian monster femme who keeps popping up: Cobb's wife, Mal (Marion Cotillard), who emerges from his own unconscious (even in other people's dreams) to sabotage his schemes. Cotillard is clock-stoppingly gorgeous and has a great first scene. She surveys the debris raining down with glittering eyes, laughing in delight. But after that, the tone of her appearances is funereal. Mal is the key to the mysterious tragedy that eats away at Cobb. Up top, in the waking world, Ariadne worries to Arthur:"
211,PZJ_Doc1_Drag_me_to_hell,PZJ_Doc1_Drag_me_to_hell,PZJ,Horror,Positive,Drag_me_to_hell,"When I finally saw this movie, the only place that it was playing was in the suburbs. Or at least, the closest place was the suburbs. When I went out to the suburbs, I had forgotten what suburbs are like with all the homogeneity and sterility, which was both disgusting and somewhat nostalgic, seeing as it reminded me of towns I had visited while in college. Much to my surprise, the theater chain that I was going to was a theater chain that I used to work at in college, and seeing as I had a new schedule at work, I went ahead and applied to be a projectionist at this new theater. I got the job, and no matter how shitty or annoying my days might have been working at the theater, I could always remember the first time visiting that theater as a customer. ENOUGH WITH THE MEMORIES, LET'S GET ON WITH THE REVIEW. The film opens with a segment of a family bringing their little boy to see a medium in hopes of helping remove a gypsy curse, but the medium fails and the ground opens up and the child is sucked down to Hell. FORESHADOWING, MUCH?! We then meet Chrstine (Alison Lohman), a young woman trying to move forward at the bank where she works, and her boyfriend Clay (Justin Long), a professor at the local college. An old woman (Lorna Raver) comes into Christine's bank, and in order to impress her boss with a tough decision, Christine refuses a loan extension, so the old woman stays after work to confront Christine. After the physical assault, the old woman steals a button from Christine's coat, utters some gypsy words, and then vanishes. THAT'S WHEN SHE GETS REAL. Spooky things start happening, from voices to shadows seemingly following Christine, and feeling like she's out of options, decides to speak to a medium who informs Christine that in three days, she's going to be dragged down to Hell. You messed with the WRONG old lady, Christine! With Christine NOT wanting to go to Hell, she tries to find the old woman, only to find that she has died since the curse has been given. Rut roh! Christine must seek other methods of losing the curse, from sacrificing her kitten to seeking guidance from the medium that was in the opening scene. Although the medium is able to summon the spirits, the crucial part of the ceremony doesn't take place, and Christine feels like she's out of options. She is then informed that, as a last resort, Christine can give the button as a formal gift to someone else, and that other person will take over the attention of the curse and be sucked down into Hell. While debating who to give the button to, an incredibly elderly man, the sleazy guy also going to Christine's promotion, she then realizes that she can give the button to the old woman's dead body as a formal gift. She takes the"
212,PZJ_Doc2_Drag_me_to_hell,PZJ_Doc2_Drag_me_to_hell,PZJ,Horror,Positive,Drag_me_to_hell,"Director Sam Raimi returns to his roots with Drag Me to Hell, his self-described ""spook-a-blast"" chiller that has no intention of allowing the viewer even a moment of reprieve. Potent beyond belief, this insanely frightening film plays like a funhouse of horror. It teems with shocks, menace, and comic tension, and it refuses to yield until the last frame. The picture balances humor and rushes of nightmarish dread in a creep-show experience that takes pleasure from its own wickedness. Through it all, Raimi, returning to the genre where clearly he was meant to be, drives his film with wit and style, all while simultaneously revolting his audience. And yet, Drag Me to Hell never feels cheap or exploitative; its most effective moments rely on convincing and sympathetic characters. Christine Brown (Alison Lohman) wants to earn a crummy assistant manager promotion at her bank, but she has to compete with her sniveling newbie coworker for the attention of her slimy boss (David Paymer). She's a tangible character with realistic aspirations, aptly played by the sympathetic and sweetly innocent Lohmanshe's not the usual horror movie victim whom the audience can't wait to see receive her just deserts. When Christine denies Mrs. Ganush (Lorna Raver), an old Gypsy woman, a third extension on her mortgage, the woman attacks her (in a slapstick parking garage duel of epic proportions) and infects her with a curse. Over the next three days, a demon spirit called a ""Lamia"" slowly materializes with the intention of doing as the title suggests, dragging Christine down to hell for punishment. Haunted by the wraithlike shadows of the Lamia goat-creature, and suffering sudden appearances by Mrs. Ganush's phantom presence, poor Christine is subject to unbelievable tortures, particularly when considering the PG-13 rating. With everything from maggots to embalming fluid to old lady sputum vomited into Christine's mouth by the ghastly things terrorizing her, the film will test your gag reflexes. At one point, she attempts to endure the Lamia's taunts during a meal with her skeptic boyfriend (Justin Long) and his parents; all at once, Christine hacks up a fly, which proceeds to buzz around the dinner table. That would mark the end of any formal gathering. Eventually, she enlists the help of a psychic medium, Rham Jas (Dileep Rao), to help her remove the curse. She tries everything from animal sacrifices to a seance to rid herself of the Gypsy woman's scourge. This is the film Sam Raimi fans have waited for since the early 1990s. Seemingly tempered by studio pictures and a particular Marvel franchise, Raimi's signature brand of unabashed directorial energy displayed on The Evil Dead Trilogy and Darkman has been suspiciously absent from his recent output. The sole exception occurred in Spider-Man 2 when Dr. Octopus first awakens after having metallic arms fused to his back, and the arms tear down doctors with all the fervor of a Deadite. Efforts like The Gift and A Simple Plan demonstrate what a fine storyteller Raimi can be, but Drag"
213,PZJ_Doc3_Drag_me_to_hell,PZJ_Doc3_Drag_me_to_hell,PZJ,Horror,Positive,Drag_me_to_hell,"It was 2009, and some people were starting to forget a few things about Sam Raimi. He'd made his name in the horror genre with the Evil Dead movies, but he also branched out to other genres in the 90s, with the western The Quick and the Dead, the crime thriller A Simple Plan, and the romantic drama For Love of the Game. In the early 2000s, Raimi thrilled nerds once again (well, mostly) with the Spider-Man movies, which gave audiences a profitable, family-friendly superhero far before the Marvel Cinematic Universe rose to prominence. But if audiences forgot this was the same director who brought us some of cinema's most hilariously disgusting horror, Raimi reminded us with the movie Drag Me to Hell, a delicious slice of wicked B-movie fun. The tagline for the movie pulled no punches. The poster tells us, ""Christine Brown has a good job, a great boyfriend, and a bright future. But in three days, she's going to hell."" In other words, this could potentially be any of us who made a bad decision and got far more than they bargained for. 2009 was probably the only time Drag Me to Hell could've ended the way it did, with (spoiler!) protagonist Christine Brown (Alison Lohman) literally dragged to hell. True, Christine may be a loan officer (which is right up there with IRS workers in terms of most despised on-screen professions), but it's easy for us to see ourselves in her struggles, making her both sympathetic and easy to root for. There's a slot for a cushy position at work, and she's competing against a backstabbing colleague for it. Christine also has to deal with underappreciation and sexism, with her boss asking her to grab him a sandwich on her lunch break. It's eventually revealed that Christine worked her way up from a harsh rural childhood with an alcoholic mother, and her loving boyfriend Clay (Justin Long) is being pressured to date someone with a higher social and financial status. So when Christine is told that the right person for the promotion is the one who can make ""tough decisions,"" it's deeply understandable why she chose to deny the elderly Mrs. Ganush (Lorna Raver) a third extension on her mortgage, even after Mrs. Ganush begs on her knees. The problem is, she turns out to be a gypsy, and places a terrible curse on Christine, summoning an evil demon called the Lamia, which torments its victim over the course of three days, then literally drags them to hell. The effects become apparent immediately, quickly escalating from mysterious voices to outright violence. Be warned: Drag Me to Hell is a scary movie that's actually scary, and there's no doubt that Christine's torment is real. This is a shadowy, evil, force sends Christine horrifying, disgusting dreams that involve flies, vomiting, and worms. The Lamia is also physically violent, punching Christine in the face and throwing her through the air. It also seems to know when it would be"
214,PZJ_Doc4_Drag_me_to_hell,PZJ_Doc4_Drag_me_to_hell,PZJ,Horror,Positive,Drag_me_to_hell,"For much of his career, Sam Raimi was a cult director best known for his madcap horror trilogy of Evil Dead films. Then, amazingly, the filmmaker whose highest grossing movie of his career didn't even top $40 million at the domestic box office was given the reins to the iconic Marvel character Spider-Man. There was a demand for comic book movies at the time but Raimi's Spider-Man was such a smash hit that it brought superhero cinema into a full-fledged pop culture phenomenon. After a successful trilogy that pulled in well over a billion dollars in the North America alone, Raimi moved on from the web-slinger. His first movie after the greatest successes of his career would be Drag Me to Hell, a movie Raimi co-wrote with his brother Ivan and would see the director returning to his horror roots. Nine years after its release, Drag Me to Hell lands on Blu-ray with a new special edition from the dedicated horror nuts at Scream Factory, an edition that honors this often overlooked example of purely distilled Sam Raimi cinema. The plot for Drag Me to Hell is straightforward and to the point. Christine Brown (Alison Lohman) is piecing her life together living in Los Angeles. She works as a loan officer at a bank with her eyes set on a promotion to assistant manager. Christine is dating a young doctor Clay (Justin Long). Things are on the upswing for the somewhat shy young woman. That is until Sylvia Ganush (Lorna Raver) enters the bank one day seeking an extension on her home loan. At that moment Christine is presented with a choice to make. Eager for that promotion, Christine decides to try and impress her boss and reject Mrs. Ganush's extension. That evening, as Christine walks out to her car, she's attacked by a belligerent Ganush and the scuffle ends with the old gypsy placing a curse on Christine. The evil spirit of the Lamia will haunt her for three days until it finally burst through this earthly plane and will drag Christine to Hell where she'll be tortured through eternity. Sam Raimi brings such an efficiency to the horror of Drag Me to Hell, knowing exactly where he's taking his characters and easily guiding the story along to horrific moment after horrific moment. Since the film is dealing with a deadly supernatural entity, Sam and Ivan Raimi allow the character of the spiritualist Rham Jas (Dileep Rao) to serve as the main channel of expository dialogue. There's this perfect balance between not over-explaining the events of the film while still pulling the audience into this twisted world of demons from Hell. More importantly, Sam Raimi knows what you want out of a movie entitled Drag Me to Hell and, dammit, he's going to give it to you. The horror filmmaking of Sam Raimi is very much like a rollercoaster ride. First there's a jolt to get your attention. Then the terror twists and turns with escalating dread and ease"
215,PZJ_Doc5_Drag_me_to_hell,PZJ_Doc5_Drag_me_to_hell,PZJ,Horror,Positive,Drag_me_to_hell,"At what point does gleeful cynicism become so gleeful that it ceases to function as cynicism at all, and mutates into a blatant formalist trope of little emotional or intellectual resonance, but plenty of aesthetic...what's the word? Bliss? Is frisson somehow appropriate here? I guess it would all depend, largely, on how you feel about horror movies in the first place. But let's say you do. Like them, that is. In which case, a tricked-out number such as Sam Raimi's Drag Me To Hell, co-written by Raimi and his brother Ivan, will delight not just on the frenetic-fright level that Raimi set a certain bar for in his Evil Dead films of the '80s, but also for the ruthlessness with which it toys with viewer sympathies. To get into this a bit will require the use, alas, of some substantive spoilers. Which I will place, although perhaps not immediately, below the jump. Beware. Be warned Raimi's Evil Dead films, beginning in 1981 with the just regular Evil Dead, an ultra-low budget DIY landmark, conflated hysterical laughter with hysterical screaming by making explicit the always-present link between horror violence and slapstick. Raimi's most obvious antecedents/inspirations were, of course, the Three Stooges, whose eye-gouging, strangulating, head-smiting antics would have caused grave if not fatal injuries if performed in earnest and in real life. Raimi upped the ante with gore, even more pronounced creepy/funny sound effects than you found in an average Stooges short, and a hyper moving camera style. Not to mention cutting that screamed ""Boo!"" over and over again at breakneck speed. The pictures established him as a gonzo horror maestro, but on entering Hollywood proper he applied his style to a number of different genresthe superhero movie (Darkman), the ""straight"" thriller (A Simple Plan) and even a baseball picture (For Love of the Game). His work on the blockbuster Spider Man films mostly subsumed his innovative side, alas, and that's one reason Drag Me To Hell's got fans of his earlier work excited. As well they should be. Ultra-extreme vomiting and swallowing are among the shock effects Raimi's added to the Dead bag of tricks, and they shift the horror action slightly away from Stooges territory and into the realm of great animation gagmen Tex Avery, Frank Tashlin, and Chuck Jones. Indeed, there's a bit involving an anvil hanging from the ceiling of a toolshed that could have come straight out of a Road Runner cartoonand the bug-eyed reaction when the anvil drops is the live-action equivalent of one of the escaped-con-wolf's double takes upon finding he's still got Droopy on his tail in Northwest Hounded Police. But while the Evil Dead pictures kind of prided themselves on their thoroughly one-dimensional characterizationsthere was the stolid and rather somewhat stupid square-jawed hero Ash, surrounded by malevolent demons and not much else, at least until 1992's Army of Darkness, in which he teamed up with a bunch of medieval clodshere Raimi goes for...well, I wouldn't call it depth, exactly. But he and"
216,PZJ_Doc6_Drag_me_to_hell,PZJ_Doc6_Drag_me_to_hell,PZJ,Horror,Negative,Drag_me_to_hell,"When I was in elementary school, we had a classmate named Dong that would cry at the drop of the hat. Let's not confuse Dong with Vinny, however, who would literally cry if the breeze hit him the wrong way. Dong would really only cry when we teased him and we soon found, as little shit kids love to do, the easiest way to push the poor lad to tears. ""Dong, the gypsies are coming,"" we would chant. ""The gypsies are coming to take to you away."" Even though we had no idea what a gypsy was or why they were purported to steal children, such provocation turned Dong into a blubbering mess. Once he even threw at chair when someone pushed him too hard. I hope to hell that poor Dong does not see Drag Me to Hell, Sam Raimi's return to the splatter flick genre that made him famous after years making mainstream blockbusters such as Spider-Man. See, Drag Me to Hell features one very pissed off Gypsy woman who, like all Gypsies must do in horror films, curses poor Alison Lohman's Christine after she refuses to grant her an extension on her housing loan. More a comedy-horror in the vein of Evil Dead 2 and Army of Darkness rather than a film created to inspire fear in the hearts of intrepid viewers, Drag Me to Hell allows Raimi the opportunity to return to his old tricks of Three Stooges-type body humor and a chance to play with beasties that spew goo and like to scream in distorted voices. See, poor Christine isn't all bad. A momentary lapse of better judgment and the desire to wrest a promotion away from a brown-nosing, shitbag colleague (Reggie Lee) informs her decision to foreclose on the Gypsy's house. Call it the wrong place at the wrong time, but this choice gets Christine a one-way curse to hell when her despondent client sics an angry demon on her ass. Unfortunately, Lohman does not possess the natural charisma Bruce Campbell brought to the Evil Dead series and her ersatz charm is not enough to carry the picture. Supporting players like boyfriend Clay (Mac-guy Justin Long) and spiritual guru Rham (Dileep Rao) have neither the acting chops nor the script to be anything more than incidental characters. So the entire production rests on the shoulders of Lohman and her battle against an invisible goat-demon named the Lamia. Raimi will never be a great filmmaker, but Drag Me to Hell is more a series of squirm-inducing scenes than a cohesive film. Sure, there are plenty of gross-out scenes (including a classic battle between Christine and the Gypsy in a moving car), but rather than amount to a film that really chills the bones, Raimi mixes ""gotcha!"" moments with scenes so over the top, there is nothing to do but laugh. Drag Me to Hell will never be more than a minor work in Raimi's oeuvre, mainly because it's really nothing new for him. After the"
217,PZJ_Doc7_Drag_me_to_hell,PZJ_Doc7_Drag_me_to_hell,PZJ,Horror,Negative,Drag_me_to_hell,"The hell of other people? Of mewling children and packed malls? Of bullies and bureaucracy? Of sickos and psychos? All scary as heck. But Argento's witches and Fulci's emissaries of the beyond? Pea soup spit-up and spinning heads? The mark of the beast and the bark of the devil? Could be my dimestore Catechism wasn't dark enough to do lasting damage, but hell-with-a-capital-h very rarely delivers the necessary shiver-shock of true horror. When I'm in the market for a new nightmare, I'll take a man wearing a mask over fire and brimstone every time.more Demons and curses and red lava lakes are the cartoon versions of real terror, and playing up the absurdity of eternal damnation is how Sam Raimi made his name. With Drag Me to Hell, he returns to the goofy realm of malediction and prayer, of grossed-out giggles and groans. Alison Lohman, a refinement of the Jenna Fischer model of mousiness, stars as Christine Brown, whose professional aspirations are as dull as her name. Looking to prove her mettle and climb the ladder in her loan department, Christine denies a crone's request for a mortgage extension. With her bejewelled fingers tapering to crusty yellow nails, her mismatched eyes and her Slavic croak, old Mrs. Ganush is clearly a Gypsy witch, so instead of asking to speak to Christine's manager, she calls a curse down on the perky little loan officer's pretty little head. What follows is, for the most part, a dispiritingly rote exercise in comic dread. Raimi's sick sense of humor quickens the routine at intervals, never more so than in two uproarious scenes of animal sacrifice, but Drag Me to Hell squanders an ungodly amount of screen time on needless narrative explication. Imagine a version of Army of Darkness in which Bruce Campbell's Ash sits around whinging about the Necronomicon instead of questing after it. And sure, the horror that interrupts Christine's lethargy is thrillingly ridiculous, if a bit too reliant on humorous fluids and cheap digital effects, but there's simply not enough of it. Raimi is a master designer of rickety, haunted house set pieces. He is not a great storyteller, and he doesn't write characters anyone can actually care about. That's fine. In fact, I prefer not to bond too much with people who are about to be eviscerated. But then why the endless chatting and dithering and over-explaining by characters who seem so anxious to get it all over with that they've pre-emptively stiffened with rigor mortis? The legitimately pleasing touches of absurditya possessed slice of cake, a coughed-up cat, Justin Long as a psychology professorjust aren't worth the struggle it takes to make it through long stretches of apathetic moviemaking. PG-13. CHRIS STAMM."
218,PZJ_Doc8_Drag_me_to_hell,PZJ_Doc8_Drag_me_to_hell,PZJ,Horror,Negative,Drag_me_to_hell,"The title ""Drag Me to Hell"" offers both literal and ironic inklings to those associated with the movie's payoff, including the audience. A young woman aspiring for big professional opportunities at a bank makes a grievous error with a mysterious woman who arrives at her desk pleading for help, resulting in a horrific curse that anchors the crosshairs of torment onto her soul for a resulting 100 minutes of loud and foreboding celluloid. Her house thumps with the thundering sounds of something monstrous, and then a shadowy form tosses her around like a torn rag doll. She is attacked in her office garage. Animals hiss and growl as she walks by. She is assailed by visions of a malevolent being who makes clear his purpose of pulling her into an afterlife of endless torture and suffering. And then the movie demands the panic-stricken victim to sacrifice a kitten in a vain attempt to ward off the evil presence... and in that moment, a deplorable line is crossed. For the remaining running time, no more is it our concern as to whether she is going to emerge from the experience in tact or unscathed; the real hell eluded to by said title now becomes the movie theater, where moviegoers go from being surprised and thrilled to completely appalled by some contemptible plot decisions. After a certain point, the movie becomes our own cinematic damnation from which there is no escape. The movie is the brain child of Sam Raimi, who was made famous in this genre early on with the ""Evil Dead"" series, and then departed the trenches of B-movie horror comedy in favor of loftier Hollywood ambitions. The results were eclectic but effective, yielding the marvelous ""A Simple Plan,"" a taut thriller called ""The Gift,"" and the box office triumph of the first three ""Spider Man"" movies. Somehow, after those achievements, Raimi's mind convinced itself that revisiting the past was a wise decision, perhaps strengthened by the noting that more money for a film budget was as his disposal, and the support of a major studio would give him certain freedoms with this approach that were not allotted to him so many years prior. Sometimes, they say, the past is better left there. The movie stars Alison Lohman as Christine Brown, the would-be heroin of the story, who is basically a collection of insecurities masquerading around under the veneer of opportunistic intentions. She is a financial consultant at a bank, vying for an assistant manager position and doing nearly anything possible to try and impress her indecisive boss, who is also considering a potentially more qualified candidate for the job. Those lofty ambitions are realized when an old and grotesque woman (Lorna Raver) comes to her desk, begging for a third extension on her house's mortgage. Christine feigns sympathy, but denies the claim and leaves her at the mercy of a foreclosure. The old woman begins causing a public scene by getting on her knees, to which Christine calls security"
219,PZJ_Doc9_Drag_me_to_hell,PZJ_Doc9_Drag_me_to_hell,PZJ,Horror,Negative,Drag_me_to_hell,"In Sam Raimi's revenge-of-the-gypsy horror flick Drag Me to Hell, Alison Lohman takes one grotesque liquid after another in the face. She also suffers what might be cinema's most epic nosebleed, almost drowns in a muddy grave, and generally gets bashed around. A less dignified role for a young actress would be hard to imagine, but then if you want dignity you don't look to Sam Raimi in his manic-diabolical B-movie mode. Raimi, the cult-favorite auteur behind the madly inventive and sensationally entertaining Evil Dead series, has been playing with the big boys lately (his last three films were the highly lucrative Spider-Man trilogy). Drag Me to Hell is his welcome-home to the low, disreputable fun of his drive-in-schlock roots. But there's a note of mean-spiritedness I haven't detected in his work before. The movie is manic and gross, all right, but not much fun unless you enjoy watching an attractive 29-year-old woman getting punished repulsively over and over. It should be a big hit with guys who collect bukkake porn. Lohman, in the role of nice but eager-for-promotion loan officer Christine Brown, is being punished for refusing to grant an old gypsy woman (Lorna Raver) an extension on her mortgage. Raver, a TV veteran, is required to remove her dentures in lurid close-up and beg Christine on her knees for mercy  and that's before she reappears as a grasping, murderous harridan. Drag Me to Hell certainly expresses disgust at ambitious young women and destitute old women; the gypsy is still doing revolting things even when she's dead. Christine's callousness has brought a curse upon her, and the old crone doesn't just want to send her to hell outright  she wants Christine to suffer first. All right, setting aside the film's troublesome misogyny, Drag Me to Hell is clearly intended as a Saturday-night flick to make teenagers howl and squeal and gag. Most of it isn't scary, though. ""I recognize terror as the finest emotion,"" Stephen King once wrote, ""and so I will try to terrorize the reader. But if I find that I cannot terrify, I will try to horrify, and if I find that I cannot horrify, I'll go for the gross-out. I'm not proud."" Raimi isn't proud, either. The style is disappointingly earthbound coming from a man who once had to make his own cheap camera mounts to get the insane, looping shots he wanted  a good portion of Drag Me to Hell looks like television, and even the spooky stuff is largely a matter of bumps in the night and ooga-booga shadows. The horror is very tame. The script, by Raimi and his brother Ivan, had been sitting around collecting dust for decades, and maybe there's a reason for that  the story is blithely padded out to allow for maximum torment of the heroine, at the expense of logic. Christine tries all sorts of things to free herself of the curse, pumping money into a sympathetic spiritual counselor for advice that never"
220,PZJ_Doc10_Drag_me_to_hell,PZJ_Doc10_Drag_me_to_hell,PZJ,Horror,Negative,Drag_me_to_hell,"The true test of any successful horror flick is how wretched it makes you feel. At the very least, it should inspire a banquet of dread or offer a canape of anxiety. After Drag Me to Hell you won't mind walking home alone. You might even welcome a dark, deserted alley. It could help alleviate the anger of knowing you've been had. This is surprising, since Drag Me to Hell is the creation of writer-director Sam Raimi, whose body of work has been dedicated to turning more than one viewer's hair white with the Evil Dead and Spider-Man franchises. The only thing he's likely to turn a viewer to this time is the door marked exit. For God only knows what reason, it begins with a prelude staged in 1969 in Pasadena. A kid steals a necklace from a gypsy wagon and takes refuge in one of those old houses that look like W. C. Fields lived there. The doors slam open; people fall to their deaths; the floor opens and sucks the little thief into a cauldron of flames; and the house goes back to looking like a silent-film set. Forty years later, a pretty loan officer in a California bank named Christine Brown (Alison Lohman, sometimes unfairly confused with Lindsay Lohan) refuses to extend a delinquent loan to an ancient hag with one eye and a mouth full of black incisors who has an epileptic fit in the middle of the bank and puts a curse on the young career girl. The nightmare begins. The crone attacks her in the underground parking garage, wrecks her car and rips a button from her coat. Soon she hears the same voices the little boy heard back in 1969. A bug crawls into her nose in the middle of the night. The next day at work she spews blood all over the bank. Her boyfriend (Justin Long) pooh-poohs the whole thing, until she bakes a harvest cake to impress his snobby parents and a human eye pops out of the batter with the kind of ensuing dinner-table chaos that guarantees a short engagement with no need for the bridal registry at Bloomingdale's. Seeking the help of a loopy carnival medium, Christine finds herself up to her pierced ears in corpse vomit, animal sacrifice, violent seances and open graves. Nothing stops the curse. The road to deliverance leads to the same old house in Pasadena containing the doorway to hell, but the movie doesn't end there. There's still a preposterous finale in a grotesque cemetery that tickles the funny bone more than it assaults the nervous system. Sound effects play an important part in the superficial mechanics (pots and pans rattle, glass shatters, powerful forces knock people to the floor), and to Mr. Raimi's credit, there is no happy ending. Still, the first rule in spook films is ""If you want to hold the audience's attention, make them believe the horror could really happen""a rule Drag Me to Hell ignores at its"
221,IXE_Doc1_Furious_7,IXE_Doc1_Furious_7,IXE,Action,Positive,Furious_7,"No film in the series ever has or surely ever will be faced with a challenge as seemingly insurmountable as Furious 7, which had to make narrative and logistical sense of Paul Walker's sudden mid-production death while still delivering an escapist thrill-ride that didn't feel entirely like a downcast eulogy. Add to this the fact that Justin Lin opted not to return for the movie, being replaced with the blockbuster-untested James Wan (Saw, The Conjuring), and it would've surprised few fans if this installment was the messiest of the lot. That the film exists in such a coherent and entertaining form, then, is no minor miracle on the part of Wan and the cast and crew, but the fact that it's also ultimately the best film in the series is a testament to the clear heart and passion that went into getting it right. To get the obvious concern out of the way first, Walker's reintegration into the film is about as seamless as one could realistically ask for. There are obvious tells and slightly plastic-y CGI faces in some scenes, but for the most part the effects work from the wizards at Weta Digital is a phenomenal achievement that should've received major awards consideration. Beyond this, the other major fear of Wan's involvement was clearly nothing to worry about, with the horror filmmaker rising to the occasion and beyond, his penchant for adventurous, roving camerawork lending the film a slyly unique aesthetic compared to Justin Lin, if perhaps not quite as smoothly controlled. Furious 7 takes the quasi-superheroism of the previous film and aggressively one-ups it with some of the series' most creatively ridiculous set-pieces  particularly the parachuting cars and that delirious dive through the Etihad Towers. The plot is as daft as ever, focused on the whatever God's Eye trinket, though Morgan's script, however it was recalibrated following Walker's death, impressively spins a lot of plates without ever letting the melodrama overcome the action. Some excellent cast additions don't hurt; Jason Statham enters the fold in earnest as the series' best villain Deckard Shaw  who inevitably turns heroic in the next installment  while Kurt Russell is a hoot as the Belgian ale-loving spook Mr. Nobody, Tony Jaa kicks ass in a few inspired battles opposite Paul Walker, and Nathalie Emanuel's hacker Ramsey adds a welcome distaff presence to the testosterone-engorged roster. Lucas Black's brief cameo also amuses, albeit largely because he's clearly in his 30s by this point yet is still playing the teenage Tokyo Drift-era version of Sean. There are a few undeniable casting disappointments, though; Dwayne Johnson spends the bulk of the movie hospitalised  due to scheduling conflicts with Hercules  and though he's pure electric every time he is on screen, it's not nearly enough. Djimon Hounsou is also wasted in the thankless role of secondary villain Mose Jakande, and the less said about Ronda Rousey's performance as a bodyguard in Abu Dhabi, the better. Yet more than any other film"
222,IXE_Doc2_Furious_7,IXE_Doc2_Furious_7,IXE,Action,Positive,Furious_7,"Fast and Furious movies have always had a charming, cheesy bravado. And, muscled-up and oafishly macho as they may begrunting with almost Dada levels of male performancethe films, beginning with The Fast and the Furious in 2001, have never been afraid of a little tough-guy heart. (Vin Diesel's character loves to gravel on about the importance of family.) But they've never really had any poignancy to them, have never provoked much emotion beyond a giddy feeling of excitement and, let's be honest, no small amount of arousal. (All that vroom-vroom, all that shake-shake, all that flex-flex? Come on!) Until Furious 7, that is. The latest film, which opens Friday, can't help but take on some deeper meaning, as the death of main cast member Paul Walker, killed in a car accident in late 2013, looms large throughout. But it doesn't overwhelmFurious 7 is respectful, even solemn, when it needs to be, but is still, thank God, plenty of crazy fun. We'll get to the serious stuff, but first let's appreciate what a dopey, joyous wonder this film franchise has become. What began almost quaintly small-scale in the first filmdrag racing SoCal rough riders who stage nighttime raids on freight truckshas ballooned into a never-ending global melee. Diesel's Dominic Toretto and his crew, which includes Walker's Brian O'Conner and Michelle Rodriguez's Letty Ortiz, among many others, have become international mercenaries of a sort, a family that works for itself but is inevitably swept up in some kind of larger intrigue. Why a gang of gearheads from the wilds of Los Angeles would be so routinely involved in, and capable of navigating, such high-stakes adventures isn't worth thinking about. The F&F movies long ago skipped the realm of plausibility, or reason. Which, really, is when they began to soar. Around Fast Five, when the crew became immune to the laws of physics, invincible to innumerable car crashes and severe beatings (among other traumas), these movies transcended to a plane of delirious nonsense. It's such sublime absurdity that it's easy to overlook, or slyly enjoy, all the clunky writing, to embrace the series's odd conservatism, forgive all its sleazy leering. Turning these people and their roaring machines into impossibly acrobatic angels of destruction, the films have found a riotous sense of invention, a whirring imagination that dreams up one wildly staged action sequence after another. These mad operas of motor and metal are thrilling, gleeful, laugh-out-loud ridiculous, and always knowing. The movies' insane macho posturing has become something endearing, instead of, y'know, embarrassing. (The posturing it has inspired in its rabid audiences is always a little of both. A friend has a wonderful story about going to see the first movie at a theater in tony suburban Connecticut, and then, in the parking lot afterward, seeing a bunch of teenage boys burn rubber in their parents' Volvo station wagons.) Furious 7, directed with panache by James Wan, features two eye-popping set pieces. The first unfolds on a mountain road in Azerbaijan, and involves"
223,IXE_Doc3_Furious_7,IXE_Doc3_Furious_7,IXE,Action,Positive,Furious_7,"The James Wan-directed Furious 7 is all that you can ask for in an action flick that's hyped up on heavy doses of loud engines, stunning scenery and explosions  and then some. The seventh installment of what's become the most popular (non-superhero) action series this century is easily the best one yet. When Vin Diesel made an early prediction that Furious 7 would win ""Best Picture"" at the 2016 Academy Awards, anyone with half an understanding of how the movie industry works knows he couldn't have been serious. Right? After seeing Furious 7, I kind of wish it wasn't such an outlandish idea. I don't actually want it to win ""Best Picture,"" but I do feel it's deserving of some kind of recognition (besides a historic run at the box office). Before going into what makes this film so enjoyable, let's take a step back and acknowledge something first. This is an action movie that comes with a relative set of expectations. If you're looking for some kind of mind-bending twist or an expose on the human psyche, you should go back and watch Birdman again. It's great, trust me. Furious 7 takes all of the best attributes from the past films and magnifies them. For those that love the cars and seeing what new things they can do, there's plenty. For those that appreciate the most recent direction of the series, focusing on a loyal group of daredevils that can defy the basic laws of physics, you'll also be more than satisfied. It all gets better. The motivation of the plot was well-established in the post-credits scene of Furious 6, when it was revealed Deckard Shaw (Jason Statham), a highly trained assassin, is responsible for the death of Han Seoul-oh in The Fast and Furious: Tokyo Drift and is on a revenge mission for the hospitalization of his younger brother, Owen. After making things very personal, Dominic Toretto and crew decide that they need to take care of Deckard before he gets to them first. As a fan of team-up flicks, I enjoyed seeing everyone get their moments to shine and show how they've grown since we first met them years ago. At this point, the cast can play these roles in their sleep. And it shows. You genuinely believe that they're all friends as a result of their chemistry. But there was one thought constantly ticking in the back of my mind while I watched Furious 7. The death of Paul Walker, who portrays Brian O'Conner, was something many were concerned about in regards to how it would affect the film. Given that he passed before the movie was finished filming, I was specifically looking to see how they'd manage to make it work around his partial absence. I have to say, I imagine that anyone who was unaware of Walker's premature passing wouldn't even know it happened. As for his heartwarming tribute, they'll probably just view it as a part of the plot. But for myself,"
224,IXE_Doc4_Furious_7,IXE_Doc4_Furious_7,IXE,Action,Positive,Furious_7,"Walking into a theater to see the latest Fast & Furious episode is like saying hello to an old friend. Great and familiar cast, excellent script, superb production values and the direction is tight as a drum. Can't say this is the best film of the franchise, because so many of them have been excellent. But it's easily the most daring. Fasten your seat belts and test the airbags. This one accelerates real fast. Deckard Shaw (Jason Statham), a British black ops assassin, has a bug up his ass. Dominic Toretto (Vin Diesel) and his crew killed his brother and he is out for revenge. First stop is the office of CIA agent Luke Hobbs (Dwayne Johnson), where Shaw and Hobbs get into a fight that leaves the hulky agent broken. Next, Shaw sends his blessings in the guise of a bomb to Dominic, his pal Brian (Paul Walker), his lady Mia (Jordana Brewster) and their kid. Kaboom! Dom seeks answers. A government operative (Kurt Russell) has a plan. If Dom and his ""family"" hunt down a beta device called a God's Eye, which is capable of tracking down anybody through aggregated surveillance cameras and audio feeds, even from cell phones, he'll let them use it to catch Shaw. Says the operative: ""It's like a tracking device on steroids."" Says its inventor, Ramsey (Nathalie Emmanuel): ""It uses every camera eye and audio device in this hemisphere."" And off they go into battle. Dom and his crew and their vehicles head to the mountains of Eastern Europe, Japan, the Middle East and L.A. Director James Wan (Saw and The Conjuring) steps up to the camera alongside cinematographers Marc Spicer and Stephen F. Windon (Fast & Furious 6) and displays an exceptional dexterity for car chases, fistfights and brawls. He uses a lot of close-ups, and that filmmaking strategy drags you into the characters, their actions and the movie. With the aid of editors Leigh Folsom Boyd, Dylan Highsmith, Kirk M. Morri and Christian Wagner, Wan assembles adrenalin-pumping footage that is near perfectly paced for 140 minutes. The action sequences are spellbinding. Cars jump out of planes, roll down mountains, are pummeled by missiles and skid through buildings. The car crew jumps out of moving trucks onto cars, drives supercharged classic cars and evades gunshots. Punches are thrown, tire irons swung and machine guns are wielded around like toys. There is a precision to the proceedings that is astounding, invigorating and over-the top. Screenwriter Chris Morgan, who penned four previous chapters, knows the drill. Personal drama (there are some awkward sentimental moments that linger too long), romance (Diesel and Michelle Rodriguez rekindle the love story between Dom and Letty), intrigue, revenge, evil doings, retribution and the final fight and chase scenes. He doesn't let the characters evolve much, compared to the original one conjured by Gary Scott Thompson back in 2001. He's more faithful to their personalities, relationships and group dynamics. There are millions of fans waiting for whiney Roman (Tyrese Gibson)"
225,IXE_Doc5_Furious_7,IXE_Doc5_Furious_7,IXE,Action,Positive,Furious_7,"Dom (Vin Diesel) and Brian (Paul Walker), the heroes of Furious 7, gaze upon an exotic, expensive demon of a car whose owner has stashed it in a Abu Dhabi skyscraper. Dom's eyes glimmer with sadness. ""There's nothing sadder than locking a beast in a cage,"" he says. It's one of just a few quiet scenes in the film. (It's almost immediately followed by explosions and the car flying from skyscraper to skyscraper.) But it's an important one, because it crystallizes the Fast & Furious franchise's credo: these movies don't believe in cages of modesty. They're beasts, every second filled with kinetic, hulking action. Furious 7 is the ultimate realization of this. Set in the aftermath of 2013's Fast & Furious 6, Furious 7 introduces Deckard Shaw (Jason Statham), the franchise's most lethal villain yet. The meaner older sibling of the sixth installment's villain, Deckard has his sights set on the people responsible for putting his baby brother in the hospital. Dom and his friends have to find him to save their own lives. Furious 7 is all flash, a mindless exercise in grandeur and spectacle. The writing is flabby and disposable in parts. Many scenes consist of quick cuts between tense facial expressions, pedals being stomped, and levers being flicked. And the acting is silly at several points. But it's perhaps the most fun I've had, and possibly will have, at the movies in 2015. The film's greatest achievement is recognizing the cultural niche the franchise has created for itself  a sweet spot that exists between camp and destruction porn. Director James Wan and his cast know that people don't come to Fast & Furious movies for nuance. Audiences want to be bludgeoned with action sequences, silly lines, and strangely stereotypical but highly stylized representations of other countries. Furious 7 delivers. Start with the film's globetrotting ways. The Middle East features camels and women strutting around to bumping, vaguely Arabic trap music. Tokyo is all neon glow and women strutting around to bumping, vaguely Asian trap music. There's not much the world can agree on in Furious 7, except for trap music. Every line is crafted as a nod to the ridiculousness of the franchise. In an early scene, Dom explains how he grew a racing festival from scratch. Naturally, the racing event is called ""Race Wars"" and features a cameo from rapper Iggy Azalea. Race wars, Iggy Azalea, and Vin Diesel  this is all in the film's first 20 minutes. Every actor's personality is hyper-amplified. Hobbs (Dwayne Johnson) is 500 pounds of muscle in a 200-pound body, constantly flexing. Letty (Michelle Rodriguez) is always emotionally torn, her face permanently sharpened into a pensive pout. Deckard is an unstoppable, stoic villain whose punches break bones. Roman (Tyrese Gibson) and Tej (Ludacris) are only around to make jokes. Each actor knows his or her role, and executes it clinically. And the chemistry the cast members have suggests they really enjoy one another's company. It genuinely seems like everyone"
226,IXE_Doc6_Furious_7,IXE_Doc6_Furious_7,IXE,Action,Negative,Furious_7,"Something about the Fast/Furious series awakens my inner feminist. Each entry thus far has relegated women to one of three roles: sex object, homemaker, or butch brute. The latest movie, Furious 7, is no exception. Within the first ten minutes alone, countless young women are objectified before the camera. Barely dressed, they bend over cars and present their hindquarters for the camera, or they spray each other with hoses in a car wash water fight that plays like a softcore tease. Shot like a music video, the camera trails behind scantily clad babes or pauses with a pair of breasts framed in the foreground, while the action takes place in the background. The movie even manages to turn its resident female computer hacker (Nathalie Emmanuel) into a sex object. Or take how Jordana Brewster's character remains at home watching over her child, her dialogue reduced to concerned wife lines. And then there's Michelle Rogriguez's sexy badass, who epitomizes the tough-girl persona; here, she goes a few rounds with MMA fighter Ronda Rousey. Then again, none of these women are fawned over as much as the movie's inventory of supped-up automobiles, which are filmed like erotic pinup models, making the women onscreen superfluous. But rather than dwell on the limited roles for women in Furious 7, let's look at how this Universal Pictures franchise treats men, all of whom are one-note constructions. Characters like Vin Diesel's Dominic Toretto and Dwayne Johnson's Agent Hobbs look so beefed up that their steroid pushers can now probably afford to take a vacation, at least until Part 8 comes along. Meanwhile, Paul Walker's Brian O'Conner, the FBI-agent-turned-crook-turned-dad, tries to do ""the father thing"" but admits he really ""misses the bullets."" If not for Roman (Tyrese Gibson) and Tej (Chris ""Ludacris"" Bridges), the respective comic relief and brains of their operation, the degree of manliness onscreen might be enough to give male viewers some serious inadequacy issues. Worse, if you put them all together, you might have a two-dimensional character. At least they each stick to their guiding principle: family is everything. So they shouldn't be surprised when Deckard Shaw (Jason Statham) wages war on their makeshift family to avenge his brother, Owen (Luke Evan), who Dom and crew took down in Fast & Furious 6. Another franchise standard is convoluted plotting, and Furious 7 has that in abundance. When Deckard vows to wipe out Dom's crew, Dom is approached by a mysterious man-in-black named Mr. Nobody (Kurt Russell, who has more personality in his pinky than the rest of the cast in their entirety). Full of swagger and charm, Mr. Nobody offers Dom a deal: If he can rescue the aforementioned hacker, named Ramsey, and recover her all-seeing ""God's Eye"" surveillance device to prevent it from getting into terrorist hands, then Dom can use the device to find and stop Shaw. (Nevermind why Mr. Nobody thinks Dom's band of monosyllabic gearheads is more capable than his own black ops outfit.) This mission takes them from"
227,IXE_Doc7_Furious_7,IXE_Doc7_Furious_7,IXE,Action,Negative,Furious_7,"At some point during the series of ""The Fast and the Furious"" films, gravity, physics, and mortality stopped being acknowledged. In this seventh tale of wild vehicular escapism, these concepts are completely nonexistent; but the tragedy is not the death of realism, as the franchise rarely abided by such limitations. The true shame is that, despite zero constraints on the magnitude of potential action sequences (surely the budget can accommodate just about anything), few of the extravagant set pieces actually contain anything conceptually new. More cars, more scantily clad women, and more explosions will probably equal more box office dollars, but it's terrifying to think that that an increase in bullets, babes, and bombs is all that interests the target audience  and that an intensification of those factors negates the need for even moderate creativity. When vengeful madman Deckard Shaw (Jason Statham) attempts to murder Dominic Toretto (Vin Diesel), his sister Mia (Jordana Brewster), and his best friend Brian O'Conner (Paul Walker), the former street racer will stop at nothing to eliminate the threat to his family. But catching the elusive assassin proves difficult without the aid of advanced weaponry and technology, prompting Dominic to accept an offer from shadowy secret agent ""Mr. Nobody"" (Kurt Russell). In exchange for retrieving the ""God's Eye,"" a highly adaptive tracking program, Dominic will be allowed to use the device to pinpoint Shaw's exact location. Gathering together his regular crew, including hacker Tej (Chris ""Ludacris"" Bridges), wild card Roman (Tyrese Gibson), and his amnesic wife Letty (Michelle Rodriguez), the embattled driver embarks on a succession of perilous, globe-spanning missions that will test the limits of his entire team. Or, debatably, they won't test any measurable limits. To justify a seventh feature, something new has to be brought to the table. Unfortunately, ""Furious Seven"" (not to be confused in any way with a project of the caliber to rip off ""Seven Samurai"" or its Western counterpart ""The Magnificent Seven"") can't present any sequences that haven't been seen before in this very series. It also borrows heavily from ""Ocean's Eleven,"" ""Mission: Impossible,"" and the adventures of James Bond (and, embarrassingly, ""Sex and the City 2,"" with its attention to fashion, lavish parties, excessive wealth, romance, and Abu Dhabi), but this isn't the first time these properties have been tapped for inspiration. Feeling more and more like ""The Expendables,"" ""The A-Team,"" or ""G.I. Joe,"" the filmmakers have apparently completely exhausted themselves of all ingenuity  and the down-to-earth yet high-stakes premise of Los Angeles street races. ""I can't believe we pulled that off."" Although the sustained level of utter nonsense and gravity-defying stunts quickly become dull, the fantastical action scenes are never really the problem. Instead, it's the overbearing sense of imperviousness to injury or death, the total emotional detachment from the characters, and the tragically bland dependence on nameless governmental agencies (providing unlimited funds and tech and weapons and rides) to propel the story that drag the project down. The repetitiveness in action choreography and"
228,IXE_Doc8_Furious_7,IXE_Doc8_Furious_7,IXE,Action,Negative,Furious_7,"There's something about this series that's transcended any intellectual discussion about cinema. How else does a lamely derivative version of Point Break substituting waves with cars spawn six sequels in fifteen years? 2 Fast 2 Furious was so bad that star Vin Diesel turned down a twenty-five million dollar payday to be in it. Then the third entry threw everything out the window but horsepower and took things international across the Pacific. This is where the taste of its potential began, seeds of a blue collar Ocean's 11 with muscles and sex appeal. The studio gave Diesel a piece of the creative pie to be ""story czar"" with screenwriter Chris Morgan and Justin Lin honed the movies' visual style en route to box office juggernaut status. And somewhere along the line I became a fan. If there's one thing the franchise falters with most, however, it's the transitions. I know people love Fast & Furious (Part 4) because it got the old band back together, but that necessity is exactly what makes it a bit of a mess. The filmmakers try so hard to bridge the gapreintroducing Diesel and Paul Walker, breathing new life into Sung Kang's Han, etc.that cohesive, consistent storytelling falls by the wayside. The same can unfortunately be said for Furious 7 in the opposite direction. With the tragedy of Walker's untimely death during production and the installment's promise to finally move beyond Tokyo Drift's chronological fast-forward, the moment arrives to bid the arc we've enjoyed despite (because of) its physics-defying stunts adieu. While that goodbye is heartfelt and important, it hurts the film's standalone capability. I'll credit Morgan for doing his damnedest to throw in everything but the kitchen sink, hoping to wrap us up in the hundred or so story forks to forget they're all flashy vignettes loosely tied together. You'd think his killing off Han and Gal Gadot's Gisele would free some space for the already sprawling cast, but he just adds more to take their place. Not only does the brother of Owen Shaw (Jason Statham's Deckard) arrive as Bad Guy Number One, but in comes arms race heavy Jakande (Djimon Hounsou) as Bad Guy Number Two. And despite Dwayne Johnson's Hobbs and Elsa Pataky's Elena taking a backseat this go-round in the support forum, say hello to black ops commander Mr. Nobody (Kurt Russell) and hacker with a heart of gold Ramsey (Nathalie Emmanuel). How there's enough room for Roman's ego, I don't know. Luckily there is, though, since Tyrese Gibson's fast-talking bundle of anxiety transformed from obnoxious loudmouth in 2 Fast 2 Furious into the best character of the last three. Just like I'd watch an Ocean's spin-off with Casey Affleck and Scott Caan's Malloy brothers, I'd buy tickets for the Roman and Tej (Chris 'Ludacris' Bridges) show. They may ultimately provide comic relief, but there's also an injection of heart in their loyalty and respect for one another. And that's saying something in a series about brawny men and louds"
229,IXE_Doc9_Furious_7,IXE_Doc9_Furious_7,IXE,Action,Negative,Furious_7,"I'm not exactly sure when my little vroom-vroom, guilty-pleasure, late-summer car racing B-movies blew up into such a massive, critically-adored tentpole, but I'm assuming it was sometime during that scene in Fast Five when The Rock showed up and said, ""put your thunderpants on."" I dig these movies. (Though I think we can all still agree the second one is terrible, no?) I dig the way screenwriter Chris Morgan and director Justin Lin took over during the third installment, rebuilding Universal's silly little franchise cast-off into a sprawling, multicultural crime saga fashioned after 1980's Hong Kong pictures, keying up the maudlin melodrama to match the outsized action while retconning an increasingly insane mythology as the movies grew more successful and budgets blossomed accordingly. They're corny, adorable and spectacular. Fast Five was the high water mark, remaining to this day the best John Woo movie John Woo never made. Fast & Furious 6 was an exercise in escalation, stretching the gargantuan set-pieces (motherfucking tank chase!) and the soap opera flourishes (Letty isn't dead, she just had amnesia!) to one slight millimeter shy of the breaking point. It was as earnest as it was absurd, and a good time was had by all. Furious 7 is where it breaks. I hate to sound like a spoil-sport because the film was finished under conditions most would probably find impossible. For starters, Lin split the series and went off to go make Star Trek 3, replaced here by The Conjuring director James Wan, who has a handle on the nuts and bolts of craft but lacks his predecessor's goony exuberance. More importantly  as I'm sure you've already heard  co-star Paul Walker was killed in a horrible, off-set car crash roughly halfway through filming. Furious 7 shut down for months to find a way to write around a major player's sudden absence, eventually cobbling together shots with Walker's brothers plus an extremely unnerving CGI head digitally scanned in from other films. It's no way to make a movie. This seventh Furious film begins at the end of the sixth, which is also the ending of the third film, Tokyo Drift  for reasons I have no time to explain here right now lest we be up all night. Suffice it to say that the baddie our pals squelched two summers ago turns out to have a big brother played by Jason Statham, and he's none too pleased with this crew. Statham cold-bloodedly murders Sung Kang's Han Seoul-Oh (I still laugh every time I remember that's actually his name) and then sets out for America to kill the rest of our gang. Statham's first step is sidelining everybody's favorite character, Hobbs  the muscularly gifted and perhaps a bit ethically challenged federal agent played by The Rock. (I know we're supposed to call him Dwayne Johnson now. I don't feel like doing that, deal.) So with Hobbs out of the picture our heroes are sitting ducks until they fall in with Kurt Russell's deliciously"
230,IXE_Doc10_Furious_7,IXE_Doc10_Furious_7,IXE,Action,Negative,Furious_7,"There's more of everything in ""Furious 7"" (which is actually called ""Furious Seven"" in the opening titles). More explosions. More destruction. More impossible car stunts. More hair's-breadth escapes. More bone-crunching fistfights. More exotic locations. More ludicrously bad dialogue. More noise. More terrible acting. Fans of the series will eat up the dish director James Wan (hitherto a specialist in the horror genre) has prepared for them, especially in Imax formatthough that screen and sound system may make your eyes and ears throb or, at worst, bleed. The reaction of most people to all the nonsensical hubbub will probably be to speak jovially of how efficiently the carnage is carried off, though in all honesty there are plenty of moments when the action looks CGI-phony. (A couple hundred million dollars still can't make the computer-fabricated look convincingly real.) But in fact the maelstrom of mayhem very quickly becomes an orgy of stupidity, and a remarkably tedious one at that. Except for providing an occasional laugh (most often unintended), ""Furious 7"" is a huge, galumphing bore. For those interested in the series, the picture hearkens back to the third installment, ""Tokyo Drift,"" while taking up from the surprise ending to the last picture. The central element of the plot is the revenge planned against the F&F team by Deckard Shaw (Jason Statham), the older brother of Owen (Luke Evans), who was the villain our heroes took care of in ""F&F 6."" Deckard also happens to be an ex-secret agent with incredible skills. After killing Han (Sung Kang) in Tokyo, he proceeds to Los Angeles, where he targets first Hobbs (Dwayne Johnson), who winds up hospitalized as a result, and then goes after Dom (Vin Diesel), Brian (Paul Walker), and the latter's wife Mia (Jordana Brewster), who of course is also Dom's sister. Eventually the rest of the crewamnesiac Letty (Michelle Rodriguez), Tej (Chris ""Ludacris"" Bridges) and Roman (Tyrese Gibson)will be called back into action as well. Enter a new player, a super-duper secret agent type (Kurt Russell) who offers Dom an alliance: he'll help the F&F crew track down Shaw if they'll first free a computer genius named Ramsey (Nathalie Emmanuel), who's been kidnapped by international terrorist Mose Jakande (Djimon Hounsou). Ramsey's the inventor of a program called ""God's Eye"" that uses all the surveillance cameras in the world to pinpoint the location of anyone, anywhere at any timewith which Dom could quickly trace Shaw. Unfortunately, to free her, the team has to airlift into Azerbaijan while in their cars and attack a convoy along a winding mountain road. The mission includes lots of high-speed action and close shaves andnaturallysucceeds. It turns out, however, that the software has already been sent to Abu Dhabi, where the crew jet to infiltrate a Jordanian prince's penthouse party and steal the muscle car in which it's been installed, a theft that involves the Etihad Towers in some gravity-defying stunts that will require some window repairs. From there (after a firefight with Shaw) it's back to"
231,WYI_Doc1_The_Devil_Wears_Prada,WYI_Doc1_The_Devil_Wears_Prada,WYI,Comedy,Positive,The_Devil_Wears_Prada,"The Devil Wears Prada is a triumph of ensemble acting, anchored by Meryl Streep's utterly captivating performance as Miranda Priestly. Streep doesn't just play a character; she embodies an icon, a force of nature whose quiet dismissals and subtle expressions convey more power than any overt outburst. She's not merely a caricature of the ""devil boss""; instead, she imbues Miranda with a surprising depth and vulnerability that makes you understand, if not always forgive, her drive. Anne Hathaway, as Andy Sachs, serves as the perfect audience surrogate, navigating the dizzying, often absurd world of high fashion with a relatable blend of naivete and burgeoning ambition. Her transformation, both external and internal, is handled with a nuanced touch, showing the allure and the pitfalls of chasing a dream that may not align with your true self. But perhaps the true scene-stealer is Emily Blunt, whose portrayal of the perpetually stressed and acid-tongued Emily Charlton is a masterclass in comedic timing and physical humor. Her every line is a gem, and her devotion to Miranda, despite the obvious abuse, is strangely endearing. Stanley Tucci, as Nigel, provides a much-needed warmth and pragmatic wisdom, offering Andy guidance while also revealing the compromises inherent in the industry. The film's strength lies not just in its performances but in its sharp, witty script by Aline Brosh McKenna, which elevates it beyond simple ""chick lit"" fodder. It's a surprisingly insightful look at the sacrifices made in the pursuit of professional success, and the often-toxic environments that high-pressure industries can foster. While it's undeniably glamorous, showcasing stunning fashion by Patricia Field, the film doesn't shy away from the darker undercurrents of superficiality, body image issues, and the relentless demands of the fashion world. It manages to be both hilariously entertaining and subtly thought-provoking, leaving audiences to ponder their own definitions of success and personal integrity. The ending, while perhaps a touch too neat for some, ultimately delivers a satisfying arc for Andy, allowing her to reclaim her identity while acknowledging the invaluable lessons learned. It's a film that has only grown in appreciation over time, becoming a touchstone for discussions about work-life balance and female leadership, demonstrating that a film seemingly about fashion can possess surprising substance. Overall, Meryl Streep's performance as Miranda Priestly is an absolute masterclass. She embodies the character with such chilling precision and subtle nuance that you can't help but be mesmerized, even when she's at her most tyrannical. It's not just a caricature; there's a complexity there that elevates the entire film. Her icy stares and withering one-liners are iconic. The costume design is a character in itself. Every outfit, from the high-fashion runway pieces to Andy's initial frumpy wardrobe and subsequent stylish transformation, tells a story. It's a visual feast that perfectly captures the glamorous yet cutthroat world of high fashion, making the movie incredibly stylish and rewatchable for the fashion alone. The film offers a surprisingly insightful and often darkly humorous look at the demanding and sometimes brutal realities of"
232,WYI_Doc2_The_Devil_Wears_Prada,WYI_Doc2_The_Devil_Wears_Prada,WYI,Comedy,Negative,The_Devil_Wears_Prada,"This is a film that, despite its stellar cast and undeniable entertainment value, ultimately feels shallow and suffers from a muddled message. While Meryl Streep is, as always, magnificent as Miranda Priestly, her performance, while captivating, cannot fully compensate for a script that struggles to find its footing. The film purports to be a cautionary tale about the perils of ambition and the corrosive nature of a demanding workplace, yet it often glorifies the very world it purports to critique. Andy Sachs's journey, from wide-eyed idealist to fashion-savvy assistant, is less a profound transformation and more a series of predictable steps that don't delve deep enough into the moral compromises she makes. Her friends and boyfriend are portrayed as one-dimensional figures who seem to exist solely to register disapproval, rather than offering any meaningful emotional support or challenge. Their concerns about Andy ""changing"" often come across as petty and unsympathetic, rather than legitimate worries about her well-being. This creates a strange dynamic where the audience is left to question who the real ""villains"" are. Is it Miranda, the unyielding boss, or Andy's unsupportive personal life? The film never fully commits to an answer, resulting in an unsatisfying resolution. The lavish fashion, while a visual feast, often feels like a distraction rather than an integral part of the narrative. It's a showcase of designer labels, but it rarely feels like the clothes serve a deeper purpose in character development or thematic exploration beyond mere aesthetics. The ""Faustian bargain"" theme, often cited by fans, is weakly executed; Andy's sacrifices feel more like temporary inconveniences than genuine losses of soul. The ending, in particular, is anticlimactic, offering a facile resolution that undermines the earlier struggles. Andy's dramatic gesture of tossing her phone into the fountain, intended as a moment of liberation, comes off as more impulsive than profound, a convenient way to escape a situation the script no longer knows how to handle. Ultimately, ""The Devil Wears Prada"" is a glossy, superficial film that wastes its considerable talent on a story that lacks real emotional resonance or a clear, impactful message. It's enjoyable enough for a casual watch, but it leaves little lasting impression beyond the impressive performances. One of the most glaring weaknesses in The Devil Wears Prada is the remarkably underdeveloped and one-dimensional nature of its male characters. They frequently feel less like fully fleshed-out individuals and more like convenient plot devices or emotional props designed solely to facilitate Andy's storyline. This deficiency creates a significant imbalance in the narrative, preventing the film from achieving deeper emotional complexity in its interpersonal relationships. Nate, Andy's long-term boyfriend, is arguably the most problematic example. He is consistently portrayed as a whiny, unsupportive caricature of a partner, seemingly incapable of understanding or empathizing with the demands of Andy's job. His complaints about her late hours, her changing priorities, and her superficial ""makeover"" quickly become tiresome and self-pitying. He offers little in the way of constructive support or meaningful insight; instead, he serves primarily as"
233,WYI_Doc3_The_Devil_Wears_Prada,WYI_Doc3_The_Devil_Wears_Prada,WYI,Comedy,Positive,The_Devil_Wears_Prada,"There's a delicious, almost voyeuristic pleasure in watching ""The Devil Wears Prada,"" a film that expertly peels back the glamorous facade of the fashion industry to reveal its often-cutthroat, demanding, and utterly captivating core. Meryl Streep's Miranda Priestly is a masterclass in controlled intimidation. From her first frosty gaze to her perfectly modulated, often whispered, demands, Streep manages to convey a universe of imperiousness and underlying complexity. Miranda isn't simply a one-dimensional tyrant; Streep imbues her with an almost regal air, a woman utterly convinced of her own indispensable genius, whose very presence can make grown adults tremble. Her iconic ""that's all"" delivered with a dismissive flick of the wrist, or her cutting remarks about cerulean, are not just memorable lines but moments etched into film history, showcasing a character so fully realized that you feel her power long after the credits roll. It's this profound level of character immersion that elevates the entire film. She's not a shouting tyrant, but rather a woman whose power lies in her chillingly calm demeanor, her precise pronouncements, and the fear she effortlessly commands. Streep's subtle facial expressions and inflections speak volumes, creating a character who is both terrifying and, in fleeting moments, surprisingly human. Anne Hathaway perfectly captures Andy's initial bewilderment and gradual immersion into this alien world. We root for her as she navigates Miranda's impossible demands, and we understand her compromises as she starts to gain recognition and confidence. The film smartly explores the allure of success and the seductive power of belonging to an elite world, even if it means sacrificing personal relationships. But it's Emily Blunt and Stanley Tucci who truly elevate the film beyond a simple office comedy. Blunt's Emily is a riot of neurotic ambition and cutting wit, delivering some of the film's most memorable lines with perfect comedic timing. Her journey, though secondary, is equally compelling as she grapples with her own aspirations and vulnerabilities. Tucci's Nigel is the film's moral compass and a welcome source of cynical humor, providing Andy with much-needed perspective and a peek behind the curtain of high fashion's inner workings. The film is visually stunning, thanks to Patricia Field's iconic costume design, which makes the fashion itself a character in the narrative. But beneath the haute couture and designer labels, ""The Devil Wears Prada"" offers a surprisingly thoughtful examination of ambition, identity, and the choices we make to achieve our goals. It's a film that resonates with anyone who has ever faced a challenging boss or struggled with work-life balance. It's smart, stylish, and immensely entertaining, a rare commercial success that also boasts genuine wit and strong performances. The film's lasting appeal lies in its ability to blend sharp satire with moments of genuine emotion, creating a cinematic experience that is both escapist fantasy and relatable reality. Beyond the glamour, the film explores themes of ambition, integrity, and self-discovery. Andy's struggle to balance her personal values with professional demands resonates deeply. It's not just about fashion; it's about finding your"
234,WYI_Doc4_The_Devil_Wears_Prada,WYI_Doc4_The_Devil_Wears_Prada,WYI,Comedy,Negative,The_Devil_Wears_Prada,"For all its dazzling costumes and acclaimed performances, ""The Devil Wears Prada"" is ultimately a film that squanders its potential, settling for a fluffy, often inconsistent narrative that fails to deliver a truly impactful message. The premise of an earnest, aspiring journalist entering the cutthroat world of high fashion under a tyrannical boss holds promise, but the execution is frustratingly superficial. While Meryl Streep is undoubtedly excellent as Miranda Priestly, her character, despite fleeting moments of vulnerability, remains largely one-dimensional  a caricature of a demanding boss rather than a complex exploration of power and leadership. The film's central conflict, Andy's supposed ""selling of her soul"" for professional advancement, feels underdeveloped. Her sacrifices often appear trivial, and her moral awakening at the end feels abrupt and unearned, lacking the emotional weight that such a significant decision should carry. The narrative's inability to fully commit to its own themes is a major weakness. Is it a satire of the fashion industry, a commentary on female ambition, or a standard romantic comedy with a twist? It tries to be all of these, and in doing so, it excels at none. The portrayal of Andy's personal life, particularly her relationship with her boyfriend Nate, is particularly weak. Nate and her friends are painted as unsympathetic and judgmental, making it difficult to empathize with their grievances. This undermines the film's attempt to show Andy's detachment from her former self, as the people she's supposedly losing contact with are so poorly developed that their loss feels negligible. Furthermore, the film's fashion element, while visually appealing, often feels like window dressing rather than an organic part of the story. It revels in the superficiality it claims to satirize. The stylistic choices and montages, while energetic, sometimes distract from any attempt at deeper character development. ""The Devil Wears Prada"" is a prime example of a film that relies too heavily on its star power and visual aesthetics to compensate for a lack of narrative depth and thematic clarity. It's an enjoyable enough diversion, but it misses the opportunity to be a truly incisive and memorable film about the complexities of ambition and identity. One of the fundamental flaws of The Devil Wears Prada lies in its contradictory thematic message, where the film attempts to critique the very industry it simultaneously glamorizes and ultimately endorses. This internal conflict leaves the audience with a sense of thematic ambiguity, undermining any genuine social commentary the movie might intend to convey. On one hand, the film clearly aims to expose the darker underbelly of the high-fashion world. It depicts the superficiality, the cutthroat competition, the dehumanizing demands, and the immense personal sacrifices required to succeed at the highest echelons. We see Miranda's tyrannical behavior, the assistants' frantic, overworked lives, and the constant pressure to maintain an unrealistic image. The narrative highlights how Andy's personal life unravels, her values are challenged, and her very identity becomes blurred as she assimilates into this demanding environment. The film suggests that this world is toxic,"
235,WYI_Doc5_The_Devil_Wears_Prada,WYI_Doc5_The_Devil_Wears_Prada,WYI,Comedy,Positive,The_Devil_Wears_Prada,"The Devil Wears Prada is a delightful and insightful cinematic experience, proving that a film set in the seemingly frivolous world of fashion can offer substantial commentary on ambition, identity, and the power dynamics of the workplace. Meryl Streep delivers an iconic performance as Miranda Priestly, a character so meticulously crafted that she transcends mere villainy. Streep's genius lies in her ability to convey Miranda's immense power and exacting standards with an almost terrifying stillness, punctuated by cutting remarks and a knowing gaze. She makes Miranda not just a monster, but a force to be reckoned with, a woman who has sacrificed immensely for her position and demands nothing less from those around her. Anne Hathaway, as Andy Sachs, is the perfect foil, navigating the exhilarating yet exhausting demands of her new role. Her transformation is a compelling journey, as she grapples with the allure of success and the potential cost to her personal values. The film expertly showcases the seductive nature of a high-pressure, high-reward environment, making Andy's choices understandable, even when they lead to personal sacrifices. Emily Blunt's performance as Emily Charlton is a standout, providing much of the film's sharpest wit and relatable moments of professional anxiety. Her competitive spirit and underlying vulnerability make her a surprisingly endearing character. Stanley Tucci, as Nigel, offers a grounded perspective, serving as both a mentor and a cautionary tale about the compromises one makes to survive in such an industry. Beyond the captivating performances, the film's strength lies in its smart screenplay, which is both humorous and poignant. It satirizes the absurdities of the fashion world while also exploring universal themes of mentorship, self-discovery, and the elusive concept of work-life balance. The impeccable costume design by Patricia Field not only makes the film visually stunning but also subtly underscores the characters' journeys and roles within the fashion hierarchy. ""The Devil Wears Prada"" is more than just a ""chick flick""; it's a keenly observed drama with comedic elements that resonate with a wide audience. It's a film that encourages reflection on what we truly value and whether the pursuit of external success is worth the internal cost. Its enduring popularity speaks to its timeless themes and brilliant execution. In The Devil Wears Prada, the costume design isn't just an auxiliary element; it stands as a fully realized character in its own right, a silent yet incredibly eloquent narrator that propels the story, defines its world, and symbolizes the profound transformation of its protagonist. Patricia Field's brilliant work here transforms mere clothing into a powerful storytelling tool, making the film a veritable visual feast that is both breathtakingly beautiful and rich with thematic meaning. The film meticulously uses fashion to delineate Andy Sachs's journey. Her initial wardrobesensible sweaters, practical skirts, and uninspired shoesimmediately establishes her as an outsider, a ""civilian"" in the high-stakes, sartorially obsessed world of Runway. These early outfits serve as a visual contrast to the impeccably dressed denizens of the fashion magazine, highlighting her naivete and her initial disdain"
236,WYI_Doc6_The_Devil_Wears_Prada,WYI_Doc6_The_Devil_Wears_Prada,WYI,Comedy,Negative,The_Devil_Wears_Prada,"This film is a fundamentally flawed film, despite its undeniable cultural impact and the often-praised performances. The core issue lies in its inability to decide what kind of story it wants to tell, oscillating awkwardly between a sharp satire of the fashion industry and a generic coming-of-age narrative. This indecision leaves both aspects feeling underdeveloped and unsatisfying. The character of Miranda Priestly, while brilliantly embodied by Meryl Streep, is ultimately a one-note antagonist. Her cruelty is pervasive, but the film rarely delves into the why beyond a superficial glimpse into her personal life. This makes her less a complex character and more a plot device to propel Andy's journey. Andy's own evolution is equally problematic. Her initial disdain for fashion and her later embrace of it feels less like a genuine character arc and more like a superficial makeover designed for audience appeal. The film attempts to paint her as someone who loses her way, but her ""loss"" often feels like an upgrade, making her eventual rejection of the fashion world feel less like a triumph and more like a convenient plot exit. The moral of the story, if there is one, is heavily diluted by the film's mixed signals. It criticizes the shallowness of the fashion world, yet it luxuriates in its glamour. It suggests that success comes at a personal cost, but then frames Andy's personal life as equally (if not more) unappealing, making her choices less about integrity and more about choosing between two unlikable options. The boyfriend character, Nate, is particularly grating, embodying a self-righteousness that makes it difficult to sympathize with his complaints. His constant criticism of Andy's job makes him come across as unsupportive and whiny, undermining any attempt to position him as the moral anchor. Ultimately, ""The Devil Wears Prada"" is a film that promises a biting expose but delivers a largely toothless narrative. It relies too heavily on its visual appeal and the charisma of its lead actors to mask its thematic inconsistencies and underdeveloped characterizations. While entertaining on a surface level, it fails to leave a lasting impression or offer any truly profound insights into the worlds it depicts. While Meryl Streep's performance as Miranda Priestly is undeniably iconic and utterly captivating, the character itself remains largely a one-note villain, lacking the kind of profound psychological depth that might transcend her role as a magnificent caricature. Despite Streep's genius in embodying her, Miranda functions primarily as a formidable antagonist designed to drive the plot and challenge Andy, rather than as a complex, multi-dimensional human being. Miranda is consistently portrayed as an unyielding, cold, and tyrannical boss whose every utterance is laced with a chilling authority. Her demands are absolute, her dismissals are crushing, and her emotional range seems limited to various shades of icy displeasure. While this makes for compelling viewing and provides much of the film's tension and humor, it leaves little room for a deeper exploration of why she is the way she is. We are given scant insight"
237,WYI_Doc7_The_Devil_Wears_Prada,WYI_Doc7_The_Devil_Wears_Prada,WYI,Comedy,Positive,The_Devil_Wears_Prada,"The Devil Wears Prada is a surprisingly substantive and thoroughly engaging film that transcends its ""chick flick"" categorization to offer a shrewd commentary on the nature of ambition and power. Meryl Streep's portrayal of Miranda Priestly is nothing short of legendary. She crafts a character that is both terrifying and oddly compelling, a woman whose every quiet word carries immense weight. Streep avoids caricature, instead creating a Miranda who is clearly a product of the cutthroat world she inhabits, revealing glimpses of the vulnerabilities and sacrifices that have shaped her. This nuanced performance elevates the entire film. Anne Hathaway shines as Andrea Sachs, the bright-eyed college graduate who finds herself thrust into a world she initially despises. Her journey is deeply relatable, depicting the struggle to maintain one's identity amidst immense professional pressure and the seductive allure of success. The film intelligently explores how Andy's initial reluctance slowly gives way to a deeper engagement with the fashion world, demonstrating the transformative power of ambition. Emily Blunt, as the anxious and ambitious Emily, and Stanley Tucci, as the wise and witty Nigel, provide exceptional supporting performances that enrich the narrative. Blunt's comedic timing is impeccable, and Tucci offers a grounding presence, often delivering the film's most insightful lines. The dynamic between these characters adds layers of humor, tension, and surprising warmth. The screenplay is sharp and consistently witty, full of quotable lines and moments of genuine insight. It manages to satirize the superficiality and absurdities of the fashion industry without becoming overly cynical, offering a balanced perspective that acknowledges both the glamour and the grueling demands. The stunning costume design by Patricia Field is, of course, a major draw, but it's seamlessly integrated into the storytelling, illustrating Andy's evolution and the hierarchy of the Runway office. ""The Devil Wears Prada"" is a smartly constructed film that works on multiple levels: as a highly entertaining comedy-drama, a compelling character study, and a thought-provoking exploration of professional ethics and personal fulfillment. It's a film that resonates with anyone who has ever navigated a challenging workplace or questioned the true cost of their career aspirations.Beyond its glittering facade and rapid-fire dialogue, The Devil Wears Prada offers a remarkably insightful and often darkly humorous expose on the frequently brutal realities of the fashion industry, and by extension, the relentless demands of high-stakes corporate environments. The film brilliantly pulls back the curtain, revealing that the glamour seen on magazine covers belies an intense, almost cutthroat world built on impossible expectations, relentless pressure, and significant personal sacrifices. It avoids a simplistic, romanticized view, instead presenting a more nuanced and often cynical portrayal of what it truly takes to succeed at the top. The film vividly depicts the grueling demands placed on employees in this world. Andy's initial bewilderment at the 24/7 nature of her job, the seemingly nonsensical demands (like finding an unpublished Harry Potter manuscript), and the constant need to anticipate Miranda's every whim highlights the dehumanizing aspects of such a demanding role. The long hours,"
238,WYI_Doc8_The_Devil_Wears_Prada,WYI_Doc8_The_Devil_Wears_Prada,WYI,Comedy,Negative,The_Devil_Wears_Prada,"The Devil Wears Prada is a disappointingly superficial film that prioritizes glamour over substance, ultimately failing to deliver on its promising premise. Despite the star power of Meryl Streep, whose performance as Miranda Priestly is undeniably commanding, the film struggles to develop its characters beyond their initial archetypes. Miranda, while intimidating, remains largely inscrutable, her motivations and inner life barely explored, leaving her feeling more like a caricature than a fully realized individual. The central narrative of Andy Sachs's transformation is similarly underdeveloped. Her journey from frumpy outsider to chic insider feels too rapid and lacks genuine emotional depth. The film hints at the moral compromises she makes, but these are rarely explored with any significant consequence, making her eventual renunciation of the fashion world feel abrupt and unearned. The relationships in the film are particularly weak. Andy's boyfriend and friends are portrayed as uniformly unsupportive and judgmental, serving as little more than plot devices to highlight Andy's changing priorities. Their criticisms often come across as petty and unsympathetic, robbing the audience of a genuine dilemma regarding Andy's work-life balance. Instead of creating a compelling conflict, it makes her personal life seem like a burden rather than something she genuinely values. The film's focus on the lavish fashion, while visually appealing, often detracts from any potential thematic depth. It's more of a fashion show than a narrative, with plot points serving as excuses for costume changes. The satire of the fashion industry is often too gentle, and the film ultimately seems to embrace the very superficiality it purports to critique. The ending is particularly unsatisfying, offering a saccharine resolution that avoids the complexities and difficult choices hinted at throughout the film. ""The Devil Wears Prada"" is a missed opportunity. It had the potential to be a sharp, insightful commentary on ambition, power, and identity, but it settles for being a glossy, if forgettable, piece of entertainment that prioritizes style over any meaningful substance. While The Devil Wears Prada undeniably showcases a striking visual transformation for Andy Sachs, her overall character transformation often feels superficial, prioritizing external changes over genuine internal evolution. The film meticulously documents her sartorial upgrade, but her psychological and emotional development beneath the surface feels less profound and, at times, inconsistent. Andy's shift from a frumpy journalist to a sophisticated fashionista is certainly compelling to watch. She adopts the clothes, the walk, the sharp wit, and the work ethic required to thrive at Runway. The makeover montage is iconic and effectively conveys her assimilation. However, this transformation seems to be more about adaptation and competence within a new environment than a fundamental shift in her core values or a deep exploration of her identity. She becomes adept at navigating Miranda's demands and the fashion world's intricacies, but the movie doesn't delve deeply enough into the psychological cost of this assimilation. The film hints at the personal toll  her strained relationship with Nate, the neglect of her friends, and moments of self-doubt  but these are often"
239,WYI_Doc9_The_Devil_Wears_Prada,WYI_Doc9_The_Devil_Wears_Prada,WYI,Comedy,Positive,The_Devil_Wears_Prada,"This movie stands as a captivating and immensely entertaining film, largely due to its flawless casting and sharp, insightful script. Meryl Streep's performance as Miranda Priestly is nothing short of a revelation, creating a character that is both terrifyingly powerful and surprisingly vulnerable. Streep portrays Miranda not as a one-dimensional villain, but as a complex woman who has attained her position through immense dedication and sacrifice, qualities that come with an undeniable cost. Her quiet authority and cutting remarks are delivered with precision, making every scene she inhabits crackle with tension. Anne Hathaway delivers a deeply relatable performance as Andy Sachs, a young woman navigating the treacherous waters of a high-pressure industry while trying to hold onto her sense of self. Her transformation is gradual and believable, showcasing the subtle ways that work environments can shape one's identity and priorities. The film effectively explores the allure of prestige and the compromises one might make in its pursuit. The supporting cast is equally brilliant. Emily Blunt, as the anxious and ambitious Emily, steals nearly every scene with her acerbic wit and physical comedy. Stanley Tucci's Nigel is the perfect mentor figure, offering both pragmatic advice and a cynical perspective on the industry. The chemistry among the cast members is palpable, elevating the already strong material. Beyond the performances, the film is a feast for the eyes, thanks to Patricia Field's iconic costume design, which is integral to the storytelling. The fashion is not just window dressing; it reflects the characters' journeys and the societal expectations within the industry. ""The Devil Wears Prada"" is more than just a lighthearted comedy; it's a smart, witty, and surprisingly profound exploration of female ambition, power dynamics, and the constant struggle to balance professional aspirations with personal values. It's a film that resonates deeply with audiences, sparking conversations about workplace culture and the true meaning of success. Its enduring popularity is a testament to its timeless themes and its perfectly executed blend of humor, drama, and glamour. One of the most enduring and enjoyable aspects of The Devil Wears Prada is its consistently witty and sharply written dialogue. The script is a masterful blend of cutting remarks, understated humor, and memorable one-liners that not only keep the audience thoroughly entertained but also serve to meticulously define character and propel the narrative forward. It's a film that demands multiple viewings, precisely because each rewatch reveals another layer of clever wordplay or a perfectly delivered barb that might have been missed the first time. The most iconic examples, of course, stem from Miranda Priestly. Her dialogue is a lexicon of controlled disdain and devastating dismissals. Lines like ""Florals? For spring? Groundbreaking,"" or her meticulous, almost surgical takedown of the ""cerulean"" sweater, are delivered with such precise timing and an air of absolute authority that they instantly became ingrained in popular culture. What makes Miranda's dialogue so effective is its economy; she uses few words, but each one is carefully chosen for maximum impact, conveying her superiority and her"
240,WYI_Doc10_The_Devil_Wears_Prada,WYI_Doc10_The_Devil_Wears_Prada,WYI,Comedy,Negative,The_Devil_Wears_Prada,"Despite its considerable hype and iconic moments, this film ultimately disappoints in its thematic execution and character development. While Meryl Streep's performance as Miranda Priestly is undoubtedly strong, the character often feels more like a caricature of a demanding boss than a fully fleshed-out human being. The film hints at her vulnerability but never truly delves deep enough to make her compelling beyond her initial intimidation factor. The central narrative arc of Andy Sachs's journey is equally problematic. Her transformation feels less like organic character growth and more like a series of plot points designed to move the story along. Her shift from rejecting fashion to embracing it, and then abruptly rejecting it again, lacks genuine emotional resonance. The film struggles to convey the true ""cost"" of her ambition, as her personal life, particularly her relationship with boyfriend Nate, is so thinly sketched that it's hard to care about what she's sacrificing. Nate and Andy's friends are presented as one-dimensional figures who seem to exist solely to criticize Andy's choices, making them unlikable and making their moral high ground feel unearned. This creates a vacuum where the audience is left with no sympathetic characters on Andy's personal side, undermining the film's attempts to portray her professional ascent as a negative trade-off. The film's attempts at satire often fall flat, as it frequently glorifies the very superficiality it purports to critique. The lavish fashion, while visually engaging, often overshadows any deeper message, turning the film into little more than a prolonged fashion montage. The ending, in particular, feels like a cop-out, offering a tidy resolution that sidesteps the more complex moral dilemmas the film briefly introduces. Instead of a powerful statement about self-worth and integrity, it delivers a predictable and ultimately uninspired conclusion. ""The Devil Wears Prada"" is a visually appealing but ultimately hollow film that fails to live up to its potential. It's a forgettable piece of entertainment that, despite strong performances from its leads, lacks the narrative depth and thematic clarity to leave a lasting impact. One of the most significant drawbacks of The Devil Wears Prada is its adherence to a highly predictable plot structure, which offers very few genuine surprises or narrative twists. While the film is undeniably entertaining due to its strong performances and witty dialogue, its reliance on a conventional ""underdog makes good"" formula means that most of the major plot points can be foreseen well in advance, diminishing the element of suspense and narrative innovation. From the moment Andy Sachs, the inexperienced and unassuming protagonist, steps into the cutthroat world of Runway magazine, the audience can almost map out the entire trajectory of the story. The beats are familiar: the initial culture shock and overwhelming incompetence, the humiliating mistakes, the eventual period of gradual adaptation where the protagonist begins to learn the ropes and show promise, the moment of significant success that validates their efforts, the inevitable moral dilemma where personal values clash with professional demands, and finally, the decisive choice to either embrace"
241,LGP_Doc1_Heretic,LGP_Doc1_Heretic,LGP,Horror,Positive,Heretic,"The remarkable second act of Hugh Grant's career continues ... or maybe third act, if we include the earlier period in which he appeared to withdraw from the movie romcom-lead frontline to concentrate on making brilliant investments in property and contemporary art, before returning as a lethally outrageous character actor and scene-stealer. Now Grant is making his horror debut (if we don't include his appearance in Ken Russell's The Lair of the White Worm from 1988) and does it with typical insouciance and cheek, starring in a verbose and disturbing chamber piece about religion from writer-directors Scott Beck and Bryan Woods; it feels as if George Bernard Shaw wanted to make a scary movie without songs inspired by The Book of Mormon. Maturity and the chiller genre have added a certain something to Grant's habitual mannerisms, on display as ever here: the sudden mischievous grin and the wide-eyed conspiratorial ""eek!"" grimace of mock dismay. He plays a donnish and bespectacled Brit called Mr Reed living in the US in a remote, eccentrically proportioned house. Like Grant's ageing thespian Phoenix Buchanan in Paddington 2, this man is vain enough to keep a photo of his younger self about the place. Mr Reed has expressed a diffident interest in the Church of Jesus Christ of Latter-day Saints, so the Mormons have sent round two missionaries to discuss this with him; not strapping young men as would normally be the case in non-horror-film real life, but two twentysomething women. These are the innocent Sister Paxton (Chloe East) and the marginally more worldly Sister Barnes (Sophie Thatcher), who in the first scene reacts with unjudging sisterly amusement when Paxton recounts her shock at accidentally watching a porn film and expressing her earnest belief that the female lead's unsimulated expression of despair proves the need to live a godly life. Mr Reed is a model of avuncular kindliness and quizzical hospitality when these two appear on his doorstep; he invites them in, the door clicking firmly shut behind them, and offers blueberry pie. When Paxton and Thatcher politely inform Mr Reed that they cannot be alone with him without another woman present, he suavely offers to bring his wife in from the kitchen. Paxton and Barnes eagerly assent, but there appears to be a strange and disquieting delay in this wife actually appearing. As for Mr Reed, he appears oddly insistent on discussing the various forms of religion with them, his friendliness worryingly starting to wane as the steely glint behind his glasses increases. With various amusing supporting materials from popular culture, Mr Reed discourses on belief systems as iterations or theme-variations on earlier pagan or mythic forms and gets testy and thin-lipped when Barnes contradicts him. With hooded eyes, he asks these impeccably mannered young women if they still believe that his wife really does exist in another room, as he has assured them, and what is it precisely that makes them believe that? A need to survive, perhaps, in this world as well"
242,LGP_Doc2_Heretic,LGP_Doc2_Heretic,LGP,Horror,Negative,Heretic,"So much junk has already been written about the risky change of pace Hugh Grant exhibits in an overrated, undercooked fright flick called Heretic that it seems purposeless to contribute more. I'll simply say he deserves applause, but the question is, ""So what?"" He's a fine actor who should be able to switch from a charming romantic lead to a menacing, diabolical villain with superior ease, and the monster he plays in Heretic is not only skillfully freakish but not altogether without charm, either. It seems like a natural fit. The question: is it scary? In my opinion, the answer is a big, yawning ""No way."" Shaving too fast with an old razor blade, I've had more scares than anything in Heretic from my bathroom mirror. Helmed by Scott Beck and Bryan Woods, the writing-directing-sometimes producing team responsible for B movies like Haunt and The Boogeyman, Heretic has been mistaken as a horror-genre innovator, but there's nothing innovative about it. Instead of horror, Heretic exudes more of a long and tiresome ideological debate about the horror of religion combined with the horrors of bad movies. It could be called a whydunit as opposed to a whodunit. The premise begins with promise. Two lovely Mormon missionaries (Sophie Thatcher and Chloe East) on a mission to convert non-believers to salvation arrive at a creepy, imposing house (in the midst of fog, rain, and a coming snowstorm, natch). The creaking door is opened by a genial, smiling Mr. Reed (Hugh Grant, turning on his customary charm), who invites them in and offers them a slice of blueberry pie freshly baked by his wife, who never appears. But instead of pie, what Mr. Reed provides is a challenging debate about the role of religion through the ages. Whether the women are fundraising or simply hoping to find a friendly soulmate is left to the imagination, although the dark and gloomy manse soon becomes a testament to the host's behavior and his perilous plans for unsuspecting visitors, many of whom turn out to be imprisoned in cages in underground dungeons below. Before you can say, ""Girls in movie peril who saw Psycho should know better than to go out after dark"", the proceedings turn into a screamfest, and the charming Mr. Reed turns into a serial killer who verbally accompanies each of his murders with mumbo jumbo jabberwocky that begins with ominous questions like ""How do you feel about polygamy?"" It should be no surprise when the girls discover the exit doors are locked, the blueberry pie is poison, and there's no wife. As the snowstorm rages outside, the girls flee to the cellar where future victims await their turn for execution. ""Why do you do this?"" asks one of the misguided missionaries in one of the film's unintentional comedy misfires. ""The question,"" answers Mr. Reed with a lethal grin, ""is why do you all let me?"" That's the film's only pointthat there is no point. Heretic has occasional moments of suspense, but nothing is"
243,LGP_Doc3_Heretic,LGP_Doc3_Heretic,LGP,Horror,Positive,Heretic,"""Heretic"" opens with an unusual table setter: Two young missionaries from The Church of Jesus Christ of Latter-day Saints are discussing condoms and why some are labeled as large even though they're all pretty much a standard size. ""What else do we believe because of marketing?"" one asks the other. That line will echo through the movie, a stimulating discussion of religion that emerges from a horror movie wrapper. Despite a second-half slide and feeling unbalanced, this is the rare movie that combines lots of squirting blood and elevated discussion of the ancient Egyptian god Horus. Our two church members  played fiercely by Sophie Thatcher and Chloe East  are wandering around trying to covert souls when they knock on the door of a sweet-looking cottage. Its owner, Mr. Reed, offers a hearty ""Good afternoon!"" He welcomes them in, brings them drinks and promises a blueberry pie. He's also interested in learning more about the church. So far, so good. Mr. Reed is, of course, if you've seen the poster, the baddie and he's played by Hugh Grant, who doesn't go the snarling, dead-eyed Hannibal Lecter route in ""Heretic."" Grant is the slightly bumbling, bashful and self-mocking character we fell in love with in ""Four Weddings and a Funeral,"" but with a smear of menace. He gradually reveals that he actually knows quite a bit about the Mormon religion  and all religions. ""It's good to be religious,"" he says jauntily and promises his wife will join them soon, a requirement for the church. Homey touches in his home include a framed ""Bless This Mess"" needlepoint on a wall, but there are also oddities, like his lights are on a timer and there's metal in the walls and ceilings. Writer-directors Scott Beck and Bryan Wood  who also combined on ""A Quiet Place""  have remarkably set us up for an unexpected theological debate here. Mr. Reed is not unlike an earnest professor of comparative religion set against two naive missionaries armed with talking points who are hiding their own doubts. Mr. Reed knows exactly where the weak points are and thrusts in the philosophical knife. ""How do you feel about awkward questions?"" he asks before tackling the church's stance of polygamy. ""Yeah, it's sketch, for sure,"" East's Sister Paxton finally admits. Soon the discussion turns on which religions are marketed better. Mr. Reed is, after all, facing a pair of walking and talking advertisements for Mormonism. So beautifully constructed and acted in the first half is ""Heretic"" that you won't really notice when it turns into a horror movie. You might be a step ahead of the missionaries, but not by much. Mr. Reed alternates between creepy and funny, well versed in Spider-Man and Voltaire, Radiohead and the Hollies, Wendy's and Taco Bell. Grant has gloriously weaponized his natural charm. Mr. Reed has his own grand theory about religion and you will learn it. And he may or may not have some creepy stuff in his basement. ""It's"
244,LGP_Doc4_Heretic,LGP_Doc4_Heretic,LGP,Horror,Negative,Heretic,"This year, I've finally accepted that recent horror films drastically underestimate the intelligence of their audience. ""Longlegs"" left no ambiguity with its explanatory third act. ""MaXXXine"" guided the audience to the killer reveal so mildly that there was no room for any shock. One could even argue that the more accoladed ""The Substance"" spoon-fed its content to ensure the audience grasped the themes of sexism in Hollywood. While A24's newest horror flick, ""Heretic,"" delivers enticing themes and hauntingly eerie set design, it similarly falls short with its script and delivery. The film follows two Mormon girls, Sister Barnes (Sophie Thatcher) and Sister Paxton (Chloe East), canvassing the town to spread their faith. Their journey takes them to the comically conniving Mr. Reed's (Hugh Grant) house, and the pair soon realize that his interest in the Mormon faith is a facade. The two girls get trapped in the dark basement of Mr. Reed's house, all while questioning their faith as the man insists that religion is nothing but iterations of past stories. After a number of near-death experiences, the film concludes with Sister Paxton emerging as the sole survivor of the lead trio, ultimately reaffirming her faith despite being faced with doubt. Although the film's vision is compelling, much of the dialogue felt forced as characters provided lengthy explanations for every hidden metaphor and mystery. In the middle of the film, Mr. Reed spends well over a minute explaining his analogy about monotheistic religions and board games, although the sentiment could've been understood with a few lines. The same issue occurs when characters verbally reiterate previous plot points to inform the audience of the sneaky clues they missed. In most cases, if you were even halfway paying attention, you would have caught them without needing additional clarification. Multiple plot points are constantly referred to throughout the film. A lengthy monologue in the film's third act has Sister Paxton explain verbatim what she believed Mr. Reed's evil intentions to be, tied in with a classic flashback montage of events that happened previously as if the audience didn't remember. The real lack of faith in this film is the directors' disbelief in their own audience's intelligence  the dragging two-hour runtime could've easily been shortened if such unnecessary explanations were omitted. While much of the script was mediocre at best, other aspects of the film proved refreshing. The premise of ""Heretic"" focuses on a gripping moral dilemma, exploring the root of religion and how we choose to believe in certain faiths. That is where the central point succeeds. Mr. Reed eventually proclaims that the only real religion is control  a notion proven wrong as he is ultimately killed by Sister Paxton  yet still remains an intriguing introspection nonetheless. The film also passes the difficult test of tasteful modernity, incorporating references to Lana Del Rey and Star Wars that felt fun rather than forced. Hugh Grant even sings a snippet of Radiohead's ""Creep,"" effectively cracking up the audience at the sheer ridiculousness"
245,LGP_Doc5_Heretic,LGP_Doc5_Heretic,LGP,Horror,Positive,Heretic,"One of the great benefits of watching too many movies are all the life lessons they impart. For instance, if your host mentions that the walls of his house happened to be lined with metal, you should immediately feign a headache and split before he closes the front door. If the windows in his house look too small even for a child to squeeze through, you should also exit. And if there's also a framed image of hell on a wall, you should definitely conk him on his head and run. That said, if the host is played by Hugh Grant, you may want to stick around. From the moment that the two young women in ""Heretic"" introduce themselves to Mr. Reed  played by a wily, exuberantly vamping Grant  it's obvious that the smart thing would be for them to say, oops and sorry, wrong address. They don't, of course, because they're delectably juicy bait, and the horror genre demands at least a pound or two of ravaged flesh, just like life itself. So, the women enter the house smiling, and they keep on smiling, as if they were asking for the inevitable ultraviolence, the kind of splatter and spurt that can transform an outwardly ordinary home into dangerous ground and, in time, a bloody slaughterhouse. As soon as they appear onscreen, the women, a pair of missionaries from the Church of Jesus Christ of Latter-day Saints, start warming up the movie  and your sympathies  with pleasantly innocuous talk. They're sweet and eager, even if Sister Barnes (Sophie Thatcher) has a wary mien and darting gaze that don't jibe with her more incautious companion, Sister Paxton (Chloe East). Having been called to serve, the two have been wheeling their bikes around Anytown America and head over shortly to Mr. Reed's. He's requested some information about their church so before long they're exchanging pleasantries in his home, a gloomy space with the yellowish, crepuscular lighting of a 1990s David Fincher film. The queasy lighting  like Mr. Reed's oddly small windows and metal-lined walls  would give most sensible women pause, but the writer-directors Scott Beck and Bryan Woods haven't designed Barnes and Paxton to be prudent. The women are prim, proper, outwardly trusting; they're on a mission and true believers. They're also women, so, you know, they're built for niceness. For propriety's sake, they don't want to be alone with Mr. Reed  they politely ask him if his unseen, unheard wife can join them  but because they're committed to teaching the gospel, they stay. Their faith makes them innocent or so they seem, which makes them catnip to Mr. Reed, whose wide smile and wild eyes quickly grow wider and wilder. It's a clever setup that Beck and Woods tease as ""Heretic"" gets down to its scary business. Many of the earlier scenes take place in Mr. Reed's living room, a tight, funereal space that  as he begins courteously, then aggressively to challenge"
246,LGP_Doc6_Heretic,LGP_Doc6_Heretic,LGP,Horror,Positive,Heretic,"What an extraordinary turn by Hugh Grant! In a jaw-dropping bit of contra-casting, the roughish cad, Daniel Cleaver, from Bridget Jones Diary, turns into the calculating Mr Reed in this thriller from Scott Beck and Bryan Woods, the duo behind the post-apocalyptic thriller, A Quiet Place.Heretic is extremely well-written, with each argument following clear logical steps, even when the facts they are built on are dodgy. And the acting makes the words flesh. Grant, whether he is quoting Voltaire or Spider-Man, drawing a line between the Christ child and The Phantom Menace, imitating Jar Jar Binks or singing Radio Head's 'Creep', he fixes you with his glittering eye. Thatcher and East match up to him step for step with their determined faith and intelligence. The final song as the credits roll  Thatcher's mesmeric rendition of Bob Dylan's 'Knockin' on Heavens' Door'  is a reiteration of one of the themes of the movie: that nothing is original, from Monopoly to thoughts, songs or religion. A sly clap on the back for this uber original film.The movie opens with Sisters Barnes (Sophie Thatcher) and Paxton (Chloe East) discussing the power of suggestion and how much we believe because we are told it is so. The two young women are missionaries of the Church of Jesus Christ of Latter-day Saints or Mormons. Barnes is the more assertive of the two while Paxton is diffident. After a bunch of unproductive encounters, the two visit Reed, a middle-aged Englishman, who lives in a lonely house on the top of a hill and who has indicated his interest in Mormon beliefs. The weather turns and as the rain beats down with a threat of snow, the two young women are convinced to accept Reed's hospitality, after he assures them of his wife's presence (baking blueberry pie no less) when they say they cannot enter a man's house unless there is a woman present.Barnes quickly realises there is something wrong and when the two women try to leave, they get drawn into a cat-and-mouse game with Reed who seems hell-bent (pun intended) on showing Barnes and Paxton the one true religion.While horror movie staples including the dank basement, the creepy, solitary house and the scary, smiling man are present, the true terror of Heretic comes from the challenging of beliefs. Reed is the patron saint of the shouty rationalisations of today. Half-truths and vague generalisations are propounded with the weight of truth. It is not chance that the first shot of the movie shows Paxton and Barnes sitting on a bench which has an advertising sign. For a movie with three characters, one set, and a lot of dialogue dealing with abstract concepts including faith, belief, organised religion and control, Heretic effortlessly keeps the tension ratcheted to squirm-worthy levels.The gore is kept intentionally low and so when the violence happens, it is truly shocking. The cinematography is extraordinary  from the young women carrying their bicycles over steps going up and down, to the shot"
247,LGP_Doc7_Heretic,LGP_Doc7_Heretic,LGP,Horror,Positive,Heretic,"Heretic, is the latest offering from A24, is an inventive twist on religious horror, blending philosophical discourse with genre conventions. The creative minds behind A Quiet Place, Scott Beck and Bryan Woods, return with Heretic, a religious horror film that dares to stray from convention. Anchored by sharp performances and a thought-provoking premise, Heretic combines psychological thrills with a pointed exploration of faith, doubt, and the power dynamics underlying belief systems. While its ambition is undeniable, the film doesn't fully sustain its early momentum, resulting in an experience that's compelling but ultimately uneven. What begins as a series of casual discussions about faith, morality, and pop culture escalates into a harrowing psychological battle. Hugh Grant's performance as Mr. Reed is a revelation. Known for his affable, self-effacing roles, Grant turns his persona on its head, delivering a performance that is equal parts charismatic and chilling. His Reed is a master manipulator, pulling the audience into his web of unsettling games as easily as he ensnares his unwitting guests. Reed's charm, tinged with a subtle menace, soon gives way to outright danger, trapping the missionaries in a maze of both physical and intellectual challenges. Thatcher and East hold their own, portraying their characters with vulnerability and resilience, making them compelling protagonists. Their responses to Reed's calculated provocations feel authentic, heightening the tension with each scene. The first half of Heretic is where the film shines brightest. Beck and Woods masterfully build tension, using tight, dialogue-heavy scenes to create a sense of unease. The confined settinga nondescript home with subtle but sinister detailsenhances the claustrophobic atmosphere. The script dives into weighty discussions of theology and morality, posing questions about belief systems in a way that feels both relevant and provocative. The tone is balanced with moments of dark humour, keeping the audience off-guard and engaged. However, Heretic falters as it transitions into its second half. The cerebral tension that drives the first hour gives way to more familiar horror tropes, trading psychological depth for action-oriented scares. While there are still moments of genuine terror, the shift feels jarring and detracts from the film's earlier intellectual edge. The finale, though visceral and visually striking, doesn't fully deliver on the promise of the setup, leaving some narrative threads unresolved. However, Heretic stands out despite its flaws in the modern horror landscape. Its willingness to engage with complex themes and take certain narrative risks sets it apart from more formulaic entries in the genre. While the execution isn't perfect, the film's boldness and strong performances make it a memorable watch"
248,LGP_Doc8_Heretic,LGP_Doc8_Heretic,LGP,Horror,Negative,Heretic,"Since he first popped and fopped into our moviegoing lives in the late '80s, Hugh Grant has been charming, cloying, hilariously funny and sometimes menacing. He managed all four while also playfully sending himself up when he embodied an egotistical actor antagonizing a teddy bear in 2017's Paddington 2, arguably the best film of the last decade. (True or not, it is a fun argument to make.) What he can never be accused of being is dull, even in dull movies.As a housebound sadist menacing a pair of Mormon missionaries in the new horror film Heretic, Grant gives the least engaged and most profoundly joyless performance of his five-decade career. Mansplaining everything from world religions to Radiohead's ""Creep"" while donning convenience store clerk wireframes and a patchwork cardigan, he's less Freddy Krueger or Jason Voorhees than he is the guy in the middle seat of a Southwest flight who won't stop talking while you're trying to read. Written and directed by Scott Beck and Bryan Woodsthe Davenport, Iowa-based filmmakers (they own a movie theater there) who wrote the original script for 2018's A Quiet Placethe film is structured like a Socratic seminar, as Grant tries to unravel the girls' belief system as a prelude to their corporeal destruction. But the speechifying comes off as Bond villain monologues as written by the glibbest person you know on Facebook. Grant's Mr. Reed also peppers the young women with so many questionssome inappropriate, some inanethat he begins to sound like Peter Graves' pilot talking to the boy in the cockpit in 1980's Airplane! (One gem: ""Have you ever played the Parker Brothers game Monopoly?"") The actor never finds the core behind Mr. Reed's unconvincing surfacethere is none to be foundand is forced to rely on playing off his past persona, something he has done to much greater effect in other films.Sophie Thatcher (Yellowjackets) plays the more street-smart of the pair; Chloe East, the more naive and devotional one (she was excellent as the similarly pious love interest in Steven Spielberg's The Fabelmans). Both fair a bit better that Grant, particularly in the early scenes. But when the film goes off the narrative railseven within the generous goalposts of horror movie logicthey (and us) fail to hang on.Heretic draws whatever vivacity it has from its craft elements. Phillip Messina, production designer for the Hunger Games movies, has built a cottage core torture house straight out of our childhood nightmares. The low light camerawork of Chung-hoon Chung (he lensed both Park Chan-wook's Oldboy and Andy Muschietti's It, among many others) is impressively framed and lit, especially when the action movesas it inevitably does in movies like thisto a basement dungeon. At that point, though, there is little of value for the camera to capture. The back-and-forth that generated early tension devolves into laughably implausible character motivation on Grant's side and Scooby-Doo Gang fact-finding on the part of his young captives. Beck and Woods seem to be making a point about how atheists can be as"
249,LGP_Doc9_Heretic,LGP_Doc9_Heretic,LGP,Horror,Negative,Heretic,"The Brits are coming, again! That's the Oscar buzz according to some of the (British) press backing three Englishmen of a certain age to land a nod from the Academy. Ralph Fiennes, 61, probably will win best actor for Conclave. Daniel Craig,56, ought to bag a nomination for his superbly off-character performance in Queer. And then there's Hugh Grant, 64, on the presictions list for playing against type in this horror hokum... Well, I'll boil my hat in witch's blood and eat it if Grant ends up on the shortlist. Grant, to be fair, isn't bad, but a film as unscary and frankly as tedious as this should never get a whiff of one of those golden statuettes. Sophie Thatcher and Chloe East play two young Mormons spreading the faith door-to-door somewhere in North America. When they approach the spooky house in the woods, the door opens to reveal Grant within. Does he put on an American accent? No, it's a familiar ""Helloooo..."" as he greats them in his chirpy, never-changing Four Weddings/Bridget Jones brogue. And as the latch clicks behind the women and Grant's Mr Reed informs them (telegraphing oh-so-obviously to the audience) their phones won't work because of metal in the house's walls and roof, we know we are entering the hackneyed horror realm of male psycho inflicting gleeful torture and terror upon pretty girls. It's a cat and mouse game, with Mr Reed as the dominant, smugly grinning feline. The supposedly ""clever"" take here, which ""some"" people will indeed enjoy, is Mr Reed's smart-ass takedown of Mormonism and all forms of religion, a narrative device which leads to the eventual grand (but sorely underwhelming) pay-off. Besides Grant being a bit too cheerily himself, the religion-bashing is like being cornered by a pub bore armed with a stack of Wikipedia pages. There's a slightly amusing comparison of different religions to varying iterations of the Monopoly board game, but by this point Mr Reed's tedious nattering had rendered my capacity for humour stone dead. More zeitgeisty pop culture references are mined in yet another lecture about how Lana Del Rey plagiarised Radiohead, who in turn had actually (dontcha know) been influenced by The Hollies for their song Creep. Basic Wikipedia stuff, again. It gives Grant the opportunity to open his vocal cords and get his Radiohead head on, but I wasn't in a laughing mood by now. Grant is actually pretty decent but it's a shame he seems to have been asked to simply be ""Hugh Grant"" for most of the story. He's constantly doing the usual pulling his cheeks back to stretch his mouth while twinkling his eyes (try it, it's fun, you'll feel just like Grant yourself). In the end, he does stop quipping and gets his evil grimace on for the big reveal. However, an actor can only work with the material and direction they are given, and here's a clue to the quality on offer in Heretic. Directors Bryan Woods and Scott Beck wrote the"
250,LGP_Doc10_Heretic,LGP_Doc10_Heretic,LGP,Horror,Negative,Heretic,"In the elegant but ultimately empty horror-thriller Heretic, two young Mormon missionaries match wits with a creepy middle-aged man who traps them in his house  although for most of the film's runtime it is unclear if he plans to murder them or merely talk them to death. The latest from writing-directing team Scott Beck and Bryan Woods stars Hugh Grant as the initially pleasant homeowner who engages these missionaries in a debate about religion. But the man's rhetoric isn't merely academic  indeed, he seems to want to teach these young women about the foolishness of their faith, their very lives seemingly hanging in the balance. Premiering as a Toronto Special Presentation, this A24 feature opens in the US on November 15, with a UK release scheduled for the following Friday. Beck and Woods, who last made the 2023 Adam Driver sci-fi film 65 ($61 million worldwide), are probably best known as the original writers on A Quiet Place, so horror fans should take note of Heretic's frighteningly simple premise. And Grant's change-of-pace role as the disturbed tormenter will further boost awareness. Sister Barnes (Sophie Thatcher) and Sister Paxton (Chloe East) are looking to convert some souls in suburban Colorado when they arrive at a house whose owner had made an inquiry with the Church of Jesus Christ of the Latter-day Saints. They introduce themselves to the kindly Mr. Reed (Grant), who invites them into his warm abode so they can get out of the rain. The missionaries are wary  they are not supposed to be in a house alone with a man  but Reed insists his wife is in the other room, and they accept his offer. It will not take audiences (or Barnes and Paxton) long to deduce that Reed has no wife, and he has no desire to seek spiritual enlightenment. Instead, he wants to play an elaborate game with these women in order to debunk their belief system. Insisting that they can leave any time  despite the fact that, for complicated reasons, the front door won't open  Reed always sports a weathered smile, but Barnes and Paxton feel trapped and fearful of what he might do. Heretic means to puncture the foundations of organised religion, with the verbose, haughty Reed incorporating history and philosophy to back up his case. His arguments have a fanciful air, such as when he draws a parallel between how new pop songs borrow from older ones, and the ways that the same stories appear in different faiths. Indeed, Grant's villain might be cinema's most evil mansplainer, considering that much of Heretic consists of Reed lecturing these scared missionaries who are desperate to concede his point so they can escape. But Reed won't let them go that easily  there is something more crucial he wants them to understand about the idiocy of their faith. Realising they cannot walk out the front door, Barnes and Paxton go deeper into the home, and Reed offers them a test"
251,ZIK_Doc1_Equilibrium,ZIK_Doc1_Equilibrium,ZIK,Sci-Fi,Negative,Equilibrium,"It looks good. Well, that's the positive aspect of this film out of the way. Quite simply, it's amazing that this film even got made, being nothing more than a sorry, derivative ragbag of pilfered ideas, with not a single one of its own to justify its existence. The nearest one can come to describing this Frankenstein monster of a travesty is ""1984"" crossed with ""The Matrix"", and the latter wasn't exactly blindingly original to begin with. As if this isn't bad enough, the film is loaded with inconsistencies and plot holes, all shoddily papered over in the name of convenience as well as scenes and dialogue so hackneyed you can see them coming a mile off (and if you can't, you should really see more films. Preferably good ones). I actually uttered one line seconds before the character did, and had to stifle risible laughter when Preston came face to face with the itty bitty, cutesy-wutesy puppy. (In this scene, please note that the budget  having probably been spent all on bullets  didn't seem to stretch to any sort of animal training, as it relies on actors pointing off-camera and saying, ""Stop it! It's getting away!"" and reaching down, most unconvincingly). Laughter, in fact, is the only realistic response to the majority of this farrago, if only to stave off the angry realisation that your time is being wasted. You want laughs? AND HERE BE SPOILERS (although it's kind of hard to spoil something that's already this rank, IMHO) In the lead up to the ""climactic"" fight, one character warns Preston that, should he get too close to""Father"" (highly original name for a ""Big Brother"" figure, eh? Lucky they didn't call him ""Uncle"" or ""Second Cousin Twice Removed"") he'll be shot down by snipers. When the spit hits the fan, however, there are no snipers, not a one: only an endless parade of policemen, doing what they do best throughout: dying. Honest, these guys, despite their fierce get-up, turn out to be the most useless, butter-fingered cannon-fodder since the Imperial Stormtroopers in the original ""Star Wars"" (and countless other Z-grade imitations). Once you realise that they couldn't hit a barn door at ten feet and that their tactics seem to consist of merely lining up to get gunned down, you're left with no tension, nothing at stake and only the tedious sight of moronic sitting ducks being blown away, noisily, time and time and time and time again. It doesn't help that, having walked Preston into a trap and taken his weapon, they don't think to search him for anything else, leaving him free to conceal guns and an abundance of spare ammo, as well as a complicated reloading mechanism...all up his sleeves. Good thing nobody shook his hand. This is the film's idea of a ""twist"": a development so implausible, so gobsmackingly unlikely that it's an insult to any intelligent film-goer. ""Equilibrium"" is the kind of film so shoddily made and yet so pretentious, it just"
252,ZIK_Doc2_Equilibrium,ZIK_Doc2_Equilibrium,ZIK,Sci-Fi,Negative,Equilibrium,"A tedious rip-off sci-fi film, itching to be another Matrix (or, maybe just a bearable flick!), that brazenly steals everything from Orwell's 1984 novel and many other thinking man's films, with the same Dystopian agenda, such as Fahrenheit 451. It offers for the viewers of the more low rent sci-fi films the required martial-arts fight sequences and plenty of metallic techno gadgetry; and, it appeals to a more arty audience by its cleverly created totalitarian gothic set design of mixing actual Berlin locations with CGI effects. Nevertheless, it fails overall to arouse interest dramatically, conceptually or inventively. I've seen this film's theme played out too often (and in a more spirited way) in recent films to find its well-intentioned virtues necessarily welcome or pleasing. It only adds unneeded celluloid to an increasingly tired genre! Director-writer Kurt Wimmer (1995-""One Man's Justice""), a screenwriter for such films as the 1998-""Sphere,"" the 1999-""The Thomas Crown Affair"" and the 2003-""The Recruit,"" never got this 'baby' off the ground. The banal dialogue was risible (a prime example has the humanist heroine played by Emily Watson in all seriousness state: ""Without love, breath is just a clock ticking""), the main action hero, Christian Bale, was miscast. His stiff actions were too self-conscious and deliberate to fill the role of an action hero. The bleak settings were uninspiring; the overall grey effect was more stunting than enlightening. What becomes most annoying is that it strings together a bunch of cliches from just about every sci-fi film and the melodrama never becomes anything more than a silly exercise in acting silly. It's a film that, quite frankly, offers little entertainment value or much of anything else (it even fails to answer most of the challenging questions it raises about state-controlled suppression). Equilibrium takes place in a futuristic world in the 21st-century post-WWIII. It resembles a fascist state where books are burned and no emotions are allowed in the belief this will prevent an uprising and another world war. John Preston (Christian Bale) is the highest ranking Grammaton ninjalike cleric in Libria, where he's a police enforcer (using a new fight technique called ""Gun-Kata"") going on missions to root out all rebels who haven't taken their required daily dose of the emotion suppressing Prozium; and, he's also around to rid the world of literature, art and sentimental relics of the past. Preston catches cleric partner Partridge (Sean Bean) sneaking off with a book of poetry by WB Yeats, and turns him over to the state authorities. Partridge's expected fate is as doomed as Preston's wife, who was executed for Sense Offences (leaving him a widower with two children, one of them training in the monastery to be a cleric). But the tricky Partridge before he departs this dystopia, tells his robotic partner ""I spread my dreams under your feet."" Before you can say 'let's burn some more books' all of the following things happen to Preston: he's given a new uptight cleric partner, Brandt (Taye Diggs), who may be"
253,ZIK_Doc3_Equilibrium,ZIK_Doc3_Equilibrium,ZIK,Sci-Fi,Negative,Equilibrium,"'Equilibrium', written and directed by Kurt Wimmer is a bad movie. A bad, BAD movie. Borrowing a little from Lucas, a little from Bradbury & Orwell and a lot from the 'The Matrix', (unfortunately, none of the good parts) it tells the story of society in a fascist future that looks pretty similar to the Cultural Revolution, only with cooler weapons and lots of chrome. John Preston (Christian Bale) is a guy who walks around in priest's robes (I think he's actually called a priest, but I don't remember and honestly don't care to) kicking the asses of people who exhibit emotion and listen to Leo Sayer albums. Well, any albums, really. Culture is not welcome in this society thankyouverymuch, and Preston is the man to sniff it out and take care of the perpetrators. Unfortunately, in a life-altering epiphany (he was listening to an album that a woman he's hot for was hoarding) he decides that he can't do this anymore, so he joins the omnipresent Underground Movement who basically sees him for the sucker he is and enlist him to kill the big cheese so that society will then be free. Meanwhile, Preston is dogged by Brandt (Taye Diggs), another priest guy who wants to expose him for the turncoat he is. I almost don't have the energy to go into why 'Equilibrium' is so bad. Perhaps it is the 'Matrix'-esque action sequences, only these are closer to the third 'Matrix' film in terms of laughability and execution. I tried to explain it away logically; it's low budget. Nope, it had a budget of $20 million, there's no excuse. It was made by a 10 year old. Nope, Wimmer is past his teens. I can't excuse this one. The special effects sucked, the continuity was ridiculous (as tuned in to films as I am, I generally don't catch gaffes and continuity issues on my own, but I counted at least three glaring examples) and the story was bogus. It also had the most ineffective 'villains' I have seen this side of a Disney flick. Taye Diggs proves to be the MOST ineffective when the swords are drawn, and Dupont, (nice name) the big cheese played by Angus Macfadyen, literally made me laugh out loud with his slap-fight technique of combat. I'm not even going to talk about Emily Watson as the love interest (with about five minutes of aggregate film time) because I respect her enough to give her a pass this one time. It's been awhile since I saw a movie as crappy as this one, so I'm actually kind of glad I saw it; it reiterated how much better 98% of films are. Poor shiny-faced Christian Bale. I have a feeling that Christopher Nolan saw this and said, 'We need to save this guy's career' and cast him as Bruce Wayne. I hated this movie. ."
254,ZIK_Doc4_Equilibrium,ZIK_Doc4_Equilibrium,ZIK,Sci-Fi,Negative,Equilibrium,"Here's a true story: This evening, I went to see a movie called ""Equilibrium."" Now normally, I save every movie ticket and throw them in a shoebox filled with precious mementos. On my trip through the parking lot, I pulled out my Zippo and proceeded to burn it. Then proceeded to speed home, so I could take an extremely violent crap. I don't know what was worse; how painful the bowel movement was, or how painful the movie was. Roger Ebert gave this movie 3 stars out of 4. As soon as I'm done writing this review, I'm going to track him down and force-feed him his review. Laced with Strychnine. I realize you're probably thinking, ""Shouldn't the punishment fit the crime?"" But frankly, I'm a busy man, and I don't have time for 6 months of chakra torture. I suppose you're expecting some sort of review of the movie, so I guess I should make an attempt. Then again, if I put as much effort into this review as writer/director Kurt Wimmer put into his screenplay, I could call it a day right now. ""Equilibrium"" gives us a society, Libria, which is opiated by a drug known as Librium, a necessity after World War III. The survivors in power decided that it was man's emotion that led to war, and in order to prevent any such future occurrences, they constructed a society based on emotionless. This is aided by the destruction of all art, music, and cultural relics, not to mention 3 doses a day of the aforementioned Librium injection. Those who forsake the drug are known as ""Sense Offenders,"" and these criminals are tended to by an elite class of soldiers known as Clericks. And by ""tended to,"" I mean ""Terminated with extreme prejudice."" Within the first 20 minutes of the film, we've encountered Clerick John Preston, watched him kill his partner for being a sense offender, and discovered his wife was executed for Sense offenses 4 years earlier. But thanks to his Librium doses, he doesn't seem to mind much. Watching this movie, I suddenly wished they made a drug which made horrible movies good. All is well and good in emotionless Libria, until Preston accidentally knocks a vial of his Librium off the bathroom sink, and doesn't have time to pick up another dose. Suddenly, he is overwhelmed with emotion, and continues to abstain from his medication, leading him to question authority and rebel. And by ""rebel,"" I mean ""Terminate with extreme prejudice."" I suppose you're expecting me to say something along the lines of, ""At this point, the movie degenerates into a Matrix-wannabe."" Unfortunately, the movie was that from the moment Preston and his partner show up to tend to the first lot of sense offenders. Christian Bale was dripping with Keanuosity, from the slicked-back black hair, black garb, and generally emotionless acting ability. Although one would be hesitant to mention the dullness of his performance, given the fact he was on the drug, he"
255,ZIK_Doc5_Equilibrium,ZIK_Doc5_Equilibrium,ZIK,Sci-Fi,Negative,Equilibrium,"I too was fooled by the reviews on this site into believing that this film was watch-able. What a waste of $5.75 and 107 minutes of my life that I will never get back. I'm sorry but whomever tries to praise this movie obviously has very little knowledge of film or is so brain dead and numbed by ""cool guns"" that they actually think this movie is remotely good. As soon as Sean Bean died this movie just went downhill. I honestly feel sorry that so many talented actors were suckered into starring in the next Robot Jox. It's not hard being wooden as an actor and I do have respect for Bale, but this dead-pan ""anti-emotion"" thing just wasn't happening with me. The plot is a rehashed cheese 1984 meets Darkman. Talk about bad. I won't knock Weimer though. This was his first film and I can only hope that this movie was severely edited or had lots of script changes due to budget constraints and production house pressures. Maybe he took it upon himself to take credit (or more like blame) for the writing. Some films that were supposed to be excellent have been hampered by studio interference. Maybe Weimer wasn't big on standing up to the production house or maybe, just maybe, his direction and writing really is that bad. Though I certainly hope that I am wrong about the latter statement. Alien 3 is a good example of a noble idea being tarnished by the production company. A good director (David Fincher) who was so disappointed with the studio control that he walked out on it! Did Weimer do the same thing? I hope there was at least some dissent between his ""idea"" and Dimension Films'. Hopefully he will do better the next time around but, then again, some directors never learn from their mistakes. Stuart Baird is a good example. Speaking of which, this and Star Trek Nemesis rank among the lamest Sci-Fi films I have seen in recent times. A film that's supposed to be Sci-Fi has to at least be interesting. Sure the Matrix has ripped off other films but this one is so blatant and so badly completed that it doesn't deserve any good review in it's present state. The Action scenes are pretty weak for 20 million. If you want to see how a good low-budget action film is made check out El Mariachi. I believe it was done on a budget of about $7,000. Legions beyond this. Again, I don't want to rip into Weimer but I have to say that if his next film is as bad as this one, then I'll know that the reason Equilbrium was such a poor film was because of the direction. There's a good reason that this film was in limited release. IT SUCKED!"
256,ZIK_Doc6_Equilibrium,ZIK_Doc6_Equilibrium,ZIK,Sci-Fi,Positive,Equilibrium,"If there are spoilers in this - it is very very minimal: This film is quite simply Excellent. It stands alone, incomparable to anything else because of it's uniqueness. True, various plot ideas have been borrowed and mixed up to create this film, but something new and fresh has sprung out of that, just as a new dish comes from a fresh combination of often used ingredients. Having watched it at least 6 times over the last few years, (plus other bits and pieces here and there), i have had great interest to look into why I feel so strongly about it. Some of my friends think it's 'quite good' or 'yeah, not bad', and it seems a certain appreciative mentality is necessary to see deeper into the film. Particularly, the more spiritually inclined, the more the film will affect the watcher. Quite simply, in this human world, the majority of mankind is asleep to their own nature. The film deeply focuses on this fact but in an indirect and alternative way. As Christian Bale (absolutely perfect in the role!), through a series of destined events, comes to realise he has been turning a blind eye to an inherent part of his own nature, in this case emotions - the ability to 'feel' -he embarks upon a crusade to free the rest of humanity, realising it has trapped itself within it's own self-ignorance, which has culminated in a sort of Big Brother regime. On the deepest level it comes down to Awareness. Christian Bale's character becomes more and more aware. Aware of what was always there staring him in the face....and as always his acting and also the directing, the set design and the splendidly chosen music harmonise together to bring to life what really is a deeply important spiritual message. One about standing forth in our own light and as a warrior conquering the darkness of ignorance. But there's more! Indeed dear Mr Bale does stand forth as a warrior fighting for truth - oh yes, it is kick ass sci-fi kung-fu action with a difference! - again, something beautifully unique!......but you have to watch to see it (and be prepared for the rewind and slow motion facility to be readily used!). So let's get this : 1) A great soundtrack harmonising with the film 2) Superb choice of cast and superb acting across the board 3) Excellent plot with very good script 4) Excellent set design and art direction 5) Excellent directing 6) Absolutely superb martial arts action choreography One final comment is that it's the sort of film one should try to watch straight through, from start to finish, without interruptions - the film builds upon itself, like a pyramid, gradually to a final point, and it works with the consciousness of the viewer in that way. Due to the inherent potential depth of the story, it makes all the difference."
257,ZIK_Doc7_Equilibrium,ZIK_Doc7_Equilibrium,ZIK,Sci-Fi,Positive,Equilibrium,"his ""review"" most likely contains a ""spoiler"". Of course, to me a spoiler is virtually any trailer that contains more than the name of the film and the major cast members. As far as I'm concerned, most trailers now available show too much. That being said, here's what I think of this film. I just purchased the DVD of this film and was not sure about it's premise. To think that there may be drugs powerful enough to suppress ALL emotions in a human being is TRULY SCARY. THAT is the major ""suspension of disbelief"" required to enjoy this movie. The premise of Preston being able to participate, without feeling, in the death of his wife - and the mother of his children - is a bit hard to get past. If there are no emotions, how and why does one GET married and have children? Does one even CARE about his/her children? What is caring? If you can get through that, you'll find a film that will keep you VERY involved. While not ""fleshing out"" ALL of the major characters, the filmmakers of this one have given us a protagonist in Preston whom we grow to find is not only a truly scary killing machine (who is really ""cooler"" than Neo of ""Matrix"" fame - he doesn't need ""virtual enhancements"" to make his abilities awesome, it's just extensive training), but a character who comes to understand there's something wrong with the ""system"". Sean Bean (Boromir in ""Lord of the Rings"") has a short, but significant part early in the story that causes our hero (Christian Bale, now probably the definitive ""Batman"", as Preston) to question his job, which usually involves the virtually indiscriminate killing of lots of people - in the name of ""no more murder or war"". While our main character is developed well enough that we can care about what happens to him, film time developing those who form his opinion of the necessary changes is rather short. There are not as many action scenes as ""The Matrix"", and probably not necessarily as ""flashy"" (though definitely fast, furious, and satisfying), but there is one major thing this film has that I found lacking in ""The Matrix"" - a clear motive, reason, and story brought to a conclusion! After watching this film, I felt moved to check out what others had felt about it and was pleased to find that most seemed to feel it was underrated. I liked the picture very much and thought that, overall, it was very well done, the actors were believable - if not excellent - the story was generally very straightforward (not confusing, convoluted, or having esoteric religious references) about the values and consequences of just being human and having emotions - and realizing that without emotion, we're not ""human"". I probably overrate films, but I DID really like this one. I definitely do not regret the purchase and know I will watch it many times again, probably catching something I missed"
258,ZIK_Doc8_Equilibrium,ZIK_Doc8_Equilibrium,ZIK,Sci-Fi,Positive,Equilibrium,"If there is one complaint about the Hollywood system that rings true, it is that Hollywood seems quite bereft of ideas. Then films like Equilibrium come out and remind us that it's not that we're out of ideas so much as we're just not trying hard enough. Not that Equilibrium is inherently new - it borrows a fair few plot concepts from Farenheit 451 and Nineteen Eighty-Four, to name the most prominent examples. It is the way in which the old ideas are combined with the new that makes Equilibrium a fun and underrated experience. The premise is simple enough. In a kneejerk reaction to the horrors of World War Three, the survivors outlaw what they blame the chaos upon. Their own emotions, in other words. As the lead character has a series of revelations, we begin to understand that in so doing, they have also outlawed much of what gives our existence a point. In the bland, lifeless world that the law-abiding citizens inhabit, everything that the audience takes for granted to make their lives worthwhile is being systematically destroyed. Shades of the America of today, the whole principle of throwing the baby out with the bathwater, are shown in a stark horror show. I've read people comparing this film to The Matrix or its sequels. Where The Matrix series' fights were overlong, and often with no payoff, Equilibrium's fights are short and to the point. The difference this makes is, needless to say, as uplifting as Preston's fight to regain the humanity he stripped so many others of. Instead of having fights with no emotional connection to the characters, the story is given sufficient development to make the audience care what happens. The film is not entirely without flaws. The Prozium element seems to have been written with no regard for the facts about psychiatric medicines. Their purpose is not to suppress emotion at all, but to balance the chemical system of the brain in order to give the patient better control of them. Sure, they're not without problems of their own, but exaggerating them like this does not do the portion of the community that needs them any favours. That aside, however, the on-camera struggle is one of the most intriguing I've viewed for some time. Ergo, this minor plot problem is made up for. The only other real complaint I have is that the film could have done with a little more footage to give some characters more of a chance to develop. I gave Equilibrium an eight out of ten. It's not the best negative science fiction you'll ever see, but it is enough of a breath of fresh air that this won't entirely matter. If the MPAA made more films like this, it wouldn't be suffering the constant financial dire straits that it so loves to blame everyone else for."
259,ZIK_Doc9_Equilibrium,ZIK_Doc9_Equilibrium,ZIK,Sci-Fi,Positive,Equilibrium,"Like some here, I have read many books which have this type of theme, like, 1984, Brave New World, Childhood's End, Far. 451, and movies, such as Blade Runner, THX-1138, Pi, Dark City, 2001, The Road Warrior, The Matrix, and so forth. After watching Equilibrium, I saw a film that was packed with a little bit from each of these works I mentioned above. What surprised me especially about this movie though is how it carried the messages of these prior films to another level, for a new Century of viewers. In fact, I was surprised they could pull off a film such as this, because I imagined it an incredible task for those involved in the film, especially the actors, to perform while restricting pathos as much as possible. Sure, it is not perfect towards this pursuit - the suits, even the color of the cars, or the layout of the bathroom would not look the way it would if there was no pathos at all - but it does it as best as a visual work could do it. It is this task alone which gives this film merit, in my view, and makes the film unique just as other groundbreaking films. There is also a technical lesson it gives us. Even in the 21st Century, Sci-Fi films can still look good without complicated CGI. I have never see a Sci-Fi movie make such a statement as this movie does! It refreshes the Sci-Fi film lover with simplicity, efficiency, and, ironically, realism. The bad ones get more of a platform in this movie than the good ones, which is very interesting. The points Father makes are somewhat accurate - and the clips and stories of dictators, wars, and political legislation ring quite true. The price to feel is a price that includes poorness, political corruption and more. Is it a price we can pay, not just pay, but gladly pay? Seems we do so now. Will we for long? We'll see. Many who are lovers of traditional film will probably see this film as a sad, cliche piece of trash. And I can't blame them for seeing that. But, again, it's not working to be the traditional film, and, personally, I'm tired of seeing films which try too hard to be unique while holding its traditional roots. I was elated to see a film like Equilibrium and hope it starts a trend. No way the best film I have ever seen, it is grand - and though it is cliched and has plenty of mistakes, its storytelling and use of scenery make it hard for me to notice them. The beginning shootout scene Bale does is, itself, a work of art painted on screen. Even by the way it uses words and scenes in the main title and use of editing is, itself, refreshing. If you haven't seen this movie before, I urge you to view it as an experimental film. Realize you may not be pleased with"
260,ZIK_Doc10_Equilibrium,ZIK_Doc10_Equilibrium,ZIK,Sci-Fi,Positive,Equilibrium,"If there are spoilers in this - it is very very minimal: This film is quite simply Excellent. It stands alone, incomparable to anything else because of it's uniqueness. True, various plot ideas have been borrowed and mixed up to create this film, but something new and fresh has sprung out of that, just as a new dish comes from a fresh combination of often used ingredients. Having watched it at least 6 times over the last few years, (plus other bits and pieces here and there), i have had great interest to look into why I feel so strongly about it. Some of my friends think it's 'quite good' or 'yeah, not bad', and it seems a certain appreciative mentality is necessary to see deeper into the film. Particularly, the more spiritually inclined, the more the film will affect the watcher. Quite simply, in this human world, the majority of mankind is asleep to their own nature. The film deeply focuses on this fact but in an indirect and alternative way. As Christian Bale (absolutely perfect in the role!), through a series of destined events, comes to realise he has been turning a blind eye to an inherent part of his own nature, in this case emotions - the ability to 'feel' -he embarks upon a crusade to free the rest of humanity, realising it has trapped itself within it's own self-ignorance, which has culminated in a sort of Big Brother regime. On the deepest level it comes down to Awareness. Christian Bale's character becomes more and more aware. Aware of what was always there staring him in the face....and as always his acting and also the directing, the set design and the splendidly chosen music harmonise together to bring to life what really is a deeply important spiritual message. One about standing forth in our own light and as a warrior conquering the darkness of ignorance. But there's more! Indeed dear Mr Bale does stand forth as a warrior fighting for truth - oh yes, it is kick ass sci-fi kung-fu action with a difference! - again, something beautifully unique!......but you have to watch to see it (and be prepared for the rewind and slow motion facility to be readily used!). So let's get this : 1) A great soundtrack harmonising with the film 2) Superb choice of cast and superb acting across the board 3) Excellent plot with very good script 4) Excellent set design and art direction 5) Excellent directing 6) Absolutely superb martial arts action choreography One final comment is that it's the sort of film one should try to watch straight through, from start to finish, without interruptions - the film builds upon itself, like a pyramid, gradually to a final point, and it works with the consciousness of the viewer in that way. Due to the inherent potential depth of the story, it makes all the difference."
261,SJJ_Doc1_Taken,SJJ_Doc1_Taken,SJJ,Action,Positive,Taken,"Imagine Jason Bourne fifteen years after his trilogy of adventures, now retired, divorced, and with a teenage daughter. He's still the loner type, sleeping in chairs instead of beds out of habit, unable to shut down his obsessive training and attention to detail. Ready to spark into action at any moment, he kills out of reflex. With a broken family to protect, his abilities slumber until awoken. And when you mess with his personal life, he fights back, unleashing a harsh vengeance that's unmatched no matter how many goons you assign to stop him. That's Liam Neeson's character in Taken. Of course, Neeson isn't playing a middle-aged version of techno-stomping action hero Jason Bourne; Matt Damon wouldn't dare relinquish his title so willingly. Rather, his name is Bryan Mills, an ex-CIA ""preventor"" who's given up his license to kill and life of international travel to be near his daughter Kim (Maggie Grace), though she lives with her mother Lenore (Famke Janssen) in her stepdad's mansion. On her birthday, Kim gets a horsie and a party and lots more, but she also wants to go to Paris on vacation with her friend. Bryan doesn't think it's a good idea, and when your former superspy dad advises against something, you should really listen. Because he loves his little girl, he agrees to the trip. First thing off the plane, Kim and her friend virtually ask to be kidnapped when they share a cab with a strange man, who proceeds to ask them questions about where they're staying and so forth, which Kim and her friend willingly answer without a hint of suspicion. Kim's French holiday turns out pretty lousy when she's later kidnapped by Albanian sex traffickers. Luckily, she made a call to Daddy before she was ripped away from the phone. Bryan knows the score. A few telephone calls to his former associates later, and he's hot on the trail of bad guys doing scummy things. Unlike the aforementioned Bourne, Neeson's character has some emotional involvement beyond saving his own skin. He's on a desperate search, using harsh skills any parent of a kidnapped child wishes they had. While outsmarting local authorities, he tears into the Parisian underworld and leaves few alive to tell the tale. He kills without compunction in a perilous search to find his daughter, and while normally such unrelenting remorselessness might turn off some viewers, we never blame Bryan for his extreme prejudice. And indeed, his retaliations are extreme, as he tortures and kills execution-style those involved in the kidnapping. It might be suggested that Bryan is a symbol of American militarism, storming in and killing everyone in sight when one of his own gets into trouble, except the subtext in this yarn is too thin to analyze with any seriousness. Neeson offers a performance that won't earn him any praise for nuance or multilayeredness, but he creates a singular force, believable enough in his deep voice that, to be sure, his character can and will do"
262,SJJ_Doc2_Taken,SJJ_Doc2_Taken,SJJ,Action,Positive,Taken,"Liam Neeson believed that ""Taken"" would be ""a little side road"" on his career, suspecting that the action film would likely go straight to video. He was wrong. The relatively low-budget thriller  it was made for about $25 million  was a runaway hit, netting more than $145 million domestically over nine weeks in the box-office top ten. The 20th highest-grossing film of 2009, ""Taken"" begat a pair of sequels, both of which also topped the box office and made decent money (though they fared better overseas than domestically). As for Neeson's career, the side road proved to be long and winding. Suddenly, the veteran was an action star  a decided change of pace for a guy until then associated with prestige fare like ""Schindler's List"" and soft-edged characters like his mourning widower in ""Love Actually."" To correct a common misconception, though, the transformation wasn't immediate. In the aftermath of ""Taken,"" Neeson continued on two of the roads he frequently trod in the aughts: big-budget tentpoles and little indie flicks. He appeared in ""Chloe"" and ""After.Life"" the next year, and continued lending his voice to the ""Chronicles of Narnia"" series (along with the English-language dub of the Studio Ghibli film ""Ponyo."") He did ""The A-Team"" and ""Clash of the Titans."" He had a very particular set of skills, but he wasn't yet willing to use them too often. The more robust career change set in a full two years after ""Taken,"" with Neeson taking the lead in ""Unknown"" in 2011 and both ""The Grey"" and ""Taken 2"" in 2012. (In fact, it was longer than that; ""Taken"" debuted overseas a full year before its US release, so it's better thought of as a 2008 film.) Three separate action flicks  ""Non-Stop,"" ""A Walk Among the Tombstones"" and ""Taken 3""  appeared in 2014, immediately followed by ""Run All Night"" in 2015. Now the side road was a full-on career path  one that continues to this day. As I write this, the middling action flick ""The Marksman,"" starring Neeson as a disgruntled Texan rancher and ex-Marine, is the number one movie in America. Somehow, it's the second Liam Neeson movie to top the box office since the pandemic began. The road from ""Taken"" to Liam Neeson, Action Workhorse may not have been direct, but ""Taken"" was certainly the starting point. While he does bring a physical intensity  mostly around the eyes and fists  to action roles, the real source of this trend is his voice. It's no accident that the ""I will find you and I will kill you"" speech has become a meme; hearing Neeson's comforting, whiskey-kissed voice turn direct and sinister is the key moment in ""Taken,"" the most memorable thing in a fundamentally formulaic film. It also helped ""Taken,"" particularly in word-of-mouth, that it is direct, quick and uncomplicated. Running a breezy 90 minutes, the film has no interest in side-plots or detailed world building; aside from some dispensable business with a corrupt"
263,SJJ_Doc3_Taken,SJJ_Doc3_Taken,SJJ,Action,Positive,Taken,"""T aken's"" greatest asset resides within the perfectly cast Liam Neeson and the deliberate build of his fascinatingly merciless character. Rather than jump directly into the advertised plot, the film is careful to explore the anti-hero's troubled relationships and hint at the dark past that allows him to transform into the ruthlessly efficient soldier requisite for the task at hand. Halfway through the film, when audiences discover to what extent the protagonist is willing to go to accomplish his mission, it's impossible not to be engaged in his brutally unrelenting plight. Former government operative Bryan Mills (Liam Neeson) has retired from his job of long hours and dangerous work in an attempt to reconnect with his estranged daughter Kim (Maggie Grace). But with a restrictive ex-wife (Famke Janssen) and his naturally overprotective impulses, he finds the young woman drifting further away. Not wanting to compound their strained relationship, Bryan reluctantly permits Kim to vacation in Paris, giving her more freedom than he's comfortable with. Things quickly spiral out of control when she's kidnapped by Albanian slave traders from her hotel room. Now, in a desperate and deadly quest, Bryan will stop at nothing to track down those responsible, to save his daughter from the clutches of a depraved organization. Luc Besson certainly has an obsession with shady men with checkered pasts, forced to delve into disturbing criminal underworlds to seek redemption and vigilante justice. Antiheroes come in many styles, and although some critics may scour at unoriginal aspects of Liam Neeson's Bryan, the man still knows how to be a badass. In the rescue of his daughter, he has no limits; this creates many unexpected scenes of exercising an iron will and a frightening determination, which finds a seemingly heroic man donning a guise of villainy. And yet, all of it feels righteous  it's a testament to character design when the hero can remain a hero even after viciously torturing criminals or shooting innocent people to force a few quick answers. He may not be entirely unique, but this hardboiled, unflinching ""preventer"" is simply fixating. ""Taken"" is an action film connoisseur's perfect guilty pleasure. Bubbling over with chase sequences, shootouts (the kind where the baddies supply all the firepower), and fistfights, it takes on a realism not found in many of the action-for-the-sake-of-action flicks of recent years. Bryan's hand-to-hand combat skills don't rely on flamboyant or showy martial arts, instead taking a more realistic approach, with plenty of one-hit takedowns and throat-chops that effectively subdue the enemy in a stealthier manner. The authenticity of it all may be negotiable, but it's refreshing to see simpler forms of attacking and defending  and it's certainly more believable when random gun-toting henchmen aren't prepared with perfect kung-fu fighting techniques to combat the specially trained protagonist. ""Taken"" prides itself on its serious, dark tone. The villains' atrocities are amplified by their detestable trade; they will receive no sympathy from viewers when they get what's coming to them. The hero is also rather"
264,SJJ_Doc4_Taken,SJJ_Doc4_Taken,SJJ,Action,Positive,Taken,"Genre films are beginning to creep back into theaters after the big parade of Oscar-contenderspraise be to Godand one of them, a little actioner called Taken, is now tops at the box-office and deserves a quick hosanna. (Not that the Oscar nominees aren't an exciting topic too. Oh golly no. I've been meaning to write all about them and somehow just haven't gotten around to it. After all, what could be more riveting than making a case for which heart-tugging spectacle should win Best Picture, The Curious Case of Benjamin Button or Slumdog Millionaire? Or wondering whether Meryl Streep even has room in her bathroom for another Oscar? Stars all keep their awards in their bathrooms, see, to show how joshy and down-to-earth they are! It's fascinating!) Taken is a short, punchy B-movie, countering the ever-longer and more brooding big-budget action spectacles we've been seeing for a while now (the Bournes, the Bonds, the Batmans). Luc Besson, best known for directing La Femme Nikita, The Professional, and The Fifth Element, is producer and co-screenwriter here (with frequent collaborator Robert Mark Kamen), and through his company Europacorp he's grinding out consistently lively B-action fare like the Transporter series, assorted Jett Li movies, etc. Besson and director Pierre Morel last gave us the eye-popper 2004 action-fan-fave District B13. Their new one, Taken, is an old-fashioned vigilante film about a father rescuing his daughter from sex slavers who will, naturally, die in droves. The formula is freshened up with some unlikely casting: Liam Neeson as the lethal dad. Neeson is one of those stodgy respected actors, Irish, obviously, and with all sorts of classic stage roles and prestige pictures to his credit. He's an odd fit for the part of an ex-CIA American with an impressive homicidal skill-set who's given it all up in order to repair his relationship with his teenage daughter (Maggie Grace). But it works pretty well. Neeson is sad-faced and lumbering and low-wattage, which is great for the early scenes when he goes through the ritual everyday-life humiliations that will key us all up to watch him do maximum damage later. He lives in a crap apartment in L.A., and he's scorned by his gratuitously mean ex-wife (Famke Janssen, who really ought to think about whether she needs the money this bad) and her rich buffoon of a second husband (Xander Berkeley). Sad Dad also has to take stupid jobs to get by, like guarding a Britney-esque pop singer at a concert where someone with a sensitive ear for music is sure to want her dead. In his free time, he sits around at home staring at photos of his daughter. Some action fans will wonder if we needed to see quite so much corny daughter-love and cringy dad-humiliation before getting to the action. It IS a little weird, the lingering thoroughness of the set-up. But it makes sense in the long run. They're piling it on in the old-melodrama style, so that when the daughter finally gets abducted"
265,SJJ_Doc5_Taken,SJJ_Doc5_Taken,SJJ,Action,Positive,Taken,"""I don't know who you are. I don't know what you want. If you are looking for ransom, I can tell you I don't have money. But what I do have are a very particular set of skills, skills I have acquired over a very long career. Skills that make me a nightmare for people like you. If you let my daughter go now, that'll be the end of it. I will not look for you, I will not pursue you. But if you don't, I will look for you, I will find you, and I will kill you."" Liam Neeson is not your traditional action hero in Taken (2008). An Oscar nominee for playing the lead in Steven Spielberg's Schindler's List (1994), he was well over 50 when he took the role of Bryan Mills, a retired CIA agent who lost his family to the job and is now working to reconnect with his almost grown daughter Kim (Maggie Grace). He may be late to the game as a fatherhe stumbles through awkward visits and still thinks of his 17-year-old daughter as the little girl from years agobut when she's grabbed by kidnappers on a Paris vacation the awkward father becomes the ruthlessly focused agent with a single-minded purpose. Knowing he has no more than 72 hours to find Kim before the kidnappers sells her as a sex slave and gets her out of the country, he kicks into gear, flies to Paris, hits the scene of the crime, and follows the limited clues into the Parisian underworld. With no time for diplomacy and no backup apart from intelligence and virtual outreach from his former comrades-in-arms back in Los Angeles, Bryan is a man alone in the urban jungle, leaving a trail of bodies and destruction in the wake of his search for the Albanian mobsters who took his daughter, which makes him a target for both the mob and the French authorities. Call him the angry angel of retribution taking no prisoners on the odyssey to save his daughter. Directed with a ferocious efficiency and breathless momentum by Pierre Morel, who made his mark with the wildly entertaining French action thriller Banlieue 13, Taken is perhaps the best example of the films co-written (with Robert Mark Kamen) and produced by Luc Besson, who cranked out a steady stream of interesting and often engaging European-based action thrillers in the 21st century. The single-minded focus of the screenplay and the direction is as perfect reflection of Bryan, a middle-aged man up against a small army of younger criminals and an international syndicate of human traffickers. This isn't Superman righting the wrongs of the world, it's Alpha Dad using all the tools of spycraft and a lifetime of expertise on the front lines of international hot spots to take out every obstacle on his mission find his daughter. He takes no pauses, no detours, no unnecessary confrontations, and the action plays to his strengths, bluffing and infiltrating where possible, resorting to"
266,SJJ_Doc6_Taken,SJJ_Doc6_Taken,SJJ,Action,Negative,Taken,"Liam Neeson was up forbut never got to playJames Bond, and now he's getting even. In the violent, churning and laughably derivative action bruiser Taken, he's a suave, power-knuckled and once-lethal secret agent named Bryan Mills who, in truth, is just as mean as 007 but maybe slightly more human (he's an ex-husband, as well as a parent who loves his child unconditionally). And he's paid a price for his fists. Bryan once devoted so much concentration and energy to his job as a ""preventer"" (""I prevented bad things from happening"") that his wife (a wasted Famke Janssen, who usually plays these roles herself) left him for a rich California businessman and took their daughter with them. So Bryan retired, moved to Los Angeles to make up for the frayed relationship with his estranged daughter Kim and sacrificed his own career to be near her. All he does now is grill steaks for his buddies and work occasional security jobs like guarding pop stars at rock concerts. But old habits die hard, and Bryan has forgotten none of the special skills he learned from his years with the C.I.A.a knowledge of weapons, wiretaps, deciphering secret codes, scaling buildings like Batman and wiping out anything that gets in his way without regretif he suddenly needs them. When his virginal 17-year-old (huh? In L.A.?) embarks with her girlfriend on a whirlwind tour following the rock group U2 across Europe and, within hours of her arrival in Paris, gets kidnapped by Albanian white slavers, Bryan shifts into demolition mode and takes no prisoners. He may be a has-been, but within 96 hours he's torn down everything in Paris with his bare hands except the Eiffel Tower. First, he leaves a message on the kidnappers' cell phone, which just happens to be lying under the bed where his daughter is hiding: ""I will look for you. I will find you. And I will kill you."" He does, of course, but not before he slam-dunks his way through the City of Light, turning it into darkness. Equipped with Uzis, knives, swords and even an electric chair, Bryan works without official supervision or an expense account, yet never seems to run out of steam or cash. And there is no limit to his ability to tap international phone lines, spark the ignition in foreign cars without keys and find new ways to torture and kill his victims. In one scene, when he fails to get the right answer from a man strapped to a chair in the middle of a brutal interrogation, he electrocutes him, filling the room with smoke, fire and the smell of burning flesh. Each new victim (including some of France's leading power players) only piques the simmering rage of a vengeful parent, and we all know that a dangerous secret agent with a mission makes for panic in the streets. Turning the tables on master fiends, police officials and their families, ransacking Paris for clues, Bryan ends up in a shootout on"
267,SJJ_Doc7_Taken,SJJ_Doc7_Taken,SJJ,Action,Negative,Taken,"On August 25, 2006, a Romanian named Cristian Nemescu was killed in a car crash at the age of twenty-seven. He was returning from an editing suite, where he had been working on a cut of ""California Dreamin'."" This was Nemescu's first feature as a director, and we will never know exactly how the finished film would have looked; the regret, though deep, is not all-consuming, because ""California Dreamin' "" bears almost no trace of the tyro. It could use a trim, but only rarely does it strain for effect, and, for a young man, Nemescu was uncannily versed in the emotions of middle agefree-floating rancor, the creak of unhelpful wisdom, and a covetous sigh at the spectacle of lust. If it's regret you want, don't mourn the director; just watch his movie. The year is 1999, during the conflict in Kosovo, and the place is Constanta, Romania, on the Black Sea. A platoon of American marines has arrived with a shipment of military radar, to be deployed near the Serbian border in support of air raids by the NATO coalition. The plan is to put the equipment on a train and escort it across Romania: hardly an errand to perplex the guy in charge, Captain Jones (Armand Assante). That's what he thinks. On a sleepy summer's day, the train grinds into a railroad station in the village of Capalnita, at the back end of nowhere, to be met by the devil incarnate. His name is Doiaru (Razvan Vasilescu), he is the stationmaster, and, like all the best Beelzebubs, he doesn't look the part. With his lined and grizzled face, poised to crease into a smile, he could be the gentlest of patriarchs; but the man is a beast, who has built up a black market, terrorized the other villagers, and brought a nearby factory to its knees. He loves his daughter Monica (Maria Dinulescu), a sullen beauty of seventeen, but his loveor, as she sees it, his dread of being alonevents itself as a fearsome wish to control. No wonder she longs to cut loose. And here comes her chance: a herd of American boys, as dazed and horny as bullocks in the wrong pasture. They expect a brief halt, instead of which they linger for five days and browse among the locals. This is because Doiaru uncouples the engine and demands customs documentation, which nobody seems able to provide. Single-handed, in other words, he blocks the progress of American might, and why? A succession of haunting flashbacks to his own boyhood, in the Second World War, when he waited for Allied help that never came, suggests a possible cause, but Vasilescu's earthy performance tells of something more stubbornly rooted: a force of ill will, which cannot abide the good will of others. The irony is that, in stopping the train, he sets off a burst of everything he loathes: friendship, zeal, and the fireworks of desire. The mayor of Capalnita, spotting a chance to put his little kingdom"
268,SJJ_Doc8_Taken,SJJ_Doc8_Taken,SJJ,Action,Negative,Taken,"If CIA agents in general were as skilled as Bryan Mills in particular, Osama bin Laden would have been an American prisoner since late September 2001. ""Taken"" shows Mills as a one-man rescue squad, a master of every skill, a laser-eyed, sharpshooting, pursuit-driving, pocket-picking, impersonating, knife-fighting, torturing, karate-fighting killing machine who can cleverly turn over a petrol tank with one pass in his car and strategically ignite it with another. We meet Mills (Liam Neeson) in ""sort of retirement"" in Los Angeles, grilling steaks with old CIA buddies and yearning to spend more time with his 17-year-old daughter, Kim (Maggie Grace). Kim now lives with her mom, Mills' ex-wife (Famke Janssen), and her effortlessly mega-rich husband (Xander Berkeley), whose idea of a birthday present is giving Kim not a pony, but what looks like a thoroughbred. Mills has seen action in Afghanistan and apparently everywhere else, and knows it's a dangerous world for a naive teenage girl. He is against Kim spending the summer in Paris with her girlfriend, even though ""cousins"" will apparently chaperone. He's right. Kim and her pal succeed in getting themselves kidnapped the afternoon of the same day they get off the plane, although Kim has time for one terrified phone call to Dad before she's taken away. Now listen to this. Using CIA contacts at Langley, Mills is able to use his garbled tape of their conversation to determine the name of his girl's kidnapper (Marko), that he is Albanian, that his ring kidnaps young tourists, drugs them and runs them as prostitutes; the virgins are auctioned off to Arab sheiks and so on. Headquarters also tells Mills he has 96 hours to rescue his daughter before she meets a fate worse than death, followed by death. With this kind of intelligence, the CIA could be using bin Laden's Visa card in every ATM in Virginia. It's the set-up for a completely unbelievable action picture where Mills is given the opportunity to use one element of CIA spycraft after another, read his enemies' minds, eavesdrop on their telephones, spy on their meetings and, when necessary, defeat roomfuls of them in armed combat. At one point, a former colleague in the Paris police says he has left seven bodies behind. He's just getting warmed up. How this man and his daughter could hope to leave France on a commercial flight doesn't speak highly of the French police  and the new ""Pink Panther"" doesn't open for a week. Oh, why does he have only 96 hours? To provide the movie with a handy deadline, that's why. It's always a puzzle to review a movie like this. On the one hand, it's preposterous. But who expects a ""Bourne""-type city-wrecking operative to be plausible? On the other hand, it's very well-made. Liam Neeson brings the character a hard-edged, mercilessly focused anger, and director Pierre Morel hurtles through action sequences at a breathless velocity. If Kim is an empty-headed twit, well, she's offscreen most of the time, and the"
269,SJJ_Doc9_Taken,SJJ_Doc9_Taken,SJJ,Action,Negative,Taken,"Trashy paranoid thriller directed by Frenchman Pierre Morel (""The Transporter""/""District B13""). The preposterous script is by Frenchman Luc Besson (who specializes in Eurotrash) and the American Robert Mark Kamen. The 56-year-old talented Irish thesp Liam Neeson steps down from his more arty pics and takes a turn as a James Bond type of action hero and single-handedly brings down a dangerous foreign crime ring on their turf, if you can believe. If escapist fantasy films that are fast-paced, filled with well-staged testosterone-driven action and you don't mind that it's not-to-be-taken seriously for even a sec, then this entertaining but mindless roller coaster ride of a taut film is probably just right for you. I found it too absurd to be 'taken' in by it, even its best assetits skill in filmmaking techniques left me thinking more bad trip than going with its adrenaline high. Bryan Mills (Liam Neeson) is a retired CIA agent, who is divorced from his wife Lenore (Famke Janssen). She's remarried to the tycoon Stuart (Xander Berkeley) and lives a life of pleasure in Los Angeles, while Bryan barely gets by on his pension. Doting estranged father Bryan just lives for his now 17-year-old daughter Kim (Maggie Grace), an aspiring pop singer, as he retired early because he missed following his daughter grow up and now wishes to make up for years of parental neglect due to career obligations. Against her overbearing dad's advice, the underaged Kim without an adult chaperone goes for a summer holiday with her teenager girlfriend Amanda (Katie Cassidy) to Paris (which is viewed as a terrifying place by the spy and that teens on holiday can't be trusted to behave without supervision) when she agrees to his strict set of rules. As soon as Kim arrives in Paris for her summer vacation, a spotter (Nicolas Giraud) for an Albanian white slaver ring orchestrates the kidnapping of the two girls from their luxurious residence. The spy hears all this on the special cell phone he laid on his daughter and rushes to Paris, as his CIA pals in L.A. tell him he has at best 96 hours to save her from being swept away to a life of prostitution. Since Bryan seems to be the only one in the world capable of retrieving his daughter, he goes it solo. Just before he goes on his mission, he lets the kidnappers know that he has ""a very particular set of skills acquired over a very long career in the shadows, skills that make me a nightmare for people like you. . . . I will look for you, I will find you. And I will kill you."" If you don't find this silly and that the filmmakers are just cynically manipulating US foreign prejudices for this blockbuster entertainment spectacle to cash in, then you might as well sit back, relax and watch Neeson kick-ass with his repertoire of judo skills that he expertly does without making a fool of himself (also once in a"
270,SJJ_Doc10_Taken,SJJ_Doc10_Taken,SJJ,Action,Negative,Taken,"Any parent could relate to Bryan Mills (Liam Neeson), the retired super-spy at the center of Taken. All he wants is what's best for Kim, his 17-year-old daughter (Maggie Grace). Divorced from her mother and overshadowed by her filthy-rich stepfather, he would, he says, ``sacrifice anything for her.'' Watch More exp-customer-logo Specifically, he would kill each and every scum he meets in Paris. The number he does on the City of Lights is comparable, corpse-for-corpse, to any damage wreaked by Jason Bourne. With one key difference: Jason has a conscience, or wishes he did. Bryan has none. I mean none. The only life that means anything to him is Kim's, and when she gets nabbed by Albanian sex traffickers on a trip abroad, Bryan hops on a plane and lays waste to gay Paree. Advertisement Article continues below this ad ""You can't just run around tearing up Paris!"" whines a French colleague (Olivier Rabourdin). Au contraire, Bryan says: ""I'll tear down the Eiffel Tower if I have to."" Clench-jawed action star is a new gig for Neeson, but the Man Who Was Schindler has long worn the mantle of heroism. The twist this time is an utter lack of moral complexity. He's a dad, and he's a killing machine, and that's it. This blindered characterization makes for a driving premise and a few interesting scenes, but it gets to be a bore after the shock wears off. If he'll kill or maim just about anyone, where's the suspense? It's less Neeson's fault, or even director Pierre Morel's, than the movie's co-writers: Robert Mark Kamen and the entertainingly shlocky Luc Besson, who also produced. The Besson-Kamen writing team gave us The Fifth Element, all three Transporters and, most recently, a little Norwegian-Mexican comic Western called Bandidas. They're just the men for high-gloss knockabout bloodshed. Advertisement Article continues below this ad So Bryan shoots people. He knifes them. He snaps their necks, sprays them with hot steam and chases them onto highway ramps where they're conveniently smooshed by oncoming traffic. He electrocutes a guy for information, then flips on the switch and leaves. He wings a lady whose only crime is cooking him a nice chicken dinner  and being married to the wrong man.The film's single most effective scene is the tense trans-Atlantic sequence when Kim, on the phone with her father, sees her airhead friend (Katie Cassidy) abducted in a Parisian flat and realizes the kidnappers are coming for her next. As Bryan instructs his daughter to scream identifying characteristics (height, hair color, tattoos) into her cell, the camera looks squarely at Neeson's pale brow and watery blue eyes. He doesn't cry; his face is gripped not by immobilizing grief but by pragmatism, professionalism and the need to act immediately. After he arrives in France, there's a bit of quirk with a fellow hired to translate Albanian. What a nifty touch  hey, Bourne never hired a temp. For a minute there, movie begins to approximate real-world logic. But then"
271,JLC_Doc1_HolmesAndWatson,YOA_Doc1_HolmesAndWatson,YOA,Comedy,Negative,Holmes_and_Watson,"Out of some morbid curiosity, and perhaps a self-destructive streak, I decided to watch the much-hated Holmes & Watson starring Will Ferrell and John C. Reilly. Although many adore the abrasive charms of Talladega Nights (2006) and Step Brothers (2008), these movies have never appealed to me, often outstaying their welcome around the twenty-minute mark. My decision to screen their the latest comedy, which bombed during last year's holiday season, was less about genuine interest than peer pressure. ""It's so bad,"" a number of people have told me. ""You have to see it."" Putting it on largely as background noise, I instantly regretted the decision. Holmes & Watson is frustratingly stupid within the first seconds (it opens with a quote from Hannah Montana) and continues for a painfully long, utterly laughless 90 minutes. In the movie, Ferrell and Reilly reduce two of literature's most celebrated, intelligent characters to bungling idiots. Performed with vaguely effeminate mannerisms that should come across as an insult to the British, Holmes (Ferrell) and Watson (Reilly) investigate, sort of, a mystery to which the details are instantly foggy-honestly, as I write this, I just watched the movie and couldn't tell you what it's about. I can tell you it's set in London during the early 1900s, and the production's costumes, hair and makeup, and interiors look professional. The cast is also amazing; it boasts several excellent, but absolutely wasted UK performers (Ralph Fiennes, Hugh Laurie, Kelly Macdonald, Steve Coogan, Rob Brydon). The largely reference-based humor is dated, to the point where you wonder if the joke is so meta that it's less about the reference itself than a self-aware gag about the dated quality of the reference. An absurd morgue scene riffs on the Patrick Swayze/Demi Moore's pottery scene in Ghost (1990); the ending features Billy Zane reprising his role from Titanic (1997); and several sequences lampoon those moments from Sherlock Holmes and its 2011 sequel, when Robert Downey Jr. anticipated a series of moves that would incapacitate his enemy. Elsewhere, the movie's attempts at randomness fall flat. Jokes about Holmes' intelligence giving him psychic powers do not pair well with his inability to choose a style of hat, a thread that often leaves him looking like a pimp stereotype. An out-of-left-field musical number ushers in the third act, while the modern hip-hop music courtesy of Mark Mothersbaugh desperately wants you to know it's out of place. And the whole time, you'll be wondering why any of this exists. The entire thing is embarrassing and difficult to endure. Despite the short runtime, I stopped the movie more than once to take a break; however, I resisted giving up on it completely, if only because I didn't want to waste the $5 rental charge. I can only be thankful that I didn't venture into the theater, as I would have been forced to endure the full 90 minutes in a single sitting, which would have been something akin to self-imposed waterboarding. Truly, the only laughs to be"
272,JLC_Doc2_HolmesAndWatson,YOA_Doc2_HolmesAndWatson,YOA,Comedy,Negative,Holmes_and_Watson,"There's a moment during the stunningly abysmal Holmes & Watson where you're looking up at the screen and you're watching the immensely talented duo of John C. Reilly and Steve Coogan and, at least if you're an avid moviegoer, you realize that these actors, awful beyond awful in this film, have both turned in award-worthy, and I'd dare say Oscar worthy, performances this very same year in the extraordinary Stan & Ollie. The realization hits you hard. I mean seriously hard. It's difficult to describe just how wide this chasm is, but the closest thing I can find to describe it is the year that Eddie Murphy garnered serious Oscar buzz for Dreamgirls but just as nominations were being submitted Murphy's similarly devastatingly awful Norbit was released in theaters. Not surprisingly, all the Oscar buzz in the world couldn't save Murphy's reputation and despite a tremendous Dreamgirls performance it's safe to say that Norbit came close to killing Murphy's career. While Reilly is likely safe from a similar fate here, especially given he's actually given award-worthy performances this year in both Stan & Ollie and The Sisters Brothers, a film so incredibly awful as Holmes & Watson may very well sound the off-key death chimes on Ferrell's already waning career as audiences tire of his man-child shtick and his films exude the rotted stench of cinematic desperation. And, let me just say, this is coming from someone who considers himself a Will Ferrell fan. There's simply no excuse whatsoever for a film as awful as Holmes & Watson. Holmes & Watson is so awful that people in third world countries who've never seen a film before would watch the film and decide they've not been missing anything. Holmes & Watson is simply lazy. It's lazy writing. It's lazy filmmaking. It's haphazard, self-indulgent, and so utterly devoid of anything resembling humor that it's inexcusable that it was even released in theaters. This is the kind of film that indie filmmakers look at shrug their shoulders thinking ""How can I not catch a break?"" And they have a point. The film has a brilliant supporting cast, most of whom have this deer-in-the-headlights look like ""Even for a paycheck film, this is really gonna' suck."" They're right. The likes of Steve Coogan and Rob Brydon and Hugh Laurie and the nearly always impeccable Rebecca Hall are completely and utterly wasted here, far from impeccable and even farther from even watchable. It's never a good sign when even a comedy film's trailer doesn't contain a single laugh, but even entering the theater with low expectations somehow Holmes & Watson is even worse. Writer/director Etan Cohen (Get Hard) seems to have constructed a feature-length film out of a college-level first draft that takes familiar Sherlock Holmes material and finds nothing creative or unique or entertaining to do with it. While both Ferrell and Reilly can unquestionably be funny, whether you like their previous efforts Talladega Nights and Step Brothers or not, what unfolds here feels"
273,JLC_Doc3_HolmesAndWatson,YOA_Doc3_HolmesAndWatson,YOA,Comedy,Negative,Holmes_and_Watson,"Dear eight-pound, six-ounce, newborn baby Jesus, in your golden fleece diapers, please forgive everyone involved with Holmes & Watson for releasing their turd of a movie on your big day. Or any day, for that matter. If you missed the Christmas Day arrival of Holmes & Watson on the big screen, consider yourself forgiven: the film wasn't screened for critics and received scant promotion in advance of its release. Consider yourself lucky, too, because if you were planning on seeing the movie based on the kinds of Will Ferrell-John C. Reilly zingers that peppered Talladega Nights and Step Brothers, be assured that there are almost none to be had in this third pairing of the comic duo. Ferrell's Get Hard writer-director Etan Cohen does double duty again here, but fails to coax his two stars into any kind of comic rhythm. Credit the script, which is a clunky mix of ancient jokes, pratfalls and geriatric gags designed to distract us from the fact that there is no story here at all, just the lame and slightly sad sight of grown actors peeing themselves when they're worried the laughs have run dry. Sherlock Holmes has been done to death in recent years by the likes of Robert Downey Jr, Jonny Lee Miller, Ian McKellen, Benedict Cumberbatch, an animated Johnny Depp, and Canada's own Matt Frewer, to name a few. But this is not a ""new spin"" on an old character: here Holmes has been so stripped of any literary reference it's a wonder they bothered with it at all. Sherlock Holmes (Ferrell) and Dr. John Watson (Reilly) are pressed into service after a murder at Buckingham Palace. A calling card is left by the scheming Professor James Moriarty (Ralph Fiennes, what were you thinking?) who declares that he will kill the queen in four days' time if the first murder goes unsolved. Holmes alternates between genius and dum-dum. Watson is dissatisfied as Holmes' sidekick, though the doctor's offers of ""heroin or cocaine?"" seem to be his chief medical qualification and means of advancement. Neither actor looks like they're having any fun, regardless of the calibre of the jokes. In addition to Fiennes, given only a few lines, a standout supporting cast is criminally underused. ""Lady doctor"" Dr. Grace Hart (Rebecca Hall) and her mute companion Millicent (Lauren Lapkus) serve as love interests for the clueless sleuths. Rob Brydon (The Trip) plays the much-maligned Scotland Yard Inspector Lestrade, and frequent collaborator Steve Coogan makes an appearance as a tattooist. Kelly McDonald plays Holmes' horny housekeeper; Hugh Laurie plays Holmes' smarter brother (and yes, we've seen that movie before, too). The jokes rely heavily on anachronism (MAGA-inspired hats... in Victorian England! Duck-faced selfies with an antique camera!) and masturbation, which, to be fair, was believed to be the cause of many a Victorian-era affliction. This may be the first Sherlock film in which our literary wunderkind pees his pants, so there's that. It's lazy, it's unfunny and it's a good thing critics didn't"
274,JLC_Doc4_HolmesAndWatson,YOA_Doc4_HolmesAndWatson,YOA,Comedy,Negative,Holmes_and_Watson,"The start of Holmes & Watson is both cynical and inexplicable. Dr. Watson (John C. Reilly), apparently fed up of his life, is about to launch himself from the roof of Sherlock Holmes's flat building onto his prized plant, which Holmes (Will Ferrell) doesn't want him to. ""Fall over there!"" he says, because a human life is less important than a plant's, according to the film. Cynical, because of that. Inexplicable, because the two for some reason become friends right after. The basic premise of the film is this: Moriarty (Ralph Fiennes) has apparently fled to America to avoid arrest, and used a lookalike to take the fall. Lestrade (Rob Bydon) doesn't believe him, but Holmes runs with the theory regardless. Meanwhile, people are still being murdered, and the question that keeps being asked is, ""if the criminal who can outsmart Holmes isn't Moriarty,then who is it?"". It all culminates into some half-baked mystery about someone wanting to kill the Queen of England (Pam Ferris). Holmes & Watson's main downfall is that it doesn't make sense on any account. If Moriarty is clever enough to avoid being captured by Sherlock Holmes, why would he have fled to America to begin with? Why does he send a dead body in a cake to Buckingham Palace? To send a message? Surely, if you're going to commit such a high-profile murder you wouldn't want anyone to know you were planning it, even if you were Moriarty. The fallacies don't end there. Writer/director Etan Cohen couldn't have understood what film he was making, because conceptually Holmes and Watson is all over the place. At the beginning of the film, Holmes is portrayed as someone who only thinks he's hyper-intelligent, but is actually more incompetent than the people around him. But a couple of scenes later, Holmes will actually be intelligent, and then the comedy will stem from the fact that the people surrounding him are portrayed as idiots. The film is lazily written, too. It's very difficult to tell whether it was supposed to be some kind of referential humour, but there's a boxing scene which plays out almost exactly like a scene from one of the earlier Robert Downey Jr. Sherlock Holmes films (of which I wasn't a fan, but compared to this one, they're like Citizen Kane). The joke is, of course, that the method of taking out his foe doesn't work, and he almost gets pummelled. But the film has no sense of comic timing, and by that point, the joke has already been used a couple of times, and just feels exhausting. The same is true of almost the entire script. There are chuckles here and there, but nowhere near enough to build a feature film on. I'll give Etan Cohen this: he was trying to make a clever comedy. Or at least, I think so. There are a couple of jokes which were designed to be political commentary, which are pretty much all critical of the Trump Administration. None"
275,JLC_Doc5_HolmesAndWatson,YOA_Doc5_HolmesAndWatson,YOA,Comedy,Negative,Holmes_and_Watson,"There is something of an art to spoofing. While often unfairly labeled a poor man's satire, a great spoof is a well-timed, immaculately planned and quite glorious thing. That's what separates The Naked Gun's from the Meet the Spartans and the Rowan Atkinson's from the nameless teens who pube joked their way through all those lame Scary Movie cash-ins. Yet, sometimes, a film comes along with all the ingredients but - rather ironically in this case - not a clue what to do with them. Holmes & Watson is that film. This re-teaming of Will Ferrell and John C. Reilly ought to have been a sleuthing celebration of silly; instead it's one of the most baffling cinematic turkeys of last year. The plot, such as it is, sees Sherlock Holmes (Farrell) faced with his greatest challenge yet, foiling an impending assassination of the Queen. Meanwhile, his trusted companion Dr. Watson (Reilly) finally hopes to do more than hold the magnifying glasses, as the game is afoot and takes the pair on an unexpected journey. Holmes & Watson is head-scratchingly unfunny. Filled to busting with talent and potential that, say in the hands of Aardman animation, might flourish as well as it should, but here it all falls disappointingly flat. For the relatively brief 90-minute duration you find yourself fidgetingly feeling it's double the length, as everything Etan Cohen's script pulls out, fails to muster any semblance of a laugh. Already the film has become quite infamous for its bad reception and walkouts (there was one at our - admittedly sparse - screening) and it's hardly surprising. The spark and mad chemistry of Ferrell and Reilly's previous unions is extinguished by the dated script (save for the odd Donald Trump jab) and sequences that have been done before and immeasurably better. The movie's biggest crime though, aside from its casual abandonment of plot and point, is its absurd level of waste. The sets and period detail are exceptional, as are the costumes, but it's all wasted as window dressing to piss poor gags and weirdly uncomfortable levels of cringe (a selfie sight gag) with ill-fitting music accompaniment. Then there's the cast, which is rich in excellence and up for anything! Unforgivably though, there is sod all for any of them to do. Ferrell and Reilly attempt to lead by example but this Arthur Conan Doyle inspired comedy carnival is too much of a mess to save, and they are left wailing and flailing aimlessly (at one point literally). Rebecca Hall, Pam Ferris and Kelly MacDonald are cluelessly flung into scenes, Rob Brydon has virtually no chance to drop anything resembling a joke (or barely even a line), Steve Coogan is sinfully wasted in a stunningly brief fight scene (the film's best bit actually) and the often unappreciated comic flair of Ralph Fiennes goes once more untapped and he's entirely squandered as Moriarty. The cameos range from award winning actors to WWE wrestler and everyone tries to wrangle something out of this"
276,JLC_Doc6_HolmesAndWatson,YOA_Doc6_HolmesAndWatson,YOA,Comedy,Positive,Holmes_and_Watson,"The comedy so execrable that audiences evacuated before it ended. The abomination so unholy that Netflix allegedly doused holy water on it in rejection. The massive miscalculation that, at least for a time, registered a giant goose egg on Rotten Tomatoes. Bound for box-office ignominy and an inevitable rout of its 2018 Razzie contenders, Holmes & Watson is the fourth* collaboration between Will Ferrell and John C. Reilly, playing the title characters in that order. And it would certainly seem to be an unmitigated disaster. If only the results were so elementary. Sure, Holmes & Watson mines familiar ground, opening on yet another purposefully misattributed quote a la Ferrell and Reilly's main works, Talladega Nights: The Ballad of Ricky Bobby and Step Brothers. It's also a bountiful orchard of low-hanging fruit by way of anachronistic jokes that pad the movie to a commercially acceptable feature-length. Some are amusing, such as the continued presumption of cocaine, heroin and opiates as a pinnacle of medical treatment or an ""intoxigram"" as the drunk-text antecedent. Some are anemic, like the ""platypus-faced self-photograph"" preceding the duck-lips selfie. But the film is a far sight funnier than writer-director Etan Cohen's first outing with Ferrell (the witless prison comedy Get Hard). And even as Holmes & Watson never rises to Brothers' sublimely absurd skewering of male maturity, it's a brainier blunderbuss of buffoonish satire than Talladega. (Quite tough to hoist a convincingly rigid middle finger at NASCAR culture when your other hand's fist-bumping the top brass to gain organizational support.) Holmes & Watson presupposes that Sir Arthur Conan Doyle's standard-bearers for seamless logic are instead both utter dimwits dining out on long-faded success. Exuding even more fey-dandy energy than he did as Mugatu, Ferrell envisions Sherlock Holmes as an impudent man-baby as reliant on drugs to keep going as he is the codependency of his relationship with Dr. John Watson. Reilly indulges in spikier slapstick than usual to make Watson a trigger-happy dunce whose mantle of authority seems honorary at best. We first meet Sherlock in his school days, bullied by his peers into kissing a donkey's ass. After learning to ""uncry"" and lock away his emotions, Sherlock gets the entirety of his school expelled (leaving the teachers to focus solely on his intellect) and takes as his only friend a young John. It's no accident that the opening credits breeze through the pair's salad days of criminal investigation. Holmes & Watson wants us to consider them as morons obsessed with public adulation and elevated perception of past glories that are, in all likelihood, more exaggerated than we've been led to believe. Sound like anyone we've heard from a lot for the last few years? Sure, Cohen goes mallet-on-the-head about it with a couple of obvious verbal / sight gags, but it's a winking dig at the continued selfish supremacy of the male ego. These are men who have utterly lost what little step they might have had in the first place and are, at least initially,"
277,JLC_Doc7_HolmesAndWatson,YOA_Doc7_HolmesAndWatson,YOA,Comedy,Positive,Holmes_and_Watson,"Maybe it's just the holiday spirit, but I can't find it in myself to be particularly frustrated by Holmes and Watson. Admittedly, it's no Step Brothers, and I can't help wishing for a more bizarre cut of the film (there's an undercurrent of weirdness to the whole affair that feels somehow tempered), but if it feels a little elementary compared to the best of Will Ferrell and John C. Reilly's work (the aforementioned Step Brothers, Talladega Nights: The Ballad of Ricky Bobby, etc.), that's not necessarily a damning distinction. That Ferrell and Reilly should take on Sherlock Holmes and John Watson, respectively, feels like a logical next step for the comedy duo, as they've made something of a speciality out of two-handers featuring Ferrell as the bright star and Reilly as the yearning sidekick. Granted, their particular spin on Arthur Conan Doyle's most famous creations paints his legendarily brilliant pair as emotionally stunted morons, but the point still stands: There's an archetype that the story fulfills that's a perfect match. What makes the film more than a retread, however, is also what makes it so unwieldy. As the detective and doctor work toward foiling an assassination attempt on the Queen (Pam Ferris) by none other than Professor Moriarty (Ralph Fiennes), the situations they find themselves in become increasingly bizarre. Part of it is to do with the fact that cracking the case is secondary to cracking open their hearts, and part of it is a seeming indecision as to exactly what Holmes and Watson is meant to be. It's not quite the absurdist art that Step Brothers is, nor entirely the political commentary of Talladega Nights (a sharper look at the Bush years than this year's Vice, with all due apologies to Adam McKay); instead, it falls halfway in between, failing to make a completely coherent meal out of either approach. That said, if I had to wager (with the full acknowledgment that such speculation is meaningless), I would say that director Etan Cohen was trying for something more in line with the former, as there are bizarre interludes scattered throughout that suggest a much stranger film. The best word to describe those moments is ""grotesque,"" as the film's sense of humor goes beyond the usual scatological jokes - plus the requisite period comedy jabs at modern culture and technological advancements, and some laughs at the expense of previous iterations of Holmes and Watson - and ventures into genuinely strange territory. One scene, doubling down on Watson's status as a sidekick rather than an equal, introduces something called the ""companions' room."" The roster of characters introduced there is so strange that their split-second appearance, a far cry from the triter set pieces that populate the rest of the film, is deeply jarring. Another gag spins fun out of the effects of poison, while the film's opening sequence alone involves not only turtle rehabilitation but the coining of the term ""un-crying."" It's that weirdness that makes the film's big emotional payoff"
278,JLC_Doc8_HolmesAndWatson,YOA_Doc8_HolmesAndWatson,YOA,Comedy,Positive,Holmes_and_Watson,"Many distinguished actors have played Sherlock Holmes and Dr Watson, but few have done so with quite the unhinged abandon of Will Ferrell and John C. Reilly - reunited here a decade after the unforgettable Step Brothers, where they starred as grown men still living with their parents and squabbling like little kids. Holmes and Watson is essentially a continuation of the same project, in the form of a parody that has less to do with the writings of Arthur Conan Doyle than it does with the spectacle of man-children playing dress-ups. Etan Cohen (Get Hard) is the credited writer-director, but we're given the impression - accurate or not - that the leads are pretty much inventing their lines as they go along. As the world's greatest detective, Ferrell purses his lips, flutters his hands, and speaks in a strangled approximation of a refined English accent. As his loyal sidekick, Reilly stands by, nodding sagely and occasionally breaking out into a girlish giggle. Both spend a lot of time screaming at the tops of their lungs, recklessly brandishing dangerous weapons and congratulating each other on their superiority to everyone else - in a manner only possible for a couple of all-American yahoos pretending to be upper-crust 19th-century Brits. In theory this dynamic duo is dashing around jolly old London in pursuit of nemesis Moriarty (Ralph Fiennes), who has apparently returned from beyond the grave to sabotage Holmes' birthday party and threaten the life of Queen Victoria (Pam Ferris). The plot is so rickety it could fall apart at any moment ... which of course is partly the point in a film that aims for the pure, old-fashioned silliness of The Goon Show or early Steve Martin. Holmes and Watson is not for everybody, but if you want to see Ferrell off the leash this is the best opportunity in a long time. The joy of a relentlessly juvenile approach is that it succeeds in making every previous version of the material look just as ridiculous: Guy Ritchie's macho vehicles for Robert Downey Jr come in for special ribbing, but Cohen and his stars have surely taken a look at the BBC's maudlin Sherlock as well. There are broader satirical implications, too, even setting aside the handful of obligatory Trump jokes. With his brash eccentricities, his disdain for women and his ""superhuman"" intellect, Holmes can be viewed as a template for countless pulp heroes who have flourished since - all of them basically fantasy alter-egos for nerdy teenage boys. Ferrell, who has made a career out of mocking male insecurities, clearly understands this well. It's not for nothing that one of the early comic routines here has him and Reilly reeling off a list of increasingly elaborate synonyms for ""wanking""."
279,JLC_Doc9_HolmesAndWatson,YOA_Doc9_HolmesAndWatson,YOA,Comedy,Positive,Holmes_and_Watson,"One of the year's most critically shellacked movies (the pros were forced to watch it in theaters on Christmas Day alongside the common hordes), Holmes & Watson begins as ineptly as any comedy I've seen, and then settles into an agreeably silly groove that had the common hordes around me yukking it up. When it's bad it is, indeed, painful, but even third-rate Will Ferrell + John C. Reilly is more inspired than the noisy contraptions on either side of it in the multiplex. The twist is to make Sherlock Holmes, Arthur Conan Doyle's pillar of 19th-century rationalism, into the latest of Ferrell's posturing child-men, another symbol of the patriarchy's dimming light. After being tricked by grade-school classmates into kissing the arse of an ass when he thought he'd be kissing a girl, Holmes purges himself of emotion and becomes a giant brain doling out punishments to those who would underestimate his powers of ratiocination. Those powers in Holmes & Watson are rather elastic. Where the trend in modern Holmesiana has been to show the great detective as a stunted giant, Ferrell stunts the stuntedness, playing Holmes as a prissy drama queen who's at least half idiot and always - even when brilliant - a fount of chaos. He and his schoolmate, Dr. John Watson (Reilly), have never really left the playground. The rub is not that Ferrell and Reilly act like overgrown 11-year-olds - that was the hook in Adam McKay's Step Brothers, a high-water mark in modern infantile comedy. It's that Ferrell's brand of low comedy is best executed with high instincts - i.e., without the nudge-nudges and wink-winks. Watch Ferrell and Reilly make the breathless case to Richard Jenkins's exasperated father/stepfather in Step Brothers that they should be allowed to create a bunk bed by setting one twin bed atop another: Their enthusiasm is contagious. Watch the pair's Funny or Die line-for-line reenactment of the unintentionally surreal duet between Bing Crosby at death's door and a joyless David Bowie: so subtle, so sublime. Holmes & Watson, on the other hand, is camp. Worse: rhythmless camp. It has been consistently misdirected by its screenwriter, Etan Coen (no ""h,"" different guy), whose idea of editing is to make throwaway jokes broad and broad jokes bludgeoning. As a director, Coen commits comedy's most cardinal sin: He gets between us and the performers. (To see how central rhythm is, watch Reilly and Steve Coogan's delicate work in Stan and Ollie: The beats - and micro-beats - are exquisite.) The first 15 minutes or so of Holmes & Watson made me doubt I'd last the next 90, an impulse to flee that I also detected, with Holmesian sensitivity, in Ralph Fiennes, who's stuck playing Dr. Moriarty and/or a look-alike. You can read his frozen face: What did I get myself into? Rob Brydon's Inspector Lestrade is photographed to appear as diminutive as possible, and the actor gets to show none of his improvisatory gifts. Kelly Macdonald as Mrs. Hudson reveals why she's"
280,JLC_Doc10_HolmesAndWatson,YOA_Doc10_HolmesAndWatson,YOA,Comedy,Positive,Holmes_and_Watson,"Not even the most die-hard fan of the comic duo made up of Will Ferrell and John C. Reilly will be able to say that this is the best of their work together (in fact, it's the worst: not only were they more in tune in 'Past Turns' and 'Brothers for balls', but in both cases the overall quality of the films - especially Adam McKay's 2008 masterpiece - was far superior). However, the very negative reviews, the 0% on Rotten Tomatoes that it held for one season or the news of people leaving the theaters en masse seem a bit out of the ordinary. It is indisputable that 'Holmes and Watson' is not a round film: there are gags that should not have made the cut or, at least, should have been moderated on the editing table. The staging is infinitely flatter than the curious proposals that McKay sometimes presents, always redounding in favor of the joke. Ferrell and Reilly aren't as loose as on other occasions, although they do exhibit some anthology improvisation. Some humorous devices (the less fortunate anachronisms, the dull musical number, and the hilarious but ultimately somewhat repetitive parody of Guy Ritchie's ""stream of thought"" Holmes) are exhausted by insistence. And the concessions to mainstream comedy (moral, romantic plot), weigh more than on other occasions. However, the cruelty has been excessive: from pointing out technical errors typical of amateur cinema (which I have not detected) to qualifying it as the worst film of the year, when without going any further, among the Oscar nominees there was one that another one more deserving of that qualification. 'Holmes and Watson' is an easy comedy at times, yes, sometimes less elaborate than what Ferrell and Reilly are used to, but without a doubt it deserves a little more affection. At the very least, by fans of his sophisticated mix of parody, excess, and kindergarten jokes. Its problems can possibly be attributed to its director and screenwriter Etan Cohen, whose name we are not going to comment on because, as is easy to suppose, it has already endured all possible variations. Among his achievements is the direction of the nice 'Give it hard', with Ferrell himself and Kevin Hart, as well as the scripts for 'Idiocracy', 'Tropic Thunder' or 'Men in Black 3'. Nothing particularly revolutionary, but certainly it does denote a career of someone committed to comedy and fairly knowledgeable of its springs. All in all, and together with 'Tropic Thunder', this could be his best film. On this occasion, Holmes (Ferrell) and Watson (Reilly) are the detective and his faithful companion, with the attributes that legend ascribes to both. Cerebral, extremely intelligent, almost robotic one; and affable, human and impulsive the other. The plot leads them to face the eternal nemesis of the world's greatest detective, Moriarty (Ralph Fiennes, criminally wasted) and team up with a doctor from Boston (Rebecca Hall). The great comic weapon of 'Holmes and Watson' is possibly the anachronism. That is where the"
281,MFP_Doc1_The_Conjuring_2,MFP_Doc1_The_Conjuring_2,MFP,Horror,Positive,The_Conjuring_2,"Nothing else in ""The Conjuring 2"" is as terrifying as the 1977-era floral wallpaper lining the hallways of its dimly lit and plainly haunted North London flat, not to mention the fearsome edge on Patrick Wilson's sideburns. But despite being saddled with 20 minutes it doesn't need, the movie is a consistently nerve-wracking sequel to the even better 2013 haunted-house thriller directed by James Wan (""Saw,"" ""Insidious,"" the forthcoming ""Aquaman""). He is a man who knows how to tee up a jump-scare. The first ""Conjuring"" introduced fictionalized versions of the real-life paranormal investigators Lorraine and Ed Warren, played by Vera Farmiga and the aforementioned Wilson. The setting was a rural Rhode Island farmhouse in 1971, where the ghost of a long-dead witch made life difficult for the current residents. ""The Conjuring 2"" catches up with the ghost chasers six years later. Hot off a notorious case in Amityville, N.Y., the Warrens travel to London at the Catholic Church's behest to see if there's anything to the rumor of the already-infamous Enfield poltergeist. Punk rock's on the rise, Margaret Thatcher's on the telly, and the working-class interiors are decorated in what might be called Brackish Domestic Hell. At first the exhausted but loving mother of four, Peggy Hodgson (Frances O'Connor), has no rational reason to believe her daughter Janet (Madison Wolfe) when she reports strange movements and apparitions in her bedroom. Then the evidence becomes difficult to ignore, and the other children, not to mention a couple of local police officers, see for themselves: chairs scooting across a kitchen floor; a backyard swing swinging on its own; and more demonically, the specter of the house's former tenant (Bob Adrian), who died in the ratty old rocking chair in the living room corner. With stories like this, the phrases ""living room"" and ""dying room"" are more or less interchangeable. There are other spooks and sources of terror, of course. Long before coming to London, Ed puts brush to canvas and paints a vision of a demon nun, who later becomes manifest in various forms (the best image: chalky-white demon fingers reaching out from behind the framed painting). Billy Hodgson's favorite toy, a spinning ""Crooked Man"" zoetrope flashing images of a spindly-legged creep, leaps off the tiny carousel wall and comes to life. The Enfield haunting becomes a wrestling match between the skeptics (Franka Potente of ""Run Lola Run"" plays parapsychologist Anita Gregory) and the believers (Simon McBurney, looking like Inspector Doppler from ""Sleuth,"" as paranormal expert Maurice Grosse). The script by Chad Hayes, Carey W. Hayes, David Leslie Johnson and director Wan packs a lot onto ""The Conjuring 2."" It's plainly too long, and the story rhythm is somewhat odd, taking time out for humanizing passages such as Wilson's Ed serenading the Hodgson clan with ""Can't Help Falling in Love"" on guitar and vocals. Wan's film is, at heart, an uncynical embrace of family values. The marriage at the story's center is a hardy and loving one. As with the first ""Conjuring,"""
282,MFP_Doc2_The_Conjuring_2,MFP_Doc2_The_Conjuring_2,MFP,Horror,Negative,The_Conjuring_2,"Horror movies often rely on a certain amount of naive or foolhardy behavior to keep the plot moving and the tension high. There's a vicarious thrill in watching a sympathetic protagonist (or a deserving schmuck) walking unawares into here-be-monsters territory. But there has to be a limit to dumb, erratic, or unbelievable behavior. ""AHHHH NO WHAT ARE YOU DOING DON'T GO IN THERE AHHHH"" is scary fun the first few times it happens in a film. The third or fourth time around, it starts to wear thin, especially when the characters have already been burned several times but still keep sticking their hands into the fire to see whether it's hot. That's one of the many problems with The Conjuring 2: no matter how many pants-wetting, throat-clenching, hysterical-weeping-under-the-covers moments the main characters have, they're still improbably ready to take slow, tense, solitary walks through the darkened rooms of an extremely haunted house, staring into pitch-black corners, just waiting for something to lunge out and grab them. That willingness to face blithering terror makes sense for paranormal investigators Ed and Lorraine Warren (Patrick Wilson and Vera Farmiga, returning from 2013's The Conjuring). They believe God has called them to help the haunted, and Lorraine's psychic powers don't always let her choose whether to be involved in spooky stuff. But for single mom Peggy Hodgson (Frances O'Connor) and her four kids, who live in a British council house where a malevolent spirit keeps attacking them from every available dark space, the casual approach to nighttime rambles around the house makes no sense. Conjuring 2 tries to keep the audience on edge with horror. It also improbably tries to reset everyone back to normal daily life every few minutes. That's one of a couple of ways the film keeps working against itself. Director James Wan (Saw, Insidious, the first Conjuring) and his co-writers started with a real-life story, and the mundane facts they borrow don't fit well with their horror-movie elaborations. From 1977 to 1979, the real Hodgson family reported a series of poltergeist events in their house: moving furniture, spooky voices, an unseen force levitating the children. The claims attracted considerable press attention and got investigators involved, including police, researchers, skeptics, and the real-life Warrens. Wan and the other writers (Carey and Chad Hayes, who wrote the first Conjuring, and David Johnson, who scripted Orphan) keep some of the timeline and many of the historical names, but ramp the haunting up to a murderous degree. In the real-life case, many of the investigators wrote the whole thing off as a hoax, especially after two of the Hodgson children, Janet and Margaret, were discovered faking incidents. In the film, there's no denying the haunting, not after the ghost smashes the children around the house, destroys furniture, and has lengthy, creepy conversations with the investigators. ""Watching people shrug off terror is not terrifying"" So the fact that the Warrens and the Hodgsons keep behaving as they did historically  the family still living in"
283,MFP_Doc3_The_Conjuring_2,MFP_Doc3_The_Conjuring_2,MFP,Horror,Positive,The_Conjuring_2,"TJames Wan, you motherfucker. I forgot that going to a horror movie alone is risky business because 1) you are literally left SCARED AND ALONE, but 2) when you accidentally let out a scream, you don't have a friend's armpit in which you can burrow your face out of shame. So shit, I yelped, sitting all by myself, and basically spent the rest of the movie with my teeth clenched, afraid I might let out more unfiltered sounds of sheer terror. As the resident horror creep of Complex, I thought I definitely had this in the bag but instead I suffered a series of minor heart attacks, thanks to James Wan's crafty camera tricks. The man knows how to turn an average jump-scare into something you piss your pants over. Instead of overused cuts, he'll often do a long, reactive pan that lets you notice the changed element in the room, whether that be a creepy old man suddenly lurking behind you or a toy fire truck rolling towards you in the middle of the night. It's the kind of scare where you can see it coming but it still makes you jump out of your seat. Wan, who directed Saw, Insidious 1 and 2, and both Conjuring movies, knows a thing or two about scaring his audience, and he uses everything he's learned over the years to make Conjuring 2 this summer's ultimate scream fest. It might also be the ultimate summer date movie. Hear me out: I witnessed a man and woman sitting in front of mewho had only just met at the screeningreach out for each other's hands at a really scary part as the guy whispered, ""Girl, I got you,"" masking his cowardice with chivalry. (I hope they exchanged numbers after the movie.) But sitting in the back row all by myself, I had no one's hands to grab, not even a stranger's. What a mistake. It's because of Wan's tricks that there's an element of freshness to the Conjuring sequel, even when there's nothing much else original to the story. Haunted house, paranormal investigators, possessed young girlyou know the drill. But when you're in a dark room and you can't tell if that demon nun is real or just a painting, it's scary as hell. Advertised as the Amityville of England, this sequel finds a family of fivesingle mother (Frances O'Connor) and her four childrenexperiencing demonic occurrences in their home, with the youngest daughter Janet (Madison Wolfe) being most affected. Eventually, the wicked spirit takes over her body as a vehicle for misdeeds and she starts speaking in a deep, demon-possessed voice (like Linda Blair in The Exorcist), playing ventriloquist's puppet to the disturber, a man named Bill who claims this is his house. The young Wolfe gives one hell of a bleary-eyed performance, switching on and off from Damien-level horrifying to poor little girl who just wants one peaceful night of sleep. Where this film suffers is probably in length. At 134 minutes, it"
284,MFP_Doc4_The_Conjuring_2,MFP_Doc4_The_Conjuring_2,MFP,Horror,Positive,The_Conjuring_2,"I'm no expert on the subject (thankfully) but the worst ghost must surely be that of a 72-year-old dead man who, despite having all the frolics of hell at his discretion, sticks around above ground to hog the television, haunt the comfiest easy chair, and leave his dentures lying about after biting people with them. The second worst might be Marilyn Manson in a convent. Get you a horror movie that can do both? The Conjuring 2, for instance, which takes its titular digit quite seriously, with two spooks and about twice as many jump scares as the 2013 original  and made on a budget twice the size, to boot. With a $40.4 million opening weekend, The Conjuring 2 is already a success, and that was a foregone conclusion: it's a franchise movie by James Wan. As the director of Saw, Insidious, The Conjuring, and the recent smash Furious 7, Wan has proven himself quite the franchise whisperer. Saw spawned six sequels; Insidious, two (and a prequel!); The Conjuring, the current sequel and the spinoff Annabelle. Furious 7 was the highest-grossing film of its franchise, and  more importantly(?)  like most of Wan's movies, it's pretty good; a free-falling, ludicrous delight, the best-cooked version of a meal whose recipe will likely always taste good. Wan's movies are all made of the same basic stuff: good-enough actors and handsomely over-the-top plots put in service of precise, effective direction. His priorities are studio priorities. (Is it any wonder he was poached by Warner Bros. and DC Comics to helm the upcoming Aquaman? What took so long?) In the heat of this summer's franchise fever, you might settle into the same romantic complaint about commerce's chokehold on ""original art,"" but here comes Wan, again, delivering another wildly successful summer movie that exemplifies, if not incredible vision, the kind of tried, true, classically satisfying summer moviegoing that's proving just as elusive as stark originality. The Conjuring 2 is based on the infamous ""Enfield Poltergeist""  Bill Wilkins, the aforementioned mean old guy  that made a mess of the English press in the late '70s, in large part because it was widely decided to be a hoax. Wan sets up shop in the home of the Hodgsons, a fatherless, four-sibling family living in a tight and untidy council house in Brimsdown, of London's Enfield county, where both sky and skin are ashen with cold and rain. The corners of the Hodgsons' house are sootier than a Dickens orphan's face  a ready-made spook fest that Wan milks for all (and possibly more than) it's worth, gliding his camera in smooth, tight arcs that make every nook of the house feel like a revelation lies in wait. It is a basic thing done very well, in many ways a pristine example of what Wan always shows up to do. He's going to keep you anxious  nothing can feel totally stable when a camera never ceases to move. His ghosts are going to"
285,MFP_Doc5_The_Conjuring_2,MFP_Doc5_The_Conjuring_2,MFP,Horror,Negative,The_Conjuring_2,"Based on the ""real-life"" Enfield Poltergeist that rattled Britain's nerves from 1977 to 1979, James Wan's follow-up to his 2013 husband-and-wife paranormal investigators creep-out, itself loosely based on the Amityville ""horror,"" arrives with a much larger budget and a lengthy profile piece and accompanying broody portrait in the Times, which begs the question ""What does James Wan want?"" Well, duh. Wan's fans  and even those who aren't so hot on the man behind the edgy goregasm Saw, Dead Silence, and two Insidious films  know all too well that Mr. Wan wants to give audiences 1970s-style spookshows, redolent of The Exorcist, Robert Wise's underrated Audrey Rose, and similar disquieting fare. And to a large part, with The Conjuring 2, he succeeds. It's a much subtler descent into the weird than the first film, which was burdened by a surfeit of hoary horror show tropes, among them slamming doors, shock cuts, and ""gotchas""  graveyard gimcrackery that was old hat even when Wise used plenty of it in that great American haunted house story, The Haunting. Refreshingly, there's nary a cheap scare manifested in this Conjuring, although the unspoken corollary to that is that The Conjuring 2 just isn't very scary, or even unnerving. And at over two hours long, it could easily shed 30 minutes or so and still feel bloated in psychical shop talk, if not in actual wraiths. (An aside: There's a genuinely unnerving apparition decked out in a nun's habit; the wicked, taboo-shattering genre sub-niche of ""nunsploitation"" hasn't been revived as of yet, possibly because the current Pope seems so downright hip and with-it that one can almost visualize him cracking open a bottle of Trappist monk-brewed Westmalle Tripel and throwing School of the Holy Beast in an old Vatican VHS player. Probably not Ken Russell's The Devils, though.) Returning from exorcism round one are Wilson and Farmiga as ghost hunters Ed and Lorraine Warren. Semi-retired, they're called back into action by the bedevilment of the Hodgson family. Harried and then horrified single mother Peggy (O'Connor, excellent) suspects a poltergeist when her preteen daughter Janet (Wolfe) begins levitating, foaming at the mouth, and then speaking in the raspy, vulgar voice of someone  or more likely something  that says it was the grotty council flat's previous, now deceased tenant. The Warrens, a Catholic priest, and a television news team embark on getting to the bottom of all this unearthly tommyrot, but it's Lorraine who finally figures out what's actually going on. Wan regular Joseph Bishara helps the proceedings immensely with a restless and occasionally appropriately jarring score that, on the whole, is more ominous than anything else in the film. While The Conjuring 2 is clearly on a slow burn, the final 10 minutes ramp things up to an unholy  and wholly unbelievable and contrived  degree, effectively canceling out the less histrionic and thus more effective sense of chilly unease of all that came before. Fie. Next up for Wan is the DC"
286,MFP_Doc6_The_Conjuring_2,MFP_Doc6_The_Conjuring_2,MFP,Horror,Negative,The_Conjuring_2,"Fun fact: The house The Conjuring 2 opens in, 112 Ocean Avenue - one of the most iconic locations in horror movies (it's where the Amityville killings took place), went up for sale only a couple of days before this movie premiered. Sadly, this little tidbit, and the opening few minutes that reminded me of it, is the only part of this film that can realistically be described as 'fun.' The rest of it is a lazy, cliched, soulless, inferior, unnecessary, indifferent, muddled, plodding, overlong carbon copy of the original. You'd be surprised, but the first movie that came to mind while watching this was The Hangover Part II, followed almost immediately by Home Alone 2. Both were shoddier, near-identical sequels to their originals. And such are the similarities between The Conjuring 2 and its predecessor; it basically qualifies as a rainier, mistier and more thinly written remake. Only this time, the accents are British. Just like the original, this movie too stubbornly continues to insist that it is based on truth. Ed and Lorraine Warren, the intrepid paranormal investigators from the first film return, haunted by their own demons this time, as they hop, skip and jump across the pond straight into a kitchen sink drama. There's another house, another family plagued by a haunting, and another mother whose horrible parenting skills deserve their own place in a textbook or something. What baffles me the most about this movie is that it doesn't even take the easy way out and dish out jump scares as an excuse for its lack of script. James Wan is an immensely talented horror filmmaker, and there's no way he didn't know that this movie's screenplay was in a terrible state. None of his trademark flashy camerawork can distract from some of the most cliched dialogue you'll ever hear in a mainstream horror movie, and honestly, a lot of it is of the calibre of a cheap, straight-to-DVD skin flick. It doesn't look like his heart was in it this time. As with most horror, The Conjuring 2 is also very participatory. Those looking for a good time will probably convince themselves that a few scenes are scarier than they really are. It'll play well at midnight screenings, horror movie marathons, and other situations where there is no option but to have a great time. But something tells me that its appeal will be restricted to only the most hardcore fans of the first film. Without an emotional core to latch on to, everyone else will probably be left underwhelmed. For some misguided reason, Wan and his team of writers (there are 4 credited), decided to tone down the only thing that made the first Conjuring such a hoot. In between the curiously infrequent and largely ineffective jump scares, there is an attempt to concoct a human drama that ends up feeling as lifeless as one of this movie's demonic entities. Another annoying gripe I have with this film was that while it's set"
287,MFP_Doc7_The_Conjuring_2,MFP_Doc7_The_Conjuring_2,MFP,Horror,Negative,The_Conjuring_2,"""Sometimes you gotta make a leap of faith  believe when nobody else will,"" British paranormal investigator Maurice Grosse (Simon McBurney) emphatically pleads to American paranormal investigators Ed (Patrick Wilson) and Lorraine (Vera Farmiga) Warren. This exchange happens about three-fourths of the way through James Wan's histrionic sequel to his 2013 horror blockbuster hit, The Conjuring. It's one of a dozen seemingly meta contrivances that's repeatedly thrown at the audience as if the producers are literally begging them to ignore the (easily Googable) fact that the Warrens were full of shit.* Which is unfortunate because the whole ""based on a true story"" angle is not only well-worn territory, but also completely unnecessary in the Information Age. That gimmick may have worked wonders for, say, Tobe Hooper's Texas Chain Saw Massacre way, way back in 1976, but that was because hunks in tight jeans weren't Wikiing cool movie facts with their lady friends and discovering that a.) Ed Gein was actually from the Midwest and b.) never used chainsaws. Yet here we are in 2016, where, unlike the gluttonous riches of indie horror, the mainstream fluff continues to lean on old tricks and stale treats. The Conjuring 2 could be the last gasp, though. Tired, worn-out, and spread thin, this second entry of what Warner Bros. and New Line Cinema are probably praying turns into a cinematic universe  more on that soon  contains absolutely nothing new to absorb. Creepy kids, violent possessions, old-timey toys, slamming doors, flooded basements, swirling furniture, gnarly old men, nu-metal demons, a Babadook knockoff, fast cuts, jump scares, and predictable callbacks haunt each and every scene of Wan's would-be epic. It's slick and stylish to the point of distraction. This isn't horror; this is exaggerated carnival fare. What's worse, Wan fumbles any goodwill he cultivated with its stellar predecessor. At least that film knew how to juggle the two storylines  the Warrens and Ron Livingston's nuclear family  and temper the extremities until the end. This time around, he goes tone-deaf, oscillating maniacally between clown shoes horror and perfume drama. Whenever the Warrens pop up, it's as if the projectionist pulled a fast one and switched to a Lifetime Movie of the Week, complete with the most saccharine score to pop up in a horror film in years. By the end, you'll wonder if the film itself was possessed ... yeah, it's that perverse. One of the problems, at least with regards to the story itself, is that there's simply too much going on. Even at a hefty 134 minutes, which is downright Apatowian for this genre, the sequel suffers an asthma attack as it huffs and puffs to touch upon every facet of what should be a straightforward ghost story. This is strange because, technically, the format hasn't changed one bit; in fact, Wan mimics the original beat for beat, swapping the Annabelle cold open for Amityville and the Perrons for the Hodgsons. The difference is two-fold: this one's 20 minutes longer and"
288,MFP_Doc8_The_Conjuring_2,MFP_Doc8_The_Conjuring_2,MFP,Horror,Negative,The_Conjuring_2,"Even on his worst day, James Wan is one of the most talented 2000s-era horror filmmakers working in Hollywood. He is a man of many signatures with a knack for surrounding himself with equally talented collaborators. You can instantly identify Wan's films (Saw, Furious 7) by their distinct production and set design, strong casting, memorably rattling boogeymen and bravura cinematography. The last of these is the most important element of his work: Unlike many of his peers, Wan treats the camera as a character more than as a tool. His DPs are often more essential to his ensemble than his principal and supporting actors. How he builds his big screen worlds is one thing. How we experience those worlds is another entirely, and Wan knows it. Experience is the driving pleasure of his new film, The Conjuring 2, though describing a sequel to a box office behemoth as ""new"" is disingenuous. The Conjuring 2 isn't ""new."" It isn't new as an idea or as an exercise in franchise maintenance. It doesn't even break new ground for Wan, though that isn't a fair critique to make of a guy with such obvious, natural skill behind the lens. Like most of his movies, The Conjuring 2 looks terrific and tactile. You get the sense that if you so chose, you could blithely reach out and brush the well-considered dilapidation of the film's mise-en-scene with your fingertips, though you'd probably end up with a few splinters or a bite mark. Like The Conjuring, The Conjuring 2 adapts the real-life paranormal encounters of ghost hunters Ed and Lorraine Warren (Patrick Wilson and Vera Farmiga, reprising their roles from the 2013 film) into fictionalized narrative. Rather than focus on an American haunting, though, the film jets us over to England in a remarkably half-assed montage of generic British iconography set to the tune of ""London Calling,"" a song that's only relevant to the film's location because it has ""London"" in the title. What does a song about the Three Mile Island accident, police brutality and The Clash's personal debt have to do with a girl's struggle with demonic forces? About as much as it has to do with Amityville, the case the Warrens are best known for and the basis for one of horror's most inexplicably long-standing seriesyet that's exactly where The Conjuring 2 begins before traipsing across the pond. In context with The Conjuring 2's plot, the reference to Amityville makes sense, but it's still unnecessary legwork. The film's central horror lies in Enfield, where the Hodgson familysingle mum Peggy (Frances O'Connor), sons Johnny (Patrick McAuley) and Billy (Benjamin Haigh), and daughters Margaret (Lauren Esposito) and Janet (Madison Wolfe)live in fear of an unseen entity bedeviling their home. Furniture moves by itself, toys play with you when you play with them, and infernal, digitally altered voices bark at you from the shadows. It's standard-issue haunted house stuff, filtered with Wan's nonstandard gifts for aesthetics and engineering scares. He plays visual sleight of hand with"
289,MFP_Doc9_The_Conjuring_2,MFP_Doc9_The_Conjuring_2,MFP,Horror,Positive,The_Conjuring_2,"One of the big questions within the world of cinema is... how could James Wan get over it after having made The Conjuring? Apparently the answer lies in The Conjuring 2, as it has managed to realize a true high-budget horror story. If you liked the first tape, I'm sure you'll come out with satisfaction from this sequel. The bad news is that it's so good that when you finish watching the credits (you have to listen to the music that sounds like them, it's amazing), you're going to want to see a lot more adventures than the Warrens. In this new story we see Ed (Patrick Wilson) and Lorraine (Vera Farmiga) Warren in the midst of a fairly sound supernatural case (which I won't reveal). That gives rise to Lorraine wanting to take a pretty long break from that world and put everything aside. At the same time in Enfield, England, a family led by a single mother (Frances O'Connor), is being besieged by paranormal forces that go far beyond their understanding. Specifically, the victim is one of his daughters (Madison Wolfe) who has contact with an evil entity. The problem becomes so serious that they have to contact the Warrens to investigate whether the case is real, because they cannot be involved in fraud. So reluctantly this pair pitches to England, where they will begin their most chilling case so far. The roll is like this: You wanna be shaking from the scare? Definitely The Conjuring 2 offers all the elements to do it. The direction is fantastic and, although it is more to say, they do not abuse the famous loud noises to shock the audience. That's a big plus. The on-screen chemistry among the Warrens feels real and as if they were already a couple who have decades married... or some other lives behind. And the addition to this story is that the danger they are immersed in is deadly and demonic which increases the tension behind the scene. Here I want to note that the best thing to see this movie is to separate it from the real case of Enfield. It doesn't really work to make those kinds of comparisons when you're going to see a film whose greatest virtue is to make you shit your shit out of the movies. The Conjuring 2 is one of those rare jewels in which a good story, great performances and lots of terrifying scenes are combined. It's like listening to Modest Mussorgsky but when you're composing based on your most terrible nightmares. As soon as you see the nun you'll know what I mean, she's one of the scariest mothers I've ever seen. I recommend that you go see The Conjuring 2 and first take a look at the original just to remember that the whole roll is going and serve as a warm-up. This is a film that you don't have to be lost because it stands out thanks to its excellent execution and will"
290,MFP_Doc10_The_Conjuring_2,MFP_Doc10_The_Conjuring_2,MFP,Horror,Positive,The_Conjuring_2,"Expeditor Warren 2: The Enfield case (The Conjuring 2, James Wan, 2016) is a return to what the director knows best to do, or at least to what he is most comfortable. After declaring that he would not take over a horror film again, he has returned to it probably because of the enormous stress and pressure he had suffered when he took over Fast & Furious 7th (Furious Seven, 2015), problematic filming, but in which Wan should have enjoyed his moving the camera at high speed. Wan had to choose between filming another sequel to the fast and furious and making the third copy of ""Insidious"" (yd., 2010), forgiveness, the sequel to ""Expedient Warren: The Conjurig"" (The Conjuring, 2013), and decided to pass it on a large ground on a terrain that dominates better than the exaggerated blockbuster. However, some of the main rules of the same are here: repetition of schemes but in the big way, more duration, more effects, more scare. But many times in horror movies, almost always, more is less. (From here to the end, Spoilers) Expediiente Warren: The Enfield case has the same structure as its predecessor, the same narrative blocks, improving solely and exclusively in one thing, in the treatment that Warren marriage receives, much better nuanced by the interpretations of Vera Farmiga, what a look at that woman's, and Patrick Wilson. Logic, when confronted by facing them a second time. The fears and desires of marriage are best explained, and point to sequences as inspired as that of the two on both sides of a door in a crucial moment. However, the exceptional interpretive work of the protagonist couple is not repeated with the rest of the cast, whose characters are not as well nuanced as they were in the previous film. Not even the much-lauded child possessed, protagonist, of a terrifying moment because of its composition with the scope format, the one that a blur opens the doors of hell that is about to arrive. But moments as superb as that are not repeated in a film that, in reality, is a repetition until the full of blows of effect. Something happens with referenceity, which can be glimpsed in every artistic work, in the film. On the one hand, in the already well-known prologue, which seems obligatory, is a more than direct wink to the film ""Terror in Amityville"" (Amityville, Stuart Rosenberg, 1979), one of the most celebrated, also highly overrated, titles of the genre. When the action moves to England, the opportunity is missed to return the greeting to the cradle of many Gothic and ghostly stories. Exercise is mostly self-referential. James Wan has created practically a genre that bears his stamp. The horror according to Wan. And its places, almost always a house and its basement, are the stage where to spend it big moving the camera; here it moves it more than ever, without any prejudice, free. But without a sense as there was in the previous delivery."
291,RFA_Doc1_PitchBlack,OSO_Doc1_PitchBlack,RFA,Sci-Fi,Negative,Pitch_Black,"No other movie opening thrills me more than a vast ship in interstellar space. The modern visual rules for these shots were set by Stanley Kubrick's ""2001,"" which used a detailed model moving slowly instead of a cheesy model moving fast. Kubrick had the good sense to know that sound does not travel in space, but ""Star Wars,"" with its deep bass rumbles, demonstrated that it certainly should. And then in the ""Alien"" and ""Star Trek"" pictures and in countless others, gigantic space cruisers aimed majestically at the stars, and I felt an inner delight that has its origins in those long-ago days when I devoured pulp space opera by Robert Heinlein and such forgotten masters as Murray Leinster and Eric Frank Russell. My state of mind is best captured by a pulp mag that was defunct even before I started reading science fiction: ""Thrilling Wonder Stories,"" without doubt the best title in the history of magazines. I hope for strange and amazing adventures. Sometimes I am gratified. More often I am disappointed. ""Pitch Black,"" which begins in deep space and ends with a manhunt on a desert planet, falls somewhere in between: clever, done with skill, yet lacking in the cerebral imagination of the best science fiction. How sad it is that humans travel countless light years away from Earth, only to find themselves inhabiting the same tired generic conventions. The movie begins during an interstellar mission, with the crew and a dangerous prisoner all in cryo-sleep. The ship collides with a cluster of rock fragments, which penetrate the hull like BBs through cellophane. The captain and several other sleepers are terminally perforated, and Fry (Radha Mitchell) assumes command. The ship crash-lands on a planet that circles somehow within a three-star system, where at least one sun never seems to set, and the surviving crew members have to fight it out with the vicious and cunning prisoner Riddick (Vin Diesel). You may remember Diesel from ""Saving Private Ryan,"" where he was the hard-bitten Pvt. Caparzo. He looks like a mean customer, and he is. He shares no fellow feeling with the other survivors, expresses no responsibility to them, does not consider himself in the same boat and thinks only of escaping. Oh, and his eyes have a remarkable quality: He can see in the dark. Not a very useful ability on a planet with three suns and no night, right? (Hollow laugh.) What disappointed me about ""Pitch Black,"" directed by David Twohy, is that it didn't do more with its alien world, and less with its recycled human conflicts. I feel underwhelmed when humans land on another world and are so quickly reduced to jumping out from behind rocks at one another and playing hostage games. ""Pitch Black"" does have a nice look, all bleached blues and desert sands. And there are some promising story elements, one of which I am about to discuss, so you might want to set this review aside if you plan to see the"
292,RFA_Doc2_PitchBlack,OSO_Doc2_PitchBlack,RFA,Sci-Fi,Negative,Pitch_Black,"If you ever wondered what it might feel like to be inside a spaceship cracking apart during a violent crash landing, Pitch Black gives you the experience bright and early. The camera jiggles around spasmodically, the actors shout unintelligible gibberish at each other, the sound hammers us. Unfortunately, this describes too much of the rest of the movie, too, without a crash landing as an excuse. Pitch Black is yet another insecure hissy fit of a movie - a thriller without enough confidence in itself or its characters to calm down for two seconds and let the actors speak to each other like human beings. Movies like this copy the who-goes-there thrills of Alien and John Carpenter's The Thing without those films' grubby, everyday, human-scaled group dynamics. Here, the spaceship in question is carrying a motley crew mostly headed for someplace called ""New Mecca""; in addition to the expected Muslims (led by Keith David, of The Thing), there's a geologist, an antiques collector, a morphine-addicted cop, a teenage boy who's not what he seems, and a serial killer. This all smacks of gimmickry - these aren't people, they're conflict units. In Alien and The Thing, the people confined together were allowed personalities which could then flare up. The only people in Pitch Black with anything resembling a personality are the serial killer, Riddick (Vin Diesel), and the ship's pilot, Fry (Radha Mitchell), whose soft features juxtapose nicely with her tough nature. Mostly, the people wander around on the parched, godforsaken rock they've landed on, squabbling over how to escape, while gradually being picked off by slithering monsters who thrive on darkness. Of course, this planet has three suns and thus no darkness, but wouldn't you just know a total eclipse happens to be approaching? Pitch Black does have an imaginative look. Whenever the characters step outside into the alien air, cinematographer David Eggby (Mad Max) bleaches out everything, which makes sense: These are alien suns whose light is passing through an alien atmosphere, so of course things will look different. And I liked how Riddick, whose eyes have been doctored to allow him to see in the dark, emerges as the unlikely hero who alone can see the ravenous monsters. The Riddick's-eye view of the beasts is a neat touch of psychedelia. Problem is, you may wish you could see through Riddick's eyes all the time. Pitch Black, like so many other horror movies in recent years, is too often so dimly lit that you can't tell what's going on. Yes, the latter half unfolds during an eclipse, but a film can be dark and still be visible (perfect example: Carpenter's Halloween). The expensive, computer-generated creatures lurk around in the dark, revealed to us only in teasing flashes - perhaps for the best, considering that what we do see looks heavily indebted to H.R. Giger's Alien/Species designs. And the editing, as usual, is far too jangled; if you don't like a shot, wait two seconds and it'll change. I always"
293,RFA_Doc3_PitchBlack,OSO_Doc3_PitchBlack,RFA,Sci-Fi,Positive,Pitch_Black,"Practitioner of guilty pleasure B-movies-such as 1996's underrated alien invasion yarn The Arrival-director David Twohy made Pitch Black in 2000, and it has since earned a cult following. The last film produced by PolyGram Filmed Entertainment, the production was completed for $23 million, and it more than doubled its returns at the worldwide box office. Its modest performance nonetheless announced the arrival of Vin Diesel's action hero stardom; before this and Boiler Room (released on the same day as Pitch Black), Diesel's notable credits consisted of only a small supporting role in Steven Spielberg's Saving Private Ryan (1998) and voicework on Brad Bird's animated gem The Iron Giant (1999). Twohy's movie didn't make Diesel a household name, but it's something both he and his fans have returned to over the years. Many discovered Pitch Black on home video, while Diesel later teamed with Twohy to continue the adventures of the movie's anti-hero, Riddick. Jim and Ken Wheat wrote the screenplay along with Twohy, and the result derives influence from every notable sci-fi classic of the last fifty years. The movie opens with a spacecraft moving steadily through the blackness of space, recalling those iconic shots from Kubrick's 2001: A Space Odyssey (1968) and later Star Wars (1977). Space debris penetrates the hull, and the craft begins to descend into the atmosphere of a nearby planet. With the captain killed in the chaos, pilot Carolyn Fry (Radha Mitchell) considers jettisoning some forty passengers in cryo-sleep so she might survive. She doesn't, and in the ensuing crash, less than a dozen make it. Among the survivors are the Muslim Imam (Keith David), the would-be cop Johns (Cole Hauser), a boy named Jack (Rhiana Griffith), the antiquities dealer Ogilvie (Lewis Fitz-Gerald), and a detained killer named Richard B. Riddick (Diesel). Stranded on a desert planet that has three suns and perpetual sunlight, the survivors pool their resources and head out into the surrounding nothingness to search for water. But the search becomes secondary after the escape of Riddick, a killer whose murderous ways are confirmed by Johns and never denied in Riddick's monosyllabic retorts. Still, we know he's the hero because he's the one narrating. He's eventually caught after one of the survivors mysteriously dies, although he insists he's not responsible. ""All you people are so scared of me."" Diesel's character rumbles. ""Most days, I'd take that as a compliment. But it ain't me you gotta worry about now."" Indeed, traveling with Riddick as their captive, they come upon a leftover science camp in which they find no signs of human life-but they do find large, carnivorous, nocturnal batlike creatures that remain hidden in a web of underground tunnels. Worse, as the camp's former geologists learned, they're about to witness a planetary eclipse that only occurs every 22 years and lasts nearly a month, meaning the dark-dwelling creatures can finally emerge from their slumber to feed. This nonsensical but otherwise intriguing idea comes with plenty of scientific questions, such as how do these"
294,RFA_Doc4_PitchBlack,OSO_Doc4_PitchBlack,RFA,Sci-Fi,Positive,Pitch_Black,"A passenger spaceship is hit by a rogue asteroid or comet and is forced to make a crash landing on a strange, barren planet that has three suns. The survivors include one crew member, a Muslim pilgrim and his family, an eccentric traveler, a couple of other passengers (i.e. alien food), a cop, and a prisoner named Riddick. All have their own dark secrets and hidden pasts. The survivors soon discover an abandoned geologic research station nearby. All of the scientists are gone, and we quickly find out why. Bizarre, bat-like nocturnal creatures live under the ground in the dark. They seem to be very hungry, too, and the scientists were their last meal. Take a creature from Aliens, mix it with a bat, a panther, and a hammerhead shark and you have these critters. There are also smaller, faster flying versions, too. The survivors realize they must stick together if they will make it off the planet, however most all of them are selfish in their own way. The motto of the group seems to be 'Let's stick together, because when the monsters come I only have to run faster than you to get away!' Can they make it out alive? They must transport some power cells to a small spacecraft at the outpost in order to get off the planet. But (and there's always a 'but') a rare eclipse of the three suns takes place and the planet becomes dark. The creatures then come out in force and the race to get away is on. Only light keeps the creatures at bay, but how long will that last? THIS IS THE BEST SCIENCE FICTION FILM OF THE NEW MILLENNIUM!!!!!!! (Well, actually the millennium is only one and a half months old, and it technically doesn't start till January 2001, but I wanted to see if I could get quoted like Harry Knowles in Pitch Black ads. :) ) Truthfully, I enjoyed this film. I wanted a good popcorn flick with cool effects and a lot of action, and that's what I got. The plot is not particularly deep, but for what it sets out to do, it does well. The cast was well chosen. Vin Diesel was excellent as the prisoner Riddick. He's tough, he's mean, and he's definitely no good guy, but you begin to like him nevertheless. Diesel played the part very well and I'd definitely like to see him play this character again. I think he'd be great in other action flicks. The rest of the cast did good jobs as well. The special effects weren't ground breaking caliber, but they were still good. The ship crash had some excellent moments and there is one particular scene where the creatures take flight at the beginning of the eclipse that is memorable. A really beautiful shot as clouds of the creatures swarm in the sky with the eclipse as a background. To make the planet a little more otherworldly, colored filters were used to give everything"
295,RFA_Doc5_PitchBlack,OSO_Doc5_PitchBlack,RFA,Sci-Fi,Positive,Pitch_Black,"Richard B. Riddick (Vin Diesel) can't seem to remain unconscious in cryosleep like the other 40 or more civilians and officers resting stationarily in their chambers aboard a space transport. He's the only prisoner of the group, which prompts him to contemplate the many opportunities for escape that may present themselves over the course of the 41-week journey. When a meteor shower causes excessive damage, causing the crew to be automatically awoken prematurely, Carolyn Fry (Radha Mitchell) inherits a command position after learning that Captain Tom Mitchell has perished. And then a tumultuous crash-landing plunges them all into darkness. With the back half of the ship torn away, it's obvious that the desert planet (boasting three suns) on which they stumbled will be their new home for some time. William Johns (Cole Hauser) is in charge of Riddick, who poses a conundrum, as he'd previously broken out of a maximum-security prison. Blindfolded and gagged, Riddick is additionally chained to a beam; but it's not enough to hold the man forever. A handful of survivors scour the wreckage, gather usable supplies, and hope to locate water - but they have more pressing things to worry about as well, such as the ravenous indigenous life. The sets are instantly amusing, though they're obscured by a precise color scheme that turns the imagery black-and-white with hints of various tints. Shadowy locales are bluish, while sun-scorched sand dunes are yellow; other colors are virtually nonexistent. If it didn't feel as if utilized to hide mediocre special effects, the palette might have been more effective. Distorted images, slow-motion in unnecessary moments, repeated camera angles, and rapid cuts also generate visual curiosities, which numb the effectiveness of the cinematography and action-oriented violence. Nevertheless, the exploration of the planet holds additional intrigue, particularly as the unprepared passengers investigate abandoned outposts and encounter other inhabitants. ""All you people are so scared of me. Most days I take that as a compliment. But it ain't me you gotta worry about now."" ""Pitch Black"" isn't smart sci-fi; instead, it's boilerplate survival horror, preoccupied with death, destruction, and monsters. Likewise, it's the type of thriller that employs a muscular hero and capable female sidekicks with obligatorily bared midriffs. There's also a curious subplot about idolizing Riddick's notoriety, with two teenaged survivors emulating his dress and demeanor - which doesn't quite fit with the rest of the action. Fortunately, this leads to a couple of surprises (chiefly in the order of demises), which proves a certain level of storytelling bravery from writer/director David Twohy. The dependence on CG antagonists, however, is a pity, as they doesn't hold up nearly as well as practical models (plus, inconsistencies abound with the designs, principally when the aliens swarm in the millions yet attack in small groups, perhaps a dozen at a time). This is true of the bloodshed, too, whose creativity suffers from unconvincing executions. The suspense fares better, especially when the characters are hunted down one by one in the inky confines of spaceship"
296,RFA_Doc6_PitchBlack,OSO_Doc6_PitchBlack,RFA,Sci-Fi,Positive,Pitch_Black,"As usual, one of the best films of the year is getting only a miniature release. For a while Pitch Black looked like it wasn't going to screen in the UK at all. Once, when I called its distributor in America, they pretended they hadn't even heard of it (""There's someone on the phone asking about Titch Clack""). It's a low-ish budget sci-fi flick shot in Australia, in the same area where Mad Max was filmed. This place, Coober Pedy, is usually boiling hot, but during filming it rained like crazy and the wind blew. This not only made for a hellish shoot (good - the cast look suitably stretched and panicked), it also forced the director David Twohy to bleach the negative and literally white-out all the angry clouds. He had to do this because Pitch Black is supposedly set on a sun-scorched planet. A ship crash-lands with most of its human cargo intact, including the co-pilot (Radha Mitchell) and a convicted murderer (Vin Diesel) who has creepy night-vision lenses implanted into his retinae. At first things are OK. They're thirsty, but plucky. Mitchell strides around with her long legs and serious face, the sweat on her neck making her hair curl into tight balls. Then someone gets eaten by a creature that appears to be cave-dwelling, capable of chewing through humans as though they were a wodge of brie, but terrified of light. Fine. It never gets dark on this planet. Or so they think! The film looks dangerously bright and burnt-out, so much so that I instinctively narrowed my eyes as though the screen were one enormous sun-lamp. In general, the production feels almost rush-job simple - in science fiction this isn't necessarily a bad thing. We are spared the ubiquitous, post- Blade Runner, apocalyptic monologue (Diesel tries, but his ginormous arms and dancer's waist are too distracting). Instead, the cast chug about, screaming bad news and sound advice at each other, while creatures pour out of flutes in the earth, like pollution from Industrial Revolution chimneys. It is unbelievably frightening. As it gets dark, the whole landscape of the planet seems inflected with horror, as though it were a shark-filled sea. The crew must take on the never-ending night, and therefore, in a sense, time itself. Bedazzled stars Brendan Fraser as a kindly twerp who is approached by Elizabeth Hurley claiming to be the Devil and wearing what could pass for a dress. In exchange for his soul, Fraser is granted seven wishes. Cue a succession of occasionally funny scenarios in which our hero turns into a trilingual drug baron (the rich wish), a hulking sports star (the sexy wish), and so on. By wish five, the film's prosaic rhythm (wish, disaster, wish, disaster) irritates. And then there's Liz, with her Joanna Lumley briskness, and her supply of small red outfits. Hurley's true analogue here is Barbara Woodhouse. She talks to everyone as though she's training them, including us. It's all done through a mouth so"
297,RFA_Doc7_PitchBlack,OSO_Doc7_PitchBlack,RFA,Sci-Fi,Positive,Pitch_Black,"I don't like to lament the changing tides of the cinematic landscape as so many are wont to do on social media. I like to go with the flow - watch what I want, ignore what doesn't interest me, and that's it. But if there is one thing I genuinely miss, it's the period where decently budgeted, high concept creature-features could be made and given wide theatrical releases. And they were mainstream! Every once in a while one may slip through the cracks (Alexandre Aja's Crawl and the 47 Meters Down films being recent examples) but for the most part this type of theatrical experience is dead. David Twohy's Pitch Black just recently celebrated its 22nd birthday this year, and I think it's time to celebrate the unlikely franchise-starter for being a damn good sci-fi/horror film that first introduced the cult favorite anti-hero, Riddick. By the time Pitch Black dropped David Twohy had already been in the game for quite some time. His first Hollywood writing credit is for Critters 2: The Main Course and from there he went on to write the cult classic Warlock and has credits for everything ranging from The Fugitive to G.I. Jane to Waterworld. Pitch Black was his third time in the director's chair after helming Timescape and The Arrival. Working from an initial script given over for him to tinker with, Twohy rewrote the film to amp it up into its own beast. There is a distinctive hard-edge, no-nonsense quality to Pitch Black that makes it very appealing. There is a dose of John Carpenter-esque cynicism to the story and characters here that feel right at home alongside films like Escape from New York and The Thing. A transport vessel cruising the backwaters of the space lanes is struck by a rogue asteroid, causing it to crash on a desolate planet scorching under perpetual daylight. The ship was transporting dozens of individuals in cryosleep - everything from holy men on a pilgrimage to one hell of a dangerous convict by the name of Richard B. Riddick - Vin Diesel's breakout, and in my opinion, best role. In their struggle to figure out a way off the planet, the survivors soon find out that they arrived just in time for the planet's nightfall 22 years in the making-and with the darkness comes the monsters. Their only hope of getting off the planet relies on the killer they all fear. Riddick can see in the dark. Can a monster save them from other monsters? High concept premises like this almost always hinge on the characters, and Twohy manages to craft a handful of them that refreshingly break the mold they initially seem to occupy. Our lead, Fry (Radha Mitchell) is hiding a secret from the rest of the survivors - that she almost jettisoned them into space to save her own ass. The cop transporting Riddick, Johns (Cole Hauser) turns out not to be a cop at all, but a mercenary with a drug addiction"
298,RFA_Doc8_PitchBlack,OSO_Doc8_PitchBlack,RFA,Sci-Fi,Negative,Pitch_Black,"Bottom line: I don't understand how this awful, painful movie started a franchise. The movie opens with a tour of a transport spaceship. Almost all of the passengers are in cryogenic-like sleep pods. Yadda yadda yadda the ship crashes on some desert planet. When the however-many-suns-this-planet-has set, swarms of vicious, flying, aliens come out from the subterranean depths to hunt in the...pitch-black night. One of the [many] things that disappointed me about Pitch Black was the design of the alien. Initially, I was excited. I thought we weren't actually going to get to see the aliens; it is called ""pitch black"" after all. Unfortunately, we see the little hammerhead things early and often. It's too bad we see them too because, even though this movie is from 2000, the CGI has not aged well. I'm used to seeing ""criminal"" protagonists who turn out to be misunderstood or noble rebels especially when the protagonist is Vin Diesel. Has he ever been a bad guy? Well, in Pitch Black, he is a super criminal/murderer who is being transported to some prison colony-planet. Over time, as these protagonists do, they bond with their fellow travelers. Diesel has a tendency to do this in his other roles, namely, The Fast and The Furious, where he is the kindhearted hijacker, Dom. In Pitch Black, it seems like he is going to be that type of character; he saves this character who does something stupid and that character who puts himself in danger. At almost the end of the movie, all of a sudden, he drops the act to become a villain...only to turn around to do the right thing. If they were trying to make him an antihero, they weren't successful nor were they successful at making him the anything more than a generic action figure. Vin Diesel makes me laugh because he is so serious about his roles. I've mentioned that about Tom Cruise in my previous reviews. I appreciate it when an actor is determined to do a ludicrous scene with the utmost dedication. In Pitch Black, for example, Riddick's hands are handcuffed behind his back around a steel beam. He looks up to see a break in the beam. I can imagine his thought process: ""if only I could flip up somehow and slip the cuffs thr- oh, better idea, I'll just dislocate my shoulders and slip them through the space."" Overall, I really disliked almost everything about this movie. I already talked about Riddick but I wasn't any fan of any of the other cookie cutter characters. There's the token love interest, the punk kid (who I'll discuss in a bit), Riddick's white male rival, weasel-like male character (who looks oddly like Quentin Tarantino), the expendable (less attractive) female character, and the token minority character and his two kids. I did have some fun picking out which characters would die (and in what order). I'd recommend you try it if you find yourself strapped to a chair and forced to watch"
299,RFA_Doc9_PitchBlack,OSO_Doc9_PitchBlack,RFA,Sci-Fi,Negative,Pitch_Black,"A spaceship carrying a prisoner, a cop and other travelers crash lands on a desert-like planet inhabited by creatures that come out to feed when it's dark. With Vin Diesel, Radha Mitchell, Cole Hauser, Keith David, Ric Anderson, Claudia Black, Les Chantery, Firass Dirani, Lewis Fitz-Gerald, Rhiana Griffith and Sam Sari. SEX/NUDITY 2 - Some sexual innuendo. Two women wear cleavage- and midriff-revealing shirts throughout the movie (in one scene, a woman's cleavage is particularly noticeable while she's on her hands and knees in front of the camera). VIOLENCE/GORE 8 - A person is shot several times (lots of blood sprays onto someone near by) and another's back is slashed (the long, bloody cut is visible). Someone is pulled into a hole and presumably eaten (we see blood on his face before he disappears, then see blood surrounding the hole). Creatures attack several people, but due to lots of quick cuts with the camera no explicit gore is visible unless otherwise noted: creatures fly away with a person's body, a creature grabs a person's neck and pulls the body up a wall, a creature stabs someone and then flies off with the body (we see blood dripping into a puddle), a creature impales someone (this is seen in an ""infrared"" shot) and then bites the person's head, a creature bites a person's leg (some blood is visible) and from a distance we see creatures feeding on a corpse (this is also seen in an ""infrared"" shot). In a long, chaotic scene of a space ship crash-landing, a man is impaled by a pole (we later see the bloody pole sticking out of his chest and hear him screaming in pain as he dies), people fall to the ground and are struck by objects, the windshield of the ship is shattered (it breaks into a woman's face, but she's not cut) and the ship catches on fire; parts of the ship rip off when it hits the ground. A man slices a creature (squishy noises are heard) and pieces of it fall to the ground; a few creatures are shot at. A creature's sharp claw nearly stabs a man's head. Creatures fight with each other while flying; pieces of them fall to the ground and their blue-colored blood falls on people below. We see a close-up of a creature bubbling when it's exposed to light. A man chokes another with a metal wire. Some punches and kicks and several scuffles and struggles in which people are shoved or thrown to the ground; in one scene, a woman tackles a man, who then flips her and holds a knife to her throat. A man injects a drug into his eye duct (we see a close-up of this). We hear cracking noises when a man intentionally dislocates his shoulders and then rolls them back into place. Creatures are fried by the space ship's fiery rockets and hit when the space ship takes off. We see a corpse's bloody, raw face with its eyeballs"
300,RFA_Doc10_PitchBlack,OSO_Doc10_PitchBlack,RFA,Sci-Fi,Negative,Pitch_Black,"A bunch of hateful people crash land their spaceship on a planet filled with aliens who, luckily, attack them thanks to the fact that they've landed on this planet at the worst possible time. I've watched most of the films now for my Halloween Horror Fest and just have to finish writing up the rest of the reviews. I've loved a couple and hated a couple. I didn't love Pitch Black. There was a lot of talk about Pitch Black as whatever number Riddick sequel thingy was out recently so I decided to finally check out Pitch Black after reading the following reviews for both of them: I hold none of these people responsible for making me watch Pitch Black. It was entirely my decision to watch a Vin Diesel movie! My Opinion on Pitch Black: The most positive thing I can say about it is that it definitely had potential. It COULD have been a pretty good film. And some of it LOOKED pretty cool, at least. One of my all-time favorite movies is Aliens (and Alien). I'm not going to be able to help but compare Pitch Black to Aliens throughout this review as it's basically Aliens but shit. Take out all the things about Aliens that make it such an awesome film and you get Pitch Black. The characters in Pitch Black were, for me, the film's biggest weakness. I didn't care about them at ALL. I don't know who the hell they even were or why they were on this ship. But I'll come back to all that later... Okay, the characters of Carolyn Fry (Radha Mitchell) & Jack (Rhiana Griffith) weren't TOO bad - they were the only ones I maybe (kind of sort of) wanted to survive. Jack is the only somewhat likeable character and Fry would be if it wasn't for something that happens at the beginning of the film (But it's pretty important when it comes to what happens at the end of the film so I didn't have a problem with that. In fact, this little bit of story was the only thing that gave one of the characters a bit of depth whereas none of the others had any at all). And RIDDICK? What a horrible movie character. And the sequels are all about him? Um, no thanks - I'll be skipping those. You see, he's a ""prisoner"". I have no idea what the hell he did or why the hell he's on this spaceship. I don't know if he's a bad guy who's actually kind of a good guy. I don't know what he says half the time because I can't understand him. I don't know anything about him at the start of the film and still don't know anything at the end of the film. What's the point? Are we meant to like him? Are we meant to hate him? Are we meant to identify with him in any sort of way? Are we meant to think he's"