Doc_ID,DSI_Title,Submission File Name,Student Name,Genre of Movie,Review Type (pos or neg),Movie Title,Text
101,CMA_Doc1_Tomb_Raider,CMA_Doc1_Tomb_Raider,CMA,Action,Positive,Tomb_Raider,"Strange days. Tomb Raider, starring Alicia Vikander as the young Lara Croft, opened to meh or worse reviews because we don't need another stinkin' remake of a lousy old movie based on an ancient video game and how lazy can studios be, etc., etc. What I saw - later than most critics, at an IMAX screening - was a tight, fast, well-made B picture that delivered exactly what it promised. I liked it much. I'll admit that the screening started off on a feel-good promotional note: Attendees were invited to dress up as Lara Croft and pose in front of the movie's poster. A bunch of women did, affecting the requisite tough stances. Then an announcer yammered something about the lighting being wrong and called for Alicia Vikander to help out - and so, in bounded Vikander, who amid the YAAAAHHHHHHHs hugged each Lara Croft in turn and posed for a group photo. Then she made the same speech about how she's always loved Lara Croft that I'd already heard on talk shows, but not from ten feet away, where it's even more charming. To the movie: Tomb Raider does everything right that last year's The Mummy did so garishly, painfully wrong. It's lickety-split, straight-ahead, with no dumb subplots. It opens on a note of loss. The vastly wealthy Richard Croft (Dominic West) tells his journal (and us) that he must take leave of his beloved daughter - his ""Sprout"" - to keep a nefarious agency from finding and weaponizing a demonic queen entombed in a mountain on an island off the coast of Japan. That sounds complicated but plays very simply, and then it's seven years later and Vikander's Lara is getting herself smashed in a boxing-cum-wrestling ring by a larger opponent. Lara drags herself off the canvas and we learn that she hasn't paid her club dues - she's poor, even though she could collect her father's fortune but won't because it would mean she'd have to acknowledge he's dead instead of missing-and-presumed. For some reason - maybe it's a consequence of staring for so long at the smooth, dead-eyed faces of Don, Eric, Ivanka, and Jared - I found her ridiculous insistence on living by her wits and on her merits as worthy of a standing ovation. But she is - there's no escaping it - a rich girl and a Croft, and the Crofts have a lot of holdings and a neglected but vast manor on the outskirts of London. Her aunt Kristin Scott Thomas bails Lara out of jail after a long and well-edited bike chase I won't bother to detail and convinces her to sign the damn papers already. But before Lara does, she's presented with a photo of her and her dad, plus a skeleton key and a puzzle - she and her dad loved puzzles - which sends her to her father's empty crypt, which sends her to his secret cluttered HQ for international derring-do, which sends her to Hong Kong, which"
102,CMA_Doc2_Tomb_Raider,CMA_Doc2_Tomb_Raider,CMA,Action,Positive,Tomb_Raider,"Based on the 2013 video game, and featuring Alicia Vikander as the latest incarnation of a character who's been around for 22 years, ""Tomb Raider"" surprisingly plays like a throwback to the classic late-'80s/early '90s era of action filmmaking, represented by the likes of ""Cliffhanger,"" ""The Last of the Mohicans,"" the first couple of Indiana Jones films, and Jackie Chan's ""Armour of God"" series. From the animated prologue, wherein the title character's archeologist father, Lord Richard Croft (Dominic West), tells of an ancient, cursed tomb supposedly containing the all-powerful, weaponizable remains of the Japanese shaman queen Himiko, through its gracefully executed chases and emotional moments, to its finale set on an island riddled with booby-trapped ruins, ""Tomb Raider"" is better and more original than anyone could have expected. Although it borrows from the game (and, partially, its sequel) for structure and most of its key action sequences, the movie never feels like a pointless companion piece to a work that was created for a different medium. I've never played the game, but I had a great time watching the movie it inspired, thanks to the direction; the stunt choreography, which leans on real performers and props whenever it makes sense to; the emphasis on problem-solving one's way out of tight spots; and most of all, the actors, who flesh out archetypal characters who might have seemed cliched or merely flat on the page, and make them as real as they can, considering what sort of movie they're in. First among equals is Alicia Vikander. With her faintly regal bearing, she's correctly cast as a woman who's literally to-the-manor-born, but the humility and sense of fair play she exudes makes you like rather than resent the character. More importantly, she's an action hero par excellence. Seemingly bereft of body fat, Vikander hurls herself into action. She makes you feel the physicality of this intensely visceral performance, letting out a high-pitched grunt of rage or pain when Lara crashes into a wall or gets slammed on the ground by a brawny foe, and letting sparks of fury flash in her eyes as Lara delivers a coup-de-grace. The movie has given a lot of thought to the question of how a small woman could successfully fight opponents who are a lot bigger and stronger. The answers are relentless speed, the strategic use of full body weight, and dirty fighting. This is not to say that ""Tomb Raider"" is ""realistic"" in any sense, because no video game movie is - at one point, Lara powers through after a puncture wound that would put a 250-pound Green Beret out of commission - but that the filmmakers and Vikander are doing everything they can to sell the physical and emotional reality of a moment. As written by Geneva Robertson-Dworet and Alastair Siddons, there's a strong element of domestic melodrama at the heart of the tale: Lara's father went missing and is presumed dead. The movie gradually fills out the details of their relationship, balancing Lara's admiration,"
103,CMA_Doc3_Tomb_Raider,CMA_Doc3_Tomb_Raider,CMA,Action,Positive,Tomb_Raider,"One of the earliest scenes in 2001's Lara Croft: Tomb Raider is a drawn out shower scene devoted entirely to showing as much of Angelina Jolie's skin as a PG-13 movie would allow. The first time we see Lara Croft in the 2018 reboot, Tomb Raider, she's in the middle of an intense kickboxing match, refusing to tap out and admit defeat. There are numerous ways in which Tomb Raider is better than its cinematic predecessors, but many of them are built off of that major shift in character focus. Yes, she's attractive (as the vast majority of action stars are), but this Lara Croft is a capable, intelligent action-movie heroine, not an excuse to flaunt boobs and guns. You care about who she is, not just what she looks like. This change, like the rest of the film's plot, follows the path of the 2013 reboot of the video game series that kicked everything off in the first place and manages to be more than just an origin story. It won't blow your mind with originality, but it provides an enjoyable ride for a couple of hours. Tomb Raider focuses on a young Lara (Alicia Vikander) struggling to make ends meet seven years after the disappearance of her father (Dominic West). She's not forced into poverty - a massive inheritance (including a manor and control of a successful holding company) is waiting for her, but signing the papers that would grant her the money would also mean admitting her father is dead. Instead, she has chosen to work as a bike courier despite obvious signs that she is capable of achieving much more. When she finally begins to accept that her father is gone, she learns that he had been keeping a secret: He was desperate to find proof of the supernatural following the death of Lara's mother, hoping it would mean he could see his wife again. This leads him to cross paths with Trinity, an ""ancient military group"" also seeking the supernatural, albeit for reasons that we presume to be much more nefarious. So he has made one final request of his daughter: Burn his research so Trinity can't use it. Not one to follow orders, Lara follows the elder Croft's notes to a remote and mysterious island off the coast of Japan, where Trinity is searching for the tomb of Himiko, who supposedly cursed everyone she touched with death. There, Lara and her new companion Lu Ren (Daniel Wu) face off against an army and a series of riddles that stand between them and the truth of this ancient myth. With a lack of experience and a stacked deck of danger against her, Lara gets beat up as much or more than she beats up others, though most of her scrapes comes from the environment rather than encounters with armed mercenaries. She tumbles over cliffs, falls into rapids and gets stabbed by dilapidated airplane parts in a variety of action sequences, but always manages to pick"
104,CMA_Doc4_Tomb_Raider,CMA_Doc4_Tomb_Raider,CMA,Action,Positive,Tomb_Raider,"As hard as it may be to admit, the original Tomb Raider movies are not very good. Though many of us have a soft spot for these relics of pre-Nolan, pre-Marvel Hollywood action cinema, revisiting Lara Croft: Tomb Raider and its torturously titled sequel Lara Croft Tomb Raider: The Cradle of Life today reveals just how far the genre has come in recent years. Consistently ogling Angelina Jolie in the title role, these films attempted to work around their intensely objectifying gaze by placing themselves firmly in the realm of the unrealistic action epic. Borrowing liberally from Michael Bay, John Woo and 90s music videos for their tongue-in-cheek aesthetic, they almost succeeded: if Jolie's Croft looked amazing throughout, it was because of her astonishing physical capabilities as much as her amazing figure. But Lara's inhuman strength and sexiness, combined with predictable storylines and an increasingly irritating snarky tone, made the whole explosive enterprise feel rather flat. Since Jolie's last adventure, the Tomb Raider video game series has gone through a remarkable transformation. Rebooted with the modestly titled 'Tomb Raider' in 2013, a superior sequel soon followed with 'Rise of the Tomb Raider'. A greater concern for realism in these games drew a lot of criticism from hardcore fans of the original games, nostalgic for Lara's pyramidic breasts and impossible shorts. But this attention to reality is precisely what saved the series - and what makes this new adaptation work so well. In Tomb Raider, helmed by Norwegian director Roar Uthaug, Lara is still the daughter of a man obsessed with relics and ancient tombs, but she's also an ordinary young woman like you and me... Well, not quite. Almost all the men she engages with in the film's early London-set sequences are in love with her - and who wouldn't be? She is kind and beautiful, knows her Shakespeare, has Vikander's glowing complexion, and has a taste for extreme sports. We are first introduced to her in a boxing ring, being utterly whooped by another woman. She suffers, but only taps out at the very last second. Like in the recent video games, she isn't invincible. And like in those games, it's for this reason that we care. While avoiding the mind-numbing sensory and stupidity overload that the Jolie movies embraced, this reboot still maintains a healthy dose of unrealism and cheese. The film opens with a deliciously corny, old-school sequence of crossfades between maps, photographs and ancient artefacts. In voiceover, Dominic West (playing Lara's father) recites the ancient tale of Himiko, a Japanese ""mother of death"" who once brought destruction upon everything she touched, and is now buried somewhere deep on a deserted island in the Devil's Sea. Reassured from the outset that there will be tomb raiding at some point in the film allows us to relax and enjoy the show before the real action truly begins. Following Lara, we soon learn that she works as a bicycle courier and witness her reckless participation in a thrilling illegal"
105,CMA_Doc5_Tomb_Raider,CMA_Doc5_Tomb_Raider,CMA,Action,Positive,Tomb_Raider,"I left the latest Tomb Raider film ready to hit the gym. This third adaptation of the video game franchise - and the first to star 2016 Oscar winner Alicia Vikander, who takes over for 2000 Oscar winner Angelina Jolie - is an adventure that's enthralled by what bodies can do. Lara Croft, Tomb Raider's Indiana Jones-esque protagonist, has long been a pop culture punchline for the disproportionate size of her breasts, and one of the many ways this Tomb Raider demonstrates self-awareness is by showcasing all the amazing feats that can be performed by that much-ogled physique. Like the Themyscira warriors in Wonder Woman who skirmished in ways that made sense for the female body, this Lara gets to execute fight choreography that looks and feels realistic for the figure we see on screen. It's revelatory. Another point in this Tomb Raider's favor: It's a 180-degree turn from Jolie's smirking, statuesque pinup, a cartoonish male fantasy who practically haunted her ancestral castle in silky, flowing robes, like a superhot Miss Havisham. In keeping with its grounded, near-gritty tone, this origin story begins with Lara as a broke, urban hipster in skinny jeans and leather jackets, getting by on a food-delivery job and showing no exceptional talent at her boxing gym. As the daughter of a Richard Branson-like swashbuckling CEO (played by Dominic West), she's got a Downton Abbey-esque manor and the inheritance to match, but she won't touch either. Doing so would mean acknowledging that her father, last seen seven years ago, is most likely dead. The daddy-daughter storyline is by far the clunkiest element in the script, by Geneva Robertson-Dworet and Alastair Siddons, so it's a relief that Norwegian director Roar Uthaug (who last helmed the tsunami thriller The Wave) rarely stops the action for a heartfelt scene. Even before Lara arrives on the remote Japanese island where her father set sail in search of the burial site of a legendarily deadly royal, the picture doesn't give her a moment of peace. She gets pummeled in the boxing ring, walloped some more during a bike race through London, and chased by thieves in a Hong Kong harbor where rickety wooden boats serve as a live-action platform game. (Vikander's previous career as a ballerina was probably helpful here.) These occasional efforts to incorporate video game elements are mostly inconspicuous. In one breath-catching sequence that also happens to be the film's funniest, Lara avoids falling down a giant waterfall, only to hold on to a quickly crumbling airplane wing, which lands her in a rusty hull that's about to deposit her back into a watery grave. With such lucklessness, she can't help but protest: ""Really?"" Lara lands on the island with a drunken sailor (Daniel Wu) in tow and discovers that it's far from the uninhabited rock she'd been told it was. A mission to find Queen Himiko's crypt, led by the ruthless Mathias Vogel (Walton Goggins), has been underway for years, and the papers that she used to find"
106,CMA_Doc6_Tomb_Raider,CMA_Doc6_Tomb_Raider,CMA,Action,Negative,Tomb_Raider,"It's been 15 years since the last Tomb Raider movie, 2003's Lara Croft: Tomb Raider - The Cradle of Life. The new film, simply titled Tomb Raider, picks up where the previous one left off: By being another instantly forgettable and thoroughly mediocre Indiana Jones knockoff. Croft was previously played by Angelina Jolie; this time she's morphed into the more serious form of Alicia Vikander, whose Tomb Raider is plunked into a story inspired by the 2013 video game reboot of the character that imagined one of Lara's first adventures on a treacherous island populated by cultists. The film version approximates that plot after a long and tedious prologue about Croft's pre-raiding life taking MMA lessons, working as a delivery woman, having flashbacks about her long-missing father (Dominic West), and getting into low-stakes bicycle chases through the streets of London. After what feels like an eternity, Croft finally gets to the island where she hopes to find her dad. Richard Croft left Lara a decade earlier to search for some all-important doodad of antiquity. The bad guys in the film, led by the extremely khaki Mathias Vogel (Walton Goggins), work for a mysterious organization called Trinity, and they want the doodad too. It supposedly relates to an ancient Japanese legend about ""The Death Queen,"" who was entombed on an uncharted island to protect the rest of the world from her evil powers. Richard's the only sensible guy who was like ""Hey the lady was called the Death Queen, maybe we should leave her alone?"" but of course the final act sees Lara, Vogel, and a bunch of disposal cannon fodder goons wandering through a poorly lit remake of Indiana Jones and the Last Crusade anyway, searching for whatever invaluable secret the Death Queen took to her grave. The new Tomb Raider is directed by Roar Uthaug, the director of the satisfying Norwegian disaster film The Wave. (Coincidence or not, this film has lots of scenes of Vikander falling into water, hanging off of waterfalls, and surviving assorted near-drownings.) He brings a certain level of intensity to the action scenes; the camera swoops through trees and tracks with Vikander as she runs through jungles or leaps across chasms at top speed. For a movie called Tomb Raider though, there is surprisingly little tomb raiding; at least the final sequence features a couple dopey-yet-fun puzzles reminiscent of a video game. (Vikander even helpfully shouts ""It's a color puzzle!"" in exactly the same cadence a video game character might if you got stuck on a particularly tough challenge for too long.) And Goggins, channeling Dirty Harry-era Clint Eastwood, brings the right level of IDGAF to his villainous role. While the movie is never less than competently staged, it's also rarely exciting or interesting enough to justify its existence. There is too much backstory about Lara, her absentee father, and his research, none of which matters. There's even an ""origin"" scene for the two pistols Lara Croft carries around in most of her video"
107,CMA_Doc7_Tomb_Raider,CMA_Doc7_Tomb_Raider,CMA,Action,Negative,Tomb_Raider,"You would never know it from the movies, but the Tomb Raider video games have, for the most part, offered a quiet, even thoughtful experience. For twenty years following its 1996 debut, the series centered on patient exploration and puzzle-solving, with players guiding a posh bombshell through lavishly expansive caves and lost temples. Sometimes lonely, sometimes soothing, often comically frustrating, Tomb Raider was something like Myst as reimagined by Russ Meyer after marathoning the Indiana Jones movies. Sure, the hero, Lara Croft, once in a while had to machine-gun a T. rex, and she had a bad habit of vaulting off to her death in directions you didn't intend for her to leap, but her existence tended toward the solitary: She wandered forgotten labyrinths forever in search of the next ancient lever to pull. You could idle there, on a precipice, and rotate the camera around her, taking in the world. The movies, by contrast, have shied away from quiet, solitude, or exploration. In theaters, Lara Croft is always running and fighting and explaining to her companions or enemies how putting this doohickey there will open this thousand-year-old stone door. They pulse along with the metabolism of action films rather than exploration games. You barely get to see the tombs that she's raiding, much less find a moment to work through the puzzles. One reason that Raiders of the Lost Ark or Alien or The Fellowship of the Ring have proven more thrilling than their sequels is that in each, the filmmakers took the time to allow us truly to discover the treasure cave, the mystery spacecraft, and the death-trap mine. We're there right along with the characters, inching step by step into richly detailed, fully convincing environments. That commitment to immersiveness has always been rare in Hollywood's adventure films, though not necessarily rare in Hollywood - horror, with its haunted basements, often depends on it. But movies like Tomb Raider, so eager to hustle us to the next story beat or action flourish, deny us the opportunity to dream along with them, to imagine that we could actually be there, raiding the damn tomb. Just over halfway through the 2018 edition, directed by Roar Uthaug, our skeptical Lara Croft (a marvelous Alicia Vikander) at last plunges with a squad of villains and her own father into the usual under-mountain hellmouth. What follows is like an old pop star's greatest-hits medley, where you get just listless scraps of what you paid to see: a quick rappel trip down, an insert shot of a skull with a hole in it, a pressure-plate spike trap, an unleapable chasm, a floor that falls away. Uthaug smash-cuts from one peril to the next, the explorers never seeming to move from chamber to chamber. We keep joining them, the exploration already in progress. Lara solves a brainteaser to open the doors to this tomb, but the movie doesn't involve us in her thinking or show us why she turns the knobs and dials she turns."
108,CMA_Doc8_Tomb_Raider,CMA_Doc8_Tomb_Raider,CMA,Action,Negative,Tomb_Raider,"Alicia Vikander worked herself into hardbody shape for Tomb Raider, which by contrast is a flabby, lazy mess. Video-game adaptations continue to be the action-movie albatross around Hollywood's neck, and the most egregious aspect of director Roar Uthaug's Tomb Raider reboot is that it makes the two earlier (and forgettable) Angelina Jolie films look good. While those at least had a B-movie sheen and owned their campiness, the new effort is too earnest, too belabored and too predictable: It steals liberally from Raiders of the Lost Ark and National Treasure without ever having a vision of its own. To its credit, heroine Lara Croft gets a welcome makeover for 2018. Jolie's buxom, short shorts-wearing, dual pistol-packing archaeologist matched the character on PlayStation consoles back in the day but would probably launch a thousand think pieces now. Vikander's take is more a lithe girl next door, whose physicality comes from training in mixed martial arts and biking around London as a courier. As tedious as Tomb Raider grows, the origin story begins with promise: Super-smart, clever and impressively jacked, 21-year-old Lara doesn't have any clear life goals, because she has been holding out hope for the return of her adventurer father (Dominic West). He has been missing for seven years, and Ana (Kristin Scott Thomas), Lara's default guardian, asks her to claim control of her father's holdings company and the family manor - by finally conceding that he's gone - so she doesn't lose it. But Dad left Lara some puzzles to figure out, and she discovers his longtime mission: to find the mysterious tomb of a Japanese sorceress queen on an uncharted island before its mythical contents fall into the wrong hands. Along with a Hong Kong ship captain (Daniel Wu) who's also searching for his missing father, Lara's trip to the exotic locale goes awry, and so does the movie: From there, it's a series of far-fetched action sequences, the introduction of underwhelming villain Mathias Vogel (played by the usually fantastic Walton Goggins) and an adventure that makes Lara increasingly less interesting. The spark and personality Vikander shows early on when just hanging with her cycling crew disappears when she starts endlessly jumping, punching and kicking in a tank top and cargo pants. That works better when you're playing a game, not sitting in a dark theater. (Also, for a movie trying hard with its female empowerment, having only two women in major roles feels odd.) Plot and character development fall off a cliff between crazy action - Lara goes flying down a waterfall and through a rusted aircraft in one scene and runs an obstacle course later on that would make Indiana Jones flinch. But there are some fun moments that are welcome when they come, and Vikander boasts amazing abs and insane traps for a highly physical role that diversifies her resume compared with the more thespian-ready stuff (Ex Machina, The Danish Girl). That said, her leaping in superhuman fashion over a crumbling crevasse tests the limits"
109,CMA_Doc9_Tomb_Raider,CMA_Doc9_Tomb_Raider,CMA,Action,Negative,Tomb_Raider,"If, as all signs indicate, Hollywood is entering a new ""woke"" phase, then the makers of action-adventure movies have their work cut out for them in the years ahead. Comic-book adaptations aside, these films mostly derive from the formulas of 20th-century pulp fiction, which now look far too politically incorrect to be adopted without drastic revision. This difficulty was evident in the recent, feeble efforts to revive Tarzan and The Mummy, and looms even larger in the latest edition of Tomb Raider, a ""franchise"" previously composed of a string of video games and a pair of early-2000s vehicles for Angelina Jolie. The premise of a female Indiana Jones might sound timely, but can a modern heroine get away with Indy's zest for pilfering antiquities and gunning down people of colour? The very title - Tomb Raider - conveys a view of cultural appropriation too breezy to be other than problematic. For Norwegian director Roar Uthaug and his team, the solution is timidity: in every respect, their Tomb Raider is a film that undershoots the mark. Now played by Alicia Vikander (Ex Machina), the intrepid Lara Croft is introduced as a young woman barely out of her teens, although in reality Vikander is 29, a couple of years older than Jolie was when given the role. At the start of her origin story, Lara is an heiress in revolt against her posh British background, working as a bike courier to pay for training sessions at a boxing gym. A no-sweat type keen to fit in with the boys, she's not obviously a globetrotting superwoman in the making, despite a skill set that includes archery, a knack for solving brainteasers, and the ability to bust out an appropriate Shakespeare quote. Still, her puzzle-solving smarts come in handy in following a trail of clues left by her long-lost father (Dominic West), last seen on a quest to stop an evil empress returning from the dead. While the rational Lara has no patience with mumbo-jumbo, she soon finds herself headed for a mysterious island off the coast of Japan, captained by a drunken sailor played by Hong Kong star Daniel Wu (acting rather woodenly in English). At its core, the film is a revisionist version of Raiders of the Lost Ark, leaving you wondering why it was handed to a director whose evident bent is for TV-style realism. The action set-pieces are sporadic and minimise gunplay (the best is the first, a bloodless bike chase through the streets of London). Exposition is delivered in static scenes by prestige actors (mainly Kristin Scott-Thomas as Lara's snooty guardian, with Derek Jacobi turning up briefly as a lawyer). As a rival adventurer, the sweaty, leering Walton Goggins is clearly bursting to play an 1980s action-movie villain, but is allowed only the minimum of sadistic flair. Vikander successfully conveys the toughness and focus you might expect in, say, a champion triathlete. But she struggles to endow Lara with iconic force, which is not altogether her fault, considering how"
110,CMA_Doc10_Tomb_Raider,CMA_Doc10_Tomb_Raider,CMA,Action,Negative,Tomb_Raider,"Here's a quick conundrum for you. Your evil arch-enemy is crossing a canyon on a thin, wobbly metal ladder which has been laid across the gap. How do you stop him reaching the other side? Do you... (a) shake the ladder, thus ensuring that he plunges to his well-deserved doom? Or do you... (b) leap onto the ladder yourself, thus ensuring that you're just as likely to plummet to your doom as he is? If you answered (a), then congratulations, you are officially cleverer than Lara Croft, the dim-witted and generally inept heroine of Tomb Raider. When the character made her video-game debut in 1996, she was marketed as a cyber sex symbol. The media focused on her rugby ball-shaped breasts, and a waist so minuscule she could have worn a wristwatch around it. But the game's designers liked to point out that Lara's IQ was even more stellar than her physical attributes, and by the time Angelina Jolie played her in two films, in 2001 and 2003, they could just about get away with calling her a feminist role model. Fourteen years on, you might assume that she would be even more capable, and the casting of Alicia Vikander, a multi-lingual Oscar-winning Swedish actress, was certainly encouraging. But, despite the fact that people keep saying how amazingly gifted Lara is, she is so useless that you end up wondering if they are being sarcastic. We first see her in an East London gym, where she loses a kick-boxing match. She then goes on a bike race around the city, a race she concludes by crashing into a police car. And when her adventures eventually get underway, she is less like James Bond than Inspector Clouseau. In Hong Kong, she wanders around a harbour, bleating, ""Excuse me, do you speak English?"" She is saved from three muggers by a shotgun-toting sailor (Daniel Wu), and he immediately cracks a code that had baffled her. Some role model. I appreciate that the Lara in this film is still a trainee tomb raider, so she has an excuse for not being the hyper-confident bad-ass played by Jolie. I also understand that this depiction is true to the game that relaunched the series in 2013. But it isn't much fun to watch her obeying other people's instructions, relying on other people to rescue her, and responding to danger with screams and yelps rather than snappy one-liners. Are there really so many proficient big-screen action heroines out there that we now need one who is rubbish at everything? What's worse is that Lara's incompetence is her only distinctive characteristic. Actually, that's not true. Vikander is absurdly gorgeous, so if you want to watch a muscular young beauty running around in a sweat-soaked camisole, you'll get your money's worth from Tomb Raider. But her personality is no more developed than that of Pac-Man or Sonic the Hedgehog. It was Lara's father (Dominic West) who trained her in archery and puzzle-solving as a girl, and it is"
111,FPO_Doc1_Game_Night,FPO_Doc1_Game_Night,FPO,Comedy,Negative,Game_Night,"Games Night Gone Wrong is not a new movie conceit. From Michael Douglas's The Game to Cheap Thrills to newcomers like Nerve, gaming enthusiasts in TV and movies rarely have an easy time of it. Just ask anyone who ever used a Holodeck in Star Trek. At the same time, since The Hangover, R-rated comedies have been steadily raising the stakes, substituting harmless slapstick for bodily dismemberment and the frequent abuse of poor Ed Helms. It was only a matter of time before the two cinematic institutions collided, applying the shocks and violence of a Hangover sequel to the story of an adults' games night gone wrong. Game on. Three zany but boring couples meet at Jason Bateman's house on a regular basis to play a series of games; charades, Scrabble, The Game of Life and pretty much anything else with a Hasbro label on it. The couples' vanilla bliss is thrown into disarray when smarmy brother Brooks (Kyle Chandler) joins in the party, bringing a game of his own to the table: gangster kidnap mystery. But, in news that will surprise nobody, the gangsters are real and so is the kidnapping... or is it? The race is on for the gamers to rescue Brooks and survive the night themselves. Vacation directors John Francis Daley and Jonathan Goldstein have assembled a fine cast here, with Bateman and Rachel McAdams tying the whole thing together perfectly as the competitive husband and wife leading the gang. While the rest of the main cast aren't as all-star as you might expect from a film of this calibre and budget, Sharon Horgan and Jesse Plemons hoard the monopoly of the laughs the rest of which go to McAdams, who gets to have fun in a way most on-screen wives tend not to in this sort of thing. It's Plemons who steals the show though, as the creepy, intense police neighbour Gary. Largely, however, there aren't that many laughs for anyone to steal or be stolen from. The comedy assumes that shocking violence and celebrity cameos are inherently funny, and the 'laughs' largely revolve around people being shot, punched or killed, either accidentally or on purpose. Thankfully, the action beats are to a higher standard than the writing, meaning that the film moves along at a healthy pace, even if it's not being all that funny or even as shocking as it thinks it is. It's like a game of Cards Against Humanity in which everyone is playing with a far too sensible deck. For all its bluster, Game Night isn't really much of anything. It's not particularly funny, not mean enough to work as a black comedy and not clever enough to be thrilling. Aside from McAdams, Plemons, and Horgan, the characters are as dull as the games they play (as though any self-respecting gang of board game enthusiasts would be playing Scrabble week in, week out) and the story barely makes sense, relying far too much on the old 'it was all part"
112,FPO_Doc2_Game_Night,FPO_Doc2_Game_Night,FPO,Comedy,Negative,Game_Night,"You know that comedy technique where writers and directors take a joke that's sort of funny, let it linger until it becomes just mildly amusing, step back while it festers so that it becomes painfully awkward and loses every bit of its appeal before they stretch it so far that it ends up being hilarious? Good, because the makers of ""Game Night"" sure don't. Although they're certainly well-versed in all but the final step. I can recall at least three instances of this in a movie that offers up some inspired, near-genius humor alongside jokes that fall so flat, you'd swear they'd just hurled themselves off the top of the Stratosphere. Like the sideshow performer billed as the world's shortest giant, ""Game Night"" is either among Hollywood's best horrible comedies or its worst great ones. Max (Jason Bateman) and his wife, Annie (Rachel McAdams), met while on opposing teams during a Trivia Death Battle when they simultaneously answered that the purple Teletubby was named Tinky Winky. They've been inseparable and, to anyone who doesn't share their ultracompetitive streak, insufferable ever since. Their game nights, though, have held their social group together much to the chagrin of their creepy cop neighbor, Gary (Jesse Plemons), who stopped being invited once his wife, their real friend, left him. Childhood sweethearts Kevin (Lamorne Morris, ""New Girl"") and Michelle (Kylie Bunbury) even sneak in through the windows to avoid being spotted by Gary as do dim-bulb Ryan (Billy Magnussen) and his latest Instagram model. Things take a turn for the dramatic with the arrival of Brooks (Kyle Chandler), Max's older, more successful brother, who's beaten Max at everything he ever attempted and goes out of his way to embarrass Max in front of his friends. Brooks even steals game night out from under Max and Annie for a week with a game unlike the usual charades or Pictionary in which one of them will be kidnapped and the rest will compete to find the victim. Shortly after promising the group, which has added Ryan's co-worker, Sarah (Sharon Horgan, Amazon's ""Catastrophe""), that they won't know whether anything that happens the rest of the night is real, Brooks is assaulted by masked men and dragged out of the house while his guests barely react. Written by Mark Perez (Disney's ""The Country Bears"") and directed by John Francis Daley and Jonathan Goldstein (""Vacation""), ""Game Night's"" premise a brother's gift of a dangerous adventure that may or may not be real is eerily similar to director David Fincher's 1997 thriller, ""The Game."" Ryan's obsession with the idea that people are hosting fight clubs could be taken as an allusion to that, since ""Fight Club"" was Fincher's follow-up to ""The Game."" Or maybe Ryan and/or the filmmakers are just hopelessly behind the times. It's a treat to see the usually earnest Chandler let his smarmy and obnoxious side out to play, but he doesn't get to interact nearly enough with his ""Friday Night Lights"" co-star Plemons, whose dead-inside stoicism gets"
113,FPO_Doc3_Game_Night,FPO_Doc3_Game_Night,FPO,Comedy,Negative,Game_Night,"Vacation"" directors John Francis Daley, Jonathan Goldstein and a game cast intermittently keep this film aloft, McAdams' nutsy enthusiasm and Plemons' creepy obsessiveness particularly on target, but Mark Perez's (""The Country Bears"") labored script creates a drag that ultimately overtakes their efforts. It's too bad, because the movie starts off promisingly and a couple of set pieces really soar, but by the time it crosses the finish line, ""Game Night"" has become exhausting. Max and Annie are so game enthused, Max uses a game of charades to propose. They're happy in their cookie cutter neighborhood where their only apparent problems are avoiding their next door neighbor Gary (Jesse Plemons), a humorless cop they've cut off since his wife Debbie left him, and Max's immobilized sperm which is frustrating Annie's pregnancy dreams. Dr. Chin (Camille Chen, ""Dean"") thinks the latter is due to stress and Annie immediately seizes upon sibling rivalry, the upcoming homecoming of his elder brother Brooks making Max feel inferior. (Upon hearing about the charismatic, better looking venture capitalist, Chin asks to meet him, the women amusingly exacerbating the very situation they're there to resolve.) After their usual group - Ryan (Billy Magnussen, ""Ingrid Goes West"") and his revolving supply of bimbos and married couple Kevin (Lamorne Morris, TV's 'New Girl') and Michelle (Kylie Bunbury, TV's 'Under the Dome,' 'Pitch') - climb in through the back window (the better to avoid Gary), Max is frustrated by his inability to get the group to guess 'Edward Norton.' Then Brooks blows their cover, honking the horn of his new 1976 Corvette Stingray (Max's dream car) to announce his arrival. By the end of the evening, Annie recognizes Brooks's constant undermining of her husband and Max has reluctantly agreed to let him host the next game night at his fancy new house. Brooks promises an exciting kidnap adventure with the winner getting the keys to his new car. The doorbell rings and 'FBI Agent Henderson' (Jeffrey Wright) enters, providing everyone with case folders. Then two masked men arrive, beat Henderson into submission, take Brooks down and haul him away. Max's group is impressed with the authenticity and each of the three teams take a different tack, Kevin and Michelle taking up the case file clues, Ryan and his decidedly smarter coworker Sarah (Sharon Horgan, TV's 'Catastrophe') hunting down Brooks's game agency to offer a bribe and Max and Annie following Brooks by tracking his cell phone. Of course, Brooks is in the hands of real criminals, leading to the film's first bit of real comedy as Max and Annie confront them with unwitting bravado and a real gun. Ryan and Sarah get a jolt from Murder She Wrote owner Glenda (Chelsea Peretti, TV's 'Brooklyn Nine Nine') just as 'Henderson' calls in their real predicament while Kevin and Michelle suffer the fallout of an earlier round of Never Have I Ever. Once they all regroup, more hijinx ensue as they butter up Gary while Max accesses a police database from his laptop."
114,FPO_Doc4_Game_Night,FPO_Doc4_Game_Night,FPO,Comedy,Negative,Game_Night,"Games are supposed to be fun, as is ""Game Night"" but the new comedy from the team of John Francis Daley and Jonathan Goldstein is more likely to elicit a grimace than a grin. Based on a script by Mark Perez, their second directorial effort is an improvement on the first, the wretched remake of ""Vacation"" that they wrote themselves but only just. Justin Bateman and Rachel McAdams star as Max and Annie, a couple who are devoted to playing competitive games and to winning them. They host a weekly game night with their friends, married couple Kevin (Lamorne Morris) and Michelle (Kylie Bunbury) and goofy single would-be stud Ryan (Billy Magnussen), who brings a new date with him each week. Max and Annie, we quickly learn, are also trying to get pregnant so you can guess how the story is destined to end but their efforts are being hampered, we are further informed in an embarrassing session with their doctor (Camille Chen), by Max's stress, most likely caused by the imminent arrival of his older, cooler, and fabulously successful brother Brooks (Kyle Chandler), who has always bested him. Brooks, in town for business, is coming to the next game night, at which Ryan's date is the usual bimbo as clueless as he is. Bateman, using his patented deadpan delivery, gets some chuckles out of that meeting with the doctor, as well as his fumbling performance on game night, but things deteriorate comedically as he and Annie vow to humble arrogant Brooks the following week in a session at his rented mansion. Brooks has a surprise for the group (now including Sharon Horgan as Ryan's ultra-smart plus-one), though not the usual games but a play-acted kidnapping sketch, with a prize for the team that locates the supposed victim first a sports car that has always been Max's dream vehicle. Soon an actor (Jeffrey Wright) appears playing an FBI agent to initiate the game. But suddenly two intruders break in, roughing him up and carrying off Brooks after a fight scene that's too protracted for its own good. It's soon suggested, though, that the abduction might have been genuine or maybe not. While the two subordinate couples are mired in other matters (Kevin and Michelle, for example, spend most of their time arguing over a one-night stand she supposedly once had with a celebrity a gag that, apart from a pretty good imitation of Denzel Washington, is way overextended), Max and Annie track Brooks down, with consequences that further muddy the waters. The result is that all the ""players"" get involved in looking for a couple of nefarious international criminals a fellow named Anderton (Danny Huston) who hosts illegal fights in his mansion basement for profit, and an even more shadowy figure called The Bulgarian (Michael C. Hall), who's looking for the script's MacGuffin, a Faberge egg. Also drawn into the action is Max and Annie's next-door neighbor Gary, a dour divorced cop who's hopeful of being invited once again to"
115,FPO_Doc5_Game_Night,FPO_Doc5_Game_Night,FPO,Comedy,Negative,Game_Night,"In the tediously overworked suburban-noir farce ""Game Night,"" Jason Bateman and Rachel McAdams play Max and Annie, a happily married couple who love each other almost as much as they love Taboo and Pictionary. Their team spirit is the surest sign of their compatibility: They forge alliances during Risk, decimate the competition on trivia nights and seem to share a single brain stem during charades. That desire to win at any cost can be extremely obnoxious, in part because it is also extremely relatable. Anyone who has ever flipped over a Scrabble board after a particularly aggravating defeat I'm speaking hypothetically, of course might well be the ideal viewer for a brisk, lively comedy about the pleasures of old-school party games and the bitter clashes of ego that can follow in their wake. The trouble with ""Game Night,"" directed by John Francis Daley and Jonathan Goldstein (""Vacation"") from a script by Mark Perez, is that it turns out to be nothing of the kind. The movie has some fun sending up the chips-and-salsa rituals of Max and Annie's insanely competitive game nights, regularly attended by their close friends Kevin (Lamorne Morris) and Michelle (Kylie Bunbury), a comfortably married couple, and Ryan (Billy Magnussen), a dumb-as-a-stump bachelor. But the movie almost immediately squanders that goodwill on a lame, hyperactive action plot involving black-market smugglers and Bulgarian mobsters, all of it set to a frantic soundtrack of shrieking tires and accidentally discharged firearms. Presumably that soundtrack will be supplemented by some laughter from the audience, though the periodic guffaws I heard during ""Game Night"" had the telltale strain of people desperate to convince themselves they were having a good time. Certainly you expect a good time from Bateman and McAdams, who give their banter just the right sly, sportive rhythm even when the lines and situations themselves come up short. Early on we learn that Max and Annie are trying to conceive a child, but something seems to be keeping Max's sperm from passing ""Go."" It might have something to do with the jealousy he feels toward his older, richer and even more competitive venture-capitalist brother, Brooks (Kyle Chandler, giving good swagger), who pulls up in a shiny red convertible one night and invites Max, Annie and their buddies to a very special game night at his house the following week. The game in question turns out to be one of those interactive mystery-themed evenings when a guest is murdered or kidnapped and the players must solve a string of puzzles in order to figure out the solution. But when a couple of thugs burst in, beat up the emcee (Jeffrey Wright) and violently abduct Brooks after laying waste to much of his modernist mansion, it soon becomes apparent that these crockery-smashing fisticuffs might not be part of the show. Apparent to the audience, that is. The characters, alas, take longer to realize what's going on, setting the pattern for at least one more pointlessly drawn-out gag in which Max and Annie,"
116,FPO_Doc6_Game_Night,FPO_Doc6_Game_Night,FPO,Comedy,Positive,Game_Night,"In many respects, the degree of difficulty to make the cheesy entertaining is not very high. Laughs of the low-hanging fruit variety are easy to come by and guilty pleasure films are created all the time. The real challenge is to make the cheesy, and the laughs that come with it, unexpected and fulfilling. Flush with snickering hilarity and scoring plenty of points for swerving surprises, Game Night is infectiously entertaining with any cheese it serves. Familiar game tokens from the likes of Sorry and Monopoly fall in smoky and suspenseful slow-motion during Game Night's James Bond Lite opening credits sequence. Such stylish pizzazz and the accompanying electronic pulsations of the musical score by Cliff Martinez (Neon Demon) tune this film from get-go. The premise may be innocent enough, but the hijinks that ensue jolt with their own sinisterly comedic glee. Through kinetic screen transitions montaging their relationship history, we meet Max and Annie (Jason Bateman and Rachel McAdams), two immodest bar trivia champions who go on to tie the knot and combine their competitive energies. The highlight of their week is excitedly hosting ""game night"" among their circle of friends, a cul-de-sac crowd of middle-class affluence that overly uses the word ""literally."" Their usual houseguests include fellow married couple Kevin and Michelle (TV performers Lamorne Morris and Kylie Bunbury), their himbo buddy Ryan (Billy Magnussen of Into the Woods), and the revolving door of Tinder sluts and Instagram model ditzes Ryan brings as dates. Left literally (oh no, there I go doing it too) on outside looking in is Max and Annie's next-door neighbor Gary, a divorced local cop who is never too far away from his pet dog Bastian. He used to be a game night regular with his ex-wife, but is now the victim of friends choosing sides after divorce. Still healing, Gary has become a creepy and emotionless man, the kind of guy with an abrupt dryness that can suck all of the air out of any fun conversation. Max's usual mojo and spunk for game night is thrown off when his more successful older brother Brooks (Kyle Chandler) blows into town to visit and crash the party. A fellow game dominator himself, Brooks raises the stakes by offering to host a murder mystery party instead of the usual boards, die, cards, and timers. The planned ruse is a scenario of violent kidnappings for the players to solve orchestrated by hired actors (led by Jeffrey Wright in Danny Glover ""too old for this shit"" mode). When Brooks becomes an actual target for real kidnappers, the ruckus turns real and WTF chicanery takes over for one wild night. The strength of Game Night's crowd-pleasing amusement is the convincing unpredictability delivered by Vacation directing team of John Francis Daley and Jonathan Goldstein, improving in their second feature after banking success together as Horrible Bosses series screenwriters. Game Night is nowhere near the mindfuck perpetrated by David Fincher's 1997 gem The Game, but just when you think you can"
117,FPO_Doc7_Game_Night,FPO_Doc7_Game_Night,FPO,Comedy,Positive,Game_Night,"At first, Game Night might look like your usual dose of raunch-com absurdity. You have a group of adults who think they're a part of an intense role-playing scenario, only for this faux kidnapping setup to turn into a real crime. Of course, the participants think it's all part of the game and go along with what ends up being an increasingly dangerous chain of events. It sounds contrived but Game Night is a movie that knows exactly what it is. There is a conscious decision on the film's part to both play its expected strengths while also subverting expectations along the way. And that leads to a comedy that's pretty damn great. Directors John Francis Daley and Jonathan Goldstein the duo that's tapped to direct the upcoming Flashpoint film for the DC Extended Universe take what could be a straightforward comedy and inject a ton of style and action into the premise. There are multiple shots in Game Night that utilize tilt-shift photography in order to give a scene the appearance of a game board. It's a welcome bit of flair to a flick that could have been shot as boilerplate as possible. And the visual tricks don't stop there. Daley and Goldstein crib from multiple influences such as Edgar Wright (Baby Driver) to help keep the movie feeling propulsive and energetic. One action sequence simulates a single take and pulls it off well enough that the edits don't ever jump out at you. Add to this little transitions between scenes that have some punch to them and it makes Game Night feel much hipper than it probably should. Part of that success also has to do with Game Night not resting on its comedy laurels. There is a satisfying mystery driving the plot that keeps you engaged throughout the running time. Fans of films like The Game will see that Daley and Goldstein are clearly lovers of cinema, and it's nice to know that they aren't approaching this movie with a sense of lessness. They want to make the best possible film out of Game Night that they can. It's also bolstered by characters that are genuinely relatable. Granted, the ensemble does feel a little one-note at times but never to a point where they don't feel necessary to the story. There is a lot of focus on each character getting some kind of arc. For a goofball comedy, that's commendable. And though the drama of the story does taper out by the film's climax, the road along the way is filled with great escalations of conflict and challenging obstacles for the group to overcome. That's not usually the case in these kinds of comedies. Kudos to screenwriter Mark Perez for keeping the audience invested and throwing curveballs at every turn. But, the main question that people have with a comedy is: will it make me laugh? Game Night is a very funny film that manages an incredible balance between shock humor, dark comedy, and crowd-pleasing silliness. Everyone"
118,FPO_Doc8_Game_Night,FPO_Doc8_Game_Night,FPO,Comedy,Positive,Game_Night,"Everyone knows that one super-competitive person. The one who will bury your nose in their victory or flip over the table in defeat. Yet we love them because they're family and it's usually only during game night that their inner beast emerges. With the recent resurgence of table top games, bringing family members together (Exploding Kittens), tearing them apart (Monopoly), or out-right traumatizing them (Cards Against Humanity) has never been more exciting or fun. Like a good game night, some cinematic adventures require a solid group to truly bring out the magic inherent in the experience. Fully embracing the potential chaos game night possesses, co-directors John Francis Daley and Jonathan Goldstein, the team behind 2015's Vacation, use a script from Mark Perez (Accepted) to set about pushing one group of suburbanites out of their comfort zones and straight into the danger zone. Max and Annie Davis (Jason Bateman and Rachel McAdams) gather together with a small group of friends each weekend to blow off steam with a variety of games. Charades, Pictionary, Life, Scrabble you name it, they've played it. When Max's brother Brooks (Kyle Chandler) comes into town for a visit, Brooks decides to up the ante by creating a murder mystery party, which is a fun change for Max, Annie, and their couple friends until they find themselves in deep over their heads. No rules, no points, and no way to quit, they have to think fast and work together if they want to survive. There're a lot of fantastic things about Game Night and the best place to start is Perez's script. It takes a relatively simple concept of ""game night gone wrong,"" adds in some Midnight Madness/Clue flavor, and embraces its R-rating. In a rare turn, the R isn't for sexual humor; rather, it's for violence, amateur gunshot removal, and loads of curse words. In essence, imagine what it's like to hang out with your friends, but amp up the intensity to involve death threats and you've got Game Night. Where the expectation is for the motif to wear thin quickly, however, the script continually keep things interesting and ever-changing by making full use of the ensemble cast. Like any game of chance, a roll of the die can mean great victory or horrific defeat, and Perez balances the ridiculous, high-drama side of Game Night by grounding with clever dollops of realism. No matter how intense things appear whether the gang is trying to track down the kidnapped Brooks, escape a locked room, or extract a wayward bullet reality sticks its head in to deescalate the tension. Frankly, utilizing realism throughout the film to undercut the drama brings about some of the best genuine laughs from Game Night, more genuine than any other gross-out gag might. In tandem with the script, co-directors Daley and Goldstein brilliantly bring everything to life so no situation feels too insane, no character too unrealistic, and no surprise predictable. Narratively, this is a difficult balance to maintain when so much of"
119,FPO_Doc9_Game_Night,FPO_Doc9_Game_Night,FPO,Comedy,Positive,Game_Night,"There are few types of films I personally love more than mysteries; a solid whodunit can effortlessly turn this frown upside down. Unfortunately, in our modern age of whiz-bang effects and amped up storytelling, the concept of a leisurely paced movie following an amateur detective as he or she solves a crime is almost as rare as catching a live pink flamingo on Rodeo Drive. And a witty, comedic take on crime solving with a gaggle of friends at the center? Well, that's like catching a unicorn in your bathroom. Which unless you're heavy into cosplay is pretty rare. So, now you understand my trepidation walking into Game Night. Jason Bateman and Rachel McAdams star as Max and Annie, an adorable couple brought together by each other's insatiable need to win. Game Night opens with Max meeting Annie for the first time, and then follows them through various competitions with friends until they finally arrive at the now. A happily married couple, Max and Annie are struggling with conceiving. Their fertility doctor believes that Max's ongoing competition with his brother Brooks' success is a contributing factor to this predicament. Every week, Max and Annie host several friends Ryan, Kevin, Michelle, and whatever date Ryan brings that week for a game night. Charades, Clue, Life, whatever the game, they each return weekly to stomp the competition. Well, everyone except their cop neighbor Gary (Jesse Plemons). Ever since Gary split from his wife, he's been excluded from game night because, well, they liked Pam better. Brooks (Kyle Chandler) arrives back in town and demands game night is held at his house this week, as he plans to take things to a new level. Once the players arrive, the setup is simple: one of them will be kidnapped, and it will be left to the players to find out where they are being held and rescue them. Shortly after, Brooks is snatched in a ridiculously overdone tussle, which everyone believes to be part of the game. But is it? As they each chase after their respective clues, it becomes apparent this kidnapping might not be staged after all. In fact, Brooks' life very well might be in danger if this Scooby gang cannot put it all together in time. The key to a film like this is nailing a cast that can sell your story regardless of how far-fetched it might seem at times. Or for the entirety. Bateman and McAdams prove a perfect pair to carry us through this madness, as their fierce competition is only rivaled by their mutual love and admiration for each other. In real life, these types of people can often be insufferable louts, with their constant rule checking (steered toward their personal benefit of course) and non-stop disregard for everyone else's joy in service of their own desperate goal of dominance. Thankfully, it's pretty damn difficult to dislike these two. Almost as compelling are Kevin and Michelle (Lamorne Morris and Kylie Bunbury), wrestling with a revelation brought"
120,FPO_Doc10_Game_Night,FPO_Doc10_Game_Night,FPO,Comedy,Positive,Game_Night,"I work with a bunch of people who get to the movies once every month or so but wouldn't consider themselves film buffs. Talking to them about the premise of Game Night (which they hadn't heard of before), there was certainly a heightened level of intrigue. Even I have to admit that it sounds like a cool idea for a movie on paper. Written by Mark Perez (The Country Bears, Herbie Fully Loaded), we begin with a cute introduction as to how the film's two key protagonists first me. Max (Bateman) and Annie (McAdams) were on opposing teams at a pub trivia night but they quickly realised they had something in common a mutual attraction and an intensely competitive nature. Such is their love for games, Max actually popped the question during a game a charades. I'd have expected nothing less from these two. Things are generally going well for Max but there's one sore point that's making him anxious his brother. Brooks (Chandler) is a successful venture capitalist who lives in nice houses, travels around the world, and drives expensive cars. Their levels of success are summed up best when Brooks is described as Mark Wahlberg and the underappreciated Max is described as Donnie Wahlberg. It's clear that max is tired of living in his brother's shadow. Agreeing to host a game night for the first time, Brooks once again tries to show off in front of Max, Annie and four of their good friends. Rather than organise a simple game of Monopoly, Scrabble or Cluedo, he goes all out and orchestrates a fictitious crime. He says that someone at the game night will be kidnapped and it'll be up to everyone else to put together the clues and solve the mystery. A substantial prize awaits the winner. If you've seen the trailer or any adverts, you'll know what happens next. An actual crime is committed but the problem is that the participants at the game night are none the wiser. They see Brooks being gagged and carried away by two hired goons without having any idea that it's actually real. What follows is a series of humorous, chaotic events as the game night participants try to locate Brooks without realising just how dangerous the situation is. Leave your brain at the door with this one. The more you think about it, the less sense it makes.... but that's not to say that you can't have fun watching it. The story doesn't flow particularly well but there are some great individual scenes that make it worth the price of admission. A great example is a sequence where Max and Annie argue outside a convenience store while she tries to extract a bullet from his arm using a craft knife, a bottle of chardonnay, and instructions from Google. It's farcical but it's funny. The bickering between the characters also wins humour points. Kevin (Morris) and Michelle (Bunbury) are two game night participants who lose focus after she admits she slept"
121,HEP_Doc1_Send_Help,HEP_Doc1_Send_Help,HEP,Horror,Negative,Send_Help,"Despite my ambivalence towards ""Doctor Strange in the Multiverse of Madness"", Sam Raimi's recent detour into the Marvel universe, I remain an admirer of his inventive sense of cinematic scale. It's why I was excited at the prospect of catching a preview screening of his latest film ""Send Help"" hours before I travelled out of New York at the end of January. The premise alone promised something lively. Rachel McAdams plays Linda, a dowdy office worker stranded on a deserted island with her arrogant boss (Dylan O'Brien's Bradley), a setup generic enough to be familiar but flexible enough to allow real invention. I went in eager to see where Raimi would take it. And to its credit, ""Send Help"" immediately resists the most obvious routes. The first act unfolds in a heightened version of the everyday world, immediately signalling that it intends to treat its banal setting as a comic playground by way of gaudy body-horror. McAdams leans into plainness with sensible shoes and thick glasses, a kind of ""She's All That"" idea of an attractive actress playing dowdy. Meanwhile, O'Brien pushes his performed machismo to absurd levels in an engaging departure from his most notable onscreen role as Stiles Stilinski in ""Teen Wolf"". There's a consistent playfulness in these early scenes that has the sensation of the film, and its performers, winking at you. These moments work best when they embrace their own silliness. A sloppy tuna sandwich becomes a running joke. A promised promotion clearly foreshadows disappointment to the point that we are credulous of the expectant character's naivete. The humour is broad and obvious, but the commitment to the bit gives it a scrappy charm. The broadness is self-knowing. When Linda realises the meanness of her new boss, there is a childish edge to the cruelty on display, oddly out of step with the supposed ages of the characters, but effective as a fantasy of adult regression. Raimi is patiently setting the table for the survivor thriller to come, preparing us for the trapped-in-the-wild meal that will follow the office-dynamic aperitif. When ""Send Help"" reveals that Linda, a paragon of preparedness, once auditioned for ""Survivor"", a group of younger men in the office circle around a computer watching her audition with derision. It's clear in moments like these that Raimi is painting a specific kind of cadence and mood for the ""real world"" that turns the shift to the actual survival thriller of its centre into a genuinely exciting approach to blending genres. Raimi remains very competent at wielding comedy and horror together in ways many contemporary filmmakers are unable to. The first act ends with a bravura set piece, a plane crash rendered with gruesome enthusiasm with death upon death that guarantees that Raimi is back in his body-horror wheelhouse. It announces Raimi's intention to exploit his gift for the macabre, and on that front the film delivers consistent jolts of energy. Taken simply as a collection of such sequences, ""Send Help"" is thrilling in its"
122,HEP_Doc2_Send_Help,HEP_Doc2_Send_Help,HEP,Horror,Negative,Send_Help,"Send Help comes tantalizingly close to making good on its dark premise but the filmmakers can't manage to get out of their own way leading to a gory and unearned conclusion. Linda (Rachel McAdams, Doctor Strange in the Multiverse of Madness) has been toiling away at a company for years. While she's highly competent and good at her job, Linda is that annoying obnoxious co-worker no one wants to be around for more than 5 minutes. Just as obnoxious though in a totally different manner is her new boss, Bradley Preston (Dylan O'Brien, Love and Monsters). Bradley is a typical boorish billionaire bro who's gotten used to people leaping when he says jump and is even more intolerable now that he's taken over his late father's company. He's got an impossibly gorgeous fiance (Edyll Ismail) yet still is quick to sexually harass potential new employees. Although Bradley's father promised Linda a big promotion, Bradley isn't keen on making her a VP due to her quirky behavior. Send Help screenwriting partners Damian Shannon and Mark Swift (Baywatch, Freddy vs. Jason) make Linda and Bradley caricatures of the mousy, nerdy office workhorse and the bratty boss tropes but they're written so over the top that they come off too cartoonish to be actual people. While the script does evolve in some areas, Send Help is weighed down by that pesky problem that both characters are too deep shades of grey to be likable. This is further highlighted when Bradley and Linda are the only survivors of a violent plane crash. Director Sam Raimi makes sure that the crash sequence gets a horror coating to it with blood coating the plane's exterior and a zombie-coded burn victim. No need to worry, Raimi does toss in an actual zombie scene to slash it off his checklist. With no friends and a bird for a roommate, Linda grew obsessed with Survivor and even submitted an audition tape to join the show. Linda is written far too silly. When Bradley ends up on shore with a badly damaged leg it falls on Linda to take care of both of them. If Shannon and Swift toned down some of the corny humor, she would be a character easy to root for in this role reversal power play. As is, Linda nearly shifts to a noticeably different character when she's on the island. At its core, Send Help is a constantly shifting struggle for power. With a deeper film it could be viewed as an intriguing metaphor of men and women in the corporate boardroom. Send Help doesn't have those kinds of lofty aspirations or if the filmmakers did, they failed to make it work. Their failure doesn't carry over to McAdams or O'Brien's performance. They both deliver amazing turns fully capable of handling the shifting dynamics of boss/employee to survivalist/hapless sidekick to potentially friends. Given that Send Help is largely a two-person film besides a far too quick cameo by Dennis Haysbert, their chemistry was vital and"
123,HEP_Doc3_Send_Help,HEP_Doc3_Send_Help,HEP,Horror,Negative,Send_Help,"Comedic thriller Send Help seems desperate to impress its audience, and represents a long-delayed return to home territory for director Sam Raimi, but ultimately a deeply unbalanced tone and a failure of consistency relegate the film to mediocrity. One can see the various ingredients involved, but they fail to gel together. Despite the considerable talent both in front of and behind the screen, this is the very definition of ""missable"". Rachel McAdams plays Linda Liddle, a talented but dishevelled strategist working for a large corporation. When the company's new CEO Bradley Preston (Dylan O'Brien) passes Liddle over for promotion, and then actively demeans her at work, she is at her lowest ebb. When a corporate flight to Thailand unexpectedly crashes into the ocean, it leaves Bradley and a resentful Linda trapped on a tropical island until rescue arrives. It has been a long struggle for Sam Raimi since 2009's Drag Me to Hell. A series of collapsed projects kept him out of the director's chair until Disney hired him to direct their abortive prequel Oz the Great and Powerful, and that film's commercial failure seemed to leave him confined in filmmaker's prison until he agreed to helm the sprawling franchise picture Doctor Strange in the Multiverse of Madness (2022). This new film reteams Raimi with that film's co-star Rachel McAdams, who is consistently a superb and underrated talent. She is visibly putting in a lot of effort here, mostly because her character is so inconsistently written. The film works in near-parodic broad strokes. Bradley is a one-note cliche of selfishness and inherited wealth. Linda is presented as a shabbily dressed and unkempt ""ugly duckling"" stereotype, who magically becomes more attractive and sexier the longer she is on the island. At first the film appears to follow in the mould of a wronged woman getting her revenge on a nightmare boss. When that storyline begins to falter, it is replaced with a stock ""rational man trapped by psychotic and obsessive she-devil"" trope. Each requires one of the characters to be unsympathetic, meaning that by Send Help's ridiculous climax there is honestly no one left for whom to root. Scenes filmed on location jar against scenes utilising too much CGI. Danny Elfman's score adds a bombastic, Herrman-esque patina over everything. Raimi's old penchant for gross-out blood and gore gets an enthused revival, with a healthy amount of blood and vomit. It does not sit well with the film's other elements, and that seems to point to a core problem. Whenever events take a particularly savage or confronting turn, Raimi immediately retreats to save territory. Things are revealed to be a fake-out, or are furiously backtracked. At one point events literally turn out to have been a dream. There is no courage behind this picture; just a relatively anodyne urge to please a lowest common denominator. The variety of styles that Raimi has employed throughout his career have reached a point now where there are arguably multiple Sam Raimis: the gore-loving excessive Sam"
124,HEP_Doc4_Send_Help,HEP_Doc4_Send_Help,HEP,Horror,Negative,Send_Help,"Anyone else underwhelmed by the current career trajectory of Sam Raimi? His latest movie Send Help was positively reviewed by critics, and grossed 57 million domestically on a budget of 40, so that's a success by most measures. Written by Mark Swift and Damien Shannon, the team responsible for such women-friendly movies as, erm, Freddy vs Jason and the Friday the 13th reboot, it's billed as a feminist survival horror film, with a man and a woman stranded on a remote island on the Gulf of Thailand. So Send Help is The Collector meets Hell in the Pacific meets either film titled Castaway, and sets its stall out along the familiar fault lines of male-female division. Rachel McAdams and Dylan O'Brien are the two people who find themselves cast away; Linda Liddle (McAdams) is a frumpy whizz who works at a financial management company, while Bradley Preston (O'Brien) is the devious new CEO who uses Linda's work without properly acknowledging who is responsible; a traditional glass ceiling situation. Liddle confronts her boss, and is rewarded with a place on the company's trip to Bangkok, but the plane crashes and she finds herself alone with her chauvinist antagonist on a desert island. Liddle spots a potential rescue boat, but doesn't attract any attention, prefering to teach her boss a lesson on her terms... 'How above and beyond are you willing to go for me?' is the question we hear Preston ask a prospective applicant for a secretarial position, and once they're trapped on the island, Liddle repeats the same line to Preston; this is a story about women turning the tables on men, which might have more resonance if any women at all were involved in the writing or directing of the story. But in male-created horror, women tend to be either hapless pretty victims or demented, kill-crazy harridans, and while Send Help wants us to root for Linda Liddle's survivalist attitude, her cruelty isn't much more than the lesser of two evils beside Preston's outright misogyny. 'Monsters aren't born, they're created,' we're told, and this could be considered to be an origin story for Linda Liddle, CEO Hunter; the narrative is a long slow burn as a power-struggle unfolds on the fake CGI island, with Liddle literally bringing home the bacon' by figuring how how to use the local wildlife to feed her boss. Spoiler alert, a kink in the story, twist would be too strong a word, reveals that Linda Liddle abilities aint' all that; she secretly found and broke into a luxury house not long after they arrived, so the lengthy focus on her amazing survival instincts feels like something of a cheat. Foreshadowing takes the form of Linda Liddle having a cockatiel and eating tuna fish in the office, while there's constant references to Lord of the Flies, from Piggy to the Conch, they don't quite fit with the film's theme; William Golding's novel isn't a guidebook about how to survive. What Lord of the Flies is"
125,HEP_Doc5_Send_Help,HEP_Doc5_Send_Help,HEP,Horror,Negative,Send_Help,"Sam Raimi is a filmmaker who is known for doing horror comedies. Often, his works incorporate some kind of supernatural elements. His signature work is The Evil Dead (1981). That film and its sequels put him into cult status. He achieved mainstream success with Spider-Man (2002) and its sequels, which weren't horror films but possessed some body horror elements, as well as the ridiculous and over-the-top action that he usually embraces. Recently, he did Doctor Strange in the Multiverse of Madness (2022), which is probably the closest to a big-budget, superhero, horror comedy, other than something like The New Mutants (2020). Raimi shines at more moderately budget horror comedies. His last was Drag Me to Hell (2009), which was rather fun. Yet, even that film incorporated some kind of supernatural elements. This film doesn't have any supernatural stuff, which is odd for Raimi. It probably has something to do with the fact that he didn't write the screenplay here. Raimi didn't write The Gift (2000), which he also directed, but that one still had supernatural elements to it. This film has ridiculous and over-the-top actions that are quite frankly silly rather than scary, but without that supernatural element, this film feels less like a Raimi film. However, Raimi has directed rather straightforward films like The Quick and the Dead (1995) and For the Love of the Game (1999). Those two films though weren't well received at the time of their releases and were seen as box office bombs. Rachel McAdams (The Notebook and Mean Girls) stars as Linda Liddle, an office worker who has been employed at a financial services company for seven years. She specifically works in the Planning & Strategy department. She's very much a numbers girl. She could be confused for being a nerdy accountant and she in fact is confused for that. She's hoping though to get a promotion at the company and become Vice President. The founder of the company passes away and the job of CEO is given to the founder's son. That son, unfortunately, is very much a frat bro who wants to promote a fellow fraternity brother to Vice President. This frat bro only seems to appreciate people who are young and charming, as well as those who are more concerned with their looks than their work. Linda doesn't care much about her appearance. She's very frumpy and wears glasses in order to underscore her perceived unattractiveness. Dylan O'Brien (The Maze Runner and Teen Wolf) co-stars as Bradley Preston, the aforementioned, new CEO who is probably 15 years younger than Linda, but he's now her boss. He doesn't value her work. He seems to think that being a CEO is only about having good-looking people around him and playing golf, while generally living a pampered and jet-setting life. He's superficial and vain. He looks down on Linda in disgust and he's not above mocking her, even when she's in earshot. He's a jerk, an entitled one at that. When he takes her"
126,HEP_Doc6_Send_Help,HEP_Doc6_Send_Help,HEP,Horror,Positive,Send_Help,"Whenever I saw Lost or, recently, Yellowjackets, one thing wouldn't leave my thoughts: would I be able to survive such an ordeal? If so, how would I go about it? And more importantly, would my humanity persevere? In Sam Raimi's Send Help, now streaming on Hulu, the main protagonist finds herself in a similar situation but the way she goes about it is anything but ordinary. Bloody, unhinged, and packed with twists and turns, Send Help is highly entertaining and one that can be watched many times. Linda Liddle (Rachel McAdams) excels at her corporate job, but still, she's the laughingstock of her colleagues and even her newly appointed boss, Bradley (Dylan O'Brien). Whether it's due to her quirks, the way she carries herself, or the way she approaches things, Linda finds herself being an object of the old-fashioned bullying. Just when you think she might finally get a chance to prove herself and stand her ground, things go from bad to worse. During a business trip, the plane crashes on a deserted island, leaving Bradley and Linda as the sole survivors. Now, O'Brien's character finds himself having to rely on Linda and her impressive survival skills he previously mocked. Send Help is one of those films that frustrate you to your very core in the first half, just to completely twist and bestow upon its audience an unhinged, wild second half that gives us unfiltered, fierce, batty Rachel McAdams' character that you'll simply cheer for the entire time. Her Linda is beyond helpful, overzealous, and meticulous; coworkers don't find her jokes funny and think she tries just a little too hard, but once we see her in her element, where she has to find shelter, food, and something to drink, she grows and flourishes into a swan, just like the Ugly Duckling story tells. She portrays the type of coworkers we all have and know. Those that blend into wallpaper easily, those who can go ignored for days at the time. But once the characters find themselves on the island, we see how wrong her coworkers were about her; just because they knew her one way through work didn't mean she was that way wholly which her character proves throughout the film. In both cases and both versions, McAdams does a phenomenal job. After the plane crash, Linda attempts to keep injured Bradley alive, no matter how much he wants to resist it. In the film, O'Briens character symbolizes capitalism, the fake hierarchy that we put ourselves in just because, shallowness, and ungratefulness we so often see in such types. Both him and McAdams have outstanding dynamics, verging from hate, disgust, going to attraction, then distain. In fact, the film doesn't really help us describe it and instead, we find ourselves guessing what are the characters' real motives? Does Bradley really hate Linda so much? And if so, why is Linda going out of her way to aid to him? In a way, Send Help can be reminiscent of"
127,HEP_Doc7_Send_Help,HEP_Doc7_Send_Help,HEP,Horror,Positive,Send_Help,"One island. A struggle for survival. Two bickering colleagues are fighting over a power imbalance. Send Help, directed by Sam Raimi (The Evil Dead), is a workplace dark comedy that plays with our expectations of deserted island horror. Lower your sandcastle walls if you're anticipating this to be only a psychological island thriller in the vein of Lord of the Flies. Instead, Send Help's bloody imagery hides a deeper layer of power struggles, strong chemistry, and dare we say, a wave of humor. From a plot standpoint, Send Help's story isn't reinventing the genre. In fact, you might find it a tad familiar to other deserted island narratives. Written by Mark Swift & Damian Shannon (Freddy vs. Jason), Send Help focuses on Linda Liddle (Rachel McAdams), an awkward corporate strategist who gets washed ashore on an abandoned island with her monster boss, Bradley (Dylan O'Brien). As the pair survives on the island, tensions arise as they battle for control and plot different paths for their futures. Send Help is a tale of workplace opposites, combining two differing personalities in one location. The self-absorbed jerk and the meek people-pleaser. The rich boss and the struggling employee climbing the corporate ladder. Naturally, their journey experiences the push and pull of adjusting to their new locale. If you've seen one opposites movie before, you have an understanding of where the plot will go. The same goes for the ""trapped on a deserted island"" trope itself. Without giving any spoilers away, Send Help charts a safe narrative. You'll more than likely be able to predict key plot points and the big twists of the film. This familiarity doesn't ruin the fun, but it doesn't push itself further than what you anticipate the story to be. The breakout element of Send Help, on the other hand, is Linda and Bradley's strong chemistry. Send Help succeeds thanks to the polarizing traits of the lead roles and their brewing conflict. McAdams and O'Brien fully embrace their character qualities, bringing these two roles to life. You feel as the pair's relationship changes throughout the ordeal, from its friendly highs to its intense lows. Both McAdams and O'Brien bring that energy to the screen, adding nuance and roller coaster tension to the story. O'Brien's turn as the scumbag boss paints a pretty picture of a love-to-hate villain. Even at his most redeeming moments, Send Help reminds you that this isn't a character to cheer on. And believe us, the movie reminds you often! Bradley is a polarizing character someone whose core qualities are hard to forget, even outside of their element. McAdams is having the the time of her life with Linda's transformation arc. From meek employee to confident survivalist, Linda's journey is one of growth and empowerment. McAdams shines in channeling the different stages of her character's change, while still exuding the mystery. There's something off about Linda that you can't quite trust, and with the shift of power roles, that mystery becomes more present. Together, both create"
128,HEP_Doc8_Send_Help,HEP_Doc8_Send_Help,HEP,Horror,Positive,Send_Help,"Director Sam Raimi gets back to his Evil Dead, Darkman, and Drag Me to Hell roots with his latest hysterically horrifying (and socially relevant) slice of bloody terror Send Help, and he's brought a sublimely malevolent Rachel McAdams along with him. Together, the pair produce an explosively entertaining thrill ride of upended power dynamics, psychological manipulation, and workplace sexism that rarely does the expected and always goes for the jugular figuratively and literally whenever and wherever possible. Linda Liddle (McAdams) is the underappreciated lead executive of the Strategy and Planning division at a prestigious consulting firm. When the former CEO and owner of the company dies, his position is taken over by the man's conniving and misogynistic son, Bradley Preston (Dylan O'Brien). Linda, promised a promotion to Vice President (along with a nice bump in salary), discovers this new boss has no intention of following through on his late father's wishes. He's going to pass her over, filling the post with a former fraternity buddy (Xavier Samuel) who wouldn't know how to plan a successful business strategy if it were to randomly wander over to him, flash a sexy smile, and abruptly bite him on the butt. Linda is given one chance to prove herself and maybe earn back the promotion she's already merited several times over: Join Bradley and his team on an Asian business trip and come up with a strategic plan that will win over a high-profile new client. But it's clearly a ruse. While sitting in the back of the private aircraft, Linda realizes that Bradley has no intention of doing what is right. She's only there to compose the proposal, a multilayered pitch deck sure to wow whoever looks at it and from which her name will be erased and theirs firmly printed on the front cover instead. This makes Linda justifiably mad. Then the plane crashes. From that point forward, Raimi, along with writers Damian Shannon and Mark Swift (the pair behind 2009's Friday the 13th reboot), demonically turns everything upside down. Linda, a devoted Survivor fan who has been trying for years to get on the long-running reality competition show, pulls herself out of the ocean and onto a deserted tropical island, only to find a half-alive Bradley washed up ashore the next morning. From that point on, it's clear who needs to be in charge and who should be following orders, and it isn't the chauvinist in the expensive, if rather useless, luxury brand shoes. Everything that happens from there is pure Raimi. Macabre, pointedly diabolical dream sequences with a pitch-black comedic lilt. Unhinged camerawork full of shocking whip pans, extreme closeups from unusual angles, and blood-soaked lens splashes that jolt the audience into frenzied uncertainty like an expertly staged jump scare, all of it courtesy legendary cinematographer Bill Pope (The Matrix, Spider-Man 2). A raucous, anything-goes orchestral score composed by a freewheeling, creatively uninhibited Danny Elfman in full Beetlejuice meets Men in Black (with a sly dash of Milk or Good"
129,HEP_Doc9_Send_Help,HEP_Doc9_Send_Help,HEP,Horror,Positive,Send_Help,"Sam Raimi returns with Send Help, his first film since 2022's Doctor Strange and the Multiverse of Madness, reteaming with Rachel McAdams in a survivalist thriller-comedy with horror movie undertones. McAdams stars as the aptly named Linda, a long-time employee of a company who is overdue for a promotion to the executive ranks. She has been promised such a promotion by the CEO, but he dies, leaving his dipsh-t son, Bradley (Dylan O'Brien), in charge of the company. Bradley reneges on his father's promise, choosing to promote a fraternity brother who takes credit for Linda's work, no less instead of Linda. If you are susceptible to second-hand embarrassment, the first twenty minutes of Send Help are tough. Linda is well-meaning but socially awkward, struggling to connect with the younger people surrounding her in the middle ranks, which leads to a lot of embarrassing moments at Linda's expense. She lives alone with a bird that doesn't seem to like her and is a Survivor fanatic. In fact, a pan of Linda's bookshelves reveals an interest in survivalism and outdoorsy pursuits, which is one example of stellar economical visual storytelling in Send Help. There is another shot, blink and you'll miss it, that shows a cadre of besweatered women of a certain age, Linda's true peers, relegated the assistant ranks. It's a quick but brilliant way of showing who is really running the company that pays for these mediocre men's golf outings and snazzy loafers. After daring to advocate for herself, Linda is included on a trip to Bangkok to finalize a merger, though really she's just there for Bradley and his pals to take advantage of her capability one last time before Bradley fires her. In short order, the plane goes down, a fast but terrifying sequence that, in true Raimi fashion, works in some brutally funny deaths for detestable characters (Chris Pang and Xavier Samuel are excellent as Bradley's even worse yes-men). Linda wakes up on a beach and finds Bradley also survived the crash, though he is seriously injured. The bulk of Send Help is devoted to Linda and Bradley surviving together on a deserted island. Linda thrives while Bradley wilts, but far from a tale of reconciliation, understanding, and human kindness, Send Help, which is written by Damian Shannon and Mark Swift, is devoted to a particularly nasty vision of humanity. This is a very mean-spirited film, unapologetically cruel, and while there is some backstory devoted to shading in the characters of Linda and Bradley, those revelations do not play out as expected. But it's Rachel McAdams who really elevates Send Help beyond B-movie conventions. She shines as Linda, playing all the notes of a woman with hidden depths and darkness. She's funny and scary in turn, fully committed to the bit to a degree that carries the film past the foibles of a slightly too long runtime and uneven writing in the back half of the film. Raimi helps there, too, with his horror style informing the"
130,HEP_Doc10_Send_Help,HEP_Doc10_Send_Help,HEP,Horror,Positive,Send_Help,"Cinema's value as a collective viewing experience is being lost. As more and more people only watch movies at home, the feeling of going to a theater with strangers, taking in the same story, and feeling the waves of emotions together is harder to come by. For film, though, it's one of its primary functions. As a popular art form with expanding budgets and huge financial expectations, it's easy to become cynical about movies that are trying to lure you into theaters. But every time a group of people mourns the loss of Tony Stark, cheers when the lightsaber flies into Rey's hand, or holds their breath as Tom Cruise clings to a plane, a collective experience is being had. That's a unifying experience, whether you recognize it or not. I know that's a heady intro for an evaluation of Send Help, the horror/comedy from director Sam Raimi, but it's a film designed to get big reactions. It follows Rachel McAdams' Linda, a smart, awkward employee who is key to holding the business together. She's been promised a promotion, but her new boss, Dylan O'Brien's Bradley, doesn't see her value. He values aesthetics and being a good ol' boy, of which Linda is neither. He refuses her promotion but brings her along for a key overseas meeting. That's when the plane crashes, Bradley's insufferable buddies die brutally satisfying deaths, and Linda and Bradley are stranded on a remote island. There, the tables turn. Linda is an outdoorsy fan of the TV show Survivor, so she quickly replicates what contestants do to build shelter and gather food and water. Bradley only knows how to wait for help, giving Linda an opportunity for revenge. The scenario is hardly unique among class warfare films, so it's the execution, not the premise, that makes Send Help a delight. Raimi is going back to his gruesome indulgences, with blood soaking the pair at every opportunity and people getting their just deserts. This is made clear during that plane crash, where a particularly loathsome buddy of Bradley's is given a protracted death. If you aren't prepared to laugh and squeal at such things, you should escort yourself out of the theater, because once Linda and Bradley hit the beach, the film is predominantly a game of cat and mouse. McAdams and O'Brien pull off the two-hander wonderfully, with the former's seemingly unlimited range helping hold the tonally chaotic movie together. Her range was apparently when McAdams first burst into fame with the combo of The Notebook and Mean Girls. She would dip her toes into pretty much every genre over time, so when Send Help asks her to do awkward comedy, over-the-top action, and sincere longing, it's little surprise that she handles it all with ease. O'Brien has less to do, mostly playing up his character's insufferable demeanour, but in the few moments his humanity shines through, it's key that someone like O'Brien is there to make it seem believable. You're never 100 percent sure what"
131,JJU_Doc1_Obsession,JJU_Doc1_Obsession,JJU,Horror,Negative,Obsession,"This is a good thing for the movie industry, and for original filmmaking in general. Audiences are clearly hungry for something new and different, so much so that May 2026 has become the very first billion-dollar grossing May without a Marvel movie in sight. These films are bringing younger audiences back to movie theaters in droves, and that is a good thing for the health of the industry no matter how you slice it. I only wish that Obsession was a better film. It is, by and large, one of the most deeply troubling major releases in recent memory, a film that is so enamored with its own concept that it becomes the very thing it thinks it is critiquing. The film's premise is simple  a man with an unrequited crush on a co-worker makes a wish on a novelty toy that she would love him more than anyone else in the world. Bear (Michael Johnston) soon discovers that he should have been careful what he wished for, because while Nikki (Inde Navarrette) does indeed fall for him, she quickly becomes eerily clingy, her affection turning into a full-fledged obsession that soon becomes destructive and even deadly. Obsession ostensibly is a film about how even ""nice guys"" seek to possess and control women yet shot from Bear's point of view with Nikki as the murderous antagonist, the film barely sees her as a person. While Barker feints toward portraying Nikki as the victim that she is, making some efforts to separate the Nikki that we are initially introduced to with the possessed ""wish Nikki,"" that distinction makes little difference when the film is so dead set on portraying her as a stereotypical clingy girlfriend. Nikki remains the primary source of horror throughout the film, even though she is essentially being raped for the entire runtime. The film makes it clear that Nikki is co-existing in this body with some other entity, and while Bear's refusal to grapple with the reality of that as long as he's getting laid is certainly a statement about misogyny and rape culture as a whole, the film falls prey to the very misogyny it critiques by continually using her as an object of revulsion and even humor in ways that feel incredibly gross. Bear may be the ""bad guy"" here, but it's disingenuous to pretend that the movie does not sympathize with him and his increasingly dire plight. The result is a movie that simply cannot get out of its own way. If the real victim here is Nikki (which, any way you slice it, she clearly is), then the portrayal of ""wish Nikki"" as such a whiny, clingy, pouty monster feels directly incongruous with the movie's themes. Baker almost seems to delight in torturing her. By the time the movie ends and (spoiler) Nikki finally wakes up and realizes what she has done, the sounds of her anguished sobs fill the soundtrack over the end credits. She has been totally and utterly destroyed"
132,JJU_Doc2_Obsession,JJU_Doc2_Obsession,JJU,Horror,Negative,Obsession,"Bear (Michael Johnston), a music store employee who lives in the house he inherited from his grandmother, loves Nikki (Inde Navarrette), an old friend who works in the same store. But does Nikki share these feelings? In the opening scenes of Curry Barker's Obsession, Bear comes this close to finding out by asking her directly, a talk the two have clearly needed to have for a long time. It's obvious that both care for one another, but less obvious what that means for Nikki, who could be sending signals that she wants to take their relationship to the next step or preparing to put up a wall that will define it as purely platonic. Either way, both keep dancing around what needs to be said, and dancing so well that it seems like it will take a truly dramatic, maybe even supernatural, development to end the stalemate. The ambiguity-filled opening turns out to be the best stretch of this ultimately frustrating horror-comedy. After stopping at a new age store to pick up a present for Nikki, Bear opts for a One Wish Willow, a seemingly vintage novelty item that grants users, as its name suggests, a single wish. But instead of giving the gift to Nikki at the end of a frustrating night, Bear decides to use it himself to wish her into loving him. The bad news: it works. Soon Nikki makes herself inseparable from Bear, much to the bafflement of their closest friends Ian (Cooper Tomlinson) and Sarah (Megan Lawless), both employees of the same music store and members of the same trivia team who didn't see this new relationship coming and don't know what make of it now that it's here. There's an obvious direction in which Barker, who got his start making videos for YouTube (Tomlinson is his partner in a duo called ""that's a bad idea""), could have taken this premise, turning Nikki into a possessive, psychotic, misogynistic cliche. Obsession thankfully doesn't go in that direction, but then it doesn't really go in any direction. Navarrette's quite good playing Nikki in both her pre- and post-wish incarnationssome of the film's freakiest moments involve flashes of Nikki's real personality coming to the surface beneathbut rather than using the situation to explore the implications of what love and free will mean, Obsession just turns the character into psychopath who reliably does the weirdest, most destructive thing in any given situation. If Obsession was supposed to be about anything, that must have gotten lost in the process of making the movie. Barker keeps the tone ominous and the action bloody (and the cinematography frustratingly murky), but the film only really comes to life in the moments when it remembers the comedy half of the horror-comedy equation late in the film. Yet by then the action around those moments has turned so grim that the laughs feel out of place. Some of Obsession works, but it's ultimately only good enough to make it easy to wish it was much"
133,JJU_Doc3_Obsession,JJU_Doc3_Obsession,JJU,Horror,Negative,Obsession,"The unrequited romance has been a Hollywood staple since time began, and within that narrative is room for the conflict of forcing an ignorant paramour to fall for you. Love potion narratives, by their conceit, have always been problematic, generally focused on hapless men conjuring up magical ways to get uninterested women to become slavishly devoted to them. Tales From the Crypt and Buffy the Vampire Slayer did more than one episode in this vein which, mercifully, had the benefits of being shorter than Curry Barker's Obsession. Obsession walks a similar path in its Monkey's Paw/""be careful what you wish for"" misogynistic male fantasy that fails to give much empathy for its controlled female heroine. Excessively loud, reliant on gore and shock value, and generally feeling like a Fatal Attraction re-tread, Obsession is a movie worth showing a prospective partner and then running away if they tell you how its male character is misunderstood. Bear (Michael Johnston) is a quiet, dorky young man in love with his best friend Nikki (Inde Navarette). Unfortunately, Nikki doesn't appear to see Bear as anything beyond a friend. When Bear gets his hand on a One Wish Willow, a branch that presumably grants wishes, he asks it to make Nikki ""love me more than anything in the world."" The wish comes true and Nikki can't see anything beyond Bear. But the wish starts to freak Bear out as Nikki becomes increasingly unhinged and obsessed with him. There's an inherent awkwardness to Bear from the minute we meet him. He's a Good Guy on steroids, catering to Nikki and even committing to replacing a necklace she carelessly drops. His best friend, the hypermasculine and douchey Ian (Cooper Tomlinson) doesn't understand why Bear believes Nikki is that special. In fact, everyone seems to have a problem with Nikki, from critiquing her hard-partying ways to how she treats Bear. So by the time Bear makes the wish for her love, the audience hasn't seen any particular reason to empathize with the girl. The wish immediately works and from there the movie becomes a series of moments wherein Nikki does something disgusting or horrific, proclaiming she's done it all for Bear, as he sits there traumatized. To her credit, Navarette is a star and what keeps the movie from becoming downright terrible is how committed she is to the role. Navarette's face is an expressive amalgamation of emotions. When the wish kicks in you see her standing in front of Bear, confusion, wonder, love, and terror flitting through her face. Even when she's smashing in someone's face or screaming about her love for Bear at a party, she's just so compellingly watchable. And she's definitely got a scream fit for a queen. There is certainly an interesting conceit with the ""One Wish Willow,"" the questionable ""toy"" whose advertisement opens the movie. Like any good drug ad, ""One Wish Willow"" has some disturbing side effects no one seems to think of, the ad quickly saying, ""May cause self-mutilation."" What"
134,JJU_Doc4_Obsession,JJU_Doc4_Obsession,JJU,Horror,Negative,Obsession,"If you want to have a major argument with your significant other, take them to see Curry Barker's gruesome horror movie, ""Obsession."" Gen-Z's answer to ""Fatal Attraction"" will certainly get the discussion flowing. It might be the last discussion you have as partners, too. I confess to having a sinister jones for movies that cause breakups. It's too bad this one didn't work for me. I'm in the minority here. Since its debut at the Toronto International Film Festival last year, this darkly comic take on ""The Monkey's Paw"" has received critical raves. It played like gangbusters at my TIFF Midnite Madness screening, and when I attended the Boston Underground Film Festival a few weeks ago, I saw that it slayed there as well. Truth be told, this is a movie you'll want to watch with an audience; if nothing else, Barker knows how to get a communal reaction with his jump scares and savage gore. Midnight movie status is most definitely assured for this one. Unfortunately, it's the plot that gets ""Obsession"" into trouble. This is a movie about the sexes that wants to have its cake and eat it, too. The screenplay tries to say something about female autonomy and male selfishness, yet the film plays like an overlong, 108-minute riff on the old reliable stand-up routine subject ""girlfriends be crazy"" that never subverts the trope. The depths that Nikki (Inde Navarrette) sinks to in her obsessive quest to own her beloved Bear (Michael Johnston from MTV's ""Teen Wolf"") are not for the faint-hearted (or for cat lovers, either  you've been warned). It's actually not the real Nikki enacting such actions as duct-taping doors to keep her beloved inside, or going all ""Titus Andronicus"" on him with a sandwich stuffed with a surprisingly nasty ingredient. It's the entity Nikki was transformed into after sad sack incel Bear wished on a cheap novelty item called the ""One Wish Willow."" (In a clever marketing move, A24 handed out ""One Wish Willows"" to critics at the New York City screening. Nobody wanted to break them!) Apparently made by the same company that supplied Aunt Gladys with her killer twigs in ""Weapons,"" the ""One Wish Willow"" grants Bear's wish that the crush who has friend-zoned him will love him ""more than anything else in the world."" What he probably meant was that he wishes Nikki would suddenly want to have oodles of hot sex with him, and then, to quote yet another sexist stand-up comedy joke, she'd turn into a six-pack and a pizza afterward. Only the first part of that scenario happens. Immediately, Nikki gets insatiably horny for Bear. Then, she turns possessive, before becoming the literal embodiment of his wish: she loves him more than anything else in the world. And nobody's going to stand in her way, including their mutual friends, Ian (Barker's ""that's a bad idea"" YouTube comedy sketch partner, Cooper Tomlinson) and Sarah (Megan Lawless). They notice something suspicious about Nikki, especially when she abruptly goes"
135,JJU_Doc5_Obsession,JJU_Doc5_Obsession,JJU,Horror,Negative,Obsession,"This summer season has taken a wild and unexpected detour. It may or may not bring about seismic long-term effects to the movie industry, but what is clear is that this trend has taken over the landscape and seized the conversation. This cinema revolution, young and frugal, was birthed in the short attention span realm of content intended to be viewed on your cellphone or tablet. Oh, and it lets horror lead the way. So, if you've noticed the genre fiends and gorehounds in your life are feasting, it's largely due to two filmmakers, one in his mid-20s and the other barely out of his teens, who have leveled up from their YouTube content and made quite a splash with their theatrical debut features. They may be newcomers to many of you, but not to their core demographic: young males who grew up consuming most of their entertainment on tiny screens, their desktop monitors or even through their game consoles. They're already familiar with who these directors are and what they bring to the table. But the runaway box office success of both big-screen efforts means that audience has now ballooned and diversified. The buzz is deafening, and the spin cycle is working overtime to portray these young creators as knights in shining armor, the grasp of their craft helping to ensure the survival of the film medium following a long and difficult period that elicited talk of its impending demise. But do these conversation starters, which dominated the box office last weekend, actually live up to the hype? One of them does. Read on, if you dare. ""Obsession"": Earnest feelings have no place in the hermetic confines of this repellent, ghoulishly vacuous hybrid of dark comedy and supernatural horror. The tale of a music store employee, and the grisly consequences that come when his romantic wish is granted via a novelty shop trinket, had the makings of a wicked ""Tales from the Crypt"" episode expanded to feature length. But Curry Barker, who wrote and directed this modestly budgeted enterprise, nudges viewers to point and laugh at his neurotic, frequently passive aggressive protagonist, as his predicament snowballs into full-on mayhem with a sadistic streak and a body count. But I wasn't frightened, and I wasn't laughing. Our leading man, Bear (Michael Johnston), pines away for Nikki (Inde Navarrette), his beautiful co-worker. Ian (Cooper Tomlinson), his fellow workmate and longtime confidant, is getting tired of the whining (and frankly, so was I within less than 10 minutes), so he encourages Bear to finally let the object of his attention know how he feels. Bear might be sullen and socially awkward, though not at all bad looking, but he intuits Nikki had friend-zoned him, and he fears there's no coming back from that. He's too thick-headed to realize he's doing the same thing to Sarah (Megan Lawless), a fourth, comparatively better adjusted employee at this Los Angeles-area store. (It's improbable this small business would be able to afford having this many people"
136,JJU_Doc6_Obsession,JJU_Doc6_Obsession,JJU,Horror,Positive,Obsession,"Though it may make some older generations want to jump out of their skin, the future of horror is on YouTube. With his leap from the social platform to the big screen, the internet sketch comic Curry Barker has joined Talk to Me's Michael and Danny Philippou and 20-year-old Kane Parsons, whose highly anticipated debut Backrooms is due in cinemas later this month, to form a new frontier for the genre  one that's as brutal as it is savvy. Gone is any feeling of Gothic tenderness, of the misunderstood going bump in the night. Here, the generation exposed to what feels like only the very worst of the world has responded in kind, with horror in which punishment is swift, nasty, and arguably well deserved. Barker made his debut with the 2024 found-footage, prank-themed horror Milk & Serial, shot for $800 and uploaded directly to YouTube, while Obsession riffs on episodes of The Twilight Zone and WW Jacobs' classic short story The Monkey's Paw. It's built as a shock to the system for the self-declared ""nice guys"" of the world. Bear (Michael Johnston), a music-store employee with dark, soulful, vinyl-record eyes, has been quietly bearing a crush on his co-worker Nikki (Inde Navarrette). He's too timid to tell her, even when she asks him directly (and kudos to Johnston for making his denials physically painful to the ears). He's not too timid, however, to pop into his local new age shop and pick up a ""One-Wish Willow"", a novelty toy that does, as it turns out, grant a single wish to whoever snaps it in two, with the usual nefarious caveats if you haven't worded said wish carefully. Bear, the fool, chooses ""I want Nikki to love me more than anyone else in the world."" Barker's vision is a little slow to build. Nikki begs to stay the night, and the next, and the next, but peppers her adoration with typical, incongruous ""creepy"" behaviour. She stands in corners at night and grins. It's only when Bear attempts to live with this cursed arrangement  it's his dream, after all  that the film finally lets loose, starting with an ingeniously staged party scene and ending in unrestrained, bloody chaos. Obsession is delicately handled work, unafraid to find pockets of humour. Customer service is hilariously inept, even when it's a matter of life or death. But Barker, both as its writer and its director, is also interested in how the dynamic between Bear and Nikki starts to reflect real-life toxicity, and never plays too recklessly where it really matters. Navarette proves to be extraordinarily agile in this department, too, frighteningly unpredictable in how she might next stretch her features, from grin to grimace, artifice to truth. She makes the most of what can be surprisingly limited screen time  the film, to underline its points of dehumanisation and inscrutability, often sticks her head in shadow or entirely out of frame. But Obsession ultimately triumphs in how willing it is to"
137,JJU_Doc7_Obsession,JJU_Doc7_Obsession,JJU,Horror,Positive,Obsession,"For die-hards, no horror movie can be too scary. But for you, a wimp, the wrong one can leave you miserable. Never fear, scaredies, because Slate's Scaredy Scale is here to help. We've put together a highly scientific and mostly spoiler-free system for rating new horror movies, comparing them with classics along a 10-point scale. And because not everyone is scared by the same thingssome viewers can't stand jumpscares, while others are haunted by more psychological terrors or can't stomach arterial spurtsit breaks down each movie's scares across three criteria: suspense, spookiness, and gore. On its head, the breakout box-office sensation Obsession is a movie that could best be summarized by the adage ""Be careful what you wish for."" But if you look deeper, the filmwhich follows a young, timid man named Bear (Michael Johnston), who uses a mystic novelty toy, One Wish Willow, to win the affections of his crush, Nikki (Inde Navarrette), and gets far more than he hoped fortries to comment on so much more. The most talked-about horror picture of the year so far has captivated audiences who are, well, obsessed with decoding what the film is trying to say about modern dating and incel culture. In what's proving to be a moviemaking trend, this exploration of the subject was helmed by yet another young, prodigal filmmaker who belongs in the growing YouTuber-to-horror-auteur pipeline: 26-year-old Curry Barker. Barker got his start making unsettling sketch comedy and horror shorts that he uploaded to the video platform, but ever since Obsession became the highest-selling genre movie in Toronto International Film Festival history when Focus Features bought it last year for about $14 million, he's been on the same path charted by the likes of the former YouTube directing duo the Philippou Brothers and former sketch comedian Zach Cregger. Barker spoke to the New Yorker about his desire to prioritize making audiences feel ""uneasy"" over nonstop jumpscares. And if you ask almost anyone who's seen his latest work, he seems to deliver on this promise with Obsession, which has since become one of the most profitable films of the year due to its incredibly strong word-of-mouth power. But the scaredies among us are probably wondering one big thing before they buy a ticket to see today's buzziest feature: Just how unsettling is it? Let's break it all down. Barker claims to be interested more in disturbing audiences than in using cheap thrills to get a rise out of them, and that much is definitely true. Still, for the adrenaline-sensitive among us, Obsession is far from a walk in the park. I tend to be a bit more vulnerable to quick frights than most, but don't take it from just me: The packed theater of my screening collectively yelped many times throughout the course of this movie. One thing that Barker really uses to his advantage here is sound design, the foundation of all horror jolts. There are many quiet moments that have your hair standing on end before they"
138,JJU_Doc8_Obsession,JJU_Doc8_Obsession,JJU,Horror,Positive,Obsession,"""Some films consciously engage with the present. Others function more like lightning rods, pulling in ambient bursts of cultural electricity and channeling them into films that crackle with the energy of their times. With ""Obsession,"" Curry Barker has made one of the latter. The 26-year-old former YouTuber's second feature distills the ambient gender-based resentment of 2020s internet culture into a horror film that could be described as an EC Comics-style pulp morality tale, if the director knew what that was. The film's protagonist, Bear (Michael Johnston)short for ""Baron""is a typical ""nice guy,"" timid and assiduous about not revealing his massive crush on Nikki (Inde Navarrette), his childhood friend and current coworker at a family-owned music store. He knows that telling her how he really feels will probably ruin their relationship and make things weird with their mutual friends, Ian (Cooper Tomlinson) and Sarah (Megan Lawless), as well. Still, the heart wants what the heart wants, and although Ian warns him not to ruin their weekly trivia night by confessing his love, Bear can't keep it in much longer. This is all relatively innocent and relatable. It's what happens after Bear gets his wish that makes ""Obsession"" such a thorny and unsettling watch. Barker's film is cruel and unforgiving towards its characters, snaring them in diabolical traps and then observing them as they spiral out under the pressure. In Bear's case, the malignant nature of his obsession with Nikki begins to reveal itself almost immediately, as the intelligent, sarcastic young woman he knows is replaced by a volatile doppelganger after Bearagain, innocentlywishes for her to ""love him more than anything in the world"" on a novelty toy he picks up at a gift shop early on in the film. The new Nikki is clearly not okay: Her eyes are glazed, her speech is halting, her behavior is manic and disturbing, and she occasionally jolts and starts screaming as if she's just woken up from a terrible nightmare. And that's before she starts committing acts of horrific violence against both herself and others. Still, this new Nikki is in love with Bear, and so he selfishly chooses to stay with her even after learning that the original Nikki is suffering in Hell while her double is cuddling with him. Until the very end of the movie, Bear's decision-making is craven and contemptible, earning his punishment from the unseen, yet inescapable forces that are now in control of his fate. People who don't deserve it are tortured as well, part of Barker's Ari Aster-influenced taste for emotional violence towards both the characters and the audience. The film is full of grotesque imagerycat lovers beware, there are scenes that will have you rushing home to check on your pet as soon as the movie endsand shocking, brutal violence. These include a bludgeoning scene that comes out of nowhere, and is so graphic that cuts had to be made to avoid an NC-17 rating in the United States. Emotionally and in terms of gore, ""Obsession"""
139,JJU_Doc9_Obsession,JJU_Doc9_Obsession,JJU,Horror,Positive,Obsession,"Have I got a movie for youa next gen ""Fatal Attraction"" called ""Obsession"" that makes a star out of Inde Navarrette as a dream girl conjured from hell and turns newbie filmmaker Curry Barker into the freshest and most perversely funny voice in erotic thrillers since director Brian De Palma taught us about psychos who dress to kill. Barker's influences are also 21st century; think Zach Cregger's Weapons"" with Aunt Gladys putting a rictus grin on a tortured psyche. But DePalma knew about how the fear of sex was just as strong, maybe stronger, than carnal attraction. Barker knows it too and wants to kick it around. Let's back up here for a few plot details. Barker focuses first on a standout Michael Johnston as Baron, aka Bear, a baby cub incel with a nowhere job at a music store where he feeds his fantasies (There'll be a lot of those.) about co-worker, Nikki (Navarrette). Barker appears to share Bear's impure thoughts about Nikki since he lavishes closeups on her hotness and sweet, sexy personality without hiding hints of her nascent eccentricity. What a shame that poor Bear is too shy to speak up. Desperate that childhood friend Nikki might sweep out of his life for a new job, Bear buys a $6.99 One-Wish-Willow stick from a novelty stop. The instructions are simple. Make a wishin this case that Nikki will love him more than anyone else in the world snap the stick and wait for results. It doesn't take long. Suddenly Nikki is ever so pliable and winning, except for a possessive streak that makes it look like Glenn Close didn't hit the revenge button hard enough with Michael Douglas in ""Fatal Attraction."" Boiling a bunny is amateur night for Nikki. Nikki's buddies at the music storeCooper Tomlinson as Ian and Megan Lawless as Sarakeep asking Bear what's going on. What's with that maniacal laugh Nikki doesn't know how to stop? I need to stop with the spoilers, except to say Navarrette just eats this movie up. Her acting has drawn comparison to Mia Goth in the uber-scary ""Pearl,"" but what Navarrette is doing in ""Obsession"" transcends genre to become the kind of all-time performance that gets talked about for years. Don't start slinging accusations of misogyny at ""Obsession"" like those rightfully aimed at ""Fatal Attraction"" for presenting an independent, single career woman as inherently unstable, dangerous, and a destroyer of the patriarchy. Instead, watch ""Obsession"" again and see Nikki as Barker first presents her, before the toxicity in Bear's head reinvents her as a monster fully deserving payback for the unforgivable sin of rejecting him. Point of view makes ""Obsession"" another movie entirely, one deserving of more than a surface read. All praise then to Barker who refuses to make a standard horror film or a standard anything. If ""Obsession"" was only a nastily effective spin on revenge thrillers it still would be worth a look, but not a second or third one. ""Obsession"" keeps coming at you,"
140,JJU_Doc10_Obsession,JJU_Doc10_Obsession,JJU,Horror,Positive,Obsession,"As young men flinched and gasped around me at the Los Angeles premiere of ""Obsession,"" I almost had to laugh. A slight head tilt, creepy smile or strange movement from star Inde Navarrette was enough to make them jump, and I had the realization that the most terrifying thing for a young man these days is an emotionally unregulated and unpredictable woman. Keep that one in your back pocket, ladies. The young man behind ""Obsession,"" 26-year-old filmmaker Curry Barker, has certainly tapped into that unique fear with his splashy breakout horror film ""Obsession."" It's his second feature, arriving hot on the heels of a self-distributed film, ""Milk & Serial,"" an outgrowth of the sketch shorts he'd been making for YouTube with collaborator Cooper Tomlinson, who also co-stars in the new film. Written, directed and edited by Barker, ""Obsession"" comes from a simple, familiar premise, executed with a dark and dread-filled flair. Barker combines the monkey's paw and Pygmalion myths in this story about a young man who wishes that his dream girl would fall in love with him. You know what they say about love spells (don't do them), and the way things unfold in Barker's vision is bleak, bloody and seriously disturbing. Our unlucky simp is Bear (Michael Johnston), one of a quartet of early-20-something friends who work at a music store and get drunk at trivia nights as often as possible. It's clear from the start that even though Bear is crushing on Nikki (Navarrette), it's actually Sarah (Megan Lawless) who has feelings for Bear, while Ian (Tomlinson), his best friend, weirdly undermines his efforts with Nikki any chance he gets. Hoping to confess his feelings and win her over, Bear buys Nikki a trinket at a head shop, a One Wish Willow, which the clerk warns can't be returned. After a disastrous conversation, Bear ends up making the wish himself, breaking the stick and wishing that Nikki would love him more than anyone else in the world. For a brief moment, it's a sweet, cozy scenario, even though their friends are baffled by the new connection. But needy, possessive Nikki goes on to smother Bear and what plays out is a horrifying tale of obsessive love gone wrong  sour, curdled and violent. As her behavior becomes increasingly self-destructive, Bear realizes he's trapped in her jealous loop, with death the only way out. The story isn't complicated, and it's one we know well, rendered with spooky, atmospheric aesthetics and intensely gnarly violence that provide cover for the thin premise, nagging plot holes and flimsy characterization. It's sufficient, but the strength of the filmmaking is not the writing, but in Barker's command of style, pace and performance. Taylor Clemons' cinematography is excellent, all slow creeping shots and shadows permeating even the daytime scenes. An eerie, enchanting score by Rock Burwell gives the proceedings a dreamy, nightmarish quality. But it's the performances that elevate ""Obsession"" into a real sense of danger. Johnston carries the film and the emotional core,"
141,JWH_Doc1_Taken,JWH_Doc1_Taken,JWH,Action,Positive,Taken,"If CIA agents in general were as skilled as Bryan Mills in particular, Osama bin Laden would have been an American prisoner since late September 2001. ""Taken"" shows Mills as a one-man rescue squad, a master of every skill, a laser-eyed, sharpshooting, pursuit-driving, pocket-picking, impersonating, knife-fighting, torturing, karate-fighting killing machine who can cleverly turn over a petrol tank with one pass in his car and strategically ignite it with another. We meet Mills (Liam Neeson) in ""sort of retirement"" in Los Angeles, grilling steaks with old CIA buddies and yearning to spend more time with his 17-year-old daughter, Kim (Maggie Grace). Kim now lives with her mom, Mills' ex-wife (Famke Janssen), and her effortlessly mega-rich husband (Xander Berkeley), whose idea of a birthday present is giving Kim not a pony, but what looks like a thoroughbred. Mills has seen action in Afghanistan and apparently everywhere else, and knows it's a dangerous world for a naive teenage girl. He is against Kim spending the summer in Paris with her girlfriend, even though ""cousins"" will apparently chaperone. He's right. Kim and her pal succeed in getting themselves kidnapped the afternoon of the same day they get off the plane, although Kim has time for one terrified phone call to Dad before she's taken away. Now listen to this. Using CIA contacts at Langley, Mills is able to use his garbled tape of their conversation to determine the name of his girl's kidnapper (Marko), that he is Albanian, that his ring kidnaps young tourists, drugs them and runs them as prostitutes; the virgins are auctioned off to Arab sheiks and so on. Headquarters also tells Mills he has 96 hours to rescue his daughter before she meets a fate worse than death, followed by death. With this kind of intelligence, the CIA could be using bin Laden's Visa card in every ATM in Virginia. It's the set-up for a completely unbelievable action picture where Mills is given the opportunity to use one element of CIA spycraft after another, read his enemies' minds, eavesdrop on their telephones, spy on their meetings and, when necessary, defeat roomfuls of them in armed combat. At one point, a former colleague in the Paris police says he has left seven bodies behind. He's just getting warmed up. How this man and his daughter could hope to leave France on a commercial flight doesn't speak highly of the French police and the new ""Pink Panther"" doesn't open for a week. Oh, why does he have only 96 hours? To provide the movie with a handy deadline, that's why. It's always a puzzle to review a movie like this. On the one hand, it's preposterous. But who expects a ""Bourne""-type city-wrecking operative to be plausible? On the other hand, it's very well-made. Liam Neeson brings the character a hard-edged, mercilessly focused anger, and director Pierre Morel hurtles through action sequences at a breathless velocity. If Kim is an empty-headed twit, well, she's offscreen most of the time, and the villains"
142,JWH_Doc2_Taken,JWH_Doc2_Taken,JWH,Action,Positive,Taken,"Like Liam Neeson's character in the film, Taken is a quick-moving, no-bullshit, relentless force. With this film, director Pierre Morel has crafted one of the best modern action movies that didn't come out of Asia, and watching it for the second time didn't diminish its impact much at all. When I first checked this one out, about four years ago, I hadn't seen a fantastic action movie in what seemed like forever. So when Taken took control of my senses and didn't let go for a solid 90 minutes, I was very much impressed. This time around, I'm a different person. I now have a website, and through it I have rediscovered my love of Hong Kong action cinema, so this viewing of Taken was through slightly different glasses. Action& Adventure Films Taken is about an ex-government operative (Liam Neeson), whose job caused him to be away from his family most of the time. He's now estranged from his wife and he barely knows his daughter. In an effort not to be an overprotective asshole, Neeson agrees to allow his daughter to travel to Paris, against his better judgment. And like a true gentleman, he never says ""I told you so"" when she and her friend get kidnapped within their first hour on the ground in France. As I alluded to above, this viewing of Taken was tempered just a bit by my rekindled love for Hong Kong action films. Where I previously thought that Taken was floor-to-ceiling awesome, I now notice the chinks of overly fast editing and a little too much shaky cam. And also after seeing The Raid, it all just sort of pales in comparison. But I'm not trying to compare it to other movies, Taken really is one of the best modern action films in years. It's a tautly constructed piece of work that never lets up once it gets going. I also noticed that even though I remembered what was coming, the film still elicited the same response from me in key locations. My favorite scene is when Neeson infiltrates the gang's hideout by disguising himself as a cop. It's a flawlessly written scene that contains one of the best exchanges of dialogue in the entire film, and left me grinning wide like a new daddy while Neeson mopped up the scum of grand ole Paris, just as I did the first time I saw it. It's such a great moment. Action& Adventure Films When you know where the thrills and the excitement are coming from, an action film sometimes loses some of the wind from its sails, but Taken is one of the true greats and keeps on kickin' ass until the bitter end. The action may be a little quick on the editing, and the camera may be too shaky, but goddamn if those action scenes aren't incredibly visceral and exciting. The hits are hard and brutal (again, nothing on The Raid level, but still hardcore nonetheless), and the stakes are always"
143,JWH_Doc3_Taken,JWH_Doc3_Taken,JWH,Action,Positive,Taken,"There's a new action star in town and it isn't anyone you would immediately suspect. Does the name Liam Neeson ring a bell? Yes, the same guys who has primarily played the nondescript role for the majority of his career has found his John McClane as Bryan in the French action, quasi-thriller Taken. Surprisingly, it isn't as bad as you may think . . . Neeson is a retired CIA operative trying to piece together his broken family. After his intense career, his wife Lenore (Famke Janssen) has left him and remarried and he's all but a stranger to his 17 year-old daughter Kim (Maggie Grace). He finds the only way to reconnect with her and make peace with his ex-wife is to go against his better judgment and allow for Kim to travel to France with her girlfriends. He should have stood his ground though, because shortly after landing in the City of Lights, Kim and her friend are kidnapped by Albanians and sold as sexual playthings to the fabulously rich and the insanely powerful. What follows next is a nice change of pace (the broken family man shtick gets old quick) as Bryan hauls ass to Paris to begin his hunt for the abductors. He dons his Sherlock Holmes hat and cape, and conducts some impressive detective work (which is sprinkled with some extreme luck). First, he goes to the kidnapping location and gets led to the man responsible for setting the girls up. Next, using his contacts in the French police he makes his way to a sex camp which in turn leads to a holding/drug house which leads to another link in the chain which invariably leads to another link (I don't want to give it all away). What's important is at each stop Bryan beats the living shit out of everyone within reach. Some of it is completely far-fetched (fighting a roomful of thugs armed with semi-automatic weapons unarmed) and some of it is pain-wretchingly real (anyone care for some home-brewed electrocution?). Neeson does an admirable job as Taken's human battering ram (undoubtedly some of his skill comes from what he learned on the set of Batman Begins). I must say, he carries himself well for a 56 year-old man. His moves are not as precise or as crisp as what I'd expect from the ass-kicking hero, but they're good enough to get by with. Everyone else in the film is a throwaway napkin. Director Pierre Morel could have switched them around or substituted monkeys in their place without causing much of a problem since, aside from from the beginning of the movie, there is very little interaction between characters. The only thing missing was the wise-cracking remarks that are staples in the ""kick ass and ask questions later"" type of movie. But while they were notably absent, I can't say I missed them a whole lot (probably due to the fact that these ""witty"" one-liners have steadily gotten worse and worse). Movies So its"
144,JWH_Doc4_Taken,JWH_Doc4_Taken,JWH,Action,Positive,Taken,"I had to adjust my mind a bit before watching ""Taken,"" an action/thriller starring Liam Neeson as Bryan Mills, a retired spy turned domestic bodyguard who gets called back into action when his 17-year-old daughter (Maggie Grace) is kidnapped by Albanian sex traffickers while vacationing in Paris. My adjustment had nothing to do with the action, which is your fairly straightforward action flick co-written and produced by Luc Besson. Try to follow me. ""Taken"" co-stars Famke Janssen as Bryan's ex-wife. Janssen starred in last year's festival darling ""Turn the River,"" screened during the Indianapolis International Film Festival alongside this critic's preferred Minnie Driver vehicle, ""Take."" So, I'm sitting in the theatre watching ""Taken"" thinking ""Where's Minnie Driver?"" Fortunately, there's nothing in ""Taken"" that is anywhere near as confusing. In fact, if you really give a hoot about logical storylines, character development or plot then ""Taken"" is most likely not for you. ""Taken"" is an action film. Nothing more. Nothing less. As an action film, ""Taken"" kicks ass. As Bryan Mills, Liam Neeson kicks lots of ass in a wide variety of ways. Neeson has been in action films before, but there's something a bit tired about ""Taken."" It's sort of along the lines of Harrison Ford's fourth turn as Indiana Jones. Was that fourth Indiana Jones flick horrible? No, not really. It was just wholly unnecessary. ""Taken,"" as action-packed as it is, just feels like an unnecessary cinematic diversion for Neeson. In other words, ""Taken"" is a paycheck film. Fans of pure, unadulterated action and/or Besson flicks are likely to find much more to like about ""Taken"" than film critics. By nature, we're a more demanding audience less likely to excuse the storyline, character and plot issues. Can we get lost in mindless action? Sure. Are we going to write a rave review about it? Probably not, unless it's one of the usual quote whores (You know who you are!). To the credit of director Pierre Morel, ""Taken"" moves along swiftly and is seldom boring. Morel keeps the action going at a top notch rate, much as he did with the far more enjoyable ""District B13."" At 93 minutes, ""Taken"" is a breezy, mindless, violent and thrilling ride that never makes sense but certainly invades the senses. Neeson seems well aware that ""Taken"" doesn't require anything resembling acting, and while he occasionally seems to be coasting a bit much it's not nearly as lazy a performance as Michael Caine tends to do in similar situations. Likewise, Grace and Janssen aren't really called upon to do much but certainly don't do anything to distract from the goings on. On a weekend when Renee Zellweger tries to distract the romantic audiences away from Superbowl Sunday, it's the hardcore action fans who are likely to be Taken."
145,JWH_Doc5_Taken,JWH_Doc5_Taken,JWH,Action,Positive,Taken,"Taken comes this close to being great. It had an admittedly rocky start with Liam Neeson is trying to reconnect with his virginal 17-year-old teenage daughter in a way that seems just on this side of creepy. (Dude, get your own girlfriend... really). Next thing you know, swarthy bad guys, who clearly have never heard of Satan's succubus Nancy Grace, are kidnapping rich American girls and making them drugged out street walkers or selling them for millions to Arab Sheiks based on whether they are virgins or not? So ex-CIA estranged father Liam Neeson has 96 hours to find his daughter before she is ""gone forever"" deflowered and then thrown in a harem, apparently. ""A Fate Worse than Death"" you can almost hear the characters thinking. It's as if Charles Bronson was guest starring in an Ilsa the Wicked Warden film located in George C Scott's Hardcore and the entire enterprise was PG-13. And yet the film still works two-thirds of the way through. Liam Neeson is more than fine. He is kicking ass on all cylinders. It's the bad guys that drop the ball. First, a rich French guy quotes The Godfather. ""It's not personal, it's business"" For starters, the quote isn't even in context. He might as well have told the gun toting Liam Neeson ""May the force be with you"" for all the sense it makes. Second, you can't quote The Godfather without referencing the fact that you are quoting it in the first place. Any screenwriter who does that should be sleeping with the fishes. The second slap to the head is an Arab Sheik character that looked like he stepped out of a 1940's Bugs Bunny cartoon. Honestly, I don't know where to begin with this silly stereotype. Why is he in the film? Why does he have a knife to the white virgin's throat? Who would Oskar Schindler shoot???? That last point seems important since the Arab is basically a Juden in a dress. Same large noses, same aversion to pork, same living in ghettos in Europe (Or/and having all the money), same secret organizations paying off French politicians, same affinity to despoiling white Aryan virgins... The more things change the more they stay the same I guess. Overt French xenophobia aside, Taken is a fun ride for most of the trip. (The dinner with his French policeman friend and the Frenchman's wife was a particular highlight. ) And, as I did mention earlier in this review, Liam Neeson kicks ass."
146,JWH_Doc6_Taken,JWH_Doc6_Taken,JWH,Action,Negative,Taken,"Since it was released I've been told by friends that I Really Must Watch Taken, and that I'd Really Like It. They all talk about how they expected it to be rubbish and were surprised by how good it was, that Liam Neeson is excellent, and that generally it's better than you might think from the trailers and premise. Hm. The reasons why I didn't like TAKEN can be split into two categories. Spoilers... Action Movie Reasons The action is largely uninspired, from both a choreography and cinematography/editing perspective. It mostly involves Neeson waving his hands around quickly and regularly jumping through windows for no apparent reason. There's a really lame car chase at a quarry in which all the cars look exactly the same. It suffers from classic Death Amnesia Syndrome. This is whereby a supporting but apparently important character dies a horrible death, there's a brief but heartfelt 30 seconds of mourning, and then everybody completely forgets about them. In TAKEN, the character Amanda dies from a drug overdose having been kidnapped and possibly raped. Neeson looks sad. But at the end of the film, having rescued his own daughter, Amanda is not mentioned or mourned whatsoever. Daughter is far more excited about her new singing lessons! For an apparently highly trained mofo, all Neeson seems to actually do is beat people up. He does a tiny bit of investigation, most of which is a bit too convenient, but generally all his skills seem to involve waving his hands around and jumping through windows for no apparent reason. There's no intelligence or planning or cunning. Which makes him (and the film) a bit dull. There's a key moment right at the end in which the film had a chance to be AWESOME. It's after the daughter is rescued, and the camera is pulling back, framing Neeson and her in a doorway. She says ""you came for me..."" to which he responds ""I said I would."" BAM END CREDITS! Except that isn't what happens. Instead it cuts to a tedious airport scene with them arriving back home and being reunited with other family members, then cuts to ANOTHER tedious scene of daughter excitedly arriving at Holly Valance's (???) house for singing lessons. Awful, awful ending. A sudden cut to black after those two lines would have been an iconic, efficient, memorable and hard hitting ending, cementing the film as a nasty, tight, brilliant exploitation flick. The two superfluous and sentimental scenes on the end cement the film as being arse. Thematic Reasons The film is oppressively xenophobic. I mean that in the dictionary definition of the word: ""unreasonably fearful of or hating anyone or anything foreign or strange."" Everything is fine and dandy until Neeson's daughter leaves the cosy safety of America, to super dangerous Paris (!), where she's kidnapped by Albanians and sold via a white slave market to evil sheikhs. Every non-American (with the exception of a friendly and understandably bemused Albanian translator) is a murderer, kidnapper,"
147,JWH_Doc7_Taken,JWH_Doc7_Taken,JWH,Action,Negative,Taken,"Maybe Liam Neeson's sudden veer into action movies shouldn't have surprised us as much as it did back in 2008 when he showed up in Taken, beating sex traffickers into the next life with unparalleled gusto. After all, one of his earliest roles was a supporting part as a lothario in the cult fantasy misfire Krull, he played the title role in Sam Raimi's kooky, pulp, superhero gig, Darkman and let's not forget that he's also a genuine, certified Jedi master in The Phantom Menace. However, Taken was something diffrent for a start, Qui-Gon Jinn didn't trawl around the scum pits of the outer rim, brutalising evil doers in a fetching leather jacket... or at least, I don't think he did. Still, armed with a particular sets of skills, an insanely unsubtle script co-written by Luc Besson as possibly one of the most bitchin' quotes in the history of modern action cinema, Neeson suddenly found himself rebranded as a credible action star virtually over night, which is actually quite bizarre when you realised that this is a man who has also played both Michael Collins and Oskar Schindler... Advertisements After many years serving his country as first a Green Beret and then a CIA operative, Bryan Mills is using his retirement to try and heal the rifts caused by putting his family second all these years but is finding it tough. For a start his wife, Lenore, has remarried the super wealthy businessman Stuart and his daughter, Kim, has rapidly hit seventeen, but while he truly wants to makes things right, his super meticulous nature and mistrust of a world he helped protect means that he's often massively overprotective and cautious to a fault. This becomes incredibly apparent when he learns that Kim wants to take a holiday in Paris with her more free-spirited friend Amanda and immediately puts his foot down as he seems convinced that anyone who sets foot out of the United States has immediately set themselves up as a magnet for all manner of heinous shit; but after finally relenting, Bryan's actually proven right when both Kim and Amanda are targeted by sex traffickers and are taken from their hotel room while Mills is on the phone with her bet we won't hear the end of that one... Switching into his old ways after delivering the mother of all threats to the one trafficker dumb enough to pick up Kim's phone, Bryan takes all the available clues he has and charges into France with the notion of getting his daughter back and inflicting as much pain as humanly possible as he climbs the ladder of organised crime and murders every fucking rung he can get his mitts on. However, the higher he climbs, the more complex the organization becomes as sneering street punks and Albanian gangster make way for corrupt police and billionaire sheikhs so can Bryan make good on his earlier, iconic threat, or will the overwhelming odds make a liar out of him as"
148,JWH_Doc8_Taken,JWH_Doc8_Taken,JWH,Action,Negative,Taken,"In recent years, I have come to enjoy the thrills action-packed films provide. On occasion they even showcase some tender moments. Such is the case for Taken. In this case, it's sweet to realize that love a father has for his daughter, not resting until she's safe. One of the best government agents, Bryan Mills (Liam Neeson) retires to be closer to his seventeen-year-old daughter Kim (Maggie Grace). Soon after his daughter's birthday, he receives a call from ""Kimmie"" asking him to lunch the next afternoon. Expecting it to be just the two of them, the surprise is, Lenore, Kim's mother, joins them. Instead of a nice father-daughter lunch, turns out this is a bit of an ambush. All Kim wants is his permission and signature to travel to Paris with a friend. Telling her he'll ""think about it,"" Kim leaves upset. Bryan's work makes him overly cautious and he knows firsthand the dangers of sending minors traveling overseas, against his better judgement, Bryan gives in, much to the delight of his daughter. With a long list of stipulations, Bryan sees Kim off at the airport, never realizing it may be the last time he sees her alive. Taken is many things. It's got billing as an action flick and trust me it doesn't disappoint, but it has other things going for it that are altogether touching and frightening to experience. The father-daughter relationship is especially reason for applause and I love the fact that Kim does love her father, despite his absence. Normally films chose to portray the child as being rebellious, angry, disrespectful or just plain hurt at their parents' lack of participation. To see something that chooses a different tactic is refreshing. Kim isn't perfect and still has moments of confusion or attitude, but beneath it all she loves him. The only disappointment of her character is that she once lies to her father which was a big use of mistrust on her part. Likewise, Bryan is a loving father. The performances are excellent; veteran Neeson is superb in this role, as usual. While the older (than her character) Grace gives Kim all the right characteristics of a teenager (she's giggly, bouncy and innocent); she captures the essence of the role. I thoroughly enjoy this film despite its harsh realities and sad scenarios. It provides lots of breath-holding, edge-of-your-seat thrills and by the conclusion, viewers can relax knowing that everything came out as well as possible, due to a pleasantly sweet ending. If nothing else it makes us aware of the many and real dangers that are out there, while being a poignant reminder that dad really does know best. We should always take his advice or decisions with great respect. Content: there is lots of tense moments [the abduction]. Numerous men die; a man is hit by a truck [impact unseen], another is tortured ""to death"" [he receives shocks]; and numerous others receive many fatal wounds and/or die in horrific crashes. A woman is threatened; another"
149,JWH_Doc9_Taken,JWH_Doc9_Taken,JWH,Action,Negative,Taken,"Far from being a brilliant film, Taken is not far from reaching cult movie status. Moreover, its financial success has surpassed all expectations, as Taken seems to have followed the trend of North American films financed by producers from all over the world. The film's plot is rather simple. Brian Mills (Liam Neeson), a former CIA agent, whose years spent on missions led to a divorce, struggles to reconnect with his daughter, Kim (Maggie Grace). The girl now lives with her mother Eleanor (Famke Jannsen) and the latter's husband, who spoils them with overseas trips, expensive present and luxurious overseas trips. The film starts smoothly and comfortably: Kim wants to go on a trip to Paris, and her father who does not think that a 17 year old should be traveling alone does not agree. Despite his fears, Brian takes his daughter to the airport and asks her to give him a call upon arrival in the French capital. Once in France, Kim and her friend Amanda, meet a couple of guys with whom they share a taxi from the airport and who invite them to a party later that evening. Soon after reaching the apartment, they are kidnapped and Brian hears everything through her daughter's cell phone. One of the men finds the phone and during the short conversation that follows, Brian utters in a lion's voice one of those memorable lines that stick to your memory even after you forgot everything about the movie: [if you don't let my daughter go] ""I will look for you, I will find you, and I will kill you."" Well, such a speech would scared us all, but not on human trafficking gangster from another end of the world. The rest of the movie follows Brian's adventures to find and liberate his daughter. Although this is how it sounds, Taken is not solely another action movie featuring many shootings, a lot of fights and car races. There are enough of those, but the real drama lies in the reality of human trafficking. The movie is yet another warning signal referring to a phenomenon that happens every day all around the world. Thousands of women disappear and are forced into prostitution, drugs, turned into profit and sold as consumables. Actually, during Brian's chase, he gets to attend such an auction disguised as a waiter. The scene's final phrase has a very somber and sad connotation. Referring to the girls who were abducted and sold, a robotic voice announces the bidders: ""You can retrieve your purchases from the end of the hall."" Although directed by the well known French producer Luc Besson, the movie does not feature all the abstract art and naturalism characteristic to the French cinema. Another good point: the realism with which the whole situation is depicted. The soundtrack is very good, too. It is made up of several electronic pieces, but each one is suitable for the scene it accompanies. All in all, Taken is not a popcorn movie and"
150,JWH_Doc10_Taken,JWH_Doc10_Taken,JWH,Action,Negative,Taken,"If there are any 24 fans who have wondered what the TV series might be like if Liam Neeson replaced Kiefer Sutherland, Taken provides an opportunity to have that question answered. Neeson's Bryan Mills uses nearly all the Jack Bauer tactics, including torture, bone-crunching, and bloodletting. He gets involved in car chases, shootouts, and brings a gun to a knife fight. Like the Energizer Bunny, he takes a licking but keeps on ticking. When it comes to action, Taken gets the job done. The film is never boring. It is, however, completely preposterous. The screenplay, credited to Luc Besson and Robert Mark Kamen, feels like the CliffsNotes version of something longer and more detailed. In order to shoehorn the introduction into a tidy 30-minute package, subtlety is abandoned. There are no transitions, but there's a lot of heavy-handed exposition. The filmmakers' approach is never to use a precision tool when a sledgehammer is available. Credulity isn't high on the list of characteristics they are striving for. The payoff is that once the movie gets going, the ride is enjoyable (if dumb). And one has to accept that, while the ending resolves the film's main storyline, there are countless dangling threads about which we are supposed to forget. The film introduces us to ex-government operative Bryan Mills and wastes little time showing how competent he is in high-pressure situations when, while working as a hired security guard, he saves the life of a pop starlet (Holly Valance). Meanwhile, Bryan is trying to reconnect with his 17-year old daughter, Kim (Maggie Grace), but all she really wants from him is a signature on a permission slip so she can spend a few weeks in Paris. Because he ""knows the world"" to be a dangerous place, he's initially reluctant but, after a few nasty stares and cutting remarks from his ex-wife, Lenore (Famke Janssen), he agrees. The next time he hears from Kim, she's in danger. A group of men have broken into her Paris residence and are stalking her. Armed with little in the way of concrete information, Bryan heads for Europe with the twin goal of finding his daughter and killing those who kidnapped her. The path leads into a maze that includes police corruption, Albanian organized crime, and sex slave trafficking. On one level, it's refreshing to see people get killed when guns are fired. Hollywood's PG-13 vision is that lots of violence is okay as long at the results of the violence are neutered. It's a little surprising that this movie, with its frank and graphic depictions of torture and unflinching images of death, missed an R. It boggles the mind that the MPAA somehow deemed this appropriate for teenagers but found Slumdog Millionaire too harsh. I feel reasonably sure that five or ten years ago, this cut of Taken would have been rated R. The body count is high - probably at least 20. Jack Bauer would be proud. This is a French film and most of it"
151,KON_Doc1_The_Others,KON_Doc1_The_Others,KON,Horror,Positive,The_Others,"There's a slightly chill, studied quality to Nicole Kidman's screen presence that invites admiration rather than affection an effect quite the reverse of that associated with her ex-spouse. But as exec producer of ""The Others,"" Tom Cruise has handed Kidman the most generous divorce settlement any working-thesp wife could ask for. ""The Others"" is a luxuriously old-fashioned star vehicle custom-fit to its topliner's strengths, which come across to sensational effect. Drawing on two forgotten 1940s subgenres the woman-in-jeopardy U.S. noir and the British Gothic romance first English-language feature by Chilean-born hyphenate Alejandro Amenabar is a delicious goose-pimpler that could become the late summer's sleeper. Only major obstacle to that prospect is a vaguely literary, costume-drama sheen auds may assume signals Merchant-Ivory terrain. More apt comparison would be last year's surprise smash ""What Lies Beneath,"" which similarly let a skillful, seldom fully tapped actress electrify retro-thriller mechanics with her own neurotic ambiguity. ""The Others"" may strike a more rarefied chord, but grownups eager for suspense sans explosions should find rewards here. Genteel yet macabre tenor is established in a neat opening-credit seg that sets archaic ""penny dreadful"" illustrations against the clipped tones of Kidman reading a not-so-restful children's bedtime story. A title pegs the time and place post-armistice 1945, remote Jersey Island off England's southern coast as three working-class transients knock on an imposing rural manse's front door. They're greeted by Grace (Kidman), an astringent young mother living alone with two children. Her husband was killed in the war and the last batch of servants disappeared a week earlier. How fortunate, then, that these uninvited visitors dithering old gardener Mr. Tuttle (Eric Sykes), cheerful housekeeper Mrs. Mills (Fionnula Flanagan) and mute young cook Lydia (Elaine Cassidy) not only came looking for domestic work, but once were employed at this very site. Hired on the spot, the servants soon glean why their immediate predecessors left. Grace is a terse, high-strung mistress, exacting in her demands. Claiming her children have a rare allergy to sunlight, she requires drapes be drawn all the time, and each door passed through must be left locked. The prepubescent kids are shut in cavernous, barely furnished rooms with exposed candle flames for hours on end. Lack of telephone or radio access renders the prison-like isolation queasily complete. Grace's overprotectiveness has left kindergarten-aged Nicholas (James Bentley) a clinging fraidy-cat, while elder sis Anne (Alakina Mann) is beginning to rebel against this severe regime. Grace at first blames the new help when a series of minor poltergeist-style disturbances doors left open, strange noises flout her strictly enforced rules. The servants are incredulous, though, so she refocuses rage on Anne, particularly since latter insists a family of ghosts only she can see are the true culprits. These clankings and creakings go on, however, until it's clear neither tots nor menials can be held responsible. As Grace graduates from anger to panic, the children disturbingly hint that ""Mommy went mad"" at least once before. Then again, morbid 100-year-old prints discovered in the"
152,KON_Doc2_The_Others,KON_Doc2_The_Others,KON,Horror,Positive,The_Others,"The horror genre is always in flux, constantly reinventing itself with each new generation. Whether it's breathing new life into tired tropes or rewriting the rules of the genre itself, horror never fails to find a way to terrify and delight us. More than any other genre, horror shows us what we're afraid of, what keeps us awake at night. As our fears evolve and change, so do the stories we tell, but there are some fears that never go away. Written and directed by Alejandro Amenabar and released in 2001, The Others is a gothic thriller that explores those primal fears. With breathtaking visuals, a singular performance from Nicole Kidman, and a twist so obvious you won't see it coming, The Others is still captivating and frightening today, nearly two decades after its release. The year is 1945. The war is over and the Nazi occupation of the Channel Islands has ended. Grace Stewart (Nicole Kidman) lives with her two children in relative isolation in a grand manor house, hoping and praying that her husband (Christopher Eccleston) will return home from the front. Because her children suffer from a severe allergy to light, Grace lives her life in perpetual darkness, desperately clinging to her faith. But when three servants show up unexpectedly, strange things begin to take place. Things Grace cannot explain. It's not long before she begins to suspect that something or someone is haunting her home. The Others owes a lot to the films of Alfred Hitchcock, and other suspense thrillers from the 40s and 50s. It's apparent what kind of film Amenabar is trying to emulate and he has a firm grasp on what made those films so thrilling and unnerving. It's an old fashioned ghost story, a return to form. In an age where spectacle and special effects films dominate the industry, The Others is proof that old techniques still work. There is no blood and gore there are hardly any jump scares. What's scary about The Others is what we don't see, what's lurking in the shadows. Footsteps on the stairs, a piano that plays by itself. Amenabar plays on our fears of the unknown, making us feel like children again, grasping in the darkness to turn on the light. But the light cannot save you in The Others. Because of the children's allergy to light, the daytime is harsh and cold unforgiving. It allows for one of the most terrifying moments of the film, when Grace awakens and finds every single curtain in the house taken down. Sunlight pours through the large windows as Grace frantically moves through the house, her children hiding underneath her robe. In The Others, you cannot simply turn on the light or wait until morning, the anxiety is an undercurrent throughout the film. Cinematographer Javier Aguirresarobe paints The Others in dreary greens and blues, drenching it in gothic imagery. The film is constantly bouncing back and forth between darkened corridors, overcast skies, and golden candle light, but it"
153,KON_Doc3_The_Others,KON_Doc3_The_Others,KON,Horror,Positive,The_Others,"I reviewed ""The Others"" back in 2012 my 18th overall review. That was at a time when my thirst for horror had yet to kick in. I liked the movie for its scares and twist ending but didn't have the tools to fully digest what I watched. I decided that an updated viewing with my now honed critical skills and appreciation for the horror genre was in order. Released in 2001, ""The Others"" came during the horror renaissance of the late '90s and early '00s. A time when films like ""The Sixth Sense"" and ""The Ring"" were walking the line of horror and cinema with A-list cast in leading roles and blockbuster feel with score and effects. To land an actress like Nicole Kidman in a starring role is almost unheard of for horror. The result is an unheralded classic for the genre. Set in 1945, ""The Others"" takes place in a colossal mansion enshrouded in an endless fog. Grace Stewart (Nicole Kidman) resides in said mansion with her two creepy kids. There's ambiguity from the start. A trio of servants arrives to replace ones that mysteriously vanished. Grace's husband left for WWII and has not been heard from since. She has a set of bizarre rules everyone must follow inside the haunted house. Nicole Kidman is the star of the film and demonstrates how excellent a horror movie can be when top talent is involved. Kidman displays a range required for a scary film. Grace Stewart is an emotional character. A strict disciplinarian, she keeps her kids (Alakina Mann and James Bentley) in proper form. Nicole Kidman is as big a name as there is, and she has the chops to run the gauntlet of strong to terrified as the mystery unfolds. Filmmaker Alejandro Amenabar wrote and directed. The horror scenes are some of the best you will find on film. There's tension at the onset. A mystery. A spooky locale. The arrival of ominous servants (Fionnula Flanagan and Christopher Eccleston) make us uneasy as we watch. It opens with one of the strongest jump scares I have ever experienced. Several scenes throughout are a terrifying blend with perfect chills that are never overdone. At 105 minutes, the film doesn't overstay its welcome. There's not a wasted scene or editing misstep. The twist ending belongs up there with ""The Sixth Sense"" or ""The Usual Suspects"" as one of the best of all time. What's great is that the story isn't a standard haunted house affair. There's a mystery element that weaves through the plot from beginning to end. Fear not, there are paranormal elements to keep the goosebumps fresh. ""The Others"" proves to be a true modern era horror classic. I'm surprised it doesn't land on more top movies of the genre lists. Excellent acting, directing, and filmmaking team up for a great production. I put the film in my list of favorite films, horror or otherwise."
154,KON_Doc4_The_Others,KON_Doc4_The_Others,KON,Horror,Positive,The_Others,"""Then re-anchor the story to reality by asking whether there are really any ghosts at all whether apparently spectral manifestations might not in fact be no more than an unstable woman's imaginings, or the cruel pranks of a spiteful child, or the malicious work of mysterious servants with unguessable motives. Bear in mind that moviegoers are increasingly wise to Sixth-Sense style tricks, and will carefully analyze each of these characters in turn, trying to figure out what might not be as it seems. Make the story scarier and more unnerving than The Sixth Sense but do it without any gory or gross imagery; almost without special effects. At the same time, don't try for the touchingly human side of the earlier film. Tell a creepy ghost story, and tell it well. Put Nicole Kidman, a compelling actress who creates a bond with audiences even when she's playing an off-puttingly unsympathetic character (cf. To Die For; Malice), at the center of the film. Finally, where Indian writer-director Shyamalan's film was devoid of religious references, suffuse the story with Catholic belief and practice. When one character suggests that ""Sometimes the world of the dead gets mixed up with the world of the living,"" have another character point out that ""The Lord would never allow such an abberation"" even if the only allowable reply to a declaration like that in a ghost story is: ""There isn't always an answer for everything."" That, not quite in a nutshell, is what Chilean writer-director Alejandro Amenabar has done in The Others, a chillingly effective haunted-house thriller that combines the spooky with the spiritual, ghostly phenomena with philosophical musings about religion, Henry James (The Turn of the Screw) with William James (The Will to Believe). This combination doesn't always work; more particularly, the religious stuff doesn't ultimately pay off. As a spine-tingling ghost story, though, The Others is a superior film. Watch it, and see what was wrong with the Zemeckis/Ford/Pfeiffer flop What Lies Beneath. Rules and clues. ""Rules and Clues"" is the name of a bonus feature in the special-edition VHS/DVD release of The Sixth Sense. The Others has rules and clues, too. The story is set in a fog-shrouded manor home on the Isle of Jersey off the coast of England in the years after World War II. There are servants who up and leave the household without warning, and others who arrive to take their place without being advertised for. The house is full of doors that must be kept locked at all times and curtains that must always be drawn, for the children have a rare skin condition that makes them deathly sensitive to bright light. The house does seem haunted: There are unaccountable events and noises, and the girl, Anne (Alakina Mann), creates an eerie drawing of people she says she's seen in the house, including a young boy named Victor and a witchy old woman with spooky eyes. (She denies, though, that she sees dead people, protesting that ""ghosts wear sheets"
155,KON_Doc5_The_Others,KON_Doc5_The_Others,KON,Horror,Positive,The_Others,"I have watched a ridiculous amount of horror films in preparation for our 31 Nights of Thrills series over the past few months, and in that time I have seen some absolutely abysmal entries into the horror genre. I've watched movies so bad that I had to force myself to sit through them for the sheer reason of being able to write a review; I've watched films so poorly conceived that it's a wonder they ever left preproduction; I've watched movies that I had previously thought were okay, and then on revisiting them I discovered they were horrible; and then I've also managed to watch a few films that are still absolutely wonderful. ""The Others"" is one of the better films I've watched for this series. It was one of the first horror films I ever watched as a kid; it frightened me then, and it still gave me chills this time. This is a film that I find still maintains it's watchability even after you've already seen it once and know the twist. It's a film that works on the great direction of Alejandro Amenabar, an astounding performance from Nicole Kidman, and amazing cinematography and atmosphere made better by the locations and production design. This is a truly tense film that works on almost every level; it's got the perfect amount of creepiness for any chilly fall day. ""THEY SAY THE HOUSE BELONGS TO THEM."" The year is 1945; the war has ended, and Grace Stewart (Nicole Kidman, ""Eyes Wide Shut"") is awaiting the return of her husband, Charles (Christopher Eccleston, ""Shallow Grave""). Grace's children, Anne (Alakina Mann, ""Girl with a Pearl Earling"") and Nicholas (James Bentley, ""The Life and Death of Peter Sellers""), are photosensitive and have to be kept out of direct sunlight. As a result, the Stewarts live in a world of darkness, hidden away behind thick curtains. At the start of our story, three new servants arrive at the grim manor; Mrs. Mills (Fionnula Flanagan, ""The Guard""), Mr. Tuttle (Eric Skykes, ""Harry Potter and the Goblet of Fire""), and a mute girl named Lydia (Elaine Cassidy, ""Disco Pigs""). As the new servants adjust to the lifestyle of the Stewarts, Grace finds herself increasingly paranoid that some other presence might be in their home. First and foremost, the writing and overall story for this film lend themselves to be wonderfully atmospheric. The old home in which the Stewarts live is dripping with shadows and is surrounded by bare branches and foggy landscapes; in short, it looks and feels like a haunted home ought to feel without feeling too theatrical. The reason the house is so dark all the time is important to the story, and therefore makes the tense atmosphere throughout the film feel completely justified and earned. Amenabar has created a world where the rules are understood, and the rules also heighten the creepiness of the world we're in. Another thing I like about this film is that it doesn't waste your time at all."
156,KON_Doc6_The_Others,KON_Doc6_The_Others,KON,Horror,Negative,The_Others,"""The Others"" is a haunted house mystery from which you assume, trained by recent movies, that it is filled with flashy special effects, violent shocks, blood-curdling apparitions, undulating staircases, telescoping corridors, graves opening in the basement, doors that will not lock or will not open, and dialogue like ""There's something in this house! Something . . . diabolic!"" You would be right about the dialogue. This is a haunted house movie, dark and atmospheric, but it's quiet and brooding. It has less in common with, say, ""The House on Haunted Hill"" than with ""The Sixth Sense"" or a story by Oliver Onions. It's not a freak show but a waiting game, in which an atmosphere of dread slowly envelops the characters too slowly. Comparing this movie with ""The Sixth Sense,"" we feel a renewed admiration for the way M. Night Shyamalan was able to maintain tension through little things that were happening, instead of (this film's strategy) big things that seem about to happen. The film takes place in an isolated manor on the island of Jersey, off the British coast. In this house lives Grace (Nicole Kidman) and her two children, the tremulous Nicholas (James Bentley) and the cheeky Anne (Alakina Mann). To the house one day come three servants, who are responding, or say they are responding, to Grace's advertisement for domestic help. There are vacancies because the previous servants decamped in the middle of the night without a word of notice. The three new applicants have the advantage of being familiar with the house. It is a sound tradition of British fiction that servants do not leave a house only to later return and be rehired (the sole exception is George Wellbeloved, Lord Emsworth's pig-keeper at Blandings Castle). But these are the days immediately after World War II, which claimed, or seems to have claimed, Grace's husband in battle, and so perhaps help is hard to find. She hires them: Mrs. Mills (Fionnula Flanagan), the middle-aged Irish woman with the know-it-all nods, the young mute girl Lydia (Elaine Cassidy), and the gardener Mr. Tuttle (Eric Sykes), who is so ancient that for him planting a seed is an act of wild optimism. There are odd rules in the house. Each of the 50 doors must be locked before another can be opened. The curtains must always be drawn. These measures are necessary, Grace explains, because Anne and Nicholas are so allergic to the sunlight that they might die if exposed to it. The film's events are such that I must not describe them. Even a hint might give away the game. Of course they are elusive and mysterious, reported by some, not seen by others, explained first one way and then another. By the time we arrive at the line ""there's something in this house!"" we are not only prepared to agree, but to suspect that in supernatural terms, it's as crowded as the Smithsonian's attic. The director, Alejandro Amenabar, has the patience to create a languorous,"
157,KON_Doc7_The_Others,KON_Doc7_The_Others,KON,Horror,Negative,The_Others,"Now obviously this film is a very interesting horror experiment which I admired, but also did not really love. Its double twist ending I did not see coming and it pleasantly surprised me. It was a worthy pay-off to an otherwise dull and uninvolving picture. That ending made it somewhat original and definitely unforgettable, but it also heavily relied on that twist which is so obviously influenced by 'The Sixth Sense'. It also made the entire movie implausible. The protagonists turned out to have been dead all along and thus the reveal that ""the intruders"" are the only living people in the house is fun, but doesn't make any sense whatsoever. Why then would they have not seen them before? They are living in the house so they should have been there all along. It rendered the movie totally unbelievable and full of plot holes. But I still did like The Others, do not get me wrong. I just think that it could have easily been great with a couple of tweaks here and there, but ended up being just good. It is one of those serious horror films and it utilizes on its haunted house trope as best as it could. Certainly the first half is overly slow and frankly even dull at some points, but it has its moments and the second half was worth the huge build-up in my opinion. Nicole Kidman is excellent here. She obviously was trying too hard with her British accent, but her performance is still terrific per usual. The others are also fine. I liked her character and she was very well established. I found the entire part with her husband sort of unnecessary, but at least the kids are very memorable and cute and I liked their dynamic. And of course Bertha and the others are terrific and the highlights here. The Others is very well shot and I liked the house, but did not love it. Some scenes were terrific such as that sheet sequence and of course the entire third act. To me the film worked best in the ghost sequences while it was too slow in non-ghost ones. I loved the score as it was so great and atmospheric and the film is very well directed by Amenabar, though weakly paced. The Others is a good horror film, but far from a great one. It looks and sounds good with a great score, Nicole Kidman is very good in the main role and the film features an interesting story that utilizes on its haunted house trope well. But the first half is way too slow and frankly even dull at times and although the double twist ending is a lot of fun and unforgettable, it also rendered the movie totally implausible and full of plot holes."
158,KON_Doc8_The_Others,KON_Doc8_The_Others,KON,Horror,Negative,The_Others,"In my review of The Secret Garden, I said that many films which are held up as British classics are the result of a collaboration between British and international talent - in this case, a Polish director adapting a British book from an American screenplay. It is fitting therefore that the tradition of old-fashioned English and American ghost stories should be most fittingly upheld by an international director, which brings us, (super)naturally, to The Others.At its most basic level, The Others is a stylish and evocative throwback to the classic Victorian ghost stories, which in turn formed the basis for 1960s horror classics like The Haunting and The Innocents. Like the latter of these films, The Others has its roots in Henry James renowned novella The Turn of the Screw: both revolve around children whom, it is suggested, can interact with a world beyond our own. There are also hints of The Shining in the use of panning shots throughout the house, and in several of the music cues. Alejandro Amenabar borrows from Wendy Carlos in his use of deliberate anti-climaxes following by deep terror.The Others takes place on the Channel Island of Jersey just after the Second World War. The setting is interesting due to the cultural differences between the Islands and mainland Britain, and the fact that they were occupied by the Germans (although Nicole Kidman is keen to point out that none of them made it to the house). Amenabar exploits these differences to quickly create an unsettling, other-worldly feel: we recognise all the hallmarks of 1940s fashion and architecture, but they are so precisely and readily positioned that something doesnt seem right.The film evokes the immediate post-war period very effectively. Although the majority of shooting was done in Spain, the house feels British in every detail. The ornate and elegance furniture, the empty, echoing halls, the pale but elaborate costumes - it is almost too perfect in its recreation of wartime Britain. The film has a very pale visual palette to underscore the age of the characters environment and the sense of personal and national exhaustion. Javier Aguirresarobe, who later shot The Road, contrasts light and dark to such an extent that it almost feels like sepia, hinting at the chilling revelations lurking in the old photographs.Because of its affection for classic cinematic ghost stories, The Others does contain a fair number of familiar elements. The elderly housekeeper may be much nicer than Mrs. Danvers, but she still has ulterior motives and secrets to hide. In a further reference to Rebecca (which itself borrowed heavily from Jane Eyre), one of the key plot twists concerns the contents or inhabitants of an attic. The use of fog as a meeting point between this world and the next borrows not only from John Carpenters The Fog but from gothic horror: Susan Hills The Woman in Black is set in a house cut off by marshland, and the title character first appears after the fog comes in.With so many"
159,KON_Doc9_The_Others,KON_Doc9_The_Others,KON,Horror,Negative,The_Others,"okay, i was shown this as per the ""gothic"" section of the year ten english curriculum (in australia), and DEAR ZOMBIE JESUS DOES THIS MOVIE ****! first off the bat, the twist ending, for anyone observant enough, is downright obvious within the first half hour, why? m. night shayamalan made the sixth sense in 1996, a decent film that had a mind-blowing twist, in 1999, the japanese, whether they had heard of the sixth sense or not, nonetheless, refined the formula and gave us a more psychologically daunting and horrific take on the idea with silent hill, and in 2001, the others completely leeches off both of them (even the fog) to try and refine the ""people who dont know theyre dead"" concept, which fails pitifully to bring anything fresh to the table, or to even creep me out, and even if you hadnt seen or heard of either of these things, it would still be obvious if you payed attention, because it is executed so sloppily! secondly, the scares are NON-F**KING-EXISTENT, why? because the twist is so obvious and, just like paranormal activity, it does not give you anything to be scared of, oh, the curtains are down, how scary, oh, the plastic tarp (plastic tarp? one word: ANACHRONISM) rustled, how scary, oh, someone is walking loudly on the floor above, how scary... need i say, er... type more? only two scenes are creepy throughout the mercilessly dull 105 minute runtime: that iconic scene with anne in the pretty dress, and the scene where the housekeepers are confronting grace on the steps of her manor, after the little revelation that theyre... TAKE ONE GODDAMN GUESS! thirdly, the performances... dear god... nicole kidman is TERRIBLE, what is particularly amusing is roger ebert said the following ""nicole kidman succeeds in convincing us that she is a normal person in a disturbing situation"" her character is painted, from the start, as a thinly-veiled psychotic lunatic, i had no empathy for her, and because of that, all the scares that should have worked despite the poor twist fall flat, james bently was a terrible child actor playing a terrible child character, frankly, i wouldnt care if he died a violent horrific death, and that is not a good thing, alakina mann was one of three talented people in the entire movie, she was a decently realized character, and thus, i cared about her, which is why the scene i mentioned earlier worked so effectively, eric sykes and fionulla flanagan were great as the housekeepers, who manage to make otherwise flat dialogue oddly chilling, the story behind the maid was chilling, even if elaine cassidy wasnt really good as the maid. finally, the sorry human being who made this, when you cant get kidman to act properly, and your movie rips off shayamalan and a video game, YOU NEED TO REVISE YOUR F**KING MOVIE!!!"
160,KON_Doc10_The_Others,KON_Doc10_The_Others,KON,Horror,Negative,The_Others,"HERE is my recurring dream. It takes many narrative forms, but always with the same circumstances. A cottage, once belonging to me, has fallen into neglect. In the dream I suffer intense guilt at having allowed this once pleasant property to deteriorate beyond rescue; fungus blossoms on the walls, the furniture rots, my house-proud neighbors are suitably disgusted. In the anguish of the dream I cannot account for having forgotten this house, forgotten that I am responsible for its maintenance. Abject, I investigate its dereliction, wandering through damp and fetid corridors. On waking I have to debrief myself. The house, in reality, ceased to belong to me several years ago. Actually, it has been demolished. And yet I can carry the shame with me well into the day. I was disconcerted, then, to learn that some therapeutic disciplines encourage children in their care to draw houses, because in so doing they will describe their own psyches: in drawing a house, they are effectively drawing themselve s. So I can only guess at what this tells us about the dream-life of the Spanish director Alejandro Amenabar, whose film The Others opened on Friday. Profoundly isolated, with every room locked and kept in darkness, the house he has drawn as his movies sole location provides the most disconcerting accommodation since Jack Nicholson and family moved into the Overlook Hotel in Stanley Kubricks The Shining. But it is to a more obvious influence -- Alfred Hitchcock -- that The Others is most clearly in debt. The iron gates and suffocating fog remind us of another dreamily forbidding property, that of Manderley in Hitchcocks 1940 film Rebecca. Mr. Amenabars house comes complete with its very own Mrs. Danvers in the shape of Mrs. Mills (Fionnula Flanagan), and in Grace (Nicole Kidman) we watch another young heroine suffocating under the weight of a houses unconscionable history. Living on Jersey in the Channel Islands during the last days of World War II, Grace is mother to two mysteriously damaged children, defending them against the external threat of German occupation and from the attritional forces at work within the house, the unseen intruders. The Others is the 29-year-old Mr. Amenabars third film as writer, director and composer and represents a striking advance from the sophomore Open Your Eyes (1997). An intermittently dazzling but brittle psychological thriller about a rich and handsome man disfigured in a car crash, Open Your Eyes was recently filmed in an American incarnation by Cameron Crowe as Vanilla Sky, starring Tom Cruise (for a December release). The percipient Mr. Cruise also serves as executive producer on The Others and is credited as having championed what is Mr. Amenabars first English-language project. The Others is a movie that terrifies an audience, not because of what happens but because of what has happened; and it stands as a pungent antidote to the slash and tickle teenage horror movies more commonly associated with its distributor, Dimension Films. It strikes me as remarkable that there is a"
161,MSB_Doc1_Anchorman_2,MSB_Doc1_Anchorman_2,MSB,Comedy,Positive,Anchorman_2,"With a new joke introduced every few minutes, the sheer quantity of wisecracks provides such overwhelming odds for laughter that it's no surprise that ""Anchorman 2: The Legend Continues"" trumps its predecessor in risible catch phrases and unrelenting lunacy. Quantity over quality isn't always an asset, and this sequel undoubtedly runs too long, but the truly clever witticisms remain memorable even if the majority of the dialogue is drenched in pure absurdity. At times it's hit-or-miss; Ron Burgundy's random expletives and Brian Fontana's World Famous Jimmy Cabinet offer sidesplitting hilarity, while Brick Tamland's doltish romance and concepts ripped straight from Austin Powers and Jay and Silent Bob quickly lose their charm. But director Adam McKay has had nine years to figure out exactly what worked in Burgundy's original adventure and, for the most part, he's isolated it and amplified it. When renowned anchorman Ron Burgundy (Will Ferrell) is suddenly terminated from WBC evening news, and his wife Veronica Corningstone (Christina Applegate) is promoted, his life spirals out of control. Six months later, Burgundy is alone, drunk, and employed as an announcer at Sea World, but is soon fired for continued misconduct (such as sexually molesting starfish). After a failed attempt to hang himself, the washed-up journalist is approached by Freddie Shapp (Dylan Baker) and offered a job at GNN, the world's first 24-hour news network. Gathering up his old team, consisting of sportscaster Champ Kind (David Koechner), field correspondent Brian Fontana (Paul Rudd), and weatherman Brick Tamland (Steve Carell), Burgundy heads to New York City to once again reach the ratings apex with his unorthodox brand of reporting. If ever there was an anti-Paddy Chayefsky, anti-Sidney Lumet's ""Network"" movie, it would be ""Anchorman 2."" And Ferrell is his own style of loose cannon, hell-raising, uncontrollably ranting Howard Beale. This time around, after nearly a decade has separated the long anticipated follow-up to Ferrell's early success (and the first of his spoofs of factitious-celebrity), the self-aware, self-indulgent shenanigans haven't been given enough editing attention, allowing the scatterbrained, often abstract painting-like skits to saunter off in all directions. Many go on for too long, while others are of such spontaneous, random, unexplainably tangential strangeness that they clearly resemble the trademark cutaways of the ""Family Guy"" TV show. With all of the distorted expressions and the overdone CG finale, it's decidedly cartoonish. Paying homage to itself repeatedly, this sequel has the sensibility to revisit memorable gags and amplify them  regularly well beyond reason. With the expected sexism, racism, rivalries, and immoderate innuendo comes new themes of modernism, ethical news sourcing, synergy, and familial priorities as it satirically chronicles the evolution of televised journalism. It's also peppered with animal noises, crying, grating voice warm-ups, brawling, heroism, and sustained yelling. Cameos are amusingly abundant, Carell has been reduced to a raving lunatic, background details provide many of the funniest bits, and the chaotic nonsense level is immeasurably high. Laugh-out-loud moments do occur, but at approximately two hours in length, a few of the sillier"
162,MSB_Doc2_Anchorman_2,MSB_Doc2_Anchorman_2,MSB,Comedy,Positive,Anchorman_2,"It has been nine years since the first Anchorman and, to Will Ferrell's credit, Anchorman 2: The Legend Continues feels neither like a money grab in bringing back what is likely his most beloved and enduring character nor like a film of cinematic desperation borne out of Ferrell's decreased box-office clout. No, actually Anchorman 2: The Legend Continues feels an awful lot like the product of some of Hollywood's funniest performers having hashed out enough bits and gags and semi-stories that coming back together and making this all happen once again just plain made sense This is weird, really, because actually there's very little in Anchorman 2: The Legend Continues that actually makes any sense and that's actually what makes it all work a vast majority of the time. The story, and I use that word very loosely here, has Ron Burgundy (Will Ferrell) hired to anchor the night shift at a brand new all-news cable network known as GNN and, yes, pretty much all the jokes in the film play it that obviously. He gets his old team back together which, if you've been living under a rock, includes ultra-stylish reporter Fantana (Paul Rudd), sportscaster Champ Kind (David Koechner), and weatherman Brick Tamland (Steve Carell). While Burgundy is as buffoonish as ever, his style wins over viewers and attracts the attention of nemesis with flair Jack Lime (James Marsden). Burgundy has married his former co-anchor, Veronica Corningstone (Christine Applegate), and the two have a son (Judah Nelson). Kristen Wiig is here and hilarious as ever as a rather off-kilter secretary, while Meagan Good is a hoot as Burgundy's tough-as-nails boss. Native Hoosier Greg Kinnear rounds out the major players in a sub-plot that really shouldn't work but does. Director Adam McKay co-writes the film with Ferrell and their frequent collaborations pay off here as the film feels remarkably consistent even if the film also feels like a non-stop jokefest more concerned with punchlines than plot threads. The original film's most epic scene, a laugh-out-loud funny rumble between competing news teams, is even bigger and better and badder and funnier here. It likely won't come as a surprise to you that there are a boat load of cameos here, this is a Will Ferrell film after all, but they are used wisely and actually, for the most part, contribute to the film's spontaneity and inspired energy. If you've been paying attention to the media lately, then you're already aware that Ferrell has been showing up all over the place doing advanced publicity for Anchorman 2, including an absolutely awesome turn as a co-anchor up in the Dakotas that goes from surprisingly straightlaced to downright insane over the course of a single newscast. The same is largely true here. Anchorman 2: The Legend Continues remains largely faithful to what made the original film a beloved and instantly quotable comedy. While this go around is likely to be less quotable than its predecessor, anyone who appreciated the original film is likely to"
163,MSB_Doc3_Anchorman_2,MSB_Doc3_Anchorman_2,MSB,Comedy,Positive,Anchorman_2,"""Anchorman 2"" is the inordinately self-aware sequel to a beloved Hollywood movie that has shaped the character of improv, stand-up, TV and film comedy over the last decade. In other words, it's pretty much critic-proof, which raises the question of why I'm writing this review (and why you're reading it). I really don't know! This is the kind of movie where most people know what they want and are pretty sure what they will get, that being ""more of the same, please."" I do not delude myself that anyone's ticket-buying decision is likely to be guided by my snotty attitude, nor by my admission that I occasionally snorted, guffawed and giggled during ""Anchorman 2,"" especially at its dumbest and most random gags. Indeed, Paramount Pictures sent the movie-pondering set a pretty clear signal that we needn't bother: They didn't screen the movie for critics until Monday evening, barely 36 hours before it opened in theaters, and requested a review embargo until Wednesday. (Review embargoes are weird, and like almost everyone else in the business I feel mildly troubled by them. They are ""gentleman's agreements"" with no legal force, to be sure. But most of the time we observe them, because it's not worth pissing off a studio in search of some minor news-cycle advantage on a movie review.) I skipped that screening to go to a Christmas party, then had a bit of a rethink about it and wound up seeing the movie in a regular Manhattan theater on Wednesday morning, along with a dozen or so other paying patrons. That was where I found out that being self-knowing and critic-proof  and taking an excessively literal approach to ""jumping the shark""  does not actually insulate a movie from its own badness. When I tell you that Will Ferrell's moronic but lovable Ron Burgundy, formerly the anchor of mid-1970s San Diego's second-worst evening newscast, jumps the shark in ""Anchorman 2,"" I am not hauling out an overused cliche and seeking to imbue it with ironic meaning. The movie does that all by itself. Virtually the first thing we see in ""Anchorman 2"" is Ron, wearing his suit and tie in the ocean, trying to escape from a man-eating great white, a scene we will return to, art-cinema style, later in the film. One could even say that the shark plays a key role in the plot if ""plot"" were not a ludicrous concept here. ""Anchorman 2"" isn't trying to be a regular movie that tells a story, or at least it isn't trying to do that most of the time, but it also can't fully escape from Hollywood conventions into free-form, ""Kentucky Fried Movie"" or Monty Python sketch-comedy lunacy. One of my biggest problems with this movie, in fact, is that Ron Burgundy and his pals are required to learn and grow as people, when almost the entire point, comedy-wise, is that they don't learn anything, cannot grow and are not like real people."
164,MSB_Doc4_Anchorman_2,MSB_Doc4_Anchorman_2,MSB,Comedy,Positive,Anchorman_2,"Most often these days, the problem with sequels is that the filmmakers get lazy. They replicate a proven formula, make a few cosmetic changes  voila  they have another hit on their hands. It's an easy gig if the first movie was popular enough, and I understand the reluctance to tamper with guaranteed money. In the nine years since its release, ""Anchorman: The Legend of Ron Burgundy"" has gone from being a minor blip on the box-office radar ($84 million domestically) to one of the most quoted and beloved comedies of the 2000s. It would be reasonable to expect more of the same from ""Anchorman 2: The Legend Continues."" Not so fast. While it certainly is similar in spirit, and familiar characters haven't changed much, ""Anchorman 2"" shakes things up from the start. And though that is a good thing, its comedic approach is to throw everything it can at the screen and see what sticks. I laughed more than a few times, but for every joke that hits, there's at least one that misses. Leaving behind the '70s for the early '80s, the action moves cross-country to New York, where Ron Burgundy (Will Ferrell) and his wife, Veronica (Christina Applegate), co-anchor a network weekend newscast. News director Mack Harken (Harrison Ford) picks Veronica to anchor the nightly newscast and fires Ron, sending Ron into a tailspin that starts with him leaving Veronica and ends with him back in San Diego, drunk on the job at SeaWorld. At his lowest low, however, comes an opportunity to get back in the game. He's offered a chance to join GNN, a fledgling 24-hour news network  an idea Ron initially scoffs at. But the lure of what he believes to be his purpose for living is too much. Soon, he's reassembling the news team  sportscaster Champ Kind (David Koechner), investigative reporter Brian Fantana (Paul Rudd) and weatherman Brick Tamland (Steve Carell)  and back in the Big Apple. The movie is merciless in its attack on the 24-hour news cycle, setting up Ron as the one responsible for the state of much of today's TV news. Don't give the people the news they need, he says. Give them what they want  which apparently means endless stories on animals and sports highlights that include only home runs and touchdowns. ""It's total crap and they can't stop watching!"" his producer (Dylan Baker) happily declares. Giving Ron a black, female boss (Meagan Goode), director Adam McKay, who co-wrote the screenplay with Ferrell, also tackles issues of sexism and racism, leading to a hilariously cringe-worthy dinner scene."
165,MSB_Doc5_Anchorman_2,MSB_Doc5_Anchorman_2,MSB,Comedy,Positive,Anchorman_2,"When it comes to sequels, some can surprise you by being different, while others simply feel like inferior retreads of the original. Anchorman 2 manages to surprise because while it's more of the same type of humor as in the original, it doesn't feel inferior at all. After nearly a decade away, Ron Burgundy and his news team are still just as funny as ever. Co-written by director Adam McKay and star Will Ferrell and undoubtedly partly improvised by the stellar cast, the script is as filled with quotable dialogue as the original was. Featuring these and many other gems. ""When you've got an ass like the North Star, wise men are going to follow it."" ""Who the hell is Julius Caesar? You know I don't follow the NBA."" ""Suicide makes you hungry, I don't care what anybody says."" ""It doesn't matter who's fault the break-up was, I was stubborn, you were like a mentally ill whore from the 1800's."" ""Is that your foot between my legs? Oh, sorry, it was my hand."" The plot, what there is of it, is really only there to give a loose structure to a series of comic vignettes. When the movie opens Ron and his wife Veronica are married with a son and living in New York City. Shortly though, Ron is fired from their co-anchor job and the couple split up. After a drunken spiral, Ron makes a comeback as an anchor for GNN, the first 24 hour news network, based quite obviously on CNN. He reassembles the old news team and they become national stars, but success goes to Ron's head and trouble ensues. There's a small subplot that makes fun of the way the news has become an entertainment program more concerned with ratings than hard news, but this isn't a movie to be taken seriously. There are many hilarious scenes and plenty of famous faces pop up in cameo appearances. This is particularly true in the gang fight between news teams that takes place near the film's climax. It mirrors a scene from the first film, but then takes it to an entirely new level. Given the level of stars who appear, it seems that Ferrell and McKay had their pick of actors to choose from. One of the film's funniest scenes is also its most politically incorrect when Ron meets the family of his new black girlfriend. Although this is Ferrell's movie, once again the supporting cast manages to steal a few scenes. Carell being the chief thief as the dim-witted weatherman Brick Tamland. David Koechner also gets quite a few laughs as the politically incorrect sports guy, Champ. A random quote of his, ""I believe in two things: Chicken, and that the census is a way for the UN to make your children gay."" At nearly 2 hours, the film does run a little long for a comedy. There are a few scenes that could have been trimmed to create a tighter edit, but that's just nitpicking"
166,MSB_Doc6_Anchorman_2,MSB_Doc6_Anchorman_2,MSB,Comedy,Negative,Anchorman_2,"It's been nearly a decade since Anchorman: The Legend of Ron Burgundy introduced Will Ferrell and director Adam McKay's (then a newcomer) absurdist brand of humor to the masses, a brand of humor that earned the film the biggest cult following for a comedy since perhaps Caddyshack and lived on in McKay's subsequent (mildly less successful) films Talladega Nights: The Ballad of Ricky Bobby, Step Brothers, and The Other Guys (all starring Ferrell). In Anchorman 2: The Legend Continues, McKay and his now-way-more-famous cast return with a bigger, broader, less memorable chapter in Burgundy's story. The laughs still hit hard (I was bowled over quite frequently) and the wonderful cast is as sharp and witty as ever, but multiple, needlessly inflated, disposable plotlines drag the film down, and the novelty of McKay's unfettered randomness has all but worn off in the last ten years. It's 1980, and happily married newscasters Ron Burgundy (Ferrell) and Veronica Corningstone (Christina Applegate, as beautiful and quick as ever) arrive at an impasse when Veronica beats Ron out for a coveted position at the news station and their boss (Harrison Ford) rips Ron's job away (in Ford's signature callous growl). Brimming with jealous rage, Ron leaves his wife and son (one of the worst child actors I've seen this year) and tracks down his old news crew to start a new career path at GNN, a news network in New York, where they help to pioneer a revolutionary concept called ""24-hour news"" (yuck yuck). Returning are Steve Carrell as weatherman Brick Tamland, an extreme representation of McKay's affinity for random dialog; Paul Rudd as reporter Brian Fantana, the embodiment of faux, cologne-collector machismo; and David Koechner as sportscaster Champ Kind, an ambiguously rape-y pervert with a hilariously uncomfortable affection for Ron (long, dick-to-dick hugs). Ron and his brigade are met with fierce hostility in New York, dished out by rival hot-shot anchor Jack Lime (James Marsden, surprisingly very funny) and their alpha-female station manager (Meagan Good). With everything stacked against him (including a miserable 2am time slot), Ron stands stubbornly determined to out-career Veronica, and finds his path to success in the form of the trashy, nothing-news we're now oh-so familiar with in 2013 (in a stroke of ""brilliance"", Ron reports on a car chase and sticks with the pursuit until the perp is caught, earning him sky-high ratings). The satire is half-baked, laid on thick, and isn't handled with nearly the deftness of the small, zingy, hyperbolic moments Anchorman is adored for. Narratively, the movie is a mess, with a tangle of plots and sub-plots that are so conventional and uninteresting that they bog down the film's free-flowing, improv-is-king spirit. Veronica finds a new man (Greg Kinnear); Ron's career focus has made him an absentee father; Brick's found a love interest (Kristen Wiig, who merely mimics Carrell's character, disappointingly); Ron's success gets to his head and shuns his friends; etc. It all feels too conventional and schematic, and McKay spends an inordinate amount of"
167,MSB_Doc7_Anchorman_2,MSB_Doc7_Anchorman_2,MSB,Comedy,Negative,Anchorman_2,"At this point in the world of movie fanatics, there are two kinds of people: Those that love Will Ferrell and his trademarked brand of pompous man-child, and those that do not. In the great scope of all things Ferrell, his most revered creation is arguably that of sweet egomaniac Ron Burgundy; San Diego's greatest 70's era newscaster. Since Anchorman was released in 2004, legions of Ferrell-ites have clamored for more outlandish quotes, ludicrous situations, and especially: Salon quality hair. Ferrell and director Adam McKay decided to give them what they want and, almost 10 years later, finally managed to wrangle the entire original cast: Christina Applegate, Steve Carell, David Koechner and Sex Panther himself Paul Rudd. The story, and I use this term very loosely, for Anchorman 2 is that Ron Burgundy has entered the 80's losing everything. His job, his wife and son, and most importantly: His dignity. An offer to join up with a pioneering concept, the 24-Hour Global News Network, encourages Ron to get the gang back together and journey to New York for a chance to hit the big time. In an act of ratings desperation, Ron elects to forgo real news and instead focus on stories of American patriots, car chases and adorable animals. Essentially devolving to the lowest denominator shoots Ron and his cohorts to the top of the news game. This garners him the fame and adulation he has always craved; the attention of the African-American Station Manager, Linda Jackson (Meagan Good); and the jealous rage of fellow Anchorman Jack Lime (James Marsden). It also puts Ron in a position to show what an absentee father he has become to his sweet son, Walter. Revisiting a film as beloved as Anchorman is a risky proposition, one that Anchorman 2 primarily succeeds in. Changing the setting to the 80's, interjecting race and sexual stereotypes, and letting Ferrell go for it largely pays off. For all of the cast interplay, the film truly rests on the shoulders of Ferrell's Burgundy and he infuses the role with the same sweet, selfish idiocy he mustered in the original film almost a decade ago. There are numerous scenes in the film that will have audiences in uproarious fits due to the comedic genius and ludicrous absurdity from the multitude of actors allowed to play in Ferrell and McKay's sandbox. Carell in particular as Brick (as well as Brick's new love interest in Kristen Wiig), eclipses his performance from the original film, stealing every scene he is in. Every film of this type has its missteps, and Anchorman 2 takes its share as well. Ron's first interracial dinner, meant to showcase his complete ignorance of stereotypes, plays more uncomfortable than clever. And while the film hits the mark repeatedly for the majority of its first 90 minutes of runtime, it completely goes off the rails for the film's final act. Even in a world as absurd as this one, Ferrell and McKay need to learn when is a"
168,MSB_Doc8_Anchorman_2,MSB_Doc8_Anchorman_2,MSB,Comedy,Negative,Anchorman_2,"ill Ferrell's maroon-hued egomaniac, legendary newsman Ron Burgundy finds nirvana in the early days of the 24-hour news cycle in Adam McKay's loose-limbed, indulgent sequel. The ensemble seems to be having fun and there are some scattered belly laughs, but the truly inspired nuttiness that made the first Anchorman a cult hit is in short order. Burgundy has shifted his base from San Diego to New York, where he has established a successful on-air partnership with his wife, Veronica (Christina Applegate). When she is offered the prime time gig to which he felt entitled, Ron descends into a deep depression, hitting rock bottom as a foul-mouthed announcer at SeaWorld. These early scenes are well paced (and feature a fun cameo from Harrison Ford) but don't strongly establish an inspired reason to revisit Burgundy's world. That reason finally manifests in the form of the Global News Network, a soon-to-launch network financed by Aussie millionaire Kench Allenby (Josh Lawson) and headed by strong-willed Linda Jackson (Meaghan Good). Despite his fall from grace, Burgundy is (rather implausibly) given free rein to bring back his old crew  boisterous sports guy Champ Kind (David Koechner), reporter Brian Fantana (Paul Rudd) and knuckle-headed weatherman Brick Tamland (Steve Carell). The overriding gag is that Burgundy's 'lowest common denominator' approach to broadcasting gave birth to the 'news-as-entertainment' era; when Burgundy utters, ""Why do we have to give people what they need and not what they want?,"" dollar signs register with the new network. It is the sequel's only meaningful attempt at thoughtful satire; in all other regards, McKay and Ferrell's script is utterly reliant upon puerile silliness and the improvisational skills of its cast. The best bits are between Carell and guest star Kristen Wiig as like-minded dimwits who fall in love; Rudd has some moments, but Koechner is background noise and Applegate, Greg Kinnear (as Veronica's new man) and James Marsden (as Ron's rival) are relegated to bit player contributions. Most troubling is Ferrell's energy in the lead role. He is older (and looks it) and struggles to recapture the youthful brashness he brought to the part almost 10 years ago. Burgundy 2013 doesn't inspire laughs as much as he does pity, the casual misogyny and racism that suited the first film's tone now appearing boorish and outdated. Anchorman 2 eventually finds a kind of Python-esque craziness in the final third, when disparate elements such as temporary blindness, a great white shark pup and a 'white bronco' police chase factor into the denouement. The best reason to see the film is a nonsensical but hilarious sequence that has Ron and his posse facing off against newsmen from the cable network channels. It could be the greatest sequence of cameos in film history and is presented with such fresh vigour that it feels like the inspiration for the entire project."
169,MSB_Doc9_Anchorman_2,MSB_Doc9_Anchorman_2,MSB,Comedy,Negative,Anchorman_2,"Ron Burgundy (Ferrell) has only one dream in life  ""to have salon-quality hair and read the news"". Unfortunately, the second film begins with a step in the wrong direction. He is sacked by the station manager (Harrison Ford) who describes him as ""the worst anchorman I have ever seen."" It's fair description. Forced to take a gig as the dolphin show host at SeaWorld (he's not very good at that either), Ron is given a fresh lease on life when approached to join the new Global News Network (GNN). Keeping in mind that this film is set in the 1970s, the GNN is trying to become the first 24-hour news network in the United States. They've personally selected Ron and his team (don't ask me why) to host the graveyard shift from 2am to 5am. So who watches news at that hour? Who is even awake? Desperate to prove himself in the ratings, Ron decides to roll the dice and transform his daily 3 hour news segment into something very different. In his own words  ""Why do we have to tell people what they need to hear? Why can't we just tell them what they want to hear?"" His biased, crazy, pro-America show becomes an overnight sensation. Ron Burgundy is back. I say this too often but this is another film with potential that underachieves. When you think about the way that the ""news"" has evolved over the past few decades, there's room for a lot of great jokes. One of the best scenes sees Ron create the first televised car chase. While his ex-wife is interviewing Yasser Arafat on another network, Ron is luring audiences with the helicopter-covered chase and his wildly speculative commentary. Regrettably, not enough time is spent poking fun at way in which we disguise entertainment as serious news. Instead, the film strives for laughs but offering moments that are both random and bizarre. Most of them don't work. Steve Carell fakes his death and then turns up unknowingly at his own funeral. David Koechner opens a restaurant that serves bats instead of chicken. Kristen Wiig joins the cast as a socially inept receptionist and her nonsensical interaction with Steve Carell gets tired quickly. It's been 9 years since the original Anchorman and while it didn't reel in as much money as some of Will Ferrell's other low-brow comedies (such as Talladega Nights, Blades Of Glory, Step Brothers), the film has since developed a cult-like following. There were no plans for a sequel. This film only came about because of an increasing demand from the public. I'm sure many will enjoy Anchorman 2 for what it is. I admit to having a few laughs and yes, I did smile during the finale which involves many, many cameos. It's a weak story though. More needed to be made of Ron Burgundy's conflict with the GNN owner (played by Australian Josh Lawson) but again, this is pushed aside for lengthy skits revolving around Ron's casual racism"
170,MSB_Doc10_Anchorman_2,MSB_Doc10_Anchorman_2,MSB,Comedy,Negative,Anchorman_2,"Nine years is a long time. Kids who were in college when the first Anchorman movie came out, in 2004, are now adults, many of them married with kids even. It's an especially long time for comedy, which has a nasty tendency to age quickly, and in many cases badlyanyone who has rolled their eyes recently at an Austin Powers joke can tell you that. So in many ways Anchorman 2: The Legend Continues, the new heavily marketed sequel arriving in theaters tomorrow, is a big gamble. Financially speaking it might not be; sentiment for the original film still seems to run high, despite its quoted-to-death status. But creatively, star Will Ferrell and his troupe risk tarnishing what is widely held to be a modern comedy classic. Movie history is littered with cautionary comedy sequel tales, most recently The Hangover, a gleefully garish first film that was ruined by two bloated, off-putting sequels. Does Anchorman suffer the same fate here? Not quite, no. The strongest parts of Anchorman 2 come toward the beginning, when the movie is not mired in the film's unwieldy plotthe bulk of which involves Ron Burgundy and friends going to work for the first 24-hour cable news network. Ferrell has made Ron slightly crazier this time around, which I suspect is owed to that nine-year gap. The original Anchorman positioned Ron as a puffy parody of male chauvinism while ingeniously peppering dashes of absurdism throughout. But now that Ferrell has spent nearly a decade listening to what I'm sure have been countless Ron Burgundy riffs and impressions, the character has become something of a spoof of itself. The joy is not in seeing a well-coiffed, mustachioed oaf strut around with misplaced male authority, it's very particularly in seeing Ron Burgundy do that. And it is undeniably a simple, straightforward pleasure to watch this beloved character say and do new things for the first time in so long, Ferrell pushing the boundaries of Ron's emotional spectrum to odd, delightful effect. There's a hint of Tim & Eric-style nuttiness at play here that gives the film a slightly more modern Dadaist energy. It's an interesting update. Which is all well and good for a while, but eventually something has to happen in this movie, which is where it runs into trouble. The dynamic between Ron and his news teamDavid Koechner's closeted good ol' boy Champ Kind, Paul Rudd's sleazy Brian Fantana, Steve Carell's borderline brain-dead Brick Tamlandis a bit strained, stripped of a necessary context. As Ron reassembles the team for the move to cable, each guy gets an introductory Where Are They Now scene, and while it's fun to see everyone again (Champ's bit, involving a wonderfully ridiculous joke about fried bats, is the strongest segment), they're relegated to the sidelines as the movie stumbles into its awkward storyline. That involves a ratings war, a new love interest for Ron (Meaghan Good) while Veronica Corningstone (the criminally underused Christina Applegate) is away climbing the ranks of network"
171,NUY_Doc1_Step_Brothers,NUY_Doc1_Step_Brothers,NUY,Comedy,Negative,Step_Brothers,"As a dedicated reporter, it's my job to report that a local preview screening of ""Step Brothers"" earlier this week was packed to the gills with people laughing their heads off. (To be strictly accurate, ""heads"" is a family-newspaper euphemism for a different, somewhat less dignified portion of the human anatomy.) As a dedicated movie critic, however, it's my sacred duty to add that I don't understand why in the hell they were laughing so hard. Yes, ""Step Brothers"" is full of rude, lewd, crude humor. And no, I didn't find the majority of it the least bit amusing, let alone bust-a-gut uproarious. That ranks as a major disappointment, considering the two goofballs portraying the title ""Step Brothers"" -- Will Ferrell and John C. Reilly -- are usually good for at least a few laughs. They certainly were in ""Talladega Nights,"" with Ferrell as NASCAR champ Ricky Bobby, the ""Shake"" to Reilly's perennial-runner-up ""Bake"" Cal Naughton Jr. In ""Step Brothers,"" however, they're basically playing the same character. And while too much of a good thing may be wonderful (just ask Mae West), too much of an annoying thing is simply more annoying. And in ""Step Brothers,"" the title characters are nothing if not annoying. Identical cases of arrested development, they're both 40-year-old unemployed screw-ups who still live with their incredibly indulgent parents -- Brennan (Ferrell) with his divorced mother Nancy (Mary Steenburgen), Dale (Reilly) with his widowed father Robert (Richard Jenkins), a doctor who's dying to retire from medicine and devote the rest of his life to his beloved sailboat. That is, until Robert meets Nancy at a medical conference and the two fall in instant lust. Cut to the happy couple's marriage, during which their two grown-up boys sulk like cranky toddlers. Their mutual hostility rises to ever more toxic levels, however, when Nancy and Brennan move in with Robert and Dale, forcing the sudden stepsibs to share a room -- and fend for themselves while their parents play newlyweds. All Brennan and Dale have to do is check out their attire -- Brennan's ""Star Wars"" jammie pants, Dale's Yoda T-shirt (and Chewbacca mask) -- to know they're instantly, utterly compatible. (They even sleepwalk alike.) But they're too busy playing malicious pranks in a seemingly endless (at least it feels that way) game of one-upmanship to notice, whether they're firing off four-letter putdowns or engaging in elaborate childish pranks they've been practicing since their actual childhoods. Naturally, their asinine behavior prompts their newly married parents to react with equal abandon, setting off another round of laugh-riot reaction as veterans Steenburgen (who co-starred with Ferrell in ""Elf"") and Jenkins (a long way from his poignant, Oscar-caliber performance as ""The Visitor"") are forced to stoop to their level. And that's a long way down. It's only when Brennan's obnoxious, overachiever brother Derek (the spectacularly smarmy Adam Scott) shows up, repressed wife (a game-for-anything Kathryn Hahn) and harmonious kids in tow, that Brennan and Dale find they're natural allies -- and brothers"
172,NUY_Doc2_Step_Brothers,NUY_Doc2_Step_Brothers,NUY,Comedy,Negative,Step_Brothers,"This is a two-joke movie, one of which is funny for about ten minutes. Early on, there's a certain amount of enjoyment in watching middle-aged men (Ferrell and John C. Reilly) act like surly teenagers who still live at home and sponge off their respective mum Nancy (Mary Steenburgen) and dad Robert (Richard Jenkins). When Robert and Nancy move in together, the two overgrown teenagers have to share a room. It's hate at first sight. But they squabble, fight and behave so pettily that they fail to convince as being remotely human. The same air of unreality extends to the parents. Jenkins and Steenburgen are supposed to be playing intelligent people, but it's impossible to believe that they could have raised children quite so devoid of social skills. The crude caricatures extend to Ferrell's cocky and obnoxious brother (Adam Scott) and his downtrodden wife (Kathryn Hahn) who unaccountably has the hots for Reilly, who looks not only unerotic but downright insanitary. This is a movie in which absolutely everyone behaves with rampant idiocy. As a result, the half-hearted attempt to construct a plot around them fails within a few minutes. You can't believe in these people, let alone care what happens to them. They're just a freak show, an excuse to give us such 'gags' as Reilly emitting the longest and noisiest fart in screen history, and Ferrell exposing his scrotum and wiping it over Reilly's drum kit. Fans of gross-out humour may also enjoy their bonding in their treehouse over a mutual delight in pornography, Ferrell's disgusting solution to the problem of running out of lavatory paper, and the scene where nasty children force him to eat canine excrement. Perhaps adults behaving like filthy-minded children, and children behaving like bullies, make you laugh. But perhaps not. The second, and even cruder, joke is the same one that Adam Sandler promulgates in virtually all his movies: that violence is hilarious. So we see Reilly smashing Ferrell over the head with the sharp edge of a cymbal. Thinking he's dead, Reilly tries to bury him in the garden. But Ferrell regains consciousness, smashes Reilly over the head with a spade and tries to bury him alive. There's meant to be humour in their exaggeratedly brutish and homicidal reactions, but the slapstick is so mistimed that it just comes across as unpleasant. Right at the end of the movie we're even expected to laugh uproariously when Reilly and Ferrell beat up a bunch of children who have been victimising them. Cruelty to children is fun, right? Perhaps we should cut the same slack to such comedies as most of us do to Tom and Jerry cartoons, where outlandish brutality does make us laugh. But the comedy of cruelty is harder to take when it's live-action and more realistic. Step Brothers will be a hit, because there is an audience for this kind of violent stupidity. It has the same sense of humour that the two Jackass movies did, the same sadism that"
173,NUY_Doc3_Step_Brothers,NUY_Doc3_Step_Brothers,NUY,Comedy,Negative,Step_Brothers,"When did comedies get so mean? ""Step Brothers"" has a premise that might have produced a good time at the movies, but when I left, I felt a little unclean. The plot: Will Ferrell and John C. Reilly play Brennan and Dale, two never-employed 40-ish sons who still live at home, eating melted cheese nachos and watching TV. When their parents (Mary Steenburgen and Richard Jenkins) get married, they become step-brothers and have to share the same room. This causes them to inflict agonizing pain upon each other and use language that would seem excessive in the men's room of a truck stop. Is this funny? Anything can be funny. Let me provide an example. I am thinking of a particular anatomical act. It is described in explicit detail in two 2008 movies, ""Step Brothers"" and the forthcoming ""Tropic Thunder."" In ""Step Brothers,"" it sounds dirty and disgusting. In ""Tropic Thunder,"" described by Jack Black while he is tied to a tree and undergoing heroin withdrawal, it's funny. Same act, similar descriptions. What's the difference? It involves the mechanism of comedy, I think. The Jack Black character is desperately motivated. He will offer to do anything to be released. In ""Step Brothers,"" the language is simply showing off by talking dirty. It serves no comic function, and just sort of sits there in the air, making me cringe. I know, I know, four-letter language is the currency of a movie like this, and many of the other films Judd Apatow produces. I would be lying if I said I was shocked. I would also be lying if I said I had no taste, or judgment of comic strategy. I'm sure I've seen movies with more extreme language than ""Step Brothers,"" but here it seems to serve no purpose other than simply to exist. In its own tiny way, it lowers the civility of our civilization. Now what about the violence? These two adult children do horrible things to each other. The movie must be particularly proud of one scene, because they show part of it in the trailer. Dale thinks he has killed Brennan by slamming him with the cymbal of his drum set. He rolls him in a rug and prepares to bury him in the lawn. Brennan comes to, bangs Dale with the shovel and starts to bury him alive. I dunno. Maybe it sounds funny when you read it. Coming at the end of a series of similar cruelties, it was one living burial too many. There is also an attempted drowning. And ... never mind. Mary Steenburgen and Richard Jenkins, two gifted actors, do what they can. They despair of their grown-up, unemployed brats. They lay down the law. They realize their sons are destroying their marriage. But they exist in another dimension than Brennan and Dale almost in another movie. Their reaction shots are almost always curious, because the only sane reaction would be sheer horror, followed by calls to the men with the butterfly"
174,NUY_Doc4_Step_Brothers,NUY_Doc4_Step_Brothers,NUY,Comedy,Negative,Step_Brothers,"What a calamitous summer for comedies. It's like the wreck of the Hindenburg out there: flaming wreckage fed by a steady supply of hubristic flop sweat as America's ""funniest"" people launch bomb after abysmally ill-conceived bomb. Adam Sandler, Mike Myers, Eddie Murphy, and now Will Ferrell joined by the normally reliable John C. Reilly in Step Brothers. How bad have they been? They have all been trumped in the comedy department by Heath Ledger. Heath Ledger, a man who is: Not known for comedy. Still being mourned for his tragic and inexplicable death. Playing a character already regarded as the most terrifying since Hannibal Lecter. Yet despite all that, Ledger literally -- literally -- stepped onscreen, said ""Hi,"" and got a bigger laugh than all five of those other performers could muster in six-plus hours of active effort. If that's their idea of funny, pray to God they never attempt tragedy. Step Brothers isn't the worst of the bunch, but it's certainly the most disappointing. It was co-written and directed by Adam McKay, the man behind Farrell's two best films, Anchorman and Talladega Nights. The success of those movies helps demonstrate why this one is such a failure (besides the fact that its laughs arrive fitfully, if at all). They presented the actor's patented man-child routine as representative of a larger social niche. Ron Burgundy and Ricky Bobby behaved the way they did because the world expected it of them: they were granted authority and respect that enabled them to maintain their delusional sense of entitlement. More importantly, it gave their antics a broader satirical edge that put their insufferable narcissism in context. Truly great comedies have come from similar conceits, and while Farrell's efforts don't rank among them, they can certainly score their share of laughs if presented well. Step Brothers takes that edge away by eliminating the social implications. Instead of a third-tier television celebrity or self-important athlete -- granted privileges by out-of-whack cultural priorities -- it's simply a pair of 40-year-olds who act like toddlers. Both live with single parents, Brennan Huff (Ferrell) with his mother Nancy (Mary Steenburgen) and Dale Doback (Reilly) with his father Robert (Richard Jenkins). They basically lie around the house all day, playing video games and waiting for mommy/daddy to provide the pizza money. Then Nancy and Robert fall in love and get married, which forces the two useless lumps to coexist under the same roof. That appears to be the limits of Step Brothers' thinking. Brennan and Dale initially hate each other until they realize how much they have in common, upon which time they join forces to inflict their grotesque sense of magical thinking on the rest of the world. Nominally that would be fine: Farrell and Riley have always exhibited terrific chemistry, and I confess that watching them alternate between petulant hostility and ""best buds forever"" holds the seeds of decent comedy. But it never progresses beyond the basic idea, remaining resolutely one-note throughout. ""Look, they're grown men! And"
175,NUY_Doc5_Step_Brothers,NUY_Doc5_Step_Brothers,NUY,Comedy,Negative,Step_Brothers,"""Step Brothers,"" which was produced by Judd Apatow and his and Will Ferrell's manager, Jimmy Miller, is nowhere near as good, funny or polished as ""Talladega Nights: The Ballad of Ricky Bobby,"" the Nascar spoof directed by Adam McKay, which was also produced by Mr. Apatow and Mr. Miller. In that movie, Mr. Ferrell and John C. Reilly play best, not terribly bright, friends. Here, again directed by Mr. McKay, they play not terribly bright slackers turned brothers turned friends, who, after their parents wed, generate a lot of noisy, fitfully amusing, ultimately tiresome havoc. They're losers that only a mother, an entertainment manager or a gang of self-satisfied comedy insiders could love. The idea of two men of around 40 still living with their folks and addicted to nominally juvenile pursuits (toys, pornography, ""Star Wars"") seems like grist for the comedy mill or a newspaper trend piece. Mostly, though, it sounds like an idea that was hatched (Mr. McKay?) in waggish reaction to yet another movie review carping about how American comedies are stuck in adolescence. They are, and have been. (""Hey Abbott!"") What's distinct about the recent cycle of comic juvenilia are its contemporary contours male camaraderie and self-actualization combined with raunchy guffaws and a preoccupation with women that doesn't extend to giving them interesting roles and the ease with which its prominent practitioners are willing to recycle their own laughs to increasingly diminished ends. So, once again, there is the spectacle and pathos of the sexually stunted immature male, here times two: Brennan (Mr. Ferrell) and Dale (Mr. Reilly). Richard Jenkins plays Dale's crinkly father, Robert, while Mary Steenburgen, as Brennan's mother, Nancy, takes the fantasy parent role: she's saintly, sexy her relaxed, ready smile telegraphs satisfaction and endlessly patient. She looks good for a woman who would have had her youngest at about 14. Brennan and his insufferable brother, Derek (Adam Scott), both strong arguments for adolescent birth control, provide some of the crueler sport in ""Step Brothers,"" evincing mutual hostility that spills over into sadism. It's hard to reconcile this nice woman with either Brennan or Derek, with his wolfish grin and winner-takes-everything mania. That few girls and fewer credible women are allowed in the Apatow boys' club is old news. The only distaff comedy here is provided by the enthusiastic Kathryn Hahn, who as Derek's pitifully desperate wife, Alice, makes dexterous use of a bathroom urinal. Despite this bit of physical comedy, potty humor doesn't play a large role in ""Step Brothers,"" which, like all of Mr. Apatow's films, is firmly, perhaps self-consciously, rooted in what Freudians term the phallic stage of human development, not the anal. The phallic stage is supposed to be the time when little boys realize that little girls are built differently, which leads them to see their fathers as rivals for their mothers and in turn leads to castration anxiety. Castration anxiety, at least in this movie, may explain the startling sight of Mr. Ferrell placing his scrotum (or"
176,NUY_Doc6_Step_Brothers,NUY_Doc6_Step_Brothers,NUY,Comedy,Positive,Step_Brothers,"You've seen kids trapped in grown-up bodies in Big and 13 Going on 30. You've seen adults act impossibly childlike in Elf and...well, let's face it, pretty much every Will Ferrell movie. But until now, the world had not seen the Saturday Night Live vet's nut sack. So you can't say that Step Brothers, Adam McKay's comedy about two middle-aged, very hairy men who still live at home and throw hissy fits about the rules of their 'rents, doesn't bring something new to the man-child table. ""I teabagged your fucking drum set,"" Brennan (Ferrell) tells his new stepbrother, Dale (John C. Reilly), during a particularly heated dust-up, and damned if the Talladega Nights and Anchorman writer-director doesn't actually zoom in on Brennan's balls knocking against a snare drum. Even after Jason Segel fwapped full-frontal in the recent Forgetting Sarah Marshall which, like Step Brothers, is a Judd Apatow production Ferrell's Big Reveal is shocking and inexplicably hilarious. So is the rest of the movie. Co-written by Ferrell, Step Brothers immediately dirties its sitcom-ready path with humor that's largely filthy and occasionally flat-out weird. ""I'm watching the thing with the lady,"" Brennan mutters to his mother, Nancy (Mary Steenburgen), who dares to try to interrupt him while he's slumped on the couch gawping at Denise Austin. Soon, he'll have to fight for control of the remote: Nancy has decided to marry Robert (The Visitor's Richard Jenkins), a doctor she impetuously hooked up with at a conference. And Robert has a 40-year-old son living with him as well. ""Hey Nancy, can you make me a grilled-cheese sandwich?"" Dale asks his new stepmother the day their households merge. She's game, but Robert stops her: ""No, he's testing you,"" he says with all the seriousness of a father newly savvy to a toddler's tricks. Another wrench in the new family's life is Nancy's other son, Derek (Adam Scott), a successful jackass with whom Richard becomes enthralled. The genius of Step Brothers isn't merely the reunion of Ferrell and Reilly, an inspired pairing in Talladega Nights that continues to show off a talent for absurd stream-of-consciousness riffing here. Better is the bizarre personality dissonance of the perpetually fighting characters. Brennan and Dale aren't just losers who never found a good enough reason to leave the nest. They're utter children, sobbing when the other's barbs get too mean and clueless at showing affection. (Ferrell's abstract near-hugs are priceless, and Reilly's smooch with a married horndog is just about the funniest on-screen kiss yet.) But then the expletives fly: ""This house is a prison!"" ""On Planet Bullshit!"" ""In the galaxy of This Sucks Camel Dicks!"" they take turns yelling when Nancy and Robert demand they find jobs and move out. They're familiar with terms such as ""ball 'fro"" and ""mangina."" And the stepbrothers' cursing also goes beyond the tee-hee usage associated with strutting tweens and can get as fuck-you nasty as a prison clash. One minute they're babies, the next they're men, and the back-and-forth keeps the"
177,NUY_Doc7_Step_Brothers,NUY_Doc7_Step_Brothers,NUY,Comedy,Positive,Step_Brothers,"Welcome home, Will Ferrell. It's nice to have you back, and not as, say, a sex-addicted curling champ from Liechtenstein with a testicle that hasn't descended and an appetite for Funyuns. No, Step Brothers, the most uproarious film Ferrell has done since 2004, proves a defensive rebound from the dismal Semi-Pro Ferrell's last sports comedy. (Pray that's ""last"" as in ""final."") Also, it closes co-writer Ferrell and co-writer / director Adam McKay's unofficial ""modern American man"" cycle. Anchorman: The Legend of Ron Burgundy brilliantly lampooned workplace sexism, and Talladega Nights: The Ballad of Ricky Bobby was a so-so spoof of stockcar machismo. With as much meaning as a silly, scatological movie can muster, Step Brothers mocks the measurement of male maturity in a world where many ""kids"" have moved back in with parents. Yes, the path of a modern-day man-child is a well-trodden trail for ubiquitous producer Judd Apatow (Knocked Up, The 40-Year-Old Virgin), and Step Brothers feels like the exhaustion point of that idea. (It helps that it's short, not pushing Apatow's usual 120-minute mark.) Yet Brothers extends, to feature length, the airy viral-video jabs on Ferrell and McKay's Funny Or Die Web site, with surreal absurdity and goofy comic commitment from Ferrell and co-star John C. Reilly (who also co-created the storyline). The pair, who made a decent comedy team in Talladega, truly soars when not tethered to slavish NASCAR tie-ins. Ferrell and Reilly are Brennan and Dale, unemployed Californian fortysomethings living with their single parents. Their developments aren't arrested. They're serving life sentences in Chino. Breakfast and self-love are morning routine for Brennan. He's been called the ""songbird of his generation,"" but he hasn't sung a note since a traumatic Pirates of Penzance incident in high school triggered by his viciously overachieving younger brother, Derek (Adam Scott). In his junior year, Dale dropped out of college to join the family business. Too bad it's medicine. Now, he wears ""movie-quality"" Chewbacca masks and conducts experiments in his ""beat laboratory"" (a drum room) with dreams of superstardom. (If Talladega flipped a bird to NASCAR, Brothers does so to the American Idol anyone's-a-star mentality, with the finger in its pocket.) After Brennan's mom (Mary Steenburgen) and Dale's dad (Richard Jenkins) meet and marry, the new stepbrothers clash with pouts and pranks after the families merge. Here, the movie goes a little too long with profane shouting matches between the ""boys."" It's the little pouting-rant details of Ferrell and Reilly's inner 12-year-olds that are better, such as perfectly clinched near-tears faces or fishing for whispered taunts at each other in a shared bedroom. (Credit costume designer Susan Matheson and production designer Clayton Hartley, for making this setting, and their wardrobe, a perfect petri dish of retro pop culture.) Eventually bonding over a shared ""favorite non-porno mag to masturbate to,"" Brennan and Dale are soon enjoying karate in the garage and Steven Seagal movies in the den together. It's when they're forced to find work, and, eventually, fix a fast-fracturing family, that"
178,NUY_Doc8_Step_Brothers,NUY_Doc8_Step_Brothers,NUY,Comedy,Positive,Step_Brothers,"John C. Reilly has just told his new roommate Will Ferrell that he must never ever touch Reilly's precious drum kit. So as soon as Reilly is out of the house, Ferrell tiptoes into the sanctum, opens his pants and rubs his scrotum on the surface of the snare drum. Taking revenge on a hated rival: it's a moral imperative for great warriors, 8-year-old boys, silverback gorillas and the heroes of modern comedies. Ferrell's nut-job is also about as close as any male character in Step Brothers comes to sexual release. OK, I surrender. Tell your friends: the grumpy old man finally gets it. After years of arguing and analyzing, I now officially concede that movie comedy is meant to be always and only about men behaving at an IQ and/or age level far below expectations; that movie courtship is a process of stumbling into sex, not the suave negotiation of seduction; and that, after decades when Hollywood offered the likes of Clark Gable, Cary Grant and Steve McQueen were the emblems of masculinity, it now proposes the mentally and emotionally challenged oaf as dreamboat. What woman could look at Ferrell in this scene without salivating, and thinking, ""I want to be his snare drum""? Step Brothers is the latest chapter in Ferrell's exploration of the man who is not nearly as cool as he thinks he is. (That's a figure familiar for decades through Bob Hope and Steve Martin films, and in TV shows like Get Smart.) With a story assist from Reilly, Ferrell wrote the script with Adam McKay, a fellow alumnus of Saturday Night Live and director of two Will winners, Anchorman: The Legend of Ron Burgundy and Talladega Nights: The Ballad of Ricky Bobby. The new movie also explores the comic notion of man-child that goes back to the silent era (Harry Langdon's basic character was that of a deranged baby) and early talkies (the Three Stooges). But today they're everywhere Ferrell played a pretty endearing one in Elf which leaves the few remaining adult-male comedy roles to George Clooney. The answer is ingenious and unsettling, which is just fine in an anarcho-sentimentalist comedy. But much of the raillery in Step Brothers seems lazy or desperate. The Ferrell character lacks the goofy appeal of Ricky Bobby or the skater in Blades of Glory. And I'll take the comedy stylings of Jon Heder over Reilly's drabber improvisations any day. (Reilly was way funnier with Ferrell and Jon Stewart on The Daily Show Tuesday night than he is here.) Finally, Ferrell, the Hollywood star most notorious for going naked in his movies, shows off only his belly, and that for a teasing second. For most of the rest of the time, you'll be reveling in, or enduring, one more exhibition of grown men playing children, of idiots destroying things. The story: Sprightly 60-somethings Robert Doback (Richard Jenkins) and Nancy Huff (Mary Steenburgen) meet at a medical conference and instantly fall in lust. One a widower, the other a"
179,NUY_Doc9_Step_Brothers,NUY_Doc9_Step_Brothers,NUY,Comedy,Positive,Step_Brothers,"In the mid-'60s I lived next door to twin boys of around 10 who were dressed by their mother in neat crimson jackets with gold buttons; their trim little striped bowties and military-style crew cuts gave them an air of conservative dignity. But the minute their mom's back was turned, these tiny menfolk would start clobbering the crap out of each other, like minisavages vying for some kind of primal supremacy. In ""Step Brothers,"" Will Ferrell and John C. Reilly minus the jackets and bowties, of course are a little like those twins. Brennan (Ferrell) and Dale (Reilly) are unemployed 40-ish guys who still live at home, Brennan with his mother, Nancy (Mary Steenburgen), and Dale with his father, Robert (Richard Jenkins). When Nancy and Robert marry, they merge their families, ""Brady Bunch"" style. Brennan and Dale can't stand each other, but they do have several things in common other than their joblessness. For one thing, both have a tendency toward sleepwalking: They wander out of their twin beds to wreak havoc in the kitchen, murmuring and stumbling around like somnambulist creatures out of ""Dr. Seuss's Sleep Book."" Brennan and Dale will ultimately become closer than real brothers, but not before they endure numerous trials, which include whacking each other in the head with the likes of baseball bats, shovels and tricycles. I almost never laugh at characters who whack each other on the head. But for some inexplicable reason (and are there ever explicable reasons why comedy works?), it cracked me up in ""Step Brothers,"" maybe because Ferrell and Reilly always look a little like they've just been whacked on the head, anyway: In ""Step Brothers,"" they squint at each other with a foggy mix of resentment and camaraderie, two child-men who never got over the trauma of shooting through the birth canal and finally have a kindred spirit to take it out on. ""Step Brothers"" was directed by Adam McKay, who also made the very funny ""Anchorman: The Legend of Ron Burgundy"" and the somewhat less funny ""Talladega Nights: The Ballad of Ricky Bobby"" although it's possible his real masterpiece is the widely circulated short ""The Landlord,"" in which Ferrell is hassled by a foulmouthed, 2-foot-tall landlady in a dress that resembles an oversize fairy costume. (She happens to be about 2 years old.) ""Step Brothers"" which was written by McKay and Ferrell; Judd Apatow is one of the producers is like ""The Three Stooges"" for grown-ups, although that comparison doesn't quite work because there are plenty of grown-ups who still like ""The Three Stooges"" (you know who you are). Stupid, crude and hilarious, ""Step Brothers"" works by sneaking past our better judgment: I don't know why the sight of Reilly, aggressively chattering at his dignified doctor-father while dressed in a faded Bahamas T-shirt and Kelly green Underoos, is funny. It just is. If you're anything like me and even if you're not you're probably thoroughly sick of Will Ferrell. But watching him play against Reilly a marvelous"
180,NUY_Doc10_Step_Brothers,NUY_Doc10_Step_Brothers,NUY,Comedy,Positive,Step_Brothers,"With Step Brothers, Will Ferrell seems to be intentionally setting up a target for critics who have lambasted him reusing a man-child persona in most of his roles. In this movie, Ferrell's character Brennan is as dumb as his version George W. Bush, as enthusiastic as a Spartan cheerleader, as convinced of his own importance as Ron Burgundy and as obsessed with toys as Buddy the Elf. And, to prove that you shouldn't fix it if it ain't broke, Step Brothers is hilarious, an ode to the adolescent that lives within us all but takes human form in Will Ferrell. Brennan and Dale (John C. Reilly) are both 40-year-olds who have refused to leave the house or get real jobs, preferring to mooch off their indulgent parents. When Brennan's mom (Mary Steenburgen) and Dale's dad (Richard Jenkins) tie the knot, the two are forced to share a room, dealing with it about as well as real 12-year-olds would. Hijinks ensue, including a set of (prosthetic) balls getting rubbed on a drum set and a battle royale in the front yard, in which a shovel and a bicycle are both used as weapons. Just as Dale and Brennan finally become friends, thanks to a shared loathing for Brennan's douchebag younger brother Derek (Adam Scott) and the local kids who think they're both losers, they're faced with adult life when mom and dad try to retire. They handle that potential future by trying to organize a band, but they do it about as well as you would expect from two guys who treasure their samurai swords and do karate in the garage. The plot of Step Brothers is more irrelevant than it is in most comedies, but that's not really a bad thing. Ferrell, Reilly and director McKay, all of whom had a hand in writing the script, have made a character-driven comedy in which no one really needs to grow or develop in order to be interesting. The best scenes are when dad fights with Dale and Brennan, or when the two square off against Derek or his sexually frustrated wife (Kathryn Hahn). Just as some of the best SNL skits did, Step Brothers throws a handful of interesting characters into situations and steps back to see what happens. Unlike in countless SNL spinoff movies though, the technique actually works here. Step Brothers is filled with dozens of quotable lines that your local middle-schoolers are sure to be spouting soon. The best has to be when Dale hears Brennan sing for the first time and tells him, with tears in his eyes, ""You voice is like a combination between Fergie and Jesus. I can't even look at you right now."" That's a pretty good approximation of the Step Brothers tone, in case you haven't caught any of Ferrell and McKay's efforts before irreverent, silly, and a little bit emotional at its core. In fact, kind of like the actual George W. Bush line that opens the film: ""Families is where our"
181,PUH_Doc1_Equilibrium,PUH_Doc1_Equilibrium,PUH,Sci-Fi,Positive,Equilibrium,"""Equilibrium"" would be a mindless action picture, except that it has a mind. It doesn't do a lot of deep thinking, but unlike many futuristic combos of sf and f/x, it does make a statement: Freedom of opinion is a threat to totalitarian systems. Dictatorships of both the left and right are frightened by the idea of their citizens thinking too much, or having too much fun. The movie deals with this notion in the most effective way, by burying it in the story and almost drowning it with entertainment. In a free society many, maybe most, audience members will hardly notice the message. But there are nations and religions that would find this movie dangerous. You know who you are. The movie is set in the 21st centuryhey! that's our century!at a time after the Third World War. That war was caused, it is believed, because citizens felt too much and too deeply. They got all worked up and started bombing each other. To assure world peace and the survival of the human race, everyone has been put on obligatory doses of Prozium, a drug that dampens the emotions and shuts down our sensual side. In the movie, enforcers known as Clerics have the mandate to murder those who are considered Sense Offenders. This is a rich irony, since True Believers, not Free Thinkers, are the ones eager to go to war over their beliefs. If you believe you have the right to kill someone because of your theology, you are going about God's work in your way, not His. Christian Bale stars in ""Equilibrium,"" as Cleric John Preston, partnered with Partridge (Sean Bean) as a top-level enforcer. Nobody can look dispassionate in the face of outrageous provocation better than Bale, and he proves it here after his own wife is incinerated for Sense Offenses. ""What did you feel?"" he is asked. ""I didn't feel anything,"" he replies, and we believe him, although perhaps this provides a clue about his wife's need to Offend. Preston is a top operative, but is hiding something. We see him pocketing a book that turns out to be the collected poetry of W.B. Yeats, a notorious Sense Offender. He has kept it, he explains, to better understand the enemy. His duties bring him into contact with Mary O'Brien (Emily Watson), and he feelswell, it doesn't matter what he feels. To feel at all is the offense. Knowing that, but remembering Mary, he deliberately stops taking his Prozium: He loves being a Cleric, but, oh, you id. If ""Equilibrium"" has a plot borrowed from 1984, Brave New World and other dystopian novels, it has gunfights and martial arts borrowed from the latest advances in special effects. More rounds of ammunition are expended in this film than in any film I can remember, and I remember ""The Transporter."" I learn from Nick Nunziata at CHUD.com that the form of battle used in the movie is ""Gun-Kata,"" which is ""a martial art completely based around guns."""
182,PUH_Doc2_Equilibrium,PUH_Doc2_Equilibrium,PUH,Sci-Fi,Positive,Equilibrium,"""For a man on film, there is no greater moment than the instant when he suddenly gives up everything he knows or thought he ever wanted and starts whipping ass for love or principle."" And there you have the philosophy of Kurt Wimmer, director of Equilibrium. It's patently obvious from his attitude that the man likes his action meaty, and very few of us would be inclined to disagree with him. However, as much as the trailer campaign may have marketed Equilibrium in the vein of this assumption, go in expecting a balls-to-the-wall action extravaganza and you will be disappointed, for it's much closer to Fahrenheit 451 than The Matrix. The common perception of a Police State is that fascism is bad, and as a political statement this movie isn't telling us anything new, so don't expect any spectacular new sociopolitical revelations. The world of Equilibrium is a middle distance future in the aftermath of World War 3, where society has finally caved in to the notion that emotion is the root of all evil. The radical solution to this inherently human problem is to alter the nature of man itself by the application of Prozium tablets; a drug taken daily that suppresses any hint of emotion. Now, ruled over by The Father and a heavily armed State Police force, a singular society called Libria exists in harmony by virtue of the fact nobody really cares about anything. Art, literature, music and personal expression of any form is banned, punishable by death. As is always the case in these cinematic renderings of Utopia, there exists an underground movement who believe that although flawed, the nature of humanity should not be repressed and who are looking for any chance to overthrow the government and generally cause mischief. To keep these scallywags, known as sense-offenders in check, a special group of enforcers have been trained, namely the Tetra-Grammaton Clerics; a unit so hard they even have their own martial art which allows them to kill many, many offenders in a very, very emotionless manner. The finest Cleric in town is Preston, whose steely resolve is such that he barely batted an eyelid when his fellow Clerics took his wife away to be incinerated for sense crimes, and who shoots his partner point blank for reading Yeats. Things are going swimmingly for Preston until one morning he accidentally ruins his Prozium dose and is prevented from procuring another by a terrorist act at his local Equilibrium. Immediately suspicious, his new partner, Cleric Brandt, begins scrutinising his actions in the hope of making a name, and Preston finds himself sympathising with the Underground whilst harbouring a growing hatred of the system that took his wife away. It's all very 1984, but Wimmer's vision is much more visceral than Orwell's, with all the violence and atrocity up there for everyone to see. It might be more aggressive than it's spiritual successors, but it's never gratuitously so, and what ass-kicking there is to enjoy is choreographed"
183,PUH_Doc3_Equilibrium,PUH_Doc3_Equilibrium,PUH,Sci-Fi,Positive,Equilibrium,"Equilibrium is one of those movies that most everyone who knows of it has only seen it on DVD. Essentially thrown away by its studio, Equilibrium, created for a budget just over 20 million was given no dollars for marketing and made less than a million at the box office. But don't let that sway you into thinking this movie is a piece of trash. Equilibrium has become a cult DVD hit. Made in Eastern Germany portion of Berlin, Equilibrium looks lots more substantial than the 20 million that went into it. Due to some terrific location choices, Equilibrium shines with a polish of a movie made for at least twice that budget. This, plus high quality acting and at least a modicum of interesting thought raise Equilibrium up from the pop-FX action-fest that it otherwise might have become. Set sometime in the 21st century, after a massive nuclear war has wiped out the majority of the human race, a 1984 style society has emerged after a method of full population control was discovered. The entire population is now given a daily dose of a drug called of Prozium. Prozium removes all semblances of emotion, and leaves the populace docile and controlled. Exhibiting emotion is now considered the greatest of all crimes, and is punishable by death. The all-knowing, all-controlling Father has constructed a group of supra-police called clerics who spend their time seeking out sense offenders and burning all remnants of the old way. Cleric John Preston is among the best cleric enforcers. Along with his partner, Errol Partridge, they spend their days burning heretical artifacts like the Mona Lisa and bringing sense offenders in for processing  a euphemism for baking people in a large oven. Unfortunately, Partridge has begun to have doubts about society, and has apparently stopped taking the drug. After Preston finds out and kills him, Partridge's final thoughts compel Preston to revisit his own personal history in which he showed no emotions as his wife was burned for sense making. Preston begins to question the intense surveillance society. In tracking down Partridge's lover, Preston's world finally crumbles. Now he realizes he has presided over the destruction of humanity, and can no longer continue. Unfortunately, Dupont, the mouthpiece of the Father and leader of the Clerics has asked Preston to infiltrate the remainder of the resistance in order to crush them once and for all. But Preston is actually approached by the resistance leader, Jurgen who has noticed his recent spate of emotion. While Preston is still conflicted, Jurgen tries to enlist Preston in destroying the Father. Even worse, Preston's ambitious new partner, Brandt, strongly suspects Preston of becoming a sense offender. The acting in Equilibrium is top notch. For my money, the best performance is turned in by Sean Bean, who, while only on screen for a brief time, really hammers home the essence of the message Equilibrium is conveying. But truly, all the main cast is terrific. Bale does a very good job"
184,PUH_Doc4_Equilibrium,PUH_Doc4_Equilibrium,PUH,Sci-Fi,Positive,Equilibrium,"In the first years of the 21st century, a third World War broke out. Those who survived knew that mankind could never survive a fourth; the volatile nature of human beings would only increase, ensuring continued ruination. So, with classic governmental overreach on the horizon, a new organization is formed: the Grammaton Cleric, whose elite soldiers have only one purpose  to eradicate the true source of man's inhumanity to man, which is his ability to feel. In walks John Preston, a first-class cleric, tasked with wiping out yet another stronghold of emotion and creativity  a stash house of music, art, books, and various trinkets that reflect the remnants of traditional human society. In a rather unintentionally comical moment, Preston stares down the recovered Mona Lisa painting before ordering it to be burned. In this peaceful yet bleak future, any item that might spark feelings is dubbed EC-10 or sense offense material, which warrants immediate destruction. A drug called Prozium is administered to citizens at regular intervals, which helps suppress emotions on a personal, chemical basis. But despite all of these precautions, including Vice Counsel Dupont routinely interviewing his staff, Preston's partner Errol Partridge succumbs to the forbidden, finer things in life  such as poetry by Yeats. After discovering Partridge's indiscretions, John executes the man, betraying no emotion at all. Or does he? With each criminal he apprehends, Preston begins to realize that living without feelings negates the very reason to be alive. It may be a complete rip-off of 1984  and by extension, Brazil, Gattaca, and The Matrix  or any of the other countless, futuristic, oppressive-regime/soul-crushing, postapocalyptic civilization movies, but Equilibrium is one of the better ones. If a picture is going to borrow heavily from works before it, it might as well loot from the best. It also helps tremendously that writer/director Kurt Wimmer was able to acquire such a talented cast  from Bale's efficiency as a dispassionate soldier to the high caliber of notable supporting players like Emily Watson, Sean Bean, and William Fichtner. Even child star Matthew Harbour is exceptional. Great actors, however, can't solely redeem the more mediocre materials in play. There are plenty of overly familiar ideas, such as a Resistance, the processing of underground fighters, and the involvement of an unseen, supreme leader named Father. To counter this, there are also a few new concepts, such as the gunkata martial arts form and the parallels of Preston's downward spiral with that of his partner. Unfortunately, rather than exploring the thought-provoking side of fascistic rule, or the tragedies of discovering the righteousness of the opposition and failing to protect loved ones, Equilibrium goes for the heavy-handed approach. Shooting puppies, striking absurd poses, and abusing slow-motion for the sake of over-the-top action sequences might play up to the target audience, but these methods only work to deprive the filmmakers from realizing this project's full potential. Still, the costuming, set designs, and music are far more impressive than anyone might expect."
185,PUH_Doc5_Equilibrium,PUH_Doc5_Equilibrium,PUH,Sci-Fi,Positive,Equilibrium,"It's easy to dismiss Equilibrium. You know it can't be too hard, because despite some fairly strong name appeal, no one has bothered to make sure you've heard about it, even if only to hear something negative. It's easy enough to casually toss Equilibrium aside by saying that it is simply another rehashing of Fahrenheit 451, Harrison Bergeron, Brave New World, and 1984, with a bit of The Matrix thrown in for good measure, and many have done just that. Those that make such comments, however, apparently do so oblivious to the fact that they have named four highly respected works that could equally be called mere rehashings of each other, or of other things besides. Some stories are retold because people have no other ideas, and they merely slap some new gag on dated ideas. Some stories are retold because it continues to seem as though they need to be told. But sometimes, people tell old stories and throw new stories into the bargain. This is not to say that every dystopic story is necessarily a worthy effort, but neither should movies be abandoned the instant we determine they describe a dystopia. Equilibrium takes place not too far in the future, after World War III. At the end of that war, which naturally devastated much of the planet, it was decided that action needed to be taken so that war was never a risk again. The solution came in the form of a drug that renders people devoid of emotion. The drug, which must be taken daily, eliminates all that nasty hate, jealousy, pride, etc., that leads to war. Of course, it also eliminates all that nasty love, compassion, sense of justice, etc., that also leads to war. By law, everyone must take the drug, and those that don't, sense offenders, are killed. To enforce the law, and destroy all works of art and anything else that might lead to a sense of self, or a desire to feel, the government has created an elite police force known as clerics. These clerics, as well as being trained in classic martial arts, are also masters of something known as gunkata. Gunkata is the result of computer analysis of untold hours of gunfight video. The end result is a system whereby a person enters close-quarter shootouts armed with the knowledge of the statistical probabilities of what is going to happen, and thus how to survive. Already, we have a world where everyone is the same, all forms of art are outlawed, and Big Brother is watching. In our main character, John Preston, we will also get the man within the system who starts to have his doubts. Our bases are pretty well covered. Preston, among the highest-ranking clerics, starts to have his suspicions about his partner Partridge. Preston's main advantage as a cleric is that he seems to just know when people are feeling. Certain responses from his partner strike Preston as odd. It isn't long before we get the showdown"
186,PUH_Doc6_Equilibrium,PUH_Doc6_Equilibrium,PUH,Sci-Fi,Negative,Equilibrium,"Years after its release in 1982, fans of Blade Runner gushed about how prophetic it was in terms of its look and the world we live in today, and even though we don't have spaceships, killer androids or electric sheep for that matter, the overall portrait of Los Angeles buried in an urban jungle amidst outrageously designed skyscrapers is more or less accurate. It wasn't long ago that we thought of 2002 as the great and distant future, and we wondered what it would be like. Try as I might though, I can't believe the world, the not so distant future world of Equilibrium, the new entry into the Fritz Lang-Ridley Scott sweepstakes that is low rent from frame one and I'm not talking about the hardware. The film opens shortly after America has sparked World War III, where the remaining survivors are trapped in a dystopian nation called Libria where, in order to prevent war and violence once and for all, the powers that be, led by an omniscient presence named Father, have decreed that the inhabitants mustn't be allowed to feel anymore and that anyone who does show human feelings, which are apparently only sparked by music, poetry, and books, must be killed. They do this by sending out an army of Clericks: gun toting, special forces dudes who are programmed to kill the sense offenders and in one of the opening scenes of the film, we see a Clerick, John Preston, not only burn a copy of the Mona Lisa, but blow the brains out of some guy who's reading a bootlegged copy of the works of Yeats. Everyone's supposed to be hyped up on a sense-killing drug called Prozium, but then one day, Preston stops taking his injections and all of a sudden he rebels and tries to overthrow the system. Actually, it's the sight of a wounded puppy dog and its cute little eyes that drives Preston over the edge. Equilibrium is a seriously bad film with seriously warped logic by writer-director Kurt Wimmer at the screenplay level. The Orwellian government propaganda is so recycled and tired and the dialogue's really phony, like when Preston assures his suspicious superiors, I'm not feeling. Can't they tell? The film doesn't have the slightest notion of how society could be governed like this in the first place. Today, America is such a split country in terms of Conservative and Liberal ideology, almost polarized, so why would World War III leave behind only those people who believe in an authoritarian government? After that, is there any surprise when one man, Preston, has stopped taking the sense killing Prozium, or that he suddenly decides to fight the system, while at the same time falling in love with the beautiful resistance leader played by Emily Watson. Haven't these guys read Animal Farm, 1984 and Fahrenheit 451, and isn't the point that the powers that be in Libria have rejected their ideas and now set out to crush them? So why would"
187,PUH_Doc7_Equilibrium,PUH_Doc7_Equilibrium,PUH,Sci-Fi,Negative,Equilibrium,"Some time in the near future, a third world war occurred leaving most of the earth's population decimated. A new nation by the name of Libria rises, lead by an unquestioning leader, who determines that the cause of the war and human conflict in general, was human emotions. The dictator then decrees that the citizens of his nation must take a daily dose of a drug that levels human emotions and all creations of human expression are viciously outlawed. Violations of these laws are punished by death. The officers who enforce these laws are called Grammaton Clerics, who are trained in a new type of martial arts called Gun kata. One of these officers is named Preston. He is the greatest Gun kata fighter and is extremely efficient at his job. He lives alone with his son and daughter after his wife was arrested and killed for sense offence. One day, Preston accidentally knocks over his emotion repression drug and doesn't tell anyone about it. The next day, he starts to feel emotions, realizing how incredible emotions are and how hollow his life was. Once the other Clerics realize that Preston is guilty of sense offense, Preston is forced to join and find refuge with the rebellion hoping to over throw the government. Like many other science fiction movies, Equilibrium doesn't exactly have a pleasant view of the near future. The movie takes place after the third world war and in response to this; the world has been thrown into a police state. In this state, everything is grey, dull, blocky and oppressive; obviously to not give its citizens any sense of levity. There is quite a lot of symbolism in the film, the one that really stuck out for me was when Preston fell off his meds and decided to save a dog. When some officers corners him and they hold him at gunpoint, he switches the guns on them and fires. Then when the other officers turn to look, the bright light from behind Preston made him look like an angelic figure. For a science fiction film, Equilibrium doesn't have much in the way of gadgetry. Now, considering that the movie takes place in a police state that enforces anti-materialism and discourages artistic expression that shouldn't really surprise anyone. The one gadget that seemingly everyone in the film has is the device they use to inject the emotion repression drug. Also, I suppose the one other gadget thing is the new form of martial arts called Gun kata. This isn't an actual gadget, so to speak, but it is a futuristic invention of sorts. Equilibrium is much more strong in terms of adventure then gadgetry. The film starts out with our main character being the strongest enforcer of the large conglomerate. However as the film goes we see his separation from this conglomerate and joining the rebellion to take down the entire system. Now this particular story has been done in many, many great adventure and science fiction"
188,PUH_Doc8_Equilibrium,PUH_Doc8_Equilibrium,PUH,Sci-Fi,Negative,Equilibrium,"Imagine a movie would be released that has no emotions whatsoever. A movie where laughter is forbidden. Where no person is allowed to cry. A world where no one screams of joy or utter pain. A movie where every single person is about as stiff as an ironing board. Well, no need to search any further. Just watch Equilibrium and you'll get the picture. Equilibrium is not a good movie at all. It's a dark, fascistic take on what could happen if the human race decided to get rid of hatred, war and violence. This may seem like a joyous occasion, but it's actually quite the opposite. Equilibrium is the sort of science-fiction movie that's dead-serious, presenting a world full of grey boring buildings and people alike. The movie suggests that by taking away human emotions a clear path will become visible towards global peace and freedom. Global in such simplistic American productions such as these means in America and no where else. There's never any mentioning of other countries. First off, there is  as the plot of the movie clearly identifies  a shrieking lack of human emotions in this movie. The disheartening cruelty in a world where it's OK to kill innocent little dogs, and where humans are toasted like beefsteaks on a barbecue is enough to make even the biggest lottery winner overcome with sadness. There's a tiny bit of positivity in that the camera positions in the movie are actually well done at times. The reloading of a gun or the fast zoom-in onto the pupil of someone's eye are some of the very best things of this otherwise very dull movie. The fighting sequences themselves are okay too, but they proceed so fast across the screen you essentially miss the fun of the action. Excruciatingly overzealous is the use of grey, white and black with a casual use of a red ribbon or a red overcoat. By using so much boredom in colors, the movie quickly becomes very bleak and quite boring. The ending is gravely disappointing as it shows a close-up shot of Christian Bale whose faint smile should give the viewer some satisfaction as he too has connected with a human emotion, but in truth it's a smile closer to our inner happiness that this godawful movie has come to an end. Truth is, I would rather read a book than having to watch Equilibrium again. Acting performances are generally very stale and lifeless. The few characters that do pertain in human emotions are bound to speeching stupid commentary, as if the whole thing was written by a first-time writer. Everyone else walks around like a zombie from point A to point B without saying anything interesting  and if these fleshy robots open their mouths  they sound just as interesting as the beeping sound of a credit card terminal. Christian Bale plays the single most boring part of his career  he literally has nothing else to do than look"
189,PUH_Doc9_Equilibrium,PUH_Doc9_Equilibrium,PUH,Sci-Fi,Negative,Equilibrium,"Walking out of The Giver on the weekend, my partner asked me if I had ever seen Equilibrium, it's just like The Giver  sort of  but has added kung fu with guns. Well, I hadn't ever seen Equilibrium, though it had been in my father's DVD collection when I lived at home. Admittedly, having seen the cover I assumed it was a generic scifi action film riding the coattails of The Matrix. That wasn't an entirely unfair summary judgment. There are certainly elements of The Giver in Equilibrium, though the DVD case's puff quote says it perfectly: The matrix meets 1984. Watching Equilibrium for any emotional depth or originality will leave you disappointed, but I have to wonder if that's really what it was meant to be at all. If you suspend the critical elements of your brain and watch it from the perspective of this is a fun, stupid scifi action film, you might just get a kick out of it. As many of these dystopian future stories go, a third world war happened and threw everything into chaos. In an attempt to eradicate the opportunity for future wars, an authoritarian government stepped in, using the figure of the father as a rallying point. Emotions are outlawed and controlled by regular dosing of drugs. All creativity is wiped out and artifacts that suggest a life other than the grey monotony of their time are incinerated. In order to hunt down all sense offenders, the government uses highly skilled clerics  a cross between kung fu master and religious zealot. John Preston is top dog of the clerics. After discovering his long-time partner is an offender and personally completing the kill, Preston is pulled into a world of emotion. An encounter with another offender, Mary O'Brien, leads Preston to discover his partner's connections to the rebellious underground. As Preston explores emotions he is feeling for the first time, he must disguise his offending from his new, eager partner. Will Preston give in to his emotions or stay loyal to the father? Upfront I'm going to say that this film has some very cool action sequences. Given that it came out after The Matrix they aren't exactly groundbreaking but they are a hell of a lot of fun. I quite like the idea that success in a gunfight is all down to mathematics and the right training. Unfortunately, there isn't nearly enough cool action sequences to make up for the rest of it. Christian Bale apparently has only one facial expression. Has anyone else noticed this? I swear, since Little Women I'm not sure if I've seen the man smile. And that affected serious voice of his. If he weren't bad enough, his bullying boss, played by Angus Macfadyen, isn't much better. Taye Diggs is acceptable as the suck-up newbie trying to make a name for himself, but beyond that very cartoonish characterization he is given little else to do. Emily Watson is severely wasted, appearing only in a"
190,PUH_Doc10_Equilibrium,PUH_Doc10_Equilibrium,PUH,Sci-Fi,Negative,Equilibrium,"I had heard so many mixed reviews about Equilibrium. Some said it was a classic hit, others said it was a Matrix-wannabe. And with it now gone as I write this, I was luckily able to give the flick a try before getting removed from Netflix. Directed by Kurt Wimmer, Equilibrium follows a futuristic world in which all wars have been eliminated as a result of society opting to suppress emotion. Everyone is forced into conforming lifestyle of taking their emotion-suppressant drug, Prozium, as experiencing emotion is a crime punishable by death. Furthermore, all things books, music, art, etc. are banned and also punishable by death, as it is believed these mediums elicit figments of the human spectrum of emotion. Clerick John Preston is a top-ranking government agent responsible for executing those who resist these rules. But when he misses a dose of Prozium, Preston suddenly grows aware of the world he lives in. The flick has a pleasant opening narration and explanation of the society Equilibrium takes place in which it is concise and easy to follow along. Even those who aren't into sci-films, considering them to be mind-boggling, are able to understand the sequence of events that have kicked off the film's story-line. But despite the film seeming ok at this point, things began to take a trip downhill as the movie progressed. One of which, were a number of plot-holes that were difficult to overlook. Although there are many plot-holes anyone can easily point out, my favorite is why does a society that characterized as being extremely high-tech and elite not have security cameras? Seriously! This would have eliminated so many I-wonder-who-murdered-who cases rather than going off on a wild goose chase looking for the perpetrator. Another factor of the film that could have been improved was eliminating cheesy scenes of the plot that attempted to elicit emotion from the audience. Aside from failing to elicit whatever intended emotion and empathy the scene called for, Wimmer's coupling of lame cliches didn't do Equilibirum much justice. Instead of eliciting emotion, I can sure tell you what it elicited from me: eyerolls complimented by my weird guffawed laugh. One scene includes an off-his-meds Preston, puppies getting shot, and our main homeboy obviously in distress watching the scene. I mean, yeah, everyone loves puppies, but are you really going to resort to that cheap trick? Plus, according to Preston's logic, seeing people getting mercilessly shot is inferior to puppies getting harmed. But then again, if you don't take these sorts of things seriously, you can have a little fun with it, even grow to love the classic gimmicks of the film which is part of the reason why others love it. The plot is also troublesome in its structure: choppy plot development and a lack of clear focus. Because of this, the story tends to drag and flutter around a bit, including the unraveling of an actual solution. It had me wondering, ok, we have an idea, but where and"
191,QGO_Doc1_Lost_City,QGO_Doc1_Lost_City,QGO,Comedy,Negative,Lost_City,"Prolific and reclusive romance novelist Loretta Sage (Sandra Bullock) has hit a wall. She's trying to finish her latest book, but she's been in a rut since her husband's death five years ago. Loretta's romance novels all have a treasure hunting and archaeological aspect to them because that was a passion she shared with her husband. Her publicist, Beth (Da'Vine Joy Randolph), calls her multiple times a day to remind Loretta that she needs to find an ending quickly. Beth has planned a last-ditch book tour to make Loretta relevant again. She doesn't believe Loretta can handle the pressure of a book tour on her own, so she brings along Alan, the books' cover model (Channing Tatum). Alan believes he really is the fictional adventure hero he's portraying, but in actuality, he has no skills that would help save the day for anyone. Also interested in Loretta's latest book is eccentric billionaire Abigail Fairfax (Daniel Radcliffe), who has been passed over in his family's mega-media conglomerate. Abigail is consumed with having something all his own, and believes the key to the treasure he's chasing is in Loretta's latest book. He kidnaps her and plans to force her to tell him where the treasure is. Alan sees the kidnapping as his moment to live up to his fictional counterpart and calls real-life hero Jack Trainer (Brad Pitt) to aid in the rescue mission. So much of The Lost City ultimately feels flat, as if the life has been sucked out of every scene. Part of the blame falls on the over-utilization of Additional Dialogue Recording (ADR). When used sparingly, it's difficult to notice ADR mixed in with the rest of the dialogue. In The Lost City, ADR was used too frequently, usually as a way to punch up the scene with attempts at jokes. It's very noticeable throughout the film, but occurs most frequently in scenes with Loretta and Alan. Often, it's as though Bullock and Tatum are reacting to entirely different lines and situations in the scene. Through no fault of their own, they are completely out of place as random snippets of dialogue are dropped ungracefully around them. The movie truly shines where it spends almost none of its time: with Patti Harrison's dimwitted social media manager, Allison. She was in 2021's Together, Together, which was a critical darling on the indie festival circuit, but Harrison is not a household name. However, if nothing else, her tiny role steals the show. Similarly, Randolph's Beth brings an electric energy to the screen. Perhaps the better movie here would have been the misadventures of Beth and Allison attempting to rescue Alan and Loretta. Sure, Beth makes an attempt to save Alan and Loretta, but bringing Allison along for the ride would have elevated this movie. Despite billing itself as a return to the entertaining adventure-romance movies of the '80s (it's impossible not to think of Romancing the Stone), The Lost City was afraid to lose itself in eccentricity. The actors are"
192,QGO_Doc2_Lost_City,QGO_Doc2_Lost_City,QGO,Comedy,Negative,Lost_City,"Curiosity rarely kills the movie watcher; the worst it can lead to is disappointment. Aaron and Adam Nee's The Lost City, involves a treasure hunt. So I will admit: the film held my attention far longer than I expected it to. Who does not like a good old big-screen Legends of the Hidden Temple-style chase through mountains and caves in the quest for some elusive prize once in a while? All I had to do was adjust to the persistent sense of deja vu I had all through watching it. (Please note, I do not use the word 'persistent' lightly.) There is a Channing Tatum taking his shirt off. There is a wise-ass Sandra Bullock in a crisis. Bullock has literally made a wise-ass film called Our Brand Is Crisis (2015), and I believe her. Throw in a journey to a mysterious island. Has there been a movie about a Journey 2 some Mysterious Island before? I do not know, you tell me. I was almost certain a Rock would show up. (Chris or The - take your pick.) Let me deja vu you some more. Bullock plays Loretta Sage, an author who is forced by a mysterious rich fellow into an adventure-filled quest because her latest book contains symbols that indicate she might be able to translate a treasure map. Unlike Robert Langdon, Loretta has no real interest in such pursuits. She would rather just sort her mid-life crisis out. Unfortunately, just like the deja vu, the wealthy tyke is persistent. Daniel Radcliffe walks straight out of Now You See Me 2, and into this film to play this particularly smarmy character with daddy issues. Surely, Michael Caine is in this treasure island movie as well? Did he play Nicholas Cage's father in one of the National Treasure films? No, I think that was some other old white man. Who played Jumanji in The Da Vinci Code? Okay, I exaggerate. But I kid you not, The Lost City had me cross-fading between moving images from across decades nearly throughout its 114-minute runtime. Still, the Brothers Nee were clearly aware of what this kind of fairy-tale action comedy demanded. It does not instantly have the gravitas of a clever spoof, but it is not meant to be taken seriously either. The author at the centre of it writes out her own fantasies, and they turn out to be blockbusters. Romance, erotica, adventure, the works. She is done with this particular franchise of fantasy though. She is bored of the same pretty boy (Tatum) featuring on the cover of her novels. Perhaps age has something to do with it. In this cul-de-sac she finds herself in, she needs some new magic to carve her way out. Sensuousness and romance are non-negotiable on this journey for her. So are innuendo and woke-bait. At one point, Channing Tatum's Alan tries to explain to Loretta why it is possible that a woman could mansplain to a man. Tatum's puppy eyes do not sell the"
193,QGO_Doc3_Lost_City,QGO_Doc3_Lost_City,QGO,Comedy,Negative,Lost_City,"This $75 million vamp on Romancing the Stone casts the sassy-sweet Oscar-winner as jaded scribe Loretta Sage, author of a wildly popular series of lady-fantasy adventures starring Angela Lovemore and her generously maned paramour, shiny long-haired Dash McMahon. Only problem is that she's sick of her hack success. Not so Alan Caprison (Channing Tatum), the widely celebrated personification of Dash ever since Loretta's publisher made him the cover-model Fabio for all of her books. She's full of contempt for the golden-goose softcore smut that provides her posh life, and especially for thick-as-a-brick Alan, who talks about Dash with unearned authority while secretly crushing on Loretta. ""She opens her mouth and an encyclopedia of beautifulness comes out,"" he whines with intellectual impotence. Quick backstory: Loretta's archeologist husband died years ago, which means that her jaded sense of love and muted vulnerability are only rivaled by her impressive amateur skills in ancient anthropology. All that's missing is a damsel-in-distress situation so Alan can prove his worth. Luckily, nefarious billionaire scion and Lovemore superfan Abigail Fox (Daniel Radcliffe) serves one up when he kidnaps Loretta to help him find legendary treasures from the real-life City of D. Turns out his secret team of minions have unearthed it on the small Atlantic island called Isla Hundida, home to ancient ruins along with an active volcano that threatens them all. Loretta, book-promotion-ready in a sequined magenta jumpsuit, isn't equipped for rugged escapades; and neither is Alan, who literally calls in a favor by phoning ex-SEAL Team mercenary Jack Trainer (Brad Pitt). Jack's a preposterously impeccable operative, Alan is all thumbs, and between the two of them they snatch Loretta from Abigail's clutches long enough to start looking for that ancient wealth themselves. The Lost City is at its best during its initial over-the-top set-up and Jack's mock-perfect extraction mission. Once Brad Pitt's work is done, and his mega-wattage extended cameo wraps up, the film's giddy-romp momentum palpably slows. Loretta's sourpuss smarts clash genially with Alan's good-hearted bumbling, but sparks hardly fly despite all the awkward jungle-survival peril. Even the flesh-baring sight of Tatum's bare butt covered in leeches wears thin after its initial gag-worthy sight gag. The film's peripheral talent, potential secret weapons in better filmmaking hands, just become threadbare during the mayhem. Da'Vine Joy Randolph plays Loretta's no-nonsense publisher, a glib hoot at the outset who devolves into a forgettable back-up rescuer. Radcliffe, a height-challenged celeb always game to counter-program his Harry Potter stereotyping, even sports facial hair here to distract from his youthful charms, but doesn't fare much better. His maniacal villain starts out as a goofball sociopath but ends up just being a bloodthirsty bantamweight jerk despite spurring one of the film's most gleeful asides: ""I thought he was a little boy, but he's got a full beard!"" Spolier alert: dim bulb Alan wins over Loretta with his dogged persistence and affable golden-retriever loyalty, while the flinty author rediscovers love and creative inspiration along the way. It's all very predetermined in very"
194,QGO_Doc4_Lost_City,QGO_Doc4_Lost_City,QGO,Comedy,Negative,Lost_City,"Romantic schlock, no matter how cliched or trope-infested, is delightful. No other genre has the capacity to elicit swooning and feminine escapism quite like it. The masculine man arrives to save the damsel in distress, bandits endlessly chase our heroes, and constant back and forths between will-they and won't-they scenarios are to be expected. It's unapologetically trite, and it just so happens to be both steamy and entertaining. This is why inserting Sandra Bullock and Channing Tatum into The Lost City, a semi-romantic comedy/adventure, feels like it should be a home run. One is returning to her comedic chops, while the other is given a role meant to match his soft, mannish charm. Instead, the film is ashamed of its romantic sentimentality and, sometimes, even its own script. Actors feel like they're dilly-dallying on their lines for the sake of naturalism while someone in their earpiece is desperately dissuading them from veering off-topic to no avail. The film begins with sexually charged prose and sprinkles of meta-commentary. Loretta Sage (played by Sandra Bullock) is a romance-adventure novel writer who hates writing romance-adventure novels. She bemoans having to work with Alan Caprison (played by Channing Tatum), the doddering cover model who puts into flesh the imaginations of readers by posing as Dash McMahon, the hero of her book The Lost City of D. Loretta has expertise in Spanish history and anthropology, passions which she shared with her late husband (a detail barely even scratched) that she now includes in her books. Her latest book tour organized by her publicist Beth (played by the talented Da'Vine Joy Randolph), is disrupted when Loretta is kidnapped by an evil British billionaire, Abigail Fairfax (played by a hyperbolic Daniel Radcliffe). This prompts Alan, who has taken a liking to Loretta, to channel his inner Dash and hatch a rescue plan accompanied by his trainer, Jack Trainer (played suavely by Brad Pitt). What ensues is a smorgasbord of chaos and hilarity spearheaded by a colorful cast of side characters that instantly deflates whenever we cut back to Bullock and Tatum. Sandra Bullock, best known for her rom-com turn in The Proposal, her iconic fish-out-of-water pageant antics in Miss Congeniality, and the fearlessly spirited Annie Porter in Speed, plays an amalgamation of the above roles to mixed results. Everything about her character is a walking contradiction, not in an elevated sense, but a trifling one. She's a self-professed sapiosexual who writes sexually charged material that, in her eyes, lacks the substance worthy of her standards. She loathes the fact that her readers are impervious to her book's deeper anthropological meaning because they prefer ogling at the smutty details. This doesn't make her relatable; it does the opposite. I'd rather relate with the horny fanatics than the out-of-touch stuck-up. Ironically, the best part of the movie was the masculine man doing masculine things, the antithesis of what its meta-narrative wants to accomplish. Brad Pitt is plucked straight from Once Upon a Time in Hollywood and gives a preview"
195,QGO_Doc5_Lost_City,QGO_Doc5_Lost_City,QGO,Comedy,Negative,Lost_City,"If you squint, you might recognise a slew of better films that the creators of ""The Lost City"" may have had in mind as they worked on developing Sandra Bullock's latest 'action, romantic comedy'. Certainly, the film is rarely romantic, only fleetingly comedic and its action set-pieces are underwhelming. But you can make out some faint glimmer of what it might be attempting. For a film with four credited script-writers and an additional fifth person with a ""story by"" credit, most of what ""The Lost City"" could or might be, is eclipsed by the aggressive nothingness of what it is an incredibly tepid film experience. A writer in her late-fifties finds herself thrust into an unlikely romance with a younger man. That's actually the plot for Nancy Meyer's ""Something's Gotta Give"", where Diane Keaton finds herself navigating potential romance with a younger Keanu Reeves and an older Jack Nicholson. But it did occur to me while watching, ""The Lost City"" where Sandra Bullock plays Loretta, a late-fifties writer who finds herself in an unlikely potential romance with a younger man (played by Channing Tatum) how different romance, or the illusion of it, looks like when a movie actually has something to say. And it's anyone's guess what, if anything, ""The Lost City"" has to say. The bones of the plot are straightforward enough Loretta is a widow who writes romance novels and is on a book tour when she's kidnapped by Abigail Fairfax, a nefarious billionaire looking for a lost city with an allegedly priceless treasure. Loretta's historical research with her deceased archaeologist husband has Fairfax convinced she can help him locate the treasure. In an attempt to convince Loretta of his devotion, her cover model (Tatum as Alan) embarks on a rescue mission to the remote Atlantic Island. Chaos ensues, then adventure and then romance. If that all sounds like a vaguely clumsy set-up for a film with so many writers, it's not the only case of ""The Lost City"" feeling defined by a general noncommittal energy. It's a perplexing tone for a film that carries a lot of weight. In a 'post-pandemic' world, the question of whether audiences will venture out to cinemas for anything beyond the spectacle of superhero fantasy is a big question. And the intentions of a mid-budget romantic comedy, led by a woman (Bullock also produces this) is a great idea. A world with more romantic comedies on the big-screen is a better world, especially ones that honour women over fifty. Yet, little of anything in ""The Lost City"" feels as exciting, or innovative or engaging as that potential might be. Is it a radical point to say that a film must both be romantic and comedic before it's allowed to market itself as a romantic comedy? Theoretically, it shouldn't, but increasingly the films going by the romcom moniker seem dispossessed of either the 'rom' or the 'com' leaving us with interminable sludges that elicit an ambivalent ""ummm"" more than anything. This isn't really"
196,QGO_Doc6_Lost_City,QGO_Doc6_Lost_City,QGO,Comedy,Positive,Lost_City,"It doesn't take much to convince me to see a comedy. Comedies truly are my comfort movie genre when I'm looking for a little rest and relaxation to either kick-off or end my weekend. Comedies are the type of movies that can be viewed as going to a fast food restaurant. The food is easy to digest, they are loved by the people, and there is always something new on the menu to try. Let's just say I took a trip to my favorite theater and ordered The Lost City special and I can't get enough. They say laughter is good for the soul and I wholeheartedly agree. I went in blind when I went to see this movie and I'm glad that I did. I loosely knew the concept of the movie prior, but at the time it didn't look interesting to me. I thought this was one of your standard, generic comedies that somehow got approved by Hollywood. I didn't give this movie a second thought after viewing the trailer, but I decided to give it a chance anyway. I'm not sure if it was the plot or the fact that this movie was filled with talented actors such as Daniel Radcliffe, Sandra Bullock, and Channing Tatum, but something drew me to this film and I'm glad it did. The plot of this film is very straightforward and tells you exactly what the story of the movie will be. Loretta (Bullock) gets tangled up with her cover model Alan (Tatum) on a quest to find the lost treasure of an ancient city led by the antagonist of the film Abigail Fairfax (Radcliffe). When it comes to comedies, I feel as though a lot of the plot can get lost in translation and bogged down by too many jokes but with The Lost City, I found that it was easy to follow along and the line delivery was hitting on every level. It felt as if this movie was tailor-made for me. Every joke landed so well and I found myself falling in love with dialogue. The script was snappy, witty, and quippy and made me chuckle more than a few times. I was thoroughly surprised by a few of the performances of The Lost City. It has been some time since I've seen Daniel Radcliffe on screen, but I think that the comedy scene is right up his alley. I know it's hard to associate him with anything else outside of Harry Potter. However, I think this type of role could work for him in future projects. Channing Tatum's character was pegged as the ""attractive dumb one"" but he always brought a smile to my face. I believe that this is one of my favorite performances by him in ages. As much as I enjoyed him in the Jumpstreet films, this is probably his best performance by far. And I have to give a special shoutout to Jack Trainer (Brad Pitt). Although he's only in the movie for"
197,QGO_Doc7_Lost_City,QGO_Doc7_Lost_City,QGO,Comedy,Positive,Lost_City,"Romantic comedies, better known as rom-coms, are a genre I've grown to appreciate more and more. As an advocate that all kinds of stories are necessary for a more complete film education, the comfort of being able to watch a light, fun flick, even if it's not innovative, is a positive feeling that can often transform a dull day into a joyful one. Depending on the taste of each viewer, some prefer more romance, some prefer more comedy, but in the end, what matters the most is the movie delivering enough entertainment and inspiring lessons. Add an adventure component, and the results are films like The Lost City. No viewer enters the theater to watch a rom-com expecting to witness the most impressive narrative ever. Predictably, The Lost City follows the usual formula of the genre: two protagonists who couldn't be more different and/or hate each other have to face an unexpected situation, getting closer and truly getting to know each other, ultimately creating a deep bond that results in passion and love. This work from brothers Aaron and Adam Nee (Band of Robbers) doesn't escape the admittedly cliche structure, but their screenplay co-written with Oren Uziel (Escape Room: Tournament of Champions) and Dana Fox (Cruella) has enough variations of the generic elements to create a very entertaining movie. With a particular focus on deceptive appearances, The Lost City offers two main characters with relatable motivations and distinct personalities that combine hilariously well. Alan, a seemingly goofy cover model, and Loretta, the depressed author of the most popular romantic novel franchise, are brilliantly portrayed by Channing Tatum (Dog) and Sandra Bullock (The Unforgivable). The actors share a lot of chemistry in roles that force them to have moments where they need to be immensely comfortable with their co-star, and both show extraordinary ease, in addition to superb comic performances. The main plot may lack imagination, but care wasn't lacking in the treatment of the protagonists nor in the comedic adventure sequences. Genuine laughter hits double digits primarily due to the unexpected conclusions of certain scenes. However, the biggest surprise of The Lost City turns out to be the excellent development given to the arcs of Alan and Loretta that, in fact, convinces the audience of the eventual evolution of their relationship. When it comes to the rest of the cast and respective storylines, only Brad Pitt (Ad Astra) stands out in a positive manner. Despite the short screen time and the clear objective of simply showing up to perform an action sequence, the actor is truly hilarious in his few minutes of presence. Sandra Bullock and Channing Tatum star in Paramount Pictures' ""THE LOST CITY."" On the other hand, everything secondary in The Lost City lacks appeal and entertainment value. Daniel Radcliffe (Guns Akimbo) is too talented to be hanging around like a cartoonish villain who strangely disappears during the second act after providing the obligatory cheap exposition for the audience to immediately understand where the film is headed. As"
198,QGO_Doc8_Lost_City,QGO_Doc8_Lost_City,QGO,Comedy,Positive,Lost_City,"The Lost City is every bit the romantic adventure we didn't know we needed and then some. It's fun and hilarious, and its on-the-nose praise of the romance genre is something we'll never tire of exploring. Advertisement In the height of series like Bridgerton taking Netflix viewerships by storm, the romance genre is rightfully earning its respect among people without much familiarity. We haven't broken all the stigmas around it quite yet. Still, we're getting there, and a film like The Lost City gaining well-received reception also plays a part in paving a better road for embracing feel-good and heartwarming adventures that end with a happily ever after. While The Lost City is more in line with films like The Mummy or Jungle Cruise in recent years, its careful attention to detailing a romance novelist's importance is where it succeeds beyond Sandra Bullock and Channing Tatum's ridiculously joyful chemistry. There's a specific scene where Tatum's character Alan, the cover model for Bullock's Loretta Sage's novels, mentions how he was ashamed of the position at first but realized he should embrace it after seeing the amount of happiness the stories bring to the readers. It remains a tragic truth that romance readers have long hidden their books and love for the genre in various social spheres. It is also still very much not as renowned as a genre in scholarly studies either. And for the longest time, happy endings have been deemed cliches that should not be considered ""good writing"" despite the detail that it's one of the top-selling genres yearly. Thereby, Alan's decision to embrace the genre and everything that comes with it beautifully encapsulates the shift that's been taking place lately, with more fans showing off their favorite novels with pride than shame. Removing words like ""trash"" from our discourse and loving these books openly as opposed to telling people they should ""read (or in this case, watch) something more realistic."" The Lost City is far from a real adventure, but it made people laugh out loud countless times in the theater while allowing them to leave feeling a little bit better than when they walked in. And what this line in particular does is it openly enables a man to embrace a genre that's predominantly read and embraced by women. A film like The Lost City isn't going to change everyone's mind. No, that would be unrealistic to believe, but what it can do is be an exhibition of the fact that the romance genre can be honored more often than not. We can walk into theaters expecting silly adventures that'll fill us with joy and find ourselves thoroughly impressed with the outright decision to praise romance. If nothing else, the film attempts to ensure that both readers and writers know that they should be proud of the joy that comes from consuming content that's wholesome. Advertisement As one of the queens of romantic comedies, Bullock's role as a romance novelist feels especially fitting. To have the character"
199,QGO_Doc9_Lost_City,QGO_Doc9_Lost_City,QGO,Comedy,Positive,Lost_City,"Sandra Bullock in a rapidly depleting purple sequin onesie, Daniel Radcliffe being an evil mastermind, Channing Tatus with leeches on his pert bum, Brad Pitt being a yogi, parkour badass? These are all things you needed, but never knew you could have. Well, now you can in Paramount Pictures The Lost City. Sandra Bullock is Loretta, a geography buff who has taken to writing romance novels. She becomes famous and just as famous is her premiere cover model ""Dash"" played by Alan (Channing Tatum). At the beginning of their book tour set up by Loretta's long-suffering publicist/agent Beth (Da'Vine Joy Randolph) Loretta expresses her reluctance despite Dash's enthusiasm. She's soon accosted by Abigail Fairfax (Daniel Radcliffe), a megalomaniacal billionaire who is desperately searching for a treasure Loretta has recounted in one of her books. Dash is particularly invested as he wishes to prove that he's more than just a cover model; he's a real hero. He recruits his trainer... Jack Trainer (Brad Pitt) and together they track down Loretta and attempt to rescue her. And they might find different types of treasure along the way. Sandra Bullock's return to light-hearted comedy is welcome. Some of you may know I wasn't the biggest fan of Unforgivable. While I will always love Bullock in A Time to Kill, I haven't been the biggest advocate of her latest dramatic releases. She does have a great sense of humor and good comedic timing. She's fearless and willing to try everything which leads to a lot of unexpected moments in the film. The cast itself is a fantastic blend. Tatum's dance physicality is naturally fluid as he prances and gallops through the jungle to his love. It's only shown up by Brad Pitt who moves like he's been training for years for that very moment (and maybe he has). The location is full of splendor and the humor is enough removed from slapstick to let the romantic sparks fly between Alan and Loretta. The film moves fast and the time is used well. There's a splash of National Treasure and even Indiana Jones. It's a true action-adventure and it's full of my fave effortless diversity and lots of laughs and good feelings. While not to be taken too seriously the film does throw in a few heartfelt moments. And we watch Loretta's journey back to happiness and self-confidence. Overall, The Lost City is a fantastically entertaining film with solid performances and a whole lot of good things. Stay tuned after the credits for even more fun!"
200,QGO_Doc10_Lost_City,QGO_Doc10_Lost_City,QGO,Comedy,Positive,Lost_City,"The Lost City is a terrific throwback to studio romcoms of the 90s and 00s, with two true-blue movie star performances from Sandra Bullock and Channing Tatum. As superhero films strengthened their grip on the industry, one of the first genres for studios to no longer deem a ""theatrical necessity"" was the romantic comedy. Nowadays, most people get their romcom fix from Netflix (Set it Up, Always Be My Maybe, etc.) but there was a time not so long ago when movies like My Big Fat Greek Wedding, Hitch, and Pretty Woman could pair a couple of movie stars (Will Smith, Julia Roberts, etc.) with a creative concept and make nearly $200 million at the domestic box office, packing in crowds like a Marvel movie. Cut to 2022 and, extraordinary exceptions like 2018's Crazy Rich Asians aside, most romcoms simply can't compete with the IP-driven titles that have theaters in a chokehold; despite being critically acclaimed, 2017's The Big Sick and 2019's Long Shot, for instance, barely registered with average audiences. However, that doesn't mean some romcom aficionados aren't still trying to keep the genre alive. Just this February, we saw the release of the Jennifer Lopez's Marry Me (co-starring Loki's Owen Wilson as her mismatched love interest), and the multihyphenate even has another due for June Shotgun Wedding, co-starring Transformers' Josh Duhamel. But, before that, this month brings us the long-awaited The Lost City, which not only gives Sandra Bullock yet another starring role in one of the genres she's most famous for (While You Were Sleeping, The Proposal, you know the rest) but also, along with last month's Dog, serves as co-star Channing Tatum's triumphant return to live-action cinema, having been absent since 2017's Kingsman: The Golden Circle. On paper, The Lost City looks like the kind of thing that used to be Hollywood's bread-and-butter a old-fashioned ""movie movie"" based around an original idea and led by two mega stars with clearly defined public personas who lure in audiences despite the lack of IP. And, in execution, it's every bit the exuberant big-screen entertainment you'd expect it to be. Brad Pitt, Channing Tatum and Sandra Bullock running away from fire in The Lost City Brad Pitt, Channing Tatum and Sandra Bullock star in Paramount Pictures' The Lost City (Paramount Pictures) We start on Loretta Sage (Bullock), a dissatisfied, middle-aged author who, following the death of her husband and her inability to publish a book on their archeological findings, turned to writing romance-adventure novels centered around a beautiful and brooding fictional hero named Dash (who is given a vibrant visage by clueless cover model Alan Caprison, played by Tatum). But now, Loretta's found herself in a rut; aside from rarely (if ever) leaving her house, she's grown disenchanted with the series as a whole, and she wants this latest book which she's about to leave for a book tour on to be her last. That doesn't sit well with Alan (who relies on this job since he can't really"
201,RGY_Doc1_No_Time_to_Die,RGY_Doc1_No_Time_to_Die,RGY,Action,Positive,No_Time_to_Die,"In this deeply edifying final installment of Daniel Craig's long run as James Bond, there's a surprisingly tender-hearted farewell to the 007 we've known for over a decade. With a near-epic running time of nearly three hours, No Time to Die certainly moves at a clip, sweeping along at a thrilling pace from bulletproof Aston Martins to poisonings in Havana nightclubs to ex-Soviet bunkers, and all under director Cary Fukunaga's stylish eye. A series of action setpieces, from Bond's makeshift bungee jump off a crumbling bridge to his effortless hijacking of a motorbike, are filmed with breathtakingly dynamic roving cameras. During a romantic Italian holiday, we first find Bond summering with Dr Madeleine Swann (Lea Seydoux, expressive and capable, the antithesis of the 'Bond girl'), the woman he loves but who has an enigmatic history. Naturally this being Bond the idyll can't last long; imposing and mysterious threats are soon closing in from all sides, usually in the form of men with knives in their teeth and grenades to lob. Phantoms emerge not only from Bond's own past, but from the pasts of many of his closest allies and friends. Meanwhile, Blofeld (Christoph Waltz), 007's greatest enemy and head of the shadowy Spectre, is up to no good. Another baddie with an axe to grind makes himself known in the form of Safin (Rami Malek, forbidding and self-contained), an enormously creepy foe with a penchant for bio-warfare. No Time to Die is a movie not only obsessed by its characters' personal histories, but by its own; it has every inclination to wear its homages to the series on its Brioni sleeve, from its frequent musical interludes (they never get old) to its rather surprising choice to bring back the Sixties-flavour Bond quip (these sometimes do get old). But the film really soars when it is smartly combining the old with the new, as with the introduction of new MI6 agent (Lashana Lynch, a commanding, though still thoroughly supporting presence) who has been granted the '007' number during Bond's temporary retirement, much to his displeasure. Also new are the movie's too-much-of-a-coincidence parallels to current events, begging the question of what additions, rewrites, or otherwise may have been happening during the film's long release delay; it is hard to misunderstand the significance of a biological weapon that makes a person most harmful to their closest loved ones. The topical gambit works a treat: the choice feels considered and surprisingly heartbreaking, making literal the secret agent's sense of dislocation from the ordinary world around him. As for Craig himself, he casts a long shadow for the would-be future 007. The whole film runs on his cold drollness and ice-blue stare; you get the sense that this is a person (Craig) and a character (Bond) who always knows precisely what he's doing. This granite slab of a man has been a rough and tough 007 rather than a super-slick one, but here the lone wolf really does display softness. Producers Barbara Broccoli and Michael"
202,RGY_Doc2_No_Time_to_Die,RGY_Doc2_No_Time_to_Die,RGY,Action,Positive,No_Time_to_Die,"James Bond (Daniel Craig) has left active service and is enjoying a tranquil life in Jamaica. His peace is short-lived when his old friend Felix Leiter (Jeffrey Wright) from the CIA turns up asking for help. The mission to rescue a kidnapped scientist turns out to be far more treacherous than expected, leading Bond onto the trail of a mysterious villain armed with dangerous new technology. Sooner or later, every great run inevitably reaches its end. Everyone looks at No Time To Die as Daniel Craig's final go at interpreting the famous 007, but with all due respect to the remarkable actor I sincerely appreciate, it's much more than just that. Cary Joji Fukunaga (Beasts of No Nation) is the man responsible for delivering a fond farewell to a saga that offered the viewers a collection of memorable characters, all beautifully portrayed by an exceptionally talented ensemble cast. Skyfall and Casino Royale are definitely a few steps above Spectre and Quantum of Solace, in my opinion, but where does this last entry fit in? I regularly clarify my expectations for the films I review before really starting to write about how I feel about them, but I honestly believe this is one of those movies that actually demands that preface. Since I don't watch trailers, my enthusiasm didn't really decrease after the countless delays due to the pandemic, so I was always genuinely interested in seeing this film. I was also prepared for the two most probable finales: either Bond would die in his last mission, or he would survive and live happily ever after. There wasn't much else that could really happen. One of the best compliments I can give No Time To Die is that I started the viewing hoping for one of these specific conclusions to be the one Fukunaga and his team of writers chose, but I gradually changed my mind to wish for the opposite scenario. If the movie really goes through with one of these finales or not is something I'll leave undisclosed in this review for obvious reasons. Still, my point is that Neal Purvis, Robert Wade, Fukunaga, and Phoebe Waller-Bridge (Fleabag) are able to write the most passionate, heartfelt narrative of the entire franchise. This is, by far, the most personal a James Bond flick ever got. I didn't realize the genuine attachment I had with these characters, but this film showed it to me in an impactful manner. I'd be surprised if fans of this saga leave the theater feeling indifferent towards the events of the movie. From the choices each character makes to the incomparable stakes of the last mission, No Time To Die feels like a completely different beast. Let me start from the beginning... The energetic action present in the opening sequence rivals Casino Royale's impressive parkour run, but overall, counting everything that happens until the main theme begins playing and the credits appear, I believe this film delivers the best - and longest? - start to the"
203,RGY_Doc3_No_Time_to_Die,RGY_Doc3_No_Time_to_Die,RGY,Action,Positive,No_Time_to_Die,"It's the end of an era. After starring in 5 movies over the last 15 years, English actor Daniel Craig is done with James Bond. No Time To Die is Craig's final Bond outing, his swan song in many ways, as these 5 movies have connected with storylines playing out across each of them. And this final one wraps things up as best it can. Years ago when they rebooted with Casino Royale, Eon Productions decided to try making the new Bond movies with ongoing narratives. Almost every other movie before this era was just a standalone movie: Bond would go off on his important mission, take out the bad guy and save the day; everything would start fresh again with the next movie. Ever since Casino Royale in 2006, Bond has been dealing with the guilt and sadness of losing his great love, Vesper Lynd. And with this fifth movie, they've put themselves in a situation where they have to tie up all the loose ends and usher all these characters to a satisfying end point. What I've learned over the last 15 years of watching Bond movies is that everyone has a different experience with Bond. Some people grew up watching Sean Connery and prefer his style of Bond movies. Others never enjoyed the old Bond movies and only got into this new series when Casino Royale offered something different. Some people, like me and a few of my friends, are huge fans of all of the original Bond movies, yet recognize that Bond has evolved. The goofy, over-the-top ridiculous Bond of the Roger Moore era is fun, but not something that really works anymore. For me, the Daniel Craig era has been hit or miss - I love Skyfall the most, I enjoy Casino Royale, I don't like Spectre much, and Quantum of Solace is fairly forgettable. But this is just my connection with the series, and everyone has their own experiences with it. Meaning everyone will like or dislike No Time To Die on their own terms, no matter what critics or fans say. Nonetheless, it's definitely better than Spectre, and does its best to introduce new ideas while finishing up with Craig's Bond. It also seems Eon Productions wanted to explore different evolutions of Bond beyond No Time To Die. For many years, fans have been hoping that they'll cast a Black Bond or a Female Bond next time. It's clear they wanted to try both of those in this movie - Lashana Lynch co-stars as an MI6 agent named Nomi. When the movie begins, Bond is officially ""retired"" and no longer works for them anymore, so they've replaced him and MI6 has moved on. She plays an important role in the story because she's the asset that they send out instead, and eventually she meets Bond (who she is certainly aware of) and begins working with him for the rest of the movie. This happens very early on and isn't so much of a"
204,RGY_Doc4_No_Time_to_Die,RGY_Doc4_No_Time_to_Die,RGY,Action,Positive,No_Time_to_Die,"What a ride it has been for Daniel Craig. He first slid into the tuxedo of the dapper 007 back in 2006. Fifteen years and five movies later Craig wraps up his terrific run with the 25th installment in the James Bond franchise, ""No Time to Die"". Due to several reasons (a global pandemic chief among them), we haven't had a Bond film since 2015. That's a long time, but I'm happy to say it was well worth the wait. I was pretty lukewarm on James Bond movies until Craig came along. His first entry ""Casino Royale"" blew me away. I like his second film, the flawed ""Quantum of Solace"" more than most. I loved his third movie ""Skyfall"" but was more mixed on his fourth, ""Spectre"". With ""No Time to Die"", Craig is given the chance to end his tenure on a sky-high note. And boy does he. Directed by Cary Joji Fukunaga, ""No Time to Die"" comes packaged with everything you want from a Bond movie big action, even bigger characters, plenty of style, and a special dash of heart. But Craig's movies have added grit to that list. His Bond carries the weight of loss, and his pain often pushes him outside the bounds of agency protocol. That emotional burden and his willingness to cross the line are traits that set his 007 apart from all the rest. This near $300 million sequel comes with a collection of old familiar faces as well as a few new ones. And once again this latest world-saving mission takes Bond (and us) to locations across the globe Italy, Jamaica, Cuba, Norway, and of course London. And then you have the story itself which is not only thrilling blockbuster material, but it nails the tricky task of completing Daniel Craig's story arc. And it does it in an profoundly satisfying way. The film begins with James having retired from MI6 and enjoying what resembles a normal life with Madeleine (a returning Lea Seydoux). But while on a romantic getaway in the exquisitely shot Matera, Italy, the couple are reminded why they're always looking over their shoulders. Assassins sent by the nefarious crime syndicate Spectre ambush James leading to an exhilarating action sequence through the heart of the scenic city. Bond and Madeleine manage to escape, but he suspects her of betraying and the two split up. Five years and one Billie Eilish Bond theme later, James is living in seclusion on a beach in Jamaica when he's contacted by old friend and CIA field officer Felix Leiter (Jeffrey Wright). Felix needs Bond's help tracking down a kidnapped scientist (David Dencik) who has developed a DNA-targeting bioweapon known as ""Project Heracles"". Obviously, in the wrong hands the bioweapon could be catastrophic. And those hands happen to belong to Lyutsifer Safin (Rami Malek), a soft-spoken yet vengeful terrorist leader who has an axe to grind with Spectre and has a rather gnarly connection to Madeleine's past. And just like that, Bond is back"
205,RGY_Doc5_No_Time_to_Die,RGY_Doc5_No_Time_to_Die,RGY,Action,Positive,No_Time_to_Die,"Hampered by the Covid crisis that saw its opening date delayed several times over the last 18 months, it's safe to say that the latest instalment in the iconic James Bond saga has had somewhat of a tumultuous journey to the big screen. But while most big titles set for release around the same time were hastily given the home streaming treatment, No Time To Die felt at times like the sole survivor of crumbling film industry unsure where to turn to next. It is therefore genuinely gratifying to see that holding back the title and never giving in to the digital streaming trend is likely to have paid off for its makers. This being Daniel Craig's last outing as the legendary 007, the film had to deliver the goods and happily it does. Picking up from where it left off in Spectre (2015), Bond is now enjoying retirement and happily coupled up with Madeleine Swann (Lea Seydoux). James's happily-ever-after is sadly cut short when he learns something shocking about the woman he loves, Years later, Bond is called upon by his old CIA friend Felix Leiter (Jeffrey Wright, brilliant) who asks him to help track a mysterious villain armed with a dangerous new technology. Elsewhere, James is up against some stiff completion in the shape of new secret service recruit Naomi (a robust turn from Lashana Lynch), while his new CIA contact in South America (Ana De Armas in one of the best action set pieces of the film) gives him more than he bargained for. For his turn, Rami Malek (sadly the weakest link in the whole film for me) plays as Lyutsifer Safin, a man determined to seek revenge against those who murdered his family. Despite its preposterously outlandish storyline - it is Bond after all and outlandish storylines are de rigueur - No Time To Die feels like one of the franchise's most conventional films. While director Cary Joji Fukunaga and co-writers Neal Purvis, Robert Wade and Phoebe Waller-Bridge have clearly looked towards the MCU for inspiration, there are however still enough of Bond creator Ian Flemings's post-war themes to keep old and new fans happy. It's no great secret that of all the modern Bonds, Craig has come to embody the essence of Fleming's original character. Here, he plays him yet again with a mix of charm and taciturn bitterness, which in the end culminates in a brilliantly devised and cleverly written denouement. This is truly everything we expected from Craig's last ever Bond, leaving the actor a chance to pursue other projects away from the burden of having to keep on reprising the same role again and again. Above all what the film has managed to reignite the yearning for physical screenings and so Bond may save the film industry from almost two years of set backs and uncertainty."
206,RGY_Doc6_No_Time_to_Die,RGY_Doc6_No_Time_to_Die,RGY,Action,Negative,No_Time_to_Die,"Perhaps it is only fitting that, at the end of a particularly circuitous journey, one would get a little emotional. There was such sentiment in a video of actor Daniel Craig, choking back tears as he thanked crew members after wrapping on his final James Bond film, No Time to Die. And there it is in Bond himself and just about everything surrounding him in Cary Joji Fukunaga's 165-minute film, an epic that doesn't so much trot the globe as trudge solemnly across it, laden with loss and life's accumulated weariness. Does that sound fun? The powers that be sure hope it does, as No Time to Die finally arrives in theaters on October 8 after many COVID-related delays. It is perhaps the great theater-exclusive tentpole dream of the fall, that eager audiences wanting to zip off on another suave adventure while also saying goodbye to an entire generation's James Bond will flock to cineplexes and help revive a flagging industry. I'm sure those audiences will indeed show up. What they will make of the film after they've seen it, though, is another question. At such considerable length, No Time to Die has room to be several films in one part rollicking caper and part character drama of the sort set up in 2012's Skyfall, a film that made a deeper mythological figure out of our Etonian super spy, long admired for merely tossing off a quip or two and getting his daring job done. When Skyfall came out, earning over a billion dollars at the box office, it was to many an exciting reimagining of a creaky character (the fruit of a transformation begun, of course, with 2006's Casino Royale, Craig's first outing in the tux). He was given actual context and history and pathos that felt more in line with the blockbuster mores and customs of the day. But then the trilogy became a quadrilogy with 2015's tiresome, extraneous Spectre, certainly a big hit but not the rumbling cultural event that was Skyfall. Craig couldn't go out on that sour note. Thus we have No Time to Die, the definitive they swear! conclusion of Craig's run and, presumably, the end of this particular stylistic Bond era. That's a lot of weight to put on one movie's shoulders, and yet No Time to Die written by Fukunaga, Neal Purvis, Robert Wade, and Phoebe Waller-Bridge happily adds even more. We've got existential reckoning, ancient grudges, child endangerment, and death that actually matters. This is very serious stuff, to a definite fault. Roughly the first half of the film is limber and amiable, as a retired (yet again) Bond is dragged back into action to close a loop begun, essentially, in Casino Royale. On his way to doing that, Bond has a motorcycle-cum-car chase in a stunning Italian hill town, a meet-tart with a new 00 agent (Lashana Lynch), and a trip to Cuba for a bit of dapperly-dressed, party-interrupting violence that is the movie at its most appealingly free-wheeling. Ana"
207,RGY_Doc7_No_Time_to_Die,RGY_Doc7_No_Time_to_Die,RGY,Action,Negative,No_Time_to_Die,"""No Time to Die"" is the final James Bond film starring Daniel Craig. It's a transitional movie, focused on history and legacy. As such, it pointedly references and reprises the first Craig film, 2006's ""Casino Royale."" These Craig Bond bookends work together to demonstrate that the best Bond films are not actually about Bond. As a result, it inadvertently makes a strong case for retiring 007 once and for all. ""Casino Royale"" was meant to reinvigorate the Bond franchise, and not just by casting the charismatic Craig. The film was set early in Bond's career, and it made him more vulnerable and more human, primarily by allowing another character to upstage him. Eva Green as Vesper Lynd was less like the typical Bond girl and more like the British superspy himself effortlessly charismatic, suave, brilliant, an expert at double-cross and able to make audiences and protagonists fall for her with equal aplomb. She was Bond's match in a way villains like Dr. No or Blofeld never were. Being dazzled, out-thought and out-charmed made Bond a deeper and more intriguing character. The only problem with Vesper Lynd was that she was so riveting that they had to kill her off, lest she steal the series. Subsequent Craig films mostly presented the hero in the traditional Bond manner. He was a man without peer, and therefore also without much character or interest. ""No Time to Die"" is typical with its fill-in-the-Bond-blank plot: a ranting mad villain (Rami Malek), a global terrorist threat, car chases, gunfights, a child in danger, etc. Even with familiar characters imperiled more effectively than in earlier installments, the stakes are virtually nonexistent. And a main character who exists in a vacuum is largely airless and empty. The film's failures are all the more stark because it keeps drawing parallels with ""Casino Royale."" The opening scene is set at Lynd's grave, and the movie is filled with women who serve as stand-ins for her in one way or another. A Cuban CIA agent, Paloma (Ana de Armas), wears a plunging dress reminiscent of Green's signature look and picks out a tuxedo for Bond, just as Lynd did before her. Lashana Lynch plays Nomi, the woman who (temporarily) takes over the 007 designation from Bond after he retires, just as Lynd in some ways replaced Bond in his own film. But the most obvious stand-in for Lynd is the romantic lead, Madeleine (Lea Seydoux). Madeleine urges Bond to forget the deceased Lynd and takes her place as the love of Bond's life and as his (maybe) betrayer. She's got a complicated backstory of her own and an intense history with Bond, and on top of all that, she's a brilliant psychotherapist. What she doesn't have is Green's insinuating flare or enough narrative space to actually balance or challenge Bond for narrative importance. And having so many would-be Lynds means they all start to seem like interchangeable afterthoughts. They don't humanize Bond by cutting him down to size (""I sized you"
208,RGY_Doc8_No_Time_to_Die,RGY_Doc8_No_Time_to_Die,RGY,Action,Negative,No_Time_to_Die,"Let the mourning begin. In No Time to Die, James Bond is dead after 25 installments of the popular series about England's most glamorous secret agent which means he will never be back in his present form. This is also Daniel Craig's fifth and final appearance as 007, so enjoy his previously indestructible stoicism for the last time, too. Do this, I hasten to add, only if you are forever dedicated to a fictional action hero who, in your heart of hearts, can do no wrong. In my opinion, he ran out of steam long ago, and now in retirement from Her Majesty's Secret Service, he has no charm, no wit, no sex appeal, no fatal allure for women and he's losing his hair. He dies from stray bullets, deja vu, stale dialogue and mixed reviews. The car chases, the fight sequences (there are two), the helicopter shots, the never-ending guns and exploding warheads have all been done before. This is probably to be expected. You don't go to a James Bond movie to learn anything new. You go to ogle the latest girls, gadgets and exotic locations. The entertainment values are ever apparent, the violence and bloodshed have a certain lift that both defines and defies imagination, and who would have it any other way? You don't always remember what you saw the next day, but you know you had some fun. This time the excitement fades like the popcorn that went with it, and for me, ennui comes on stealthy fingers. No Time to Die may not be the worst James Bond movie ever made, but it's in heavy competition as the dullest one since Octopussy. The film's sole distinction is the fact that it's the James Bond epic that finally manages to make 007 a crashing bore. Directed with more boyish slobber than narrative coherence by Cary Joji Fukunaga from an over-crammed, self-consciously contrived script by no fewer than five writers, No Time to Die hops and stumbles all over the place, but you can still write the plot on the head of a carpet tack. It opens with a flashback to the Italian Alps where a mysterious thug in a white mask plods through the snow to murder a young Madeleine Swann's mother, but young Madeleine narrowly escapes. Cut to the character, all grown up as Lea Seydoux, who may or may not be married to a gooey-eyed, lovesick 007. (The movie is very vague about things that matter.) After some high-speed racing through the mountains in his bulletproof Aston Martin, the two lovers are set upon by agents from the evil crime syndicate SPECTRE in the town square and he dumps Madeleine, thinking she betrayed him. It's the end for Bond and Madeleine, but the movie is just beginning. It helps to know your Ian Fleming history, including Bond's relationship with Vesper Lynd in Casino Royale, as well as the meaning of SPECTRE (you got me there). Cut to Bond trying desperately trying to enjoy"
209,RGY_Doc9_No_Time_to_Die,RGY_Doc9_No_Time_to_Die,RGY,Action,Negative,No_Time_to_Die,"Historically, the bad James Bond films have been judged so because they were just too wacky and silly. Fortunately, its utter disinterest in a hard and fast continuity meant that a deliciously hyperbolic film like A View to a Kill can erase a hackneyed Octopussy in under two years. Never before has a James Bond film been both technically well-executed and taken a more serious tack, yet still been an infuriating mess. So, congratulations, I guess, No Time to Die. Borderline impenetrable if you haven't rewatched the first four films in the Daniel Craig-era arc, this 25th canonical Bond picks up where the roundly unloved Spectre finished, with Bond in seeming retirement with Madeleine Swann (Seydoux), and a lot of baggage from earlier films that now seems borderline absurd and needlessly convoluted. The big twist in the last film was that Blofeld (Waltz) was Bond's stepbrother and the cause of all his pain, but the villain this time is Malek as Lyutsifer Safin, a waffling, mumbling pseudophilosophical maniac with the standard grand plans for global domination. Meanwhile Bond ends up more alone than ever: out of MI5, replaced as 007 by a new agent (Lynch), and terribly sad about everything. Because the newer, more emotionally rounded Bond is just sad a lot. Yet No Time to Die doesn't take the opportunity to examine Bond in a more stripped-down setting. Instead, it's the standard mix of globetrotting action, just slower and less engaging than ever before. Subplots go nowhere, new characters are dropped in with little payoff (exactly what purpose a side trip to Cuba with Ana de Armas' giddy young CIA rookie serves defies explanation), and much of the dialogue is simply meaningless particularly every word out of Safin's mouth, which would just be nonsensical if it wasn't also delivered with all the gravitas and malice of a bus timetable. It's ponderous, tedious, and somehow both buried in continuity and determined to drop it all halfway through the story. It's not just recent Bond lore: there's a hamfisted musical sting that serves as a reference to On Her Majesty's Secret Service, further complicating the already convoluted timeline and inherently conflating two of Bond's dead exes. It's this overstuffed storytelling, mixed with lackluster pacing, that renders No Time to Die a torturous misfire, and an utterly disappointing exit for Craig's Bond. I hate to say it, but this is Bond's Rise of Skywalker. That's the saddest part of this era of 007. Craig had two of the best entries in the entire series, with Casino Royale establishing everything that was going to make him unique, and Skyfall hitting like a battering ram. His Bond was an educated assassin, charming and cold, violently loyal to Queen and Country but untrusting of both just as Ian Fleming wrote him. Yet the last two films have written him into a melancholic corner, adding a supposed emotional depth that he simply doesn't need. Maybe the arc would have worked better across three films, giving some"
210,RGY_Doc10_No_Time_to_Die,RGY_Doc10_No_Time_to_Die,RGY,Action,Negative,No_Time_to_Die,"No time for spoilers: It's a good bet you know by now what happens to Daniel Craig at the end of the 25th James Bond movie. Some people rushed to spread this information online after the film's world premiere screenings in London last week, the Film Twitter equivalent of Homer exiting The Empire Strikes Back on opening night. The statute of limitations on surprises in the social media era is perilously short, but it should still be possible to review No Time to Die without coming out and saying the thing that its marketing, promotion, and coyly morbid title have already implied. For nearly 60 years, the franchise has consolidated its own form of immortality by doubling down, baccarat-style, on the idea that its star attraction Will Return never mind whether in the same exact corporeal form. Like any long-standing, ceremonial role of significant cultural importance the queen of England, commissioner of the National Basketball Association, Dr. Who James Bond is at once bigger than the person who inhabits him and malleable enough to fit each host vessel's specifications. He's a designer tuxedo being taken in for alterations, or a vintage Aston Martin receiving periodic tune-ups. In 1983, 12 years after graciously abdicating the part that made him a megastar, Sean Connery reneged on his decision to opt out. Looking considerably older and a bit embarrassed, he top-lined the non Saltzman-and-Broccoli Thunderball knockoff Never Say Never Again, a film whose title goofed on the actor's noble, broken promise to himself. (The idea for the joke was credited to Connery's wife, an all-time case of spousal trolling.) This one exception aside, there isn't a single Bond entry, good, bad, or Moonraker, that goes out of its way to explicitly acknowledge the identity of its leading man. Nor have there been any teary-eyed curtain calls. At the end of A View to a Kill, instead of riding off into the sunset, Roger Moore hooked up with Tanya Roberts in a shower. In this sense, the valedictory vibe of No Time to Die makes it an outlier. Every element, from the plot to the visual style to the thickly funereal atmosphere, has been calibrated to emphasize its status as a send-off for Craig, whose constant, Connery-like carping about his boredom with the part aligns with his version of the character. There's always been a borderline-misanthropic intensity to James Bond, a cool sense of detachment derived from Ian Fleming's literary description of the character's cold blue eyes and ""cruel"" mouth. Craig took these qualities and ran with them, becoming the first Bond who never seemed to be having any fun. Gloom and doom have been the common denominators of the 21st-century Bonds, with mixed and fascinating results. Like Skyfall and Spectre, No Time to Die is primarily about the bonds and scars etched between parents and children. Bookended by scenes in which little girls are terrorized by psychopaths and featuring multiple sequences in which beloved, long-running characters are forced to contemplate their own mortality,"
211,SYH_Doc1_Oblivion,SYH_Doc1_Oblivion,SYH,Sci-Fi,Positive,Oblivion,"For Oblivion, the second feature by Joseph Kosinski, the director uses the same two-parts-style-and-one-part-substance recipe as in his previous feature, TRON: Legacy, but this time the concoction goes down easier. Based on Kosinski's own unpublished graphic novel and written by screenwriters Karl Gajdusek and Michael Arndt, this gorgeous production seems more concerned with producing remarkable images than telling a remarkable story. But what images. Kosinski combines top-notch special FX with the same primordial, Icelandic scenery that Ridley Scott used for his comparable visualist's rendering of Prometheus, and the result is a familiar post-apocalyptic alien invasion tale ripped from the pages of countless (and better) science-fiction stories. Fortunately, the original material has no expectations to meet, unlike Scott's did, leaving the serviceable but nothing more than that story to maintain our interest as the director's awe-inspiring visuals, exciting action sequences, and the ever-watchable star power of Tom Cruise keep the audience rapt. Cruise stars as Jack Harper, a white-clad technician on Earth some 64 years after humanity's devastating battle with invaders from outer space, who first attacked by detonating our Moon. The Earth was rocked with resultant natural disasters and soon irradiated by human nukes in retaliation, the landscape left almost unlivable. Survivors decided to migrate to Saturn's habitable moon, Titan, and now leftover is a massive upside-down pyramid-shaped station called the Tet, which orbits the planet. Below on the surface, enormous engines collect water for Titan, and Harper repairs downed equipment and his team's security drones on missions monitored by the other sole member of his so-called ""mop-up crew"", his controller Victoria (Andrea Riseborough), with whom he shares a bed. Their orders come from a Tet ""mission control"" agent (Melissa Leo) who asks daily, ""Are you an effective team?"" leaving us to ponder what happens when the answer is no. That moment comes in due time when Jack finds himself asking questions about his five-year mission, such as why a mandatory ""memory wipe"" was required. Or, why the few surviving alien Scavengers (called Scavs) are trying to trap him? The audience asks their own questions too, like why are Victoria's pupils always dilated? And then there are Jack's visions those vague impressions he gets at night of a woman he has perhaps never seen. What do they mean, and how do they relate to the now-dead prewar world to which Jack feels so close to yet could have never known? His digging puts a strain on his and Victoria's strict mission orders to keep within their designated borders and protect the vital water collectors, all targets for the lingering Scavs inside the perimeter, where beyond is a deadly ""Radiation Zone."" Victoria's conformity and insistent lack of curiosity remain unbending, while Jack's romanticism keeps him going. And when a prewar shuttle containing five cryogenically frozen humans crash lands and is attacked by drones, Jack must also ask why drones would attack humans and why the sole survivor, Julia (Olga Kurylenko), looks exactly like the woman from his dreams. Her presence in"
212,SYH_Doc2_Oblivion,SYH_Doc2_Oblivion,SYH,Sci-Fi,Positive,Oblivion,"""O blivion"" is a competently made sci-fi action movie something that can't be said about the majority of the genre. Though many of the prominent futurism themes can be linked back to earlier films, and a few loose ends might not be tied up with the sturdiest of knots, the structure and plot twists keep the intrigue high while the action paces itself nicely alongside the unfolding mystery. Tom Cruise makes a compelling hero and the setup is a savvy blend of dystopian invention and amnesia-induced identity loss. The list of films ""Oblivion"" borrows from is a long one, but the concepts are all executed cleverly and proficiently, resulting in an epic space opus that presents far more moments of awe than head-scratching queries. The year is 2077 and Earth has been left nearly uninhabitable after a brutal war against an invading alien species known as ""Scavengers."" While the remnants of humanity have been gathered aboard the Tet, an enormous pyramidal space station that will eventually carry the survivors to a new home on one of Saturn's moons, technician Jack Harper (Tom Cruise) and his partner Victoria (Andrea Riseborough) remain on Earth to monitor and perform maintenance on giant hydro-rigs and the protective, heavily armed robot drones that guard them. When a spaceship crash-lands nearby and Jack investigates, he rescues from the wreckage Julia (Olga Kurylenko), a mysterious woman whose appearance sets into motion the discovery of a massive conspiracy that will place the very fate of mankind in Jack's hands. ""Oblivion"" is heady, weighty, and cerebral science-fiction, foregoing the little green man angle for a much more sinister and complex alien incursion. In terms of postapocalyptic, futuristic thrillers, borrowing randomly from ""The Road Warrior,"" ""2001: A Space Odyssey,"" ""Moon,"" ""The Matrix,"" and ""Total Recall,"" it's a highly ambitious and largely successful twist, toying with existential and deterministic viewpoints while smartly avoiding depressing bouts of violence or sacrifice. Its focus on altering or interfering with memories is augmented perfectly by the heavily synthesized soundtrack, itself lending to the dreamlike qualities of Jack's remembrances. An engaging mystery, ""Oblivion"" forces viewers to wait nearly two hours before giving up any secrets; but to the film's credit, the protracted anticipation is delightful. Mind-boggling and artistically visionary, the many answers it finally grapples with will probably raise further investigations into the various aspects less examined, but the climactic conclusion is pleasantly resolute even if specific details can be rationalized with the term ""gaping plot holes."" An exemplary fit for IMAX screens, ""Oblivion"" boasts outstanding visuals that add tremendously to the scope of the project. Immense exterior shots and sets introduce the audience to a uniquely fascinating world, with unfriendly terrain, monumental wreckage, and obscured paradises. The interior designs are just as spectacular, though used much more sparingly. The obvious budget for special effects definitely helps establish and stabilize the pioneering perspective; visual wizardry occasionally substitutes for inchoate plot points. But perhaps most impressive of all is the origins of the story, starting as a"
213,SYH_Doc3_Oblivion,SYH_Doc3_Oblivion,SYH,Sci-Fi,Positive,Oblivion,"In director Joseph Kosinski's Oblivion, you can see a love for and desire to expand on the great classics of science fiction on film. With the most impressive use of IMAX for a feature film to date, in that respect he has created something new and exciting, with what is essentially a 3-D movie where you don't need the glasses. Production esigner Darren Gilford (of TRON: Legacy) and cinematographer Claudio Miranda (Oscar winner for Life of Pi) make, to quote the movie, ""an effective team."" The visual landscapes of the film and the meticulousness taken in the action sequences are extraordinary. Here, the integration of CGI (computer-generated imagery) and live filming is another indication of the rapid advancements happening in moviemaking. Oblivion-Movie-Poster-1024x590 Computer work is seamlessly brought together with Icelandic locations that make you believe the world created on film really exists. It helps to create a sense of adventure you are swept into on every sortie and dangerous situation our hero Jack Harper (Tom Cruise) experiences. This is a dystopian story about life after aliens invade Earth, all but destroying it before being put in their place. All the inhabitants have been moved off-planet, but a crew of two are finishing what is left of their mission as security and repair specialists before they join their fellow humans on an off-world colony. Jack and his partner/lover Victoria (the deservedly up-and-coming Andrea Riseborough) are at odds with Jack's incessant curiosity and drive for answers about dreams he has from before their mandatory memory wipe. On one of his daily security and repair sweeps, he discovers a downed craft with one survivor, about whom he has been dreaming. Who or what she is and what is true of what he remembers, as well as what is really going on, is an ever-evolving and ever more-complicated story. The actors do very well, and bring depth to their characters. Of all the things that are said about the lead Tom Cruise, no one will ever call him a bad actor. In Oblivion he brings a sensitivity and curiosity, as well as a nostalgic yearning to know who he is, that puts us in his corner, hoping the best for him all the way. As part of his attempts to restore his fractured memory, he ""pack rats"" little mementos, many from before the war. Oblivion-Trailer-Screenshot For some reason they comfort him. Both he and the filmmakers find a way, by combining the wasted landscape strewn with toppled or decrepit architecture like a half-buried Empire State Building and Jacks's lonely chats with an Elvis bobblehead in his flyer or his discovery of some new little treasure, to make us feel his isolation and yearning."
214,SYH_Doc4_Oblivion,SYH_Doc4_Oblivion,SYH,Sci-Fi,Positive,Oblivion,"""Earth is a memory worth fighting for."" ""Oblivion"" centers on a drone technician, Jack Harper (Tom Cruise, ""Mission Impossible III: Ghost Protocol), who flies a Bubble Ship (a hybrid of a fighter spaceship and helicopter) and is tasked to fix downed drones on earth in 2077. He lives in a sleek dig high above the clouds together with his partner, Victoria (Andrea Riseborough), who also serves as his communication officer. She monitors his safety from their base in space and dutifully reports to their superior, Sally (Melissa Leo) through a sophisticated system. Before embarking on their five-year service, Jack and Victoria had their memories wiped to maintain the security of their mission. 60 years ago, earth was invaded by aliens, called 'scavs' (scavengers). The scavs shattered the moon, and without the moon, the earth destablized, resulting in earthquakes and tsunamis that destroyed half of the planet. Humans launched nukes to stave off the scavs and eventually won the war. However, the earth became mostly inhabitable and the surviving humans moved to Titan, one of the moons of the Saturn ring. The drones are used to man fusion reactors that drain seawater and convert into energy. They also patrol the earth's surface to shoot down any remaining scavs. Jack and Victoria are nearing the end of their mission; in two weeks, they will conclude their service and join the rest of the humans in Titan. While Victoria is looking forward to it, Jack has doubts and oddly feels that earth would always be his home. He's traveled far and wide and found unspoiled swaths on earth, including a remote cabin by the lake, a calming oasis. His uncertainty is confounded by recurring dreams of a woman (Olga Kurylenko) and flashes of life in New York, which strangely feels like a memory of a past than a fantasy. When a spaceship crash lands on earth, Jack finds that it's filled with several pods of humans in hyper-sleep state. And inside one of the pods, is the woman in his dreams, who later wakes up and mentions that her name is Julia. Jack and Julia are discovered and captured by a group of rebels (led by Morgan Freeman and Nikolaj Coster-Waldau), human survivors. The events that transpire, followed with fierce flying and firefights, make Jack realize that his life is not what it seems to be and that he's not what he thinks he is. He may just unknowingly holds the fate of mankind on his hands. Director Joseph Kosinski (""Tron Legacy"") executes his vision with excellence. Cruise plays his part with sincerity, connects with both of his leading ladies and the higher mission he's entrusted with. With a straightforward story and humanity, ""Oblivion"" is captivating from the start. Part of the appeal is the mystery, which unfurls easily piece by piece and takes us along through each discovery and ultimate truth. A bigger appeal is the phenomenal visual, reminiscent of last year's ""Prometheus,"" elevated by an electronica beat, along the same vein"
215,SYH_Doc5_Oblivion,SYH_Doc5_Oblivion,SYH,Sci-Fi,Positive,Oblivion,"Oblivion has its meh moments, but one hell of a satisfying payoff. With its cool, liquidy visuals and CGI-esque Tom Cruise as its lead, Oblivion has all the hallmarks of a summer action movie. But it's not. This is a flick that aspires to be a psychological thriller and occasionally, it succeeds quite well. Cruise is generically rugged and fearless as Jack Harper, a technician assigned by the 2070s human government to oversee the final destruction of Earth. After a protracted war with the alien ""Scavs,"" the menace is contained but the planet is ruined. Most of humanity has relocated to Titan, or to a vast, pyramid-shaped orbital city called the Tet. Jack and a few remaining humans have stayed behind to draw the last bits of energy from the oceans, which they're sucking dry and converting to hydrogen. (Apparently this is easier than mining the Sun or Jupiter for hydrogen? Whatever.) Because the Scavs still live in hidden colonies on Earth, Jack has had his mind wiped ""for security,"" and remembers nothing about his life before he lived with his gorgeous co-worker/lover Vicka in a pyrex mansion high above the clouds. From the transparent bottom of their outdoor pool, the two of them can see the enormous water-sucking machines and the deadly, spherical drones that shoot any Scav who dares approach their precious energy plants. Oblivion was directed by Joseph Kosinski, whose first feature was the gorgeous but uneven Tron Legacy, and you can see his characteristic visual style everywhere. The movie is shot in frothy blues, whites, and grays, and Jack's helicopter/motorcycle is spotlessly white and unbound by the laws of physics. Jack and Vicka live above the former New York City, which has become a wind-buffed ruin, inexplicably converted into a long ravine lined with skyscrapers. Everything looks beautiful, if a little antiseptic and implausible. As the movie opens, we're immediately plunged into a rapid-fire chase and shootout with the Scavs, a drone, and Jack, which unfolds in a zoomy kaleidescope of blaster fire. But it's already obvious that there's a lot more to this story than cowboys vs. aliens. First of all, there's something strange about the idea that Jack and Vicka have had their memories wiped. Plus, why do they never meet anyone from the Tet or hear news from Titan? Why is their one contact on the Tet always wearing the same clothes and using the same canned phrases to communicate? And who is the mysterious woman that Jack keeps remembering? Things get weirder and weirder, especially after Jack goes to investigate an encrypted signal that the Scavs are sending from the top of the decimated Empire State Building. The signal triggers the crash-landing of a pre-war Earth starship, its occupants still in hypersleep. Though the drones accidentally (or not?) blow up most of the sleep pods, Jack manages to rescue one and the woman inside, Julia (the awesome Olga Kurylenko), recognizes him. He recognizes her, too. She's the woman in his dreams. Why"
216,SYH_Doc6_Oblivion,SYH_Doc6_Oblivion,SYH,Sci-Fi,Negative,Oblivion,"Oblivion is a visually stunning film. It's what I've come to expect with the latest sci-fi films. Director Joseph Kosinski continues to bring his strong visual principles from Tron Legacy (a film which I'm a massive fan of) into Oblivion, where Earth is presented as a desolate planet, destroyed by an alien invasion. While familiar world landmarks (e.g. the Empire State Building in New York) are buried/destroyed, it is beautifully contrasted with vehicles and home station towers which are designed to live and travel comfortably whilst preserving security and maintenance that our hero, Jack Harper (Tom Cruise) has to undertake. Notice how the towers and Jack's mode of transport, the bubble ship, are mainly see-through. It suggests to the audience that this clean, modern and futuristic way of living has nothing to hide while it subconsciously suggests a false sense of security and that everything is not all it seems. It's either that or an IKEA designer survived the alien war and business is booming! Joking aside, despite the very epic and strong visuals, I did found this film lacking. The problem I have with Oblivion has nothing to do with Tom Cruise (who I thought was superb) or the rest of the cast who deliver strong and heartfelt performances. The problem sadly lies with the plot. It felt slightly backwards. The first 2/3 of the film sets up the plot nicely. It easily establishes how we find Earth in the aftermath of the invasion. It's introduces the character of Jack Harper as we see his mind constantly battle between two conflicts. The first conflict is his honourable duty to his partner, Victoria (played by Andrea Riseborough) and the mission. Maintain control, fix drones and they get to go home. The second conflict is the dreams he has of another past life and most importantly, another woman. Who was this woman who haunted his dreams and why does he seem to be the only one affected by it? It shouldn't be possible as both Jack and Victoria both had a security memory wipe, which is suppose to keep their memories hidden beneath the surface so they could only focus on the objective. The confliction is handled very well. After everything that has happened to Earth, Jack still regards it as home, and to be honest who would blame him. He doesn't want to leave. He fondly remembers the last Super Bowl game in the same way we would remember the last music concert or the first football game you went to. He hoards collectable items such as old records, books and toys and takes them off grid to a secret location a cabin that doubles up as a personal museum. It's his heaven, his fortress of solitude where objectives and missions are secondary and Earth's beauty and colour becomes primary. His partner, Victoria doesn't share the same feelings, obviously not hampered by the plaguing memories that Jack suffers. She naturally tries to discourage him at every opportunity. At times she"
217,SYH_Doc7_Oblivion,SYH_Doc7_Oblivion,SYH,Sci-Fi,Negative,Oblivion,"All style, no substance is the refrain that ran through my head watching writer/director Joseph Kosinski's latest film, Oblivion. This is also the precise sentiment created by his previous film, Tron: Legacy. Though the Tom Cruise-starring science fiction adventure is breathtaking to look at, there is nothing to the film aside from the visuals. Bland, predictable, and frankly boring, Oblivion is an empty stylistic exercise, and feels like a slick bit of advertising, not a movie. Filmed in IMAX with Sony's new CineAlta F65 camera, Oblivion does look fantastic. Watching drone repairman Jack Harper (Cruise) blast through the wrecked-up wasteland of a post-alien invasion New York City on a futuristic dirt bike, past the strewn carcasses of container ships and submarines, is spectacular. Or when he floats through the ruined world in his bubble ship, the special effects are crisp and clean, and blend seamlessly with the frame. They're so good you don't notice them. But the entire film reminds you of those IMAX movies you saw as a kid, where a helicopter mounted camera sweeps around the rim of an active volcano, or dives into the Grand Canyon. The biggest problem in Oblivion is that it has about as much story, character, and emotional involvement as those clinical, removed IMAX movies. Jack and his partner in both a business and romantic sense Victoria (Andrea Riseborough), are two of the last human beings on the planet. As Jack's heavy-handed voice over tells you at the outset, and as the film explains in great detail again and again throughout, aliens called Scavs destroyed our moon, which threw the planet into geologic upheaval. When chaos was in full bloom, they invaded, and we were forced to use nukes to win the day. So we won the war, but the planet was ruined in the process, and the human race relocated to Jupiter's moon of Titan. All that remains are skeleton crews like Jack and Victoria, tasked with servicing the drones which make sounds like a synthesizer farting that protect the massive rigs that drain seawater to convert into power for the folks on Titan. The whole set up is an obvious attempt to make you consider our own dependence on finite natural resources like oil the docks are set up to look like offshore oil drilling platforms but other than a quick mention that the oceans are almost gone, the metaphor is roundly ignored. Jack and Victoria are stock movie short timers. With just two weeks left before their mission is complete and the can move on to Titan, she just wants to keep her head down, do her job, swim naked with Jack, and abandon this place to memory. He, on the other hand, is wistful, questioning, and still feels that Earth, even after everything, is still his home. You're supposed to feel his yearning when, standing in the middle of the ruins of a football stadium, he waxes poetic about a game he has never seen, but there is so"
218,SYH_Doc8_Oblivion,SYH_Doc8_Oblivion,SYH,Sci-Fi,Negative,Oblivion,"Joseph Kosinski's dire new sci-fi Oblivion (2013), starring Tom Cruise, was made for an estimated budget of $120 million. Whilst this certainly isn't the pinnacle of filmmaking excess, the gargantuan sums spent on Hollywood blockbusters are often impossible to justify. Occasionally, however, a movie will have just enough redeeming features to make you forget how much money it cost to bring it to the big screen. Oblivion is not one of those examples. Cruise plays Jack Harper, a hardy survivor in a bleak post apocalyptic future, forced to dwell on a floating platform with his co-worker/love interest Victoria (Andrea Riseborough). Jack like a living, breathing, human Wall-E spends his monotonous days flying around the now-volcanic surface of the Earth in his sleek shuttle, fixing sensor drones and maintaining the monolithic towers which now harvest the planet's oceanic energy in order to provide fuel for fellow refugees of the devastation now residing on Titan, on of Saturn's moons. With only two weeks to go before he's due to complete his mission objective, an inquisitive Jack discovers a crashed spacecraft which forces him to question both himself and the high orders provided by sinister superior Sally (Melissa Leo). For a sci-fi premise, though familiar, the aforementioned is a pretty solid one. Any writer with a modicum of talent should have been able to fashion a half-decent screenplay from those raw ingredients. Yet, writer/director Kosinski (2010's Tron: Legacy) has somehow managed to create an emotionally-barren and tediously convoluted film, brimming with risible dialogue and plastic performances. Hollywood royalty Cruise has been around Hollywood for long enough to know when he's signed up for a clanger, but unless the hatchet job done in the editing suite was even more vicious then the sloppy final scene transitions suggest, the Minority Report star must be ruing the day he ever signed up for this dull, drab seance. Some Oblivion apologists may point to the original soundtrack by French electro outfit M83 as a highlight the same individuals who may also suggest that any film which features Andrea Riseborough's nude silhouette is worth the price of an IMAX ticket alone. Alas, the sad truth is that most cinemagoers with a true love of science fiction cinema will struggle to enjoy this uninspired dud. Why not spend your hard-earned currency on a charity donation instead? Not only will you feel spiritually-enriched, but you'll also be saving the souls of everyone involved in this project; many of whom could rightly struggle to find future gainful employment when Oblivion inevitably goes down like a lead balloon at the UK box office."
219,SYH_Doc9_Oblivion,SYH_Doc9_Oblivion,SYH,Sci-Fi,Negative,Oblivion,"""Even a lively electronic score by M83, a bustling Imax presentation and Cruise at his most action-pic watchable can't make this inert film come to life."" Visionary filmmaker Joseph Kosinski (""Only The Brave""/""Tron-Legacy"") helms this forgettable, overlong, derivative, yawner of a futuristic sci-fi film, that's adapted from his never published graphic novel. It's written by Karl Gajdusek and Michael DeBruyn with no distinction. Alien wars have left the Earth in ruin in 2077. The aliens destroyed the Earth's moon and the Earth retaliated with nukes, making the planet not livable for anyone. But Earth defeated the so called ""Scavenger"" invaders, called for short Scavs. Only a handful of Scavs remain as terrorist raiders. Jack Harper (Tom Cruse) is a high-tech security drone repairman and protector of the Earth's water supply. He's stationed in a bubble hovering over the Earth called The Tet, as part of a mop-up crew. Jack partners with the efficient but cold Brit controller, Vika (Andrea Riseborough), in work and in the bedroom. Though their memory has been scrubbed 5 years ago on orders from their leaders, Jack still faintly recalls in his dreams that before the wars, 60 years ago, he was with a gorgeous, vulnerable, dark-haired woman, Julia (Olga Kurylenko), in NYC. While on a drone reconnaissance mission, just 2 weeks before the partners will evacuate forever to live on Titan, one of Saturn's moons, where the Earth people have relocated, Jack locates the mysterious Julia from his past in a wrecked spaceship sleeping pod and rescues her. Continuing his search in the area, while disobeying orders from his superiors to retreat, Jack's taken prisoner by some rebellious Scavs, led by Beech (Morgan Freeman) and Sykes (Nikolaj Coster-Waldau). In captivity it dawns on Jack he doesn't know the full truth about his situation and has been misled all these years. Therefore Jack no longer trusts Mission Control, who use a computer called Sally (voiced by Melisa Leo), to contact Vika on the marching orders, which she relays to Jack. By the time the plot begins to unfold, I no longer had any interest and what ensued indeed left me in a state of oblivion. The fantasy film follows the path of Total Recall, Omega Man and Blade Runner, but is not their equal. There are no fresh ideas, the plot is nonsensical and the stars make no emotional connections with the viewers. Even a lively electronic score by M83, a bustling Imax presentation and Cruise at his most action-pic watchable can't make this inert film come to life."
220,SYH_Doc10_Oblivion,SYH_Doc10_Oblivion,SYH,Sci-Fi,Negative,Oblivion,"Yesterday when I wrote about the Elysium trailer I said that making good sci-fi is hard. It's just a big pit of vipers and the vipers are named things like Exposition and Logic and Narrative Mandate. Good sci-fi requires a huge amount of behind-the-scenes planning, the majority of which will never actually be used in the final product (be it movie or book), but the rules and laws of the world created need to make some kind of sense. Take Prometheus, which introduced a lot of interesting concepts and then failed to address/explain any of them, and the stuff it did actually flesh out was done in the most simple, space-bullsh*t way possible (see also: the birth of the baby alien). Tom Cruise's new movie, Oblivion, like Prometheus, doesn't attend to the details. Large chunks of it make no sense. And the parts that do make sense are so simple and derivative it's kind of embarrassing for anyone who thought that movie had any kind of depth during the planning stages. It comes off especially poor against Trance, which has similar themes of memory and perception, but which never takes itself too seriously, choosing style over substance and only laying enough logical groundwork to keep the narrative running and the characters moving, but not really probing particularly deeply into either issue. As a result, Trance is stylish and sexy and fun to watch, if a bit of a lightweight, but Oblivion takes itself so seriously that not only is it a thematic lightweight but it's not particularly fun to watch. It is beautiful to look at, though, and director Joseph Kosinski (Tron: Legacy) really does have a knack for creating sweeping visuals that are, at points, breathtaking. And the opening scene is really fantastic. If Oblivion was just its opening scene, it would be a great short film. Unfortunately, it goes on for another hundred minutes and everything falls apart. Oblivion wants to be a movie with Big Ideas but what ideas it does have are plainly ""borrowed"" from the likes of The Matrix, Blade Runner, and Wall-E gets jacked not only thematically but visually. The greatest question the movie asks is, ""Wasn't Wall-E great? Wouldn't it be cool if it was remade as a live-action Tom Cruise movie?"" As for Action Tom, he's serviceable but seems more robotic than usual. I enjoyed Jack Reacher and Mission: Impossible 4, but Oblivion is lifeless not only because it's dumb but because the actors don't seem really into it, either. At one point I expected Morgan Freeman to turn to the camera mid-exposition dump and say, ""Do I really need to keep explaining this or can we just get back to blowing sh*t up?"" Also, and I'm with Lainey on this, Tom needs to stop taking his shirt off. I don't need to be reminded that he's gestating sea monsters in there."
221,VAA_Doc1_Barbie,VAA_Doc1_Barbie,VAA,Comedy,Positive,Barbie,"As you are probably aware, Greta Gerwig's highly anticipated film, Barbie finally hit theaters after months of the most relentless advertising I've ever seen. Barbie is the kind of movie that you'd have to be living under a rock to not notice. Ever since the very first trailer debuted in December 2022, Barbie has been the name on everyone's lips. Despite the film having the single most advertising I've ever seen for a blockbuster, relatively little was given away to audiences in terms of what the plot was going to be. Through promotional materials, we got to know the characters, the world, the cast, but not the story, which probably elevated the anticipation of audience members. After having seen the film not too long ago, it's safe to say that Barbie is nothing like I expected... Ever since the release of Lady Bird, Greta Gerwig has been one of Hollywood's most revered directors, currently working in the industry. When you get a beloved director to create a film about an even more beloved and recognizable doll, you've got a recipe for magic. Barbie's publicity campaign was absolutely relentless, from T-shirts, to vinyl, to memes, to commercials, to food items at chain restaurants, you couldn't go anywhere without seeing the iconic pink logo for a few months. And none of it seemed to be in vain considering that the film became the biggest opening for both Margot Robbie, Ryan Gosling, and Greta Gerwig. In fact, it achieved the impressive feat of being the biggest film opening from a female director. The phenomenon of ""Barbenheimer"" was also born when it was revealed that Christopher Nolan's Oppenheimer would also be opening on July 21st, sparking a meme that now has its own dedicated wikipedia page. Needless to say, Barbie has been an extreme financial success on top of also being a critical success, scoring an 89% on Rotten Tomatoes. Whether or not you care about Barbie, it will go down in history for its critical and box office success. But what about the plot? What actually goes on in the pink, plastic wonderland of Barbie and Ken? Well, it's much deeper than you think. The best way I can describe it is: she's a Barbie girl...leaving the Barbie world. Life in plastic is not so fantastic. Basically, Barbie has begun experiencing existential dread, becoming ""imperfect,"" so she embarks on a mission to the real world in order to find whoever is playing with her to find out what's wrong and cheer her up. Throughout the first half of the movie, Margot Robbie's character of ""Stereotypical Barbie"" is convinced that everyone is going to love her and that as a brand, Barbie has been something that has done nothing but good for the human race and that she will be welcomed with open arms. Unfortunately, this is not the truth. As soon as her and Ken enter the real world, they are harassed, groped, and when Barbie encounters her doll's owner, she berates Barbie"
222,VAA_Doc2_Barbie,VAA_Doc2_Barbie,VAA,Comedy,Positive,Barbie,"There's a moment in Barbie where Ken (Ryan Gosling), having recently learned about patriarchy, tells a businessman who's informed him that they mostly hire women now that they aren't doing patriarchy very well. The man chuckles and assures him that they are, in fact, doing it very well; they've just become better at hiding it. It's a good joke because it's so true; the only problem is that it's also exactly what Barbie is doing. The film takes explicit aim at patriarchy, advertising as entertainment, and IP-mining, but is also set to be the first in a series of toy-based movies from Mattel. At one point, a character comments on the cognitive dissonance required to be a woman in the real world (well, the United States). But there's no awareness from the film that this scene speaks to the film's own cognitive dissonance. It's a story about the evils of a greedy corporation owned and operated by men that simultaneously functions as a real-world (meaning our world) celebration of that corporation and the first step in its plan to conquer another lucrative medium. What makes that cognitive dissonance all the more sinister (and possible) is that Barbie is one of the most glorious motion pictures Hollywood has produced in years. Barbie begins in Barbieland, where the Barbies, Kens, and one Allan (Michael Cera) believe that the many capable, accomplished, and successful Barbie toys fixed all of the real world's problems of sexism. They go about their perfect days led by a Black woman President Barbie (Issa Rae), cared for by a trans woman doctor Barbie (Hari Nef), and generally living perfect lives where all people are accepted and loved. It's a joke that works because it's poking fun at the rampant hollow representation in current media, albeit without ever actually addressing Blackness or transness. It's also a perfect example of a film having its cake and eating it. The plot is set in motion when Stereotypical Barbie (Margot Robbie) begins to have thoughts of death and learns that she must go on a quest to the real world to help the girl playing with her. That girl's sad thoughts and feelings are bleeding into Barbie's life, giving Barbie an existential crisis and, even worse, flat feet. When Barbie and Ken make it to the real world, there are surprisingly explicit jokes about the violence of men's gazes, the toys' lack of genitals, and Barbie's legacy as a sexist ideal of womanhood. But all of that edginess about sexism, representation, and consumerism begins to fade as the film continues. Its multiple targets are narrowed to sexism and the difficulties of being a woman without considering race, class, sexuality, or any other aspects of identity that might impact how women exist in the real world. The jokes about the surreptitiousness of patriarchy's function give way to undeniably hilarious but far less cutting jokes about men's egos and stereotypical interests. And by the end, the film feels like a prime example of consumer"
223,VAA_Doc3_Barbie,VAA_Doc3_Barbie,VAA,Comedy,Positive,Barbie,"Be still my heart: droll, gorgeously retro, and frequently hilarious, Greta Gerwig's Barbie is exactly the movie that I hoped it would be. With all its hyper-femme, world-domination-style marketing not to mention its star Margot Robbie's press tour, featuring jaw-dropping designer getups that directly copycat original Barbie looks throughout history one could be forgiven for raising an eyebrow at this pinkwashing of the summer movie landscape. But I'm here to report back: Barbie has brains within its beauty, remaining a movie by and for the girly-girls, allowing us a fuchsia blast of prettified joy, and maintaining the feminist credentials to enjoy all the frippery guilt-free. In other words: Barbie fights the patriarchy in high heels, and it's glorious. In the pastel artificiality of Barbieland, replete with dream-houses and blue-skied beaches, Margot Robbie is Stereotypical Barbie. She is perfect, blonde, ridiculously pretty, and endlessly having the Best Day Ever with her girlfriends and Ken, played by an irrepressibly funny Ryan Gosling as her desperate tag-along boyfriend. Her world is populated by every Barbie and Ken ever manufactured, from Doctor Barbie to President Barbie to Pregnant Barbie (Midge, discontinued, thanks), all lovingly recreated by Gerwig and her team. But suddenly, Barbie starts to have strange, unnervingly human things happen to her: morning breath, flat feet, cellulite, and thoughts of her own mortality. She soon learns that she's unwillingly merging with her real-life woman creator, and must find that unhappy soul (America Ferrera) in the ""Real World"" to fix the problem. Unfortunately, Ken also visits the ""Real World"" and gets some ideas about how men rule everything, returning back to Barbieland armed with the idea that it will be Ken, not Barbie, who gets to be the main character. In one of my favourite sequences in the film, the Barbies pretend to humour the Kens by acting like they've never seen The Godfather or encouraging them to play Matchbox Twenty on guitar for them. Barbie is a camp, wacky, unmitigated delight, from full-on musical sequences to jokes about Barbie's lack of genitals, to Ken, a himbo par excellence, learning ""masculinity"" from a montage heavily featuring the work of Sylvester Stallone. And its two lead performances are by turns adorably earnest (Robbie) and uproariously wink-and-nod (Gosling, who is having so much fun flexing his biceps and singing to camera here that it's impossible not to love him): these are two bonafide Movie Stars at work. Visually, perhaps, Barbie looks like a few things we've seen before: director Greta Gerwig has spoken before about the cinematic influences on the heightened artificiality and pastels of the film, and she pays saccharine-sweet homage to everything from Singin' in the Rain's dream dance sequences to the candy coloured swirl of Jacques Demy musicals of the 60s. And yet: I have never seen anything quite like Barbie. It blazes its way into a strange and bold future where adapting a film from a corporate toy franchise doesn't immediately feel ugly and anti-art: instead it is vibrant, tongue-in-cheek, and warm-hearted."
224,VAA_Doc4_Barbie,VAA_Doc4_Barbie,VAA,Comedy,Positive,Barbie,"Whatever you are expecting Barbie to be, I can promise that the film will subvert your expectations. I thought I had a rather good idea of what Greta Gerwig and Noah Baumbach would do with this iconic character and the duo managed to surprise me with their script. This film has so much going on from the word go and does not let up until the end credits roll. In all honesty, when I was walking out of the theater with this giant smile on my face, I wondered how I would put my feelings about Barbie into words. For you, dear reader, I am going to do my best to try. Barbie sees the title character (Margot Robbie) suffering an existential crisis out of nowhere. She begins questioning her existence and place in the world. To figure out just who she is, she reluctantly leaves the utopia that is Barbie Land and journeys to the real world with Ken (Ryan Gosling). First and foremost, kudos to this incredible cast. From top to bottom, everyone plays their specific roles wonderfully. The actors playing the Barbies and Kens very much resemble what you would expect their doll counterparts to me. As far as characters in Barbie Land go though, I must admit that outside of Robbie's Barbie and Gosling's Ken, the character that I adored most was not a Barbie or a Ken. That honor goes to Michael Cera's Allan. Talk about a sentence that I never expected to type, but Cera is just an awkward delight in Barbie. I will say that Kate McKinnon as Weird Barbie is also a standout and I do not think she has had this much fun outside of her time on Saturday Night Live. When it comes to our main Barbie and Ken, Ryan Gosling is going to get a lot of love and attention for his performance and rightfully so. He brings so much passion and wonder to this role. His Ken is an unpredictable doofus, which in all honesty is what Ken has always been to me. However, what happens when we start to peel back that layer a little bit? It gets pretty interesting to say the least and Gosling is constantly on his game and making you laugh. Margot Robbie's Barbie is such an interesting and complex depiction of the character. Much like she was able to do with Jo March in Little Women (2019), Greta Gerwig, along with her partner and script co-writer Noah Baumbach, gives us the Barbie we expect and then adds new layers to her. This narrative really dives into who Barbie is, what she represents, and the impact that this doll has had on the world throughout her existence. Through the character of Barbie, we also get a coming-of-age tale, which Gerwig is just so blasted good at writing. Barbie experiences so much in this film, especially when it comes to womanhood, and Robbie just brings everything to life so well. She has just as"
225,VAA_Doc5_Barbie,VAA_Doc5_Barbie,VAA,Comedy,Positive,Barbie,"Barbenheimer. Oppenbarbie. Whatever your preferred portmanteau, the cinema event of the year nay, the decade, or dare we say the 21st century so far occurred this month with the simultaneous release of Warner Bros.'s Barbie and Universal's Oppenheimer. What began as a savvy case of counterprogramming or a vengeful one, if Hollywood rumormongers are to be believed (there's even a Wikipedia entry on the whole sorry saga) emerged instead over the course of a year as a marketing bonanza. Rather than pitting Greta Gerwig's bubble-gum feminist anthem against Christopher Nolan's austere biopic on the father of the atomic bomb, moviegoers embraced them both, going so far as to pledge to see them on the same day. With the National Association of Theatre Owners saying some 200,000 moviegoers bought tickets for the unlikely double feature, and a raging debate around which order to view them in, the momentum around the internet meme propelled the films to box-office records. I wasn't one of them. Don't get me wrong I love this phenomenon, and delight at the collective engagement with my favorite pastime, especially at a moment when the movie industry is at an inflection point with the ongoing writers and actors guild strikes. But choices were made that I don't regret, including to see Oppenheimer at one of its few Imax 70mm showings, which by the time I got my act together were already sold out on opening weekend I actually haven't seen Oppenheimer yet as of this writing. I expect to be reflective after Oppenheimer, and I expected to be reflective after Barbie too though not quite as much as I ended up. I left the theater feeling rather raw, to be honest, and am glad I didn't dilute the experience of either by seeing them together. In an early montage in co-writer-director Greta Gerwig's bubblegum feminist manifesto Barbie, viewers take a tour through Barbieland, where all the jobs are done by Barbies: doctors and lawyers, astronauts and physicists, postal carriers and construction workers, the President and the Supreme Court. (As for the Kens well, their job is ""Beach."") In this feminine utopia, Barbie can be anything, and ""all the problems of feminism and equal rights have been solved."" So we get feminist gems like freedom of the press but not freedom of speech for corporations. Award winners who say, ""I work very hard, so I deserve it,"" instead of ""Thank you."" And lawyers who explain, ""I have no difficulty holding both logic and emotion at the same time, and it does not diminish my powers it expands them."" Likewise, Barbie holds both the idealistic aspirations of the iconic fashion doll and her harshest criticisms at the same time. Barbie is meant to be, in part, a model for girls with her own money, her own house, her own car, her own career and an inspiration for those who play with her that they can be anything they want. But Barbie too promotes an unrealistic body image, rampant consumerism, and environmental"
226,VAA_Doc6_Barbie,VAA_Doc6_Barbie,VAA,Comedy,Negative,Barbie,"Of all the major toys of the last several decades, you would think Barbie would've been one that would've gotten a live-action movie a lot sooner than it did, especially with her creation having come over 60 years ago. However, the idea has finally come to pass, bringing with it some remarkably unexpected talent in the form of three-time Oscar nominee Greta Gerwig as director/co-writer, as well as three-time Oscar nominee Noah Baumbach as her fellow co-writer. It's certainly a tall order to deliver a movie based on a toy doll that will appeal to viewers of all ages, one that any filmmaker would find daunting, but these two have put their heads together and given it their best shot, and the result is a curious one, to say the least. The film opens in ""Barbieland,"" where we find Stereotypical Barbie (Margot Robbie) living her normal, everyday life among all the various types of Barbies and Kens. Her particular Ken (Ryan Gosling) is trying to get her attention as always, but never seems to get very far, with Barbie preferring to spend time with the other Barbies. One day, Barbie finds herself occupied with thoughts of death, on top of having flat feet and cellulite, causing her to visit ""Weird"" Barbie (Kate McKinnon), a deformed outcast who was played too hard with in the real world. She informs Barbie that she must visit this real world in order to find who's playing with her and to fix her problems. She sets off to do so, unexpectedly joined by Ken, starting them on a journey that will change everything. As mentioned, trying to make a live-action Barbie movie presents a number of challenges for any filmmaker, with perhaps the most primary of those being the simple question: What does that world even look like? Well, as an answer, Gerwig and co. dove into decades of material to give Barbieland the very plastic-looking aesthetic that you'd expect from a world of dolls, complete with dream homes (all in pink, naturally), various iterations of both Barbie and Ken, and, of course, a multitude of flashy outfits. The production design may seem a tad gaudy and over-the-top, but would you expect anything less for a project as peculiar as this? Another one of those challenges comes in the portrayal of the leads, an intriguing challenge that both Margot Robbie and Ryan Gosling (both multiple Oscar nominees as well) were up to. Robbie and Gosling give their respective dolls just the right touch of naivete, which transforms as their characters go along on their journey, a journey that does indeed cause some big changes within both of them. Leave it to talented actors like this to breathe life into characters that most know simply as emotionless, inanimate toys. The look and the performances are one thing, but what ends up being the single biggest challenge of all is how to put it all together into a compelling storyline that will entertain and delight audiences, without"
227,VAA_Doc7_Barbie,VAA_Doc7_Barbie,VAA,Comedy,Negative,Barbie,"The live-action Barbie film finally arrives after around 14 years of starts and stops. Sony and Universal were both attached at different points, before Warner Bros. came on board and got things moving with Margot Robbie set to star and produce. (Amy Schumer and Anne Hathaway had previously circled the role.) The rocky development makes sense, really. The Barbie brand has long courted controversy, from body image concerns to gender stereotypes, and toy giant Mattel involved through its Mattel Films division is no stranger to the discourse. And here we are. Barbie is directed and co-written by Greta Gerwig, known for her acclaimed films Little Women and Lady Bird (still a big fan of that one). It's a film that aims to appeal to Barbie fans young and old, deliver a broad comedy that taps into the cultural zeitgeist, acknowledge the brand's messy history, and offer an empowering feminist message for today. Does it manage to balance all of that? For me, not quite. Before I'm written off entirely, let me be clear: I did enjoy aspects of Barbie. I didn't hate it. So, let's begin with what I thought worked. Casting Robbie in the lead now feels like an obvious decision. Naturally, she looks the part, but more importantly, she delivers a performance that works for the character: a ""Stereotypical Barbie"" who spirals into existential crisis. That said, it's Ryan Gosling who walks away with the film. As Ken, he's completely committed, leaning into the character's clueless charm and misguided masculinity. He delivers most of the film's biggest laughs. Barbieland is a treat to look at. The vibrant production and art design are spot-on, bringing Barbie's world to life in all its bright, plastic glory. Even as someone who isn't overly familiar with Barbie lore and the brand's insane range of products, I enjoyed spotting the little nods to the toy line. The film's opening section is particularly fun, playing with Barbie tropes and how a child's imagination manifests in a world like this. There's no water in the shower, no liquid in her drink the logic of Barbieland is delightfully skewed. Life in plastic. Now for what didn't quite land. The film tries to do too much at once. Its focus on delivering a message critiquing patriarchy, reflecting on the female experience, and poking fun at male-dominated systems (sorry, Kens) often overshadows everything else. Messaging in a film isn't a problem. But here, it's so on-the-nose that it ends up stalling the story. Gerwig's screenplay, co-written with Noah Baumbach (Marriage Story, The Squid and the Whale), rarely goes for subtlety. When Ken visits the real world and almost instantly embraces the stereotypical aspects of patriarchal thinking, it starts off feeling like a sly joke aimed at internet discourse. Instead, it becomes a dominant thread, handled with such intensity that it veers into preachiness. The passion here is clear, but when characters stop the action to deliver monologues, the tone and humour get sidelined. The meta humour and self-awareness"
228,VAA_Doc8_Barbie,VAA_Doc8_Barbie,VAA,Comedy,Negative,Barbie,"Barbie, a film made by intelligent people, has a clever idea about how to use the plastic world of Barbie dolls to argue that misogynistic patriarchy is an absurdity that crumbles under logic. This argument is successfully made in the opening couple of scenes and then repeated for the remainder of the film's 114 minutes. There is really just one joke, varied slightly throughout. Some of those variations are funny Ken's confusion over the masculine place of horses in the world outside the matriarchal Barbieland, the way women must endure the mansplaining of The Godfather but even the good gags are buried by the drumbeat of repetition. The film is the phenomenon of the summer of 2023, which frankly needed a good phenomenon, and as such things go, I'm fine with it. It assumes its audience is smart (but still in need of the occasional lecture), it's on the right side of history, it will almost certainly build a better-informed citizenry. People are apparently seeing it more than once, maybe for the feeling of being part of a happening, maybe for the arch songs and garish colors and inside jokes about Barbie lore. I can't imagine seeing it a second time, because everything is right there on the surface (except for the Mattel Easter eggs, I guess), easy to grasp and easy enough to enjoy. And that's it. Yes, Ryan Gosling's Ken has many throwaway pouts to savor, but beyond that there isn't much to get. Take Allan, a sidekick doll to Ken, played by Michael Cera. In the film's pre-release publicity, the photographs of Cera hilariously decked out in loud and sexually ambiguous beachwear suggested a high point in the movie itself, especially with this inventive actor. But then you watch Barbie, and there's Allan and his beachwear, and although he pops up a handful of times in the action (as though somebody realized we've got to get Allan involved somewhere, which I guess is very Allan), that's the extent of it. This is moviemaking, circa 2023, and the movie's success suggests there is no fighting it. Believe me, I am aware of my wet-blanketness when I ask if this is really all there is to Barbie, especially when there are Tik Tok commentators who are so much more upbeat about the movie, and about every movie, apparently. Anyway. I have found Greta Gerwig's work as a director to contain legitimately wonderful things, and will make just a couple of observations here about directing style before standing aside and allowing the zeitgeist to roll over me. Gerwig's method of composing (the film is shot by Rodrigo Prieto) has a few notable strategies; for instance, proscenium-like compositions that approximate looking at a toy diorama such as Barbie's Dreamhouse, thus placing the film in the unlikely tradition of Jerry Lewis's The Ladies Man and Jean-Luc Godard's Tout va bien. In Barbie, this visual style extends beyond the depiction of these cut-away sets; so, for instance, the scenes in which Margot Robbie's"
229,VAA_Doc9_Barbie,VAA_Doc9_Barbie,VAA,Comedy,Negative,Barbie,"I'm a Barbie girl. I grew up playing with them, a bit longer than was acceptable, like director of the big screen imagining, Greta Gerwig, and for the most part found it an enriching and empowering experience. Barbie taught me I could be anything, and though I didn't realise it at the time, or until very recently, to be honest, that meant being a child-free, independent woman. This ethos is very much at the centre of Barbie, or at least Barbieland, the fantastical matriarchal society in which it's girls night every night and Kens are superfluous, preening themselves on the beach trying to get noticed by Barbie (Margot Robbie), Barbie (Issa Rae), Barbie (Hari Nef) and lots of other Barbies as they go about their blissful lives where ""all problems of feminism gender inequality have been fixed."" If Barbie were made fifteen or even ten years ago I would have eaten it up like a perfectly toasted waffle with a dollop of cream. Instead, being feministsplained about the patriarchy and gender inequality every five minutes soured me to Barbie like a burnt, curdled morning meal to start a day of existential dread. The basis of a good, even great, movie is there: the attention to detail in Barbieland is stunning, Barbie swatting Ken away like an annoying fly is perfection, and much of the gender commentary works. But when we have Barbie's objectification explained to us, not like every majority-female moviegoer watching this hasn't palpably felt what it's like to be ogled in public makes the audience feel as stupid as people think Barbie is, despite her missives on gender relations and geopolitics. Barbie could have benefitted from a few more rounds of workshopping. More to the point, it feels like Mattel's red pen edits were left on the final copy of the script, with Barbie's first tear feeling ""achy, but good"" again, not like we all haven't cried before, indeed, some watching this very movie! as she tells us instead of letting Robbie's acting speak for itself. Either way, it's clear that the man who wrote Marriage Story, the echoes of which reverberate through Barbieland, also wrote Barbie. Because, ultimately and unfortunately, Barbie is a movie about Ken. Even Allan gets a more fleshed out journey than every Barbie apart from Robbie's and, indeed, his female counterpart, Midge. (Let's talk about Michael Cera's scene-stealing performance...) If the roles were flipped like they are in Barbieland, I would have no criticism of a story about a man ultimately being about women, like Fleishman is in Trouble or the recent trend in crime novels that center on the people left behind, and in a way you could say Barbie is a meta flip on that, but ultimately I don't think it's that deep. A smarter movie could have been, but alas. Instead we get at least half if not more of the movie devoted to Ken's emancipation from Barbie, being red pilled in the real world and bringing his newfound knowledge"
230,VAA_Doc10_Barbie,VAA_Doc10_Barbie,VAA,Comedy,Negative,Barbie,"Barbie did not begin as a doll but as a kind of page-filler. In the summer of 1952, the German publisher Axel Springer was poised to print a new newspaper a conservative tabloid based on the British gossip rags angling to compete with the great new medium of the age: television. But just as the first edition hit the presses, Springer and his staff faced a problem. Amid the pasting of pictures and inverted pyramids, the editors had ignored a narrow chasm on the broadsheet that was too small for a photo, but too large to leave blank. Springer needed something to fill the space, so he turned, at the last minute, to a cartoonist acquaintance. What he got was ""Lilli"" a thin, blonde, and slightly austere woman who looked like a caricature of Marlene Dietrich. Lilli, in the original sketch, was visiting a psychic. The caption read: ""Do you know the address of a tall, beautiful, rich man?"" Lilli was supposed to be a one-off, but she attracted a fan base nearly overnight. Readers wrote in about the svelte babe en masse. Springer and his staff decided to keep her on, and in two years, Lilli was omnipresent on merchandise from postcards to champagne bottles to novelty perfume. She soon gained a third dimension and became a doll. The gag gift was mostly intended for men; a car ornament model made her the mid-century equivalent of truck nuts. But Lilli was also the paper's public face; it was its most effective ad. Interest spread across Europe. In Switzerland, an American toy maker named Ruth Handler was on vacation and spotted a Lilli doll in a small shop. Handler had been angling for an adult-shaped doll in the United States, and here was a figurine already fully formed. She tasked a deputy named Jack Ryan a former Raytheon missile designer who moonlighted briefly as Zsa Zsa Gabor's sixth husband with sending a Lilli to a toy company in postwar Japan as the model for a similar product. The Stateside replica debuted in 1959 under a new name: Barbie. Handler's company, Mattel, had more resources than Lilli's manufacturer and better marketing; the doll soon eclipsed her continental predecessor and lodged so firmly in the American psyche that she seemed a symbol of the country itself. Barbie had begun as a literal blank, and Mattel tried to maintain that blankness. Barbie had no age, no kids, no qualities anyone might mistake for a flaw. She gained some personal details: Her full name was Barbara Millicent Roberts. She was a teen model. She had a boyfriend named Ken Carson; sisters named Skipper, Stacie, and Kelly; and friends named Midge, Christie, and Teresa. When Barbie was licensed to a set of serial children's books, readers learned that she went to high school in a small town called Willows. But soon details about Barbie's specific biographical backstory seemed to disappear. In the 1980s, Mattel introduced numerous races, ethnicities, hairstyles, and builds not as secondary characters"
231,VXQ_Doc1_It_Chapter_Two,VXQ_Doc1_It_Chapter_Two,VXQ,Horror,Positive,It_Chapter_Two,"Multiple wow moments permeate the landscape of It Chapter Two like so many ominous red balloons floating across a New England summer sky. Some will make you say wow for the sheer daring of their surrealism and the startlingly graphic nature of their execution. Others will make you say wow because they really do not work. Either way, director Andy Muschietti has absolutely gone for it with the sequel to his 2017 smash Stephen King adaptation, taking big swings and displaying both a muscularity and an elegance to his craft. And given that his film stretches nearly three hours, he gets more than ample opportunity to show off all those tools. It Chapter Two can be a sprawling, unwieldy mess overlong, overstuffed and full of frustrating detours but its casting is so spot-on, its actors have such great chemistry and its monster effects are so deliriously ghoulish that the film keeps you hooked. You will not check out entirely, but you will check your watch several times. In adapting the second part of King's nearly 1,200-page tome, returning writer Gary Dauberman is in a tricky spot: What to keep? What to cut? He does a bit of both while also incorporating moments from the first film as well as new scenes featuring the characters as kids to fill in some gaps. As in the original, It Chapter Two works best when the members of the self-proclaimed Losers Club are bouncing off each other, their banter infused with a sparkling mix of hormones, humor, insecurity and camaraderie. Unfortunately, Muschietti and Dauberman spend a lot of their time keeping their perfectly picked actors apart on individual adventures, which drags out the drama and slows down the momentum. Just as the ending of the first film foreshadowed, though, the kids who escaped the villainous grasp of the evil clown Pennywise during the summer of 1989 have found themselves back in Derry, Maine right on cue, 27 years later, to fight him again. Perhaps the best scene in the whole film is the one in which they all reconnect for the first time over a boisterous, boozy dinner at a Chinese restaurant. They spin the lazy Susan, down shots of liquor, tease each other mercilessly and find it is as if no time at all has passed. It Chapter Two is at its strongest when it explores the lure of nostalgia, not merely through pop culture references like The Lost Boys and Cameo's Word Up, but also in the cosmic way it can yank you right back to being the person you were long ago. Pennywise, however, has stayed the same all this time, and Bill Skarsgard's deeply creepy presence is sorely missed when he is off screen. With a performance that is as physical as it is verbal, he consistently manages to find that sweet spot between being terrifying and hilarious. He has created an iconic horror villain for the ages. The production design across the board is exceptional. Derry, Maine looks exactly"
232,VXQ_Doc2_It_Chapter_Two,VXQ_Doc2_It_Chapter_Two,VXQ,Horror,Positive,It_Chapter_Two,"Maybe there are no such things as good friends or bad friends. Maybe there are just friends, people who stand by you when you are hurt and who help you feel not so lonely, people who build their houses in your heart. If there is one thing It Chapter Two understands, it is this. Not just the words King wrote, but the beating heart behind them. It Chapter Two, a lengthy, messy, not always successful sequel, is one of those rare Stephen King adaptations that acknowledges that there is more to King's work than things that go bump in the night. There is humanity. King's tome of terror was so lengthy that the story was split into two distinct parts. The 2017 film focused on the pre-teen members of the Losers Club, a group of outcasts in the 1980s banding together to fight the ultimate evil: a supernatural shape-shifting force that tends to prefer the appearance of a circus clown named Pennywise. Jump ahead 27 years. All but one of the Losers has left town, and as a result, forgotten all about their childhood traumas. But sure enough, Pennywise returns, making his presence known and urging the Losers to come on home. Now in adulthood, the Losers are, for the most part, prosperous. Bill Denbrough, played by James McAvoy, has grown up to be a successful novelist. Beverly Marsh, now played by Jessica Chastain, is a successful fashion designer stuck in an abusive relationship. Ben Hanscom, played by Jay Ryan, is a wealthy architect. Richie, played by Bill Hader, has become a hot-shot stand-up comic. And Eddie Kaspbrak, played by James Ransone, is now a risk analyst. Once the Losers are back together and back on track, It Chapter Two picks up steam. Muschietti and company have adopted a go big or go home approach to this material, conjuring up a huge horror extravaganza. The climax dips into full-blown cosmic horror in ways that most studio flicks tend to avoid. Not only is Chapter Two not afraid to get weird, it is also unapologetically nasty, delivering several graphic blood-drenched set-pieces that have the power to shock. Bill Hader walks away with the entire film. His performance as the adult Richie is a masterclass in blending sharp comedy with heartfelt vulnerability. The emotional weight he brings to Richie's secret gives the character a depth that elevates the entire movie. James McAvoy is also excellent as Bill, carrying the guilt of his brother's death with quiet intensity. Jessica Chastain brings fierce intelligence and buried pain to Beverly's journey. The film's visual language is consistently striking. The production design is impeccable, with Derry itself feeling like a character, a town rotting from the inside out, beautiful on the surface but poisoned at its core. It Chapter Two may never quite live up to its built-in hype, but it delivers on King's message and that is something worth celebrating."
233,VXQ_Doc3_It_Chapter_Two,VXQ_Doc3_It_Chapter_Two,VXQ,Horror,Positive,It_Chapter_Two,"At two hours and 49 minutes, ""It Chapter Two"" is among the longest Hollywood horror movies in history. (Ari Aster's director's cut of ""Midsommar"" is two minutes longer.) The length is both a setback and asset, as it allows plenty of time for the characters to come to life. It is a requirement to have seen 2017's ""It"" before venturing into this one, though intimate knowledge of Stephen King's 1986 novel or the 1990 TV movie might make a passable substitute. ""It"" focused on seven main characters as kids, dealing with the threat of Pennywise the Dancing Clown (Bill Skarsgard) during a scary summertime adventure in Derry, Maine in 1989. Pennywise is said to reappear every 27 years; at the end of ""It,"" the middle-schoolers make a pact that they will return, should the terror rise again. It does. Mike (Isaiah Mustafa), the only one who remained in Derry, calls the others, one by one, and they answer. Bill (James McAvoy) is a screenwriter in Hollywood, Bev (Jessica Chastain) is in an abusive relationship, Richie (Bill Hader) is a stand-up comedian, Eddie (James Ransone) is a risk-assessment insurance guy, and Ben (Jay Ryan) lost his adolescent weight to become a chiseled architect. Stanley (Andy Bean) is a no-show. Besides its length, the movie's other flaw is that it doesn't immediately draw a clear line between the kid and adult versions of the characters. It takes awhile to nail down who's who, even though Richie and Eddie are obvious, due to spot-on casting, and Bev is the only female. The issue could be solved with a few well-placed flashbacks. McAvoy, even though he's a terrific actor, doesn't quite seem like Jaeden Martell's Bill from the first movie; the equally terrific Chastain doesn't quite capture Sophia Lillis' playfully puckish Bev. After an alcohol-aided reunion at a Chinese restaurant, the plot requires each character to find a token, a personal object that ties to the summer 27 years ago, to perform a ritual. These searches, shown one at a time, each with a flashback and scary Pennywise encounter, take up a large middle section. The showdown also occupies a huge amount of celluloid real estate, though, of course, the less said, the better. ""It,"" only 135 minutes, kept its characters mostly together, concentrating on truly affecting scares. After all, the movie wasn't simply about ghosts or monsters, but things that haunt the deepest, darkest corners in all humans. ""It Chapter Two"" is less scary; like early ""Evil Dead"" films and other 1980s horrors, its crazy creatures inspire surprised laughter more than terror. Much like the horrifying carotid angiography sequence that peaked ""The Exorcist,"" the most frightening moments here stem from real cruelties  hate crimes, spousal abuse and suicide  rather than supernatural forces. Weirdly, the movie is also funny, with belly laughs coming from Hader's loony one-liners and hilariously bratty bickering with Ransone. Mostly, ""It Chapter Two"" is committed to bringing the characters together again as a messed-up family. After their long"
234,VXQ_Doc4_It_Chapter_Two,VXQ_Doc4_It_Chapter_Two,VXQ,Horror,Positive,It_Chapter_Two,"At 169 minutes, It Chapter Two sets a record for the longest theatrically released mainstream English language horror movie. With seven key human characters, grown-up versions of the Losers Club, facing individual horror sequences before uniting in a final battle, It Chapter Two aspires to be the Avengers Endgame of horror. It is an enormously ambitious undertaking, and while it does not entirely succeed, the ambition itself is worth admiring. The film also aspires to be the definitive cinematic adaptation of Stephen King's beloved novel. All the forms of Pennywise, blending Bill Skarsgard's bucktoothed grin with special effects, are at once awe-inspiring and terrifying. Skarsgard has created one of the most memorable horror villains in recent memory, a creature that manages to be simultaneously funny, pathetic, and absolutely terrifying. The main hook for Chapter Two is an ugly incident of homophobic violence at a funfair in Derry, Maine, which summons Pennywise from a twenty-seven-year slumber. Librarian Mike Hanlon, played by Isaiah Mustafa, who has stayed in town while his friends have left, calls up the rest of the Club. Bill Denbrough, played by James McAvoy, is a best-selling horror writer who has trouble with endings. Beverly Marsh, played by Jessica Chastain, lives in a mansion but has a husband as abusive as her dead father was. Richie Tozier, played by Bill Hader, is a bitter stand-up comedian. Ben Hanscom, played by Jay Ryan, is a buff architect. Bill Hader is the film's secret weapon, delivering a performance that is equal parts hilarious and heartbreaking. His Richie Tozier uses humor as armor, deflecting with jokes whenever the emotional weight of the situation threatens to overwhelm him. But Hader also allows us to see the cracks in that armor, the moments when the fear and grief seep through. It is the kind of performance that elevates the entire film around it. The second film in Andy Muschietti's diptych adaptation deserves credit for attempting something genuinely difficult: bringing to a satisfying close a story of childhood trauma, adult reckoning, and supernatural evil. The film does not always succeed, but it reaches for something meaningful and often grasps it. The final act, in which the Losers unite to face Pennywise one last time, is emotionally resonant in ways that purely efficient horror filmmaking rarely achieves. There is genuine pathos in watching these characters say goodbye, not just to each other, but to the children they once were. It Chapter Two is a flawed but frequently brilliant piece of mainstream horror filmmaking, a film that takes its source material seriously and treats its audience with genuine respect."
235,VXQ_Doc5_It_Chapter_Two,VXQ_Doc5_It_Chapter_Two,VXQ,Horror,Positive,It_Chapter_Two,"Horror sequels are often disappointing, but It Chapter Two is a bit of an easy win. It is not a cash grab, at least not in the most cynical sense. The writer and the director are the same, and it is a continued Stephen King adaptation that follows up one of the most successful horror movies of all time, both financially and critically. Overall, the second installment is recommended in more reviews than not. Thanks to great casting, a lot of heart, and more big scares, the movie floats above most other horror sequels. The casting of the adult Losers was always going to be the film's most crucial element, and director Andy Muschietti and casting director Rich Delia absolutely nailed it. James McAvoy embodies Bill Denbrough's guilt and determination with nuanced understatement. Jessica Chastain brings fierce intelligence to Beverly Marsh. Bill Hader delivers what may be the performance of his career as Richie Tozier, somehow managing to be hilarious and devastating in equal measure. Isaiah Mustafa anchors the narrative as Mike Hanlon, the only Loser who remained in Derry, carrying the weight of the group's mission with quiet determination. Jay Ryan surprised many viewers as the adult Ben Hanscom, bringing unexpected warmth and romantic sincerity to the character. James Ransone's Eddie Kaspbrak is a delightful continuation of Jack Dylan Grazer's child performance, neurotic and funny and ultimately brave in ways that sneak up on you. Bill Skarsgard's Pennywise remains one of the most terrifying villain performances in modern horror. The physical transformation Skarsgard undergoes for the role creates an image that lodges itself in the viewer's subconscious and refuses to leave. The film is at its best in its ensemble scenes. The Chinese restaurant sequence in which the Losers reunite for the first time as adults is a masterclass in character writing and ensemble performance. The group's chemistry is electric, their humor is pitch-perfect, and their dynamic captures the particular emotional texture of reuniting with childhood friends after decades apart. There is enough here that works for horror fans to make it an entertaining and worthwhile sequel experience. If you are a horror fan, this is one of the biggest titles there is, period. It is not only big, it is good. The scares are real, the story is compelling, and there are plenty of laughs. The film's themes of childhood trauma, the difficulty of leaving the past behind, and the redemptive power of friendship are handled with more sophistication than you might expect from a mainstream horror blockbuster."
236,VXQ_Doc6_It_Chapter_Two,VXQ_Doc6_It_Chapter_Two,VXQ,Horror,Negative,It_Chapter_Two,"You said you liked the ending, bemoans the writer Bill Denbrough to a Hollywood director working on an adaptation of one of his novels. Yes, that was a lie, the director says matter-of-factly. Denbrough, like the writer he represents, struggles with endings in a very meta way in the highly anticipated sequel It Chapter Two. Chapter Two is like a lot of sequels, even more of the same, with its blend of 1980s-style adventure and horror that made the 2017 film such a big hit. But every time that Chapter Two dredges up the running gag about how Bill cannot figure out a good ending, it serves as an unnecessary reminder that this whole film feels like an exercise in diminishing returns. It Chapter Two is not without its charms, of course. Bill Hader is an inspired choice to play Richie, precisely because he is very adept at cracking wise when he is terrified. His byplay with James Ransone, playing the adult version of the asthmatic Eddie, is a lot of fun and full of depth. And because she is immensely talented, Jessica Chastain is very enjoyable as the adult Beverly, even as the character herself feels underexplored. Andy Muschietti is able to construct a lot of different haunted-house-style scary moments, even as the characters within those moments often act without any logic driving their decisions. At one point, Richie wisely notes that splitting up the group to go in their separate directions would be a very bad idea, after which everyone essentially shrugs and splits up anyway. And then Richie is proven right, over and over. It Chapter Two does what most sequels are expected to do: it gives you exactly what made the first film special, and then gives you more of it, and more of it, and more of it. And like most sequels, by doing just about the same thing over and over, Chapter Two ends up being a case of diminishing returns. The second act of It Chapter Two is particularly problematic. Each member of the Losers Club goes on a separate solo mission to retrieve a childhood artifact, leading to a series of set-pieces that feel narratively repetitive and dramatically inert. The film separates its best asset, the chemistry between the ensemble cast, and replaces group interaction with a series of solo haunted house encounters. The CGI in It Chapter Two is also a significant step down from the first film's more tactile approach to horror. The practical-effects approach that made certain moments in the first film so viscerally affecting is largely absent here, replaced by elaborate digital spectacle that impresses technically but rarely genuinely frightens. A horror film that fails to be frightening has a fundamental problem, regardless of its other merits. At the end of It Chapter Two, the adult characters have finally captured Pennywise, its powers waning. They gather around the withering clown and taunt it. They call it a clown, and it shrinks and dies. The unsatisfying action climax from"
237,VXQ_Doc7_It_Chapter_Two,VXQ_Doc7_It_Chapter_Two,VXQ,Horror,Negative,It_Chapter_Two,"Why is not It a prestige miniseries for some cable or streaming company? Andy Muschietti's two-part film clearly yearns for that format, not only in its patience-testing length, nearly three hours just for Chapter Two, but in an episodic structure that frustrates those who expect certain kinds of dynamics in drama and suspense. The film puts excellent actors in the parts but winds up feeling much less satisfying. The series grows monotonous and fails to generate an escalating dread. While Muschietti occasionally finds lovely filmic ways to transition from one scene to the next, the stories do not get to resonate with each other in a meaningful or emotional way. The film is essentially seven separate horror stories barely held together by the connective tissue of a reunion narrative. Each member of the Losers Club goes on their own separate adventure, retrieving memories and confronting personal demons, but these adventures rarely speak to each other in dramatically meaningful ways. The emotional payoff of a horror narrative depends on escalating dread, on the sense that each scene brings us closer to a confrontation we both dread and desire. It Chapter Two dissipates that dread by repeatedly defusing tension with humor and by interrupting its most frightening sequences with comic beats that undercut rather than enhance the horror. The adult cast, while uniformly talented, lacks the spontaneous chemistry that made the young Losers so memorable. The young cast of the first film felt like they had genuinely discovered each other and formed a real bond in front of the camera. The adult cast feels more like they are performing the idea of that bond, going through familiar motions without quite capturing the magic that made the original so emotionally resonant. Bill Hader walks away with the film, as virtually every reviewer has noted, but even his scene-stealing performance cannot compensate for the film's structural deficiencies. The film's tone is also a persistent problem. It Chapter Two seems unable to decide whether it wants to be genuinely frightening or broadly comedic, and the constant oscillation between these modes undermines both. The humor feels too present at times, the film's tone wobbles and suffers as a result. The climax of It Chapter Two is also deeply anticlimactic. After nearly three hours of setup, the final confrontation with Pennywise is resolved through a process that feels simultaneously arbitrary and unearned. The monster simply deflates, literally and figuratively, and then it is over. After nearly three hours of build-up, audiences have every right to expect something more satisfying than that."
238,VXQ_Doc8_It_Chapter_Two,VXQ_Doc8_It_Chapter_Two,VXQ,Horror,Negative,It_Chapter_Two,"It Chapter Two both doubles down on the mistakes of the first offering and makes entirely new mistakes. Despite strong acting, superb production values and the good will earned by a major studio spending around 70 million dollars on an R-rated, three-hour horror movie, It Chapter Two is even more disappointing than the first film. The second act essentially gives this film an excuse to replay a truncated version of the first movie, sending each of the seven adult Losers off on their own separate journeys to retrieve childhood memories, resulting in a bloated middle section that tests audience patience without advancing the narrative in any meaningful way. The film is not scary. That is the most damning thing that can be said about a horror movie, and It Chapter Two earns that criticism. You are three-quarters of the way through this 170-minute film, and you realize that although the horror imagery has only accelerated, your heartbeat has been slow and your fists unclenched for a while now. The film is not an abject failure by any means. It has some funny jokes, a couple of really good performances, impressive creature and set design, and pleasing cinematography. But when it comes down to it, It Chapter Two just is not all that scary. The heavy reliance on CGI is a significant factor in the film's failure to frighten. The monster effects in the first film struck a careful balance between practical and digital, creating creatures that felt physically present and therefore genuinely menacing. In Chapter Two, the balance tips decisively toward digital, and the result is a parade of elaborate but weightless CGI creatures that impress technically without actually frightening. Horror works best when it feels real, when you believe on some level that what you are watching could actually happen to you. The hyper-digitized monsters of It Chapter Two consistently remind you that you are watching expensive computer graphics, which fatally undermines the film's ability to generate genuine dread. The 169-minute runtime is simply too long, and there is no getting around it. This 2-hour-49-minute movie drags more than it jumps, wearing out its premise and possibly also your patience as it lumbers toward the final showdown. The first film, at 135 minutes, was able to maintain a propulsive energy that kept audiences engaged throughout. Chapter Two, 34 minutes longer, never finds that rhythm. The film lacks the rawness and ugly oomph of even the 1990 mini-series and does not remotely justify its length."
239,VXQ_Doc9_It_Chapter_Two,VXQ_Doc9_It_Chapter_Two,VXQ,Horror,Negative,It_Chapter_Two,"Maybe the biggest problem with It Chapter Two is that the juxtaposition of horror and comedy is rather jarring. There seem to be far too many jokes to let the movie feel truly scary. Just when you feel suspense or tension, there is another joke that comes up. Horror and comedy are theoretically close relatives, both capable of generating sudden, visceral reactions rooted in the unexpected. But in practice, blending them requires a delicate touch that It Chapter Two simply does not have. The jokes arrive too frequently, too broadly, and at precisely the wrong moments, consistently killing whatever suspense the film has managed to build. The problem starts at the structural level. It Chapter Two has inherited from the first film a tendency to use humor as a pressure-release valve, a way of easing tension when the horror becomes too intense. In controlled doses, this approach can be highly effective. But in Chapter Two, the humor becomes so pervasive that it undermines the film's ability to generate and sustain dread. By the time the film reaches its climactic confrontation with Pennywise, the audience has been conditioned by so many comedic interruptions that it is difficult to take the threat seriously. The film's use of CGI compounds the problem. In an era when digital effects technology can create virtually anything, there is a perverse tendency among studio horror films to let that capability run wild, creating elaborate, hyper-detailed monsters that are more impressive than frightening. It Chapter Two falls into this trap repeatedly. The physical, tactile horror of the first film, which used practical effects to create monsters that felt genuinely present and threatening, is largely absent here. The film's narrative structure is also deeply problematic. The extended second act, in which each member of the Losers Club separately ventures off to retrieve a childhood token, is a structural disaster. These sequences are repetitive, dramatically inert, and serve primarily to separate the film's best asset, its ensemble cast, for extended periods. Each sequence follows essentially the same pattern: a Loser enters a location from their childhood, encounters Pennywise, is nearly killed, and escapes. By the third iteration of this pattern, the audience has already figured out how it ends. The humor also feels misguided because it conflicts with the film's serious thematic ambitions. It Chapter Two wants to be a meaningful exploration of childhood trauma, the persistence of fear, and the redemptive power of friendship. But the constant comedic interruptions make it difficult to take these themes seriously. You cannot simultaneously ask your audience to sit with the weight of childhood abuse and adult trauma while also delivering one-liners and slapstick. The end result leaves you with a feeling of confusion and exhaustion when all is said and done."
240,VXQ_Doc10_It_Chapter_Two,VXQ_Doc10_It_Chapter_Two,VXQ,Horror,Negative,It_Chapter_Two,"Making sequels that outdo the original is nearly impossible. Unfortunately for It Chapter Two, this sequel had to merely settle for being good while always being compared to the greatness that came before. In the five years since its release, the film's reputation has not improved significantly. What initially seemed like a case of impossibly high expectations has come to look more like a genuine failure of execution, a film that had every advantage and squandered too many of them. The film's structural problems are now more apparent with the benefit of hindsight. The decision to send each member of the Losers Club on separate solo missions in the second act reads as a fundamental narrative misjudgment. It separates the ensemble for nearly an hour, depriving the film of its greatest strength, which is the chemistry and dynamic between the group, and replaces it with a series of repetitive haunted-house sequences that follow identical patterns. Each Loser enters a location from their childhood, encounters Pennywise, is nearly killed, and escapes. Repeat six times. The formulaic nature of these sequences becomes apparent quickly, and the film has no way to generate suspense when the audience has already learned to expect the exact same beats. The film's use of comedy has also aged poorly. What in 2019 felt like a charming tonal quirk now feels like a fundamental miscalculation. The jokes arrive too frequently, at precisely the wrong moments, and with too much confidence. The film seems to believe that its audience will find the comedy endearing regardless of context, but horror that is interrupted by comedy stops being frightening. The CGI has aged particularly badly. In 2019, the elaborate digital creatures seemed state-of-the-art. Viewed today, they already look dated, with a weightlessness and artificiality that makes it difficult to understand why they were supposed to be frightening. Effective horror imagery has a timelessness precisely because it is rooted in something physical and primal. It Chapter Two bet heavily on digital spectacle and is paying the price for that bet as the effects age. The film's ending remains its most controversial element. After nearly three hours of build-up, watching a demonic clown shrink into nothingness while a group of adults hurl insults at him is not the cathartic payoff the film promises. It Chapter Two is not a bad film. It contains several excellent performances, most notably Bill Hader's career-best work as Richie Tozier, as well as strong contributions from James McAvoy, Jessica Chastain, and James Ransone. But it is substantially less than it should have been, given the talent involved and the foundation the first film provided."
241,VZG_Doc1_Sherlock_Holmes,VZG_Doc1_Sherlock_Holmes,VZG,Action,Positive,Sherlock_Holmes,"Guy Ritchie's hyperbolic ""Sherlock Holmes"" isn't a movie; it's a franchise. Or, at least, a would-be franchise. Arthur Conan Doyle's material has been grabbed by its velvet collar and thrown into twenty-first-century media culture. Such a turn was inevitable. The subdued charm of Conan Doyle's hansom cabs, enveloping fogs, and courteous manners, in which the facade of gentility is broken up so delightfully by devilish conspiracies, is not of our age. In Ritchie's version, the facade doesn't even exist: his London is rubbled and mucky, with beggars underfoot, and fouled by half-finished industrial monstrosities. Ritchie's visual style, aided by the cinematographer Philippe Rousselot, is graphic-novel Victoriana: there are steampunk interiorsironworks and infernal machines with a retrofuturistic lookand dim laboratories in which everything looks rank. The movie is grimly overproduced and exhausting, an irritating, preposterous, but fitfully enjoyable work, in which every element has been inflated. The task that faces Holmes here isn't merely to solve a murder mystery but to prevent a massacre led by a black-hearted villain who wants to tyrannize England and then take back the American colonies (the bounder!). The plot is perfervid hokum pumped up to justify the movie's portentous look, and, for extra juice, it has squeezed pop elements from martial-arts movies, ""Fight Club,"" and ""The Da Vinci Code."" There are secret rituals, unspeakable practices, symbols, codes, and many, many fights. Holmes (Robert Downey, Jr.), bare-chested, engages in Victorian extreme boxing before a howling arena of Englishmen with bad teeth. Dr. Watson (Jude Law) is a fighter, too, wielding cane and sabre, palm and foot. The two heroes take on a variety of bruisers with karate, jujitsu, and, for all I know, Musti-Yuddha and GongKwon Yusul. Total fighting machines, those Baker Street boys. The excess and the extravagance extend even to Holmes and Watson's quarters, which are so cluttered that you can't pick out a single item in the chaos. But you see the two men clearly enough, and Downey and Law are terrific together. For me, watching them act is the movie's principal pleasure. Holmes, in this interpretation, is an intellectual with a vast knowledge of arcane matters, but he's also a brawler and a prankster, and he's formidably street-smart. Downey, like Johnny Depp, has found a way of remaining hip in the most grossly frivolous and commercial projectsa quick wiggle of the eyes, a half smile, a beat or two of silence, and he conveys that he realizes it's all nonsense. His attitude is: Yes, I know, but why not come along for the ride? The screenwriters, Michael Robert Johnson, Anthony Peckham, and Simon Kinberg, have helped create a bond between Downey and the audience with neat little jokes. Holmes's famous ratiocination is now at the service of a man of action. In slow motion, we see the fighting techniques he plans to use against an opponent (he narrates the blows for us, insisting on the logical rightness of each one); then we see his attack again, in lightning-quick flashes. Challenged by Downey's"
242,VZG_Doc2_Sherlock_Holmes,VZG_Doc2_Sherlock_Holmes,VZG,Action,Positive,Sherlock_Holmes,"The less I thought about Sherlock Holmes, the more I liked ""Sherlock Holmes."" Yet another classic hero has been fed into the f/x mill, emerging as a modern superman. Guy Ritchie's film is filled with sensational sights, over-the-top characters and a desperate struggle atop Tower Bridge, which is still under construction. It's likely to be enjoyed by today's action fans. But block bookings are not likely from the Baker Street Irregulars. One of the comforts of the Arthur Conan Doyle stories is their almost staid adherence to form. Villains and cases come and go up the staircase at 221B Baker Street, but within that refuge, life stays the same: Holmes all-knowing and calm, Watson fretful and frightened, clues orderly, victims distraught, never a problem not seemingly insoluble. Outside is the fabled Victorian London, a city we all know in our imaginations. I think I became an Anglophile on those winter nights when I sat curled up in my dad's big chair, a single lamp creating shadows in the corners of the room, reading the Modern Library edition of the stories while in the basement I heard the comforting sounds of my parents doing the laundry. Every Holmes story is different and each one is the same, just as every day has its own saint but the Mass is eternal. ""Sherlock Holmes"" enacts the strange new rites of hyperkinetic action and impossible CGI, and Holmes and Watson do their best to upgrade themselves. Holmes tosses aside the deerstalker hat and meerschaum calabash, and Watson has decided for once and all to abandon the intimacy of 221B for the hazards of married life. Both of them now seem more than a little gay; it's no longer a case of ""oh, the British all talk like that."" Jude Law even seemed to be wearing lipstick when he promoted the movie on Letterman. Well, Holmes, like Hamlet, has survived countless interpretations. The character has been played memorably by Basil Rathbone, Jeremy Brett, Frank Langella, Peter Cushing, John Barrymore, James D'Arcy, Michael Caine, John Cleese, Peter Cook, Rupert Everett, William Gillette, Stewart Granger, Charlton Heston, Anthony Higgins, Raymond Massey, Roger Moore, John Neville, Leonard Nimoy, Christopher Plummer, Jonathan Pryce, Nicol Williamson  and now Robert Downey Jr., who is not the least of these. Downey's Holmes is at once more dissolute and more fit than previous incarnations. Holmes' canonical devotion to cocaine is here augmented by other drugs and a great deal of booze. Yet Holmes has the body of a lithe athlete, the skills of a gymnast and the pugilism of a world champion. He and Watson (who is, you recall, only a doctor, although one with clients who must be puzzled about his office hours) spring readily into action like Batman and Robin. In a really very good opening sequence, the two burst in upon the fiendish satanist Lord Blackwood (Mark Strong) in the act of committing a dastardly act. Blackwood is sent to the gallows and sealed in his tomb, only to"
243,VZG_Doc3_Sherlock_Holmes,VZG_Doc3_Sherlock_Holmes,VZG,Action,Positive,Sherlock_Holmes,"""Guy Ritchie's ""Sherlock Holmes"" is entertaining in a glossy, mindless way  every corner of it is packed with hyperkinetic life, which is not to say that it's likely to stick in your memory for more than a few hours after you've seen it. The screenplay and story are credited to no fewer than five writers, and that's not even counting Sir Arthur Conan Doyle, who created the characters  and brought them to life with his elegant prose  in the first place. Ritchie seems to think that a detective-and-doctor team who solve crimes by, oh, thinking about them just isn't dynamic enough for the screen, so he turns Sherlock Holmes and Dr. John Watson  played by Robert Downey Jr. and Jude Law  into action heroes: They kick, punch and karate-chop their way through various scenarios in which the cutting is fast, even when the motion is slow, and the computer-generated effects are plentiful. But much as Ritchie and his multiple screenwriters have cranked up, supercharged, and otherwise monkeyed with Doyle's original ideas, it's hard to get too bent out of shape about ""Sherlock Holmes,"" partly because the actors seem to take so much pleasure in the act of giving us a crazy spectacle. The plot darts here, there and everywhere like a hepped-up cocaine fiend: Dr. Watson is engaged to be married to Mary Morstan (Kelly Reilly), a lovely, intelligent young woman who seems to genuinely care for him. Holmes is indifferent about the match: It's clear he feels a bit of jealousy at the idea of losing his dearest friend to marriage, which raises a meek specter of harmless, homoerotic frisson. But it's definitely a mini-frisson, because when Rachel McAdams' Irene Adler (""To Sherlock Holmes she is always the woman,"" writes Watson at the beginning of Doyle's ""Scandal in Bohemia"") drifts back into Holmes' world, he perks up considerably, to the point that he may be unaware of danger afoot. Adler may be involved with a group of black-magic baddies, the baddest of whom, Lord Blackwood, is played by a glowering Mark Strong. The serpentine plot also involves conniving politicians, the skeptical law-enforcement official Inspector Lestrade (Eddie Marsan), and a ""ginger midget."" The story may be squirrelly, but it's at least worked out with some care. Some of the actors get a little lost in Ritchie's manic stew: McAdams, in particular, drops out of the movie's focus periodically, although she does look fetching in an assortment of bustles, picture hats and riding gear. The movie, shot by Philippe Rousselot, has a heavily antiqued, steampunky aura about it and features a suitable number of velvet curtains and dark alleys. And both of the movie's two big stars hold their own surprisingly well in the midst of the movie's clutter. Law has the right amount of fidgety elegance: He plays Watson as a smart-enough fellow who nonetheless remains in awe of his dazzling friend  over and over again, he allows himself to be impressed by Holmes'"
244,VZG_Doc4_Sherlock_Holmes,VZG_Doc4_Sherlock_Holmes,VZG,Action,Positive,Sherlock_Holmes,"There's a mystery at the heart of ""Sherlock Holmes,"" and it's not the one the great master of detection has been called on to solve. It's how a film that has so many good things going for it has turned out to be solid but not spectacular. Solid, of course, is more than many studio films can muster these days, but we expect better when we're dealing with the world's greatest consulting detective, someone who has been played by more than 70 actors in something like 200 films, good enough for inclusion in the Guinness Book of World Records. We also expect more when Robert Downey Jr. is in as fine a form as he is here, bringing an energetic insouciance as well as a raffish air of bohemian disrepute to a man who lives by the motto, ""Data, data, data, I cannot make bricks without clay."" As directed by Guy Ritchie, Downey's take on the dean of 221-B Baker St. is, as the spin on the film has emphasized, considerably more physical than what moviegoers are used to. His Holmes is as much Victorian action hero as master deducer, a buff and muscular lad who likes to indulge in bare-knuckle brawling and fits producer Joel Silver's description of being ""like James Bond in 1891."" It's helpful to add in the brisk style of British filmmaker Ritchie, best-remembered for two of his earlier films, ""Snatch"" and ""Lock, Stock & Two Smoking Barrels."" A director with onscreen energy to burn, Ritchie initially has fun with this story of Holmes versus master criminal Lord Blackwood, a man who dabbles in the black arts, says gnomic things like ""death is only the beginning"" and threatens to end civilization as we know it. On the other hand, though, all this ""new Holmes"" talk is something of a smoke screen. What is problematic about the film is not so much the change in character as the change in the nature of the classic Sherlock Holmes vehicle. This Hollywoodized epic has attempted to do too much, has had to serve too many masters. That has, in turn, given the picture an air of trying too hard, which is the one thing Sherlock Holmes should never have to do. No less than four credited screenwriters had a hand in the Holmes script (story by producer Lionel Wigram and Michael Robert Johnson, script by Johnson and Anthony Peckham and Simon Kinberg) and apparently director Ritchie took a pass as well. With so many writers and so many focuses, it's no surprise the film feels more disjointed than organic. In addition to creating a new persona for Holmes while remaining as faithful as they could to the tradition, a difficult circle to square, this cadre of writers also wanted to give more respect to the character of Holmes' wingman Dr. John Watson (played by Jude Law). As opposed to the bumbler of previous film versions, Watson's been made into a handsome man of action, but he's also been placed"
245,VZG_Doc5_Sherlock_Holmes,VZG_Doc5_Sherlock_Holmes,VZG,Action,Positive,Sherlock_Holmes,"Early in ""Sherlock Holmes""  and also again, later on  the famous sleuth demonstrates his ratiocinative powers in a way undreamed of by his creator, Arthur Conan Doyle. Observing a thug standing guard over a horrible crime in a dimly lighted church, Holmes calculates just how to surprise the man, disarm him and beat him senseless. The audience follows his thought process through slow-motion pre-enactment, observing how the laws of anatomy and physics will be used to snap bones, gouge organs and turn flesh into pulp. Then, having seen it diagramed once on screen, we see it all again, with more noise, in real time. Elementary! Doyle's Holmes, who arrived in Victorian pop culture in 1887 (with the publication of ""A Study in Scarlet""), has adapted since then to changes in taste and entertainment technology. He was a proto-superhero, amenable to all kinds of elaboration and variation, and even a measure of mockery, as long as the basics of the brand were respected. For most of his existence he has lived at 221B Baker Street, smoking a pipe, playing the violin and sticking faithfully to bachelorhood and his belief in the functional elegance of the deerstalker hat. But Holmes has never been much for physical violence, and the chief innovation of this new, franchise-ready incarnation, directed by Guy Ritchie and played by Robert Downey Jr., is that he is, in addition to everything else, a brawling, head-butting, fist-in-the-gut, knee-in-the-groin action hero. A smart one, for sure, and as played by Mr. Downey, with his characteristic twitchy wit and haggard insouciance, he has more intelligence than the movie knows what to do with. (His Holmes has also lost the deerstalker, favoring battered porkpie- or bowlerlike headwear, perhaps in homage to Charlie Chaplin, another character Mr. Downey has played.) Of course intelligence has never ranked high among either Mr. Ritchie's interests or his attributes as a filmmaker. His primary desire, most successfully realized early in his directing career, in ""Lock, Stock and Two Smoking Barrels"" and ""Snatch,"" has always been to be cool: to make cool movies about cool guys with cool stuff. Yes, ""Sherlock Holmes"" is kind of cool. But that's not really a compliment. Still, it's Christmas, and the teenage boys in the house have fructose in their bloodstreams and time on their hands, so let's call it half a compliment. There are worse things than loutish, laddish cool, and as a series of poses and stunts, ""Sherlock Holmes"" is intermittently diverting. The visual style  a smoky, greasy, steam-punk rendering of Victorian London, full of soot and guts and bad teeth and period clothes  shows some undeniable flair. And so do the kinetic chases and scrapes that lead us through the city, as Holmes and his pal Watson (Jude Law) scramble to unravel a conspiracy so diabolical that it fails to be interesting. Best of all is the banter between Mr. Downey and Mr. Law, who is looser and more mischievous than he's allowed himself to be"
246,VZG_Doc6_Sherlock_Holmes,VZG_Doc6_Sherlock_Holmes,VZG,Action,Negative,Sherlock_Holmes,"Given that Guy Ritchie's Sherlock Holmes turns the great sleuth (Robert Downey Jr.) and his sidekick, Dr. Watson (Jude Law), into the boxing and martial-arts champions of London, the movie is surprisingly bearable. It's overlong and skitters around for a good 45 minutes before a plot kicks in, but Ritchie adds fillips of style to the incessant fightshe might have made a good director for the flop The Avengers picture. Having Holmes battle a villain who might or might not have supernatural powers actually conjures up the world of Arthur Conan Doyle, who in real life had too much faith in his five senses, which made him an easy mark for tricksters. The only reason to see it is Downey: No one in film is more likable when playing dislikable people. When not on a case, his Holmes is not merely a depressive but a nasty, dissolute, hollow-eyed slob with a compulsion to test sedating drugs on his hapless pooch. Law's drab Watson appears to be disgusted by himto the point where the mystery is how he could have ever become Holmes's friend, let alone the detective's Boswell. But Downey's boy-king spirit shines through. That spirit isn't Holmesian (not much kickboxing in Conan Doyle), but by now we've seen so many good, bad, and indifferent Sherlocks that it's almost a relief to get something different, however wrongheaded. And there's no such thing as too much Downey. With The White Ribbon, the German director Michael Haneke follows Lars von Trier (Antichrist) in borrowing a serviceable horror-movie premise, gussying it up for the international festival crowd, and passing off its sclerotic insights as harsh new truths about the essential evil of man (and woman and child). Von Trier wallowed in psychodrama and metaphysics (and gore), but Haneke has a social agenda. His brow lifted higher than usual, he attempts to depict the festering psyche of the Germans on the brink of World War I. The movie plays like an Ingmar Bergman remake of the little-kids-from-space picture Village of the Damnedexcept if Bergman had made it, he might have set out to discover something he didn't already know. Haneke's contempt for humanity had congealed into dogma before he shot his first frame of film. The movie is a long 144 minutes. Haneke's setting is a small village rocked by acts of malevolence. A doctor and his poor horse connect with a trip wire. A farmer's wife working for the town's chief landowner, a baron, falls through a hole in the floorshortly after which the baron's little son is found strung up and lashed, with a note that says the sins of the father will be visited on the child. Who could be responsible for such acts? The ingenuous male schoolteacher (who relays the story of the village as an old man) notices a group of children led by an obsequiously angelic blonde girl and her guilty-looking brother as they troop down the street to ascertain the condition of the latest victim. By and"
247,VZG_Doc7_Sherlock_Holmes,VZG_Doc7_Sherlock_Holmes,VZG,Action,Negative,Sherlock_Holmes,"In this corner is Guy Ritchie, master of visual con-game action movies that tend toward all-style-no-substance. In that corner is Sherlock Holmes, the cerebral master sleuth who solves crimes with quiet deduction, intense concentration and a seven-percent solution. It's no contest: The winner is Ritchie in a pyrotechnical knockout. ""Sherlock Holmes"" goes wrong in many ways except for one  at the boxoffice. Credit action uber-producer Joel Silver for recognizing that the only way to revive Sherlock Holmes for contemporary audiences is by turning him into Jason Bourne and hiring someone like Ritchie to overload the senses with chases, fights, effects, editing, bombastic noise and music. Warner Bros. should have a large hit this holiday season with ""(Not) Sherlock Holmes."" Even the Holmes/Watson pairing is odd, but if the film concentrated at all on character, it might have worked. Robert Downey Jr. and Jude Law certainly don't fit previous castings, which is fine, only they're a little too much alike. Both are glib, smart, good-looking guys and fine actors of about the same age and build. If Downey would hand his pipe to Law, they could switch roles from scene to scene. The two banter a lot with faux hostility, which adds little to what the film takes for wit and subtracts a good deal from whatever suspense the action is meant to generate. If the protagonists crack wise, what danger can they possibly be in? Each is given a love interest of sorts: Kelly Reilly as Watson's fiancee, who doesn't much care for his pal, and Rachel McAdams as ""the only woman ever to have bested Holmes."" All of which might have been interesting if the women didn't disappear for chunks of the movie. The plot? Wish you hadn't asked. One is not meant to completely understand it, of course; you never do in a Ritchie movie. McAdams' Irene Adler drops by Baker Street when Holmes is in one of his stir-crazy fits  this happens whenever he's between cases. She pays him to find a missing midget. Before Holmes can say, ""The game's afoot,"" he and a reluctant Watson are ensnared with ritualistic murders, black magic, a diabolical magician (Mark Strong), a resurrection from the grave and an attack on Parliament right out of the Gunpower Plot of 1605. All that's missing is Guy Fawkes. As is Ritchie's signature style, as fast as the movie flies by, it can abruptly freeze and backtrack to show audiences what they missed but Holmes did not: the muddy boot, a key dropped into a shirt, a blank bullet slipped into a gun chamber. Or the film can flash ahead, as in a completely gratuitous bare-knuckle fight Holmes engages in, where he imagines in slow and stop motion the next one-two-three moves that will cripple his opponent. The sets and CGI backdrops give Ritchie a post-Industrial Revolution London of grimy backstreets, congested thoroughfares and a bustling, bridge-building riverfront that's an ancestor to the milieu for his modern gangster films. Philippe Rousselot's cinematography"
248,VZG_Doc8_Sherlock_Holmes,VZG_Doc8_Sherlock_Holmes,VZG,Action,Negative,Sherlock_Holmes,"Guy Ritchie is the worst screenwriter in the world, but, to be fair, he is not the worst director. He is only the worst director of the people who actually get to make movies. As we speak, there are human beings walking the Earth - perhaps as many as a half dozen of them - with less directorial talent, but they've been safely diverted into other activities. The good news is that ""Sherlock Holmes"" is the finest movie Ritchie has ever made, and that's because he didn't write the script. The bad news is that despite a good script, a good story and a great actor - Robert Downey Jr. - not to mention a seriously strong cast, including Jude Law and Rachel McAdams - Ritchie still only delivers what is, at best, a break-even proposition. This is a director who can't get out of his own way. Yet peel away the clutter, and the movie's reconception of Holmes has merit. In this version, he is a sensitive neurotic who completely falls apart between cases. He stays in his room and doesn't wash, and his only contact with the world is Watson, who is not a bumbler (like Nigel Bruce in the old movies), but a handsome and capable fellow, a physician and a war hero. In fact, Holmes depends on Watson so much that he is terrified of losing him and does his best to sabotage Watson's relationships with women. Furthermore, in this reimagining, Holmes' capacity for deductive reasoning is not a form of intellectual genius but something else - a quirk of mind, a hypersensitivity to all forms of stimuli that makes life difficult, almost hellish. It's the one thing Ritchie does well, but he only does it once: When Holmes steps out into the world, he is bombarded by information from every direction. All this probably sounds like the description of a very good movie, but it's not the one that Ritchie has made. These finer elements are there, but they're buried under long-drawn-out fight scenes, in which Holmes and Watson, armed with their walking sticks (and Watson's gun) fight it out with ... oh, a whole bunch of people. Who can keep track? There's also the question of tone. As in Ritchie's other movies, all scenes are played for flippancy and archness, that peculiar brand of convoluted breeziness that has become Ritchie's signature. Nothing is funny, and yet nothing is to be taken seriously. In terms of storytelling, everything is a wash. Important information isn't lifted out, just tossed off and given equal weight with everything else. So it takes about an hour to lock onto the fact that there's an actual story going on and that, guess what, it's fairly interesting. It concerns a magician (played by Mark Strong, a powerful character actor), who is hanged but won't stay dead. This sort of case might not have fazed Basil Rathbone, but it's especially trying for Downey's Holmes, whose hold on sanity is shaky to begin"
249,VZG_Doc9_Sherlock_Holmes,VZG_Doc9_Sherlock_Holmes,VZG,Action,Negative,Sherlock_Holmes,"Who the deuce decided to filter Sherlock Holmes through ""Batman & Robin""? ""Sherlock Holmes"" dumbs down a century-old synonym for intelligence with S&M gags, witless sarcasm, murky bombast and twirling action-hero moves that belong in a ninja flick. Directed to do frantic American-buddy-movie shtick by Guy Ritchie, who has never before ruled a big-budget production, the normally brainy Robert Downey Jr. and Jude Law compete rather than complement, each spewing his deductions like ""Rain Man"" meets ""Good Will Hunting"" instead of leading the audience through the elegant process of solving a mystery. Somebodytellthesedirectorsthattalkingfastdoesnotmakeyousoundsmart. Holmes (Downey) and Watson (Law) are on the trail of Lord Blackwood (an unremarkable Mark Strong), a satanic serial killer who, just before getting his neck stretched on the gallows, warns Sherlock that from beyond the grave the mayhem will continue, with three further deaths to be laid at the door of 221b Baker St. Holmes  a slovenly fly-catching weirdo instead of a detached don  charges through several fight scenes that are more Stallone than Sherlock, and the frenzied chop of the editing blurs the brawls. A megabudget franchise movie has to have more action than a public-TV mystery, but in seeking a big American audience, Ritchie is like one of those Londoners who, when imitating a Yank, affects an exaggerated drawl supposed to connote ""Texan"" that lands closer to ""lobotomy ward."" And what's with his never-been-to-London staging? One minute the characters are tumbling out of the Houses of Parliament, the next they're miles away, at the under-construction Tower Bridge. For Holmes to be Holmes, he has to figure out solutions, not kick them in the teeth. Assuming Edwardian London was crawling with personal trainers and fully equipped with Nautilus machines, how would the world's most devoted bookworm acquire stone-slab abs? Are there steroids in his Darjeeling? Watson, a problem character  a straight man, a whiteboard for the answer to be sketched upon  here loses his (limited) everyman appeal and becomes a sort of knockoff Holmes, occasionally beating the master to the answer while equaling him in fisticuffery and woefulness of badinage: ""Relax, I'm a doctor."" They argue about whether a little fellow is a dwarf or a midget, swap hoary one-liners (""they never miss an opportunity to miss an opportunity"") and discuss whether Sherlock's ""depravity know[s] no bounds."" They agree that it does, and are proved correct when Sherlock finds himself lashed, naked and contented, to a bed. Rachel McAdams, as Sherlock's canny but devious ex, adds no spark as she asks for help with a case that involves a shadowy professor who is trying to trap Holmes. If you're going to cast waify little sparrows like McAdams, don't expect us to buy it when she clocks a trained assassin and he collapses as if he's been Michael Strahan'd. (If Kathy Bates turned up, though, the average hired killer would put in for a hardship bonus, or maybe just call in sick.) The best parts are in the third act, during a"
250,VZG_Doc10_Sherlock_Holmes,VZG_Doc10_Sherlock_Holmes,VZG,Action,Negative,Sherlock_Holmes,"Calling all Baker Street Irregulars. Guy Ritchie does not care about you. Maybe you've read the Sherlock Holmes canon cover to cover. Twice. Maybe you've seen every episode of the slavishly faithful Jeremy Brett TV series and consider the late actor's portrayal of the fictional detective the gold standard of Holmesian acting. Better even than Basil Rathbone. Get over it. Directed by Ritchie (""RocknRolla"") from a script by Michael Robert Johnson, Anthony Peckham and Simon Kinberg, and starring Robert Downey Jr., the newest contribution to the world of Arthur Conan Doyle spinoffs is less a product of genuinely Holmesian DNA than, say, ""Se7en."" (Yes, there's a serial killer.) But the movie also looks more than a little bit like the last couple of ""Harry Potter"" films. There's black magic here, too, at least ostensibly. And the villainous Lord Blackwood (Mark Strong)  who has been going around London dispensing with people in ritualistic, occult executions on his way to world domination  is a distinctly Voldemort-like figure. Who has, I kid you not, apparently risen from the dead. What else have we got? Would you believe a dash of James Bond, a pinch of Batman (""The Dark Knight"" edition) and a sprinkling of kung fu? For Downey's Holmes is not just a master of disguise, deductive reasoning and scientific inquiry. Here, he's also a prize-winning pugilist whose brain gets only slightly more of a workout than his fists. True to form, Ritchie lavishes his camera's attention on as much loud, slo-mo bone-crunching action as he can. And are those nunchucks Holmes is swinging in one scene? The real question is not how much of this is true to the movie's literary antecedents. (Not much.) Rather, the question is how much of this actually works. In the plus column is Downey's performance. The actor gets one important thing just right. That's a sense of Holmes as a brilliant misfit, a kind of autistic savant who hears, sees and remembers everything. One telling scene features Holmes in a noisy, crowded restaurant, where he's almost overcome by the sounds of clinking silverware and conversation. You can practically feel his senses at work. Ritchie's handling of Dr. Watson is another matter. There's nothing terribly wrong with Jude Law's performance as Holmes's right-hand man, though he's considerably less stuffy than traditionally portrayed. Many will welcome that as a breath of fresh air, along with the increased prominence of Irene Adler (Rachel McAdams), a character from a single Conan Doyle story whose expanded role here tones down the film's overpowering aroma of testosterone. But the film also presents Watson's relationship with Holmes as vaguely homoerotic. One scene even features them bickering like an old married couple. And there are more than a few not-so-subtle double entendres and sidelong glances suggesting that the two are, you know, more than friends. This despite the fact that Watson has a fiancee (Kelly Reilly) and that Irene seems to have the hots for Holmes. Not that there's anything wrong with"
251,WSI_Doc1_Interstellar,WSI_Doc1_Interstellar,WSI,Sci-Fi,Positive,Interstellar,"Genius director Christopher Nolan reaches for the stars in ""Interstellar"" and delivers a soulful, must-see masterpiece, one of the most exhilarating film experiences so far this century. Astronauts Matthew McConaughey and Anne Hathaway journey to a distant galaxy on a desperate mission to save humanity in this brainy, heartfelt, gorgeous and flawlessly acted sci-fi epic inspired by ""2001: A Space Odyssey,'' ""Close Encounters of the Third Kind'' and less likely sources such as ""The Grapes of Wrath.'' It's the near future, 10 years after Earth began turning into a gigantic dust bowl, where those who don't starve when crops wither soon face asphyxiation as nitrogen levels gradually rise in the atmosphere. McConaughey is terrific as Coop, who's retired from the space program and is a Midwestern corn farmer and widowed dad. His feisty preteen daughter, Murph (Mackenzie Foy), is in trouble at school because she challenges a revisionist textbook claiming the moon landing was faked to justify ""wasting'' precious resources on the space program. Coop and Murph soon learn that NASA has gone underground and that his former mentor, Brand (Michael Caine), wants Coop to go back to work as the commander of a top-secret mission to save Earth's population. This requires traveling through a wormhole, a space shortcut beyond Jupiter that Brand believes has been placed there by intelligent life. It's a wrenching sacrifice on Coop's part separating from an angry Murph and her brother for years. By the time he's reached his first stop in space, with Brand's daughter Amelia (Hathaway), Coop has two decades' worth of messages from Earth to play back a killer scene. The father-in-law (John Lithgow) who's raised his kids has died, Coop's son (Casey Affleck) is a father and Murph has grown up to become a scientist (now played by a ferociously good Jessica Chastain) working for Brand, who fears Dad is lost in space. I don't want to give away too much, but the mission requires Coop and his crew to visit forbidding worlds with massive tidal waves and mountains of ice. There's also a witty talking robot (voiced by Bill Irwin), and a memorable encounter with a character played by an unbilled star who pretty much owns the movie for 20 minutes, including an almost unbearably suspenseful docking sequence. The twisty plot by Nolan and his brother Jonathan also takes us on a mind-blowing trip inside a black hole that reminds us why the director of ""Inception"" is perhaps the most visionary director working today. Nolan has a deserved reputation for emotionally chilly work, but ""Interstellar'' surprises with a Spielberg-like warmth it's basically a potent father-daughter love story at heart, even as the filmmaker explores ""bigger"" themes like the survival instinct and American exceptionalism. At a time when large-scale filmmaking consists pretty much of movies inspired by comic books, young-adult novels and the Bible, Nolan still makes wholly original movies that require audiences to pay close attention and think. You may have heard that ""Interstellar'' has a lot of exposition, including"
252,WSI_Doc2_Interstellar,WSI_Doc2_Interstellar,WSI,Sci-Fi,Positive,Interstellar,"Christopher Nolan's ""Interstellar,"" about astronauts traveling to the other end of the galaxy to find a new home to replace humanity's despoiled home-world, is frantically busy and earsplittingly loud. It uses booming music to jack up the excitement level of scenes that might not otherwise excite. It features characters shoveling exposition at each other for almost three hours, and a few of those characters have no character to speak of: they're mouthpieces for techno-babble and philosophical debate. And for all of the director's activism on behalf of shooting on film, the tactile beauty of the movie's 35mm and 65mm textures isn't matched by a sense of composition. The camera rarely tells the story in Nolan's movies. More often it illustrates the screenplay, and there are points in this one where I felt as if I was watching the most expensive NBC pilot ever made. And yet ""Interstellar"" is still an impressive, at times astonishing movie that overwhelmed me to the point where my usual objections to Nolan's work melted away. I've packed the first paragraph of this review with those objections (they could apply to any Nolan picture post ""Batman Begins""; he is who he is) so that people know that he's still doing the things that Nolan always does. Whether you find those things endearing or irritating will depend on your affinity for Nolan's style. In any case, there's something pure and powerful about this movie. I can't recall a science fiction film hard-sold to a director's fans as multiplex-""awesome"" in which so many major characters wept openly in close-up, voices breaking, tears streaming down their cheeks. Matthew McConaughey's widowed astronaut Cooper and his colleague Amelia Brand (Anne Hathaway) pour on the waterworks in multiple scenes, with justification: like everyone on the crew of the Endurance, the starship sent to a black hole near Jupiter that will slingshot the heroes towards colonize-able worlds, they're separated from everything that defines them: their loved ones, their personal histories, their culture, the planet itself. Other characters including Amelia's father, an astrophysicist played by Michael Caine, and a space explorer (played by an un-billed guest actor) who's holed up on a forbidding arctic world express a vulnerability to loneliness and doubt that's quite raw for this director. The film's central family (headed by Cooper, grounded after the dismantling of NASA) lives on a corn farm, for goodness' sake, like the gentle Iowans in ""Field of Dreams"" (a film whose daddy-issues-laden story syncs up nicely with the narrative of ""Interstellar""). Granted, they're growing the crop to feed the human race, which is whiling away its twilight hours on a planet so ecologically devastated that at first you mistake it for the American Dust Bowl circa 1930 or so; but there's still something amusingly cheeky about the notion of corn as sustenance, especially in a survival story in which the future of humanity is at stake. (Ellen Burstyn plays one of many witnesses in a documentary first glimpsed in the movie's opening scene and which,"
253,WSI_Doc3_Interstellar,WSI_Doc3_Interstellar,WSI,Sci-Fi,Positive,Interstellar,"To infinity and beyond goes ""Interstellar,"" an exhilarating slalom through the wormholes of Christopher Nolan's vast imagination that is at once a science-geek fever dream and a formidable consideration of what makes us human. As visually and conceptually audacious as anything Nolan has yet done, the director's ninth feature also proves more emotionally accessible than his coolly cerebral thrillers and Batman movies, touching on such eternal themes as the sacrifices parents make for their children (and vice versa) and the world we will leave for the next generation to inherit. An enormous undertaking that, like all the director's best work, manages to feel handcrafted and intensely personal, ""Interstellar"" reaffirms Nolan as the premier big-canvas storyteller of his generation, more than earning its place alongside ""The Wizard of Oz,"" ""2001,"" ""Close Encounters of the Third Kind"" and ""Gravity"" in the canon of Hollywood's visionary sci-fi head trips. Global box office returns should prove suitably rocket-powered. We begin somewhere in the American farm belt, which Nolan evokes for its full mythic grandeur blazing sunlight, towering corn stalks, whirring combines. But it soon becomes clear that this would-be field of dreams is something closer to a nightmare. The date is an unspecified point in the near future, close enough to look and feel like tomorrow, yet far enough for a number of radical changes to have taken hold in society. A decade on from a period of widespread famine, the world's armies have been disbanded and the cutting-edge technocracies of the early 21st century have regressed into more utilitarian, farm-based economies. ""We're a caretaker generation,"" notes one such homesteader (John Lithgow) to his widower son-in-law, Cooper (Matthew McConaughey), a former NASA test pilot who hasn't stopped dreaming of flight, for himself and for his children: 15-year-old son Tom (Timothee Chalamet) and 10-year-old daughter Murphy (Mackenzie Foy), the latter a precocious tot first seen getting suspended from school for daring to suggest that the Apollo space missions actually happened. ""We used to look up in the sky and wonder about our place in the stars,"" Cooper muses. ""Now we just look down and wonder about our place in the dirt."" And oh, what dirt! As ""Interstellar"" opens, the world or at least Cooper's Steinbeckian corner of it sits on the cusp of a second Dust Bowl, ravaged by an epidemic of crop blight, a silt-like haze hanging permanently in the air. (Some of this scene-setting is accomplished via pseudo-documentary interviews with the elderly residents of some more distant future reflecting on their hardscrabble childhoods, which Nolan films like the ""witness"" segments from Warren Beatty's ""Reds."") And as the crops die, so the Earth's atmosphere becomes richer in nitrogen and poorer in oxygen, until the time when global starvation will give way to global asphyxiation. But all hope is not lost. NASA (whose massive real-life budget cuts lend the movie added immediacy) still exists in this agrarian dystopia, but it's gone off the grid, far from the microscope of public opinion. There, the brilliant physicist"
254,WSI_Doc4_Interstellar,WSI_Doc4_Interstellar,WSI,Sci-Fi,Positive,Interstellar,"It's damn near three hours long. There's that. Also, Interstellar is a space odyssey with no UFOs, no blue-skinned creatures from another planet, no alien bursting from the chest of star Matthew McConaughey. It reveals a hopeful side of filmmaker Christopher Nolan that will piss off Dark Knight doomsayers. And, hey, didn't Alfonso Cuaron just win an Oscar for directing Gravity? How long are audiences expected to get high on rocket fumes? Blah, blah, blah. Bitch, bitch, bitch. What the neg-heads are missing about Interstellar is how enthralling it is, how gracefully it blends the cosmic and the intimate, how deftly it explores the infinite in the smallest human details. Of course, Nolan has never been the cold technician of his reputation. Watch Memento again, or The Prestige, or the undervalued Insomnia. The sticking point here is that Interstellar finds Nolan wearing his heart on his sleeve. Nothing like emotion to hold a cool dude up to ridicule. But even when Nolan strains to verbalize feelings, and the script he wrote with his brother Jonathan turns clunky, it's hard not to root for a visionary who's reaching for the stars. Which brings us to a plot full of deepening surprises I'm not going to spoil. The poster for Interstellar presents McConaughey surveying a wasteland. It's meant to be Saturn, but it could just as well be Earth, where environmental recklessness has morphed the planet into a Dirt Bowl starving and choking its citizens. Nolan spends the first third of the film in the American farm belt of the near future, introducing us to widower Cooper (McConaughey), a former test pilot, who depends on his father-in-law (John Lithgow) to help him raise 15-year-old son Tom (Timothee Chalamet) and 10-year-old daughter Murphy (Mackenzie Foy, superb). Like her dad, Murph is a rebel who refuses to buy into her school's official dictum that the Apollo space program was a lie. It's when dad and daughter find the remnants of NASA, headed up by Cooper's old boss Professor Brand (Michael Caine), that the story gains momentum. Cooper heads into space to find a new world to colonize, leaving behind two kids who may never forgive him. The physics lessons (Cal-tech's Kip Thorne consulted) kick in when Coop captains the Endurance mother ship with a science team made up of Amelia (Anne Hathaway), Brand's daughter; Romilly (David Gyasi); and Doyle (Wes Bentley). And don't forget R2-D2 and C-3PO. Not really. The ex-military robots of Interstellar are called CASE and TARS. The great Bill Irwin voices TARS, a chatty monolith that looks like something out of Stanley Kubrick's 2001: A Space Odyssey and sounds like that film's HAL. (Note to viewers: Kubrick's 1968 landmark and George Lucas' Star Wars franchise are part of Nolan's DNA. React accordingly.) Next comes the wow factor that makes Interstellar nirvana for movie lovers. A high-tension docking maneuver. A surprise visitor. A battle on the frozen tundra. A tidal wave the size of a mountain. Cheers to Nolan and his team,"
255,WSI_Doc5_Interstellar,WSI_Doc5_Interstellar,WSI,Sci-Fi,Positive,Interstellar,"In the age of shopping-centre cinema, Christopher Nolan builds cathedrals. His films are cold, enormous, sky-puncturing constructions, echoey with triumphant gloom, rippling with the gasps and whispers of the faithful. He's the preeminent blockbuster auteur of our time, a fiercely rational puzzle-maker and problem-solver; the Mies van der Rohe of Hollywood. He prefers shooting on film to digital cameras, and strives to achieve special effects on set rather than at a computer-graphics workstation. The rotating hotel corridor scene in Inception a fist-fight in which the combatants spin and click together like the workings of a combination lock is Nolan's vision of cinema in miniature. Depending on which critic you talk to, he's either a throwback, a fusspot and an ideologue, or the spiritual offspring of Steven Spielberg and Stanley Kubrick. (Of course, there's no reason he can't be all of the above.) Like Kubrick, he has a reputation for chilliness, and none of his films are ever likely to be mistaken for romantic comedy. Memento, his 2000 breakthrough hit, is about the vagaries of truth and memory, while his recent Batman trilogy, which culminated two years ago in The Dark Knight Rises, deals with order and chaos, and society's schizophrenic craving for both. No other filmmaker working today is as determined to use blockbuster spectacle to say something big about our world even as he sends his characters zooming away from it, through wormholes, at light-speed. Interstellar is Nolan's best and most brazenly ambitious film to date. Doubling down on the Kubrick comparisons, he's made his own sweeping space odyssey in which a team of astronauts, led by Matthew McConaughey's stoically smouldering Coop, venture into the great beyond in search of a new home for humanity. Starlight whirls, planets rock on their axes, and spacecraft cartwheel through nothingness, all soundtracked by a reverential Hans Zimmer score that's equal parts Johann Strauss and Philip Glass. At its heart, Nolan's glimmering cosmic ballet is less concerned with space than time and particularly the way it's experienced by parents, who watch their children grow up and drift away at a speed that seems brutally out of step with the rest of the universe. Nolan and his co-writer and brother Jonathan explore that question here in the most Nolanish way imaginable, with black holes, event horizons, and much metaphysical bungee jumping. (The theoretical physicist Kip Thorne was a script consultant and served as executive producer.) But the aim of Nolan's film isn't to reduce love to a function of quantum physics: it's to set quantum physics and love on an equal footing, as two densely complex, destiny-steering forces his characters learn to surrender to without ever fully fathoming. The film takes place in the near future, with Earth in the grip of The Blight, an airborne disease that causes food crops to turn to grey-brown powder. It rolls and billows across the land, piling up around houses and cars like the dust-drifts in Andrei Tarkovsky's Stalker, another film in which the characters slip between"
256,WSI_Doc6_Interstellar,WSI_Doc6_Interstellar,WSI,Sci-Fi,Negative,Interstellar,"Enough is enough: It is not just that Interstellar is as incoherent and pretentious as a film can be at close to three hours and $160 million. It also sullies our last hallowed legend, the end of the world. How long have we labored, through diligent greed, opportunism, stupidity, cruelty, and indifference, to insist on the conclusion of business on Earth? What other large, altruistic, and merciful enterprise has such widespread support among religious extremists and rational scientists? Indeed, the coming end of the world is our best shared god. For if we must die, shouldn't the Earth go too? Don't we know we deserve an end to it all when Interstellar can pass itself off as an entertainment, instead of an ordeal? Yes, I am speaking in the tongue of irony and I know that is abhorred now. So let me address what may be known as the story of this film. We are in an American heartland, and the single intriguing part of a ponderous movie. Times are growing very hard: The winds blow upon the prairies, causing heat and dust so that crops fail. There is a Biblical air in the cursed look of the place. In a world growing hungry, farmers are heroes again. Our hero is a dingbat farmer, named Cooper and that name has resonance still in movie mythology and space history. (Cooper was Dennis Quaid in The Right Stuff, as well as a former icon named Gary.) He lives with his father and his two children in a wooden house on the prairie in epic simplicity and alleged integrity in short, it seems a dull life. Before that, Coop was a space pilot who did great things in pioneering flights. It's not clear how long ago, because Matthew McConaughey can't be much less than 45. Did he go to the Moon as an infant? But his character is nettled to have his children taught in school that the Apollo program was a propaganda lie promoted to win the Cold War. Coop knows what he knows, and he will soon be vindicated as the best terrific space pilot you ever saw. Because, you see, no less than Michael Caine (playing a scientific genius I rest my case) reckons that since we can't save Earth, we should leave it. This is where I began to feel a similar urging about my presence in the theater. We'll come to Caine, but McConaughey deserves examination. There were years when Matthew McConaughey was a handsome romantic lead in movies and a pain to watch. Then something happened. He lost weight, he gained calm or assurance, and he began to be a moody, dreamy, dangerous outsider. That welcome tendency reached a peak in ""True Detective"" and The Dallas Buyers Club. He had become a riveting performer, not far from crazy, and remote from any mainstream. But where could he go as an actor? Well, he is never going to be Gary Cooper; he is not a trusty pilot, a"
257,WSI_Doc7_Interstellar,WSI_Doc7_Interstellar,WSI,Sci-Fi,Negative,Interstellar,"As someone who never reads reviews and rarely watches trailers before reviewing a film, it was, nonetheless, all but impossible to avoid the buzz surrounding Christopher Nolan's first film post-Batman, with the sci-fi epic Interstellar, penned alongside his brother Jonathan, breathlessly dubbed a 'masterpiece', in some corners. Imagine my surprise, then, when a flustered check of my watch as the film finally kicks into orbit revealed we're already at the 90-minute mark it's almost three hours long. Matthew McConaughey is Cooper, a former NASA pilot who, like the rest of the world, has been grounded on an Earth that's slowly choking to death. As crops fail wholesale, the only job that matters is tending to the dying land. It's an interesting enough, if not entirely original, concept that plays on the current political, social and environmental dramas surrounding the current threat of climate change. Unfortunately you'll get scant detail here, beyond one intriguing nugget that history has been re-written to suggest the moon landings were faked, in an effort to refocus school kids on the earthly matters at hand. Instead, we mostly focus on a love story between father Cooper and daughter Murphy, played by a red-haired and full-lipped Mackenzie Foy as a child and the talented Jessica Chastain as a woman. Other family members, including son Tom (Timothee Chalamet) and father-in-law Donald (John Lithgow), barely get a look in. Eventually they are left behind as fate, and a truly odd sequence involving dust and seeming poltergeist-tossed books, leads Cooper to humanity's last hope a secret NASA space mission run by Michael Caine that's shooting for a wormhole created by strange, otherworldly beings who can manipulate gravity, opening up the real possibility of habitable planets far beyond humanity's current reach. The cardboard cut out family is replaced by cardboard cut out astronauts, played with a truly odd lack of depth by Anne Hathaway, David Gyasi and Wes Bentley, plus the welcome vocal talents of Bill Irwin as seriously snarky robot assistant TARS who ironically provides the film's only human touch. And that's part of the problem here none of these characters feel fully-fledged, not even Cooper (stoic hero) and Murphy (whiny kid). They're here to fulfil dramatic purpose, rather than explore genuine emotional depths. Indeed, for a film so rife with schmaltzy musings on the meaning of life, it's alarming how lacking it is in this department and certainly makes the inordinate run-time a big ask. Where it excels, eventually, is in the truly breathtaking journey into the stars and beyond, with Nolan once again pulling out the Inception-style wow factor, this time on 70mm film, that's missing in his more grounded superhero movies. But even here it feels a little like cheating, owing a huge visual debt to 2001: A Space Odyssey almost to the point of plagiarism, particularly with the spinning space station. While both planets visited, a tsunami-plagued waterworld and Hoth-like wasteland complete with frozen clouds, are pretty to look at, again, there's very little to these"
258,WSI_Doc8_Interstellar,WSI_Doc8_Interstellar,WSI,Sci-Fi,Negative,Interstellar,"Most film-makers think small or medium. Not Christopher Nolan, for whom even big or bigger won't cut it. His new picture is his biggest: biggest event, biggest spectacle, biggest pastiche, biggest disappointment. It's a colossal science-fiction adventure avowedly in the high visionary-futurist style of Kubrick's 2001, but sugared up with touches of M Night Shyamalan. Nolan takes on the idealism and yearning from 2001, but leaves behind the subversion, the disquiet and Kubrick's real interest in imagining a post-human future. What interests Nolan more is looping back to a sentimentally reinforced present. Interstellar is a muscular, ambitious film with bang-per-buck visuals that broadly make up for the moderate acting and toenail-extracting dialogue. Nolan's stars are Matthew McConaughey, Anne Hathaway and Michael Caine, who have not exactly been encouraged to leave their performance comfort zones, or divert from their usual acting orbit trajectories. McConaughey can be entirely insufferable, though there is one real emotional coup in Interstellar that has been slightly overlooked in the Enronising hype the movie has triggered so far. A global food crisis has turned America into a coast-to-coast dustbowl of unproductive emergency farmland. McConaughey plays Cooper, a retired Nasa pilot who, like every other adult, has had to turn to the soil: he is a widower living with two tricky kids, Tom (Timothee Chalamet) and Murph (Mackenzie Foy), and his grumpy father-in-law Donald (John Lithgow). Cooper is furious at the world's dreary earthbound dullness, and that his kids' school teaches that the Apollo moon missions were a hoax designed to bankrupt the Soviets. He is rightly disgusted at this nonsense: I would have liked to have heard a more explicit speech attacking it, and incidentally making it clear that space exploration was not what did for the Soviet economy. Weird Shyamalanesque signs lead Cooper to a top-secret research station where his old Nasa boss Dr Brand (Caine) tells his stunned ex-employee that Earth is finished, but that a recently discovered ""wormhole"" in the space-time continuum looks likely to lead us to other habitable planets for resettlement and that Cooper surely has the Chuck-Yeagerish Right Stuff to lead an expeditionary space-team right away, without training or preparation. His crew will include Brand's daughter, the comely and borderline-preposterous Amelia (Hathaway), along with Doyle (Wes Bentley) and Romilly (David Gyasi). They get the regulation white suits, Nixon-era tech, long-sleep hibernation routines, flickery video messages from home and standard-issue talking robot called Tars, who is quirky but obedient basically Hal2D2. Wormholes are presented in this film as different from, say, wizards or unicorns: they are supposed to be scientifically real. Kind of. Nolan has been inspired by the work on this subject by the theoretical physicist Kip Thorne from Caltech, who is not just scientific consultant but executive producer, a credit that may be intended as an extra-textual guarantee of authenticity. But, inevitably, these wormholes do the traditional narrative work of a warp drive or time machines. When McConaughey thinks of something mathematically brilliant to do with gravitational pull and fuel"
259,WSI_Doc9_Interstellar,WSI_Doc9_Interstellar,WSI,Sci-Fi,Negative,Interstellar,"In Interstellar, Matthew McConaughey's Cooper is cushioned in the iconography of a teenage Superman, living in the midst of verdant fields of corn, with his pickup truck, Carhartt jacket, and jeans. McConaughey, with his bright white smile and warm drawl, is already an actor who feels as American as a hamburger made of ground-up bald eagles. And here, he's playing a farmer and an astronaut, two professions as dear to our national mythology as cowboys and apple pie. He's also a dad, a fact the movie valiantly tries to pretend it believes is interesting. The world is ending in Interstellar, Christopher Nolan's expansive, gorgeous, frustrating, and sometimes super dumb latest movie, which opens in theaters on Nov. 7; but we don't really see the world. Aside from a departing shot of the planet from a spaceship, what we get of the Earth is limited to the area of countryside in which Cooper and his family have been eking out their precarious living, and the hidden NASA base in which scientists and engineers mill around, allegedly trying to save the human race. The limited earthbound vista is, in part, a factor of Interstellar's dying future, where air travel and international communication seem to have died off. Everyone's resources have instead focused on the increasingly difficult immediate task of growing things to eat blight has been killing off crops, species by species. An Indian surveillance drone drifting down after years of automated hovering is the lone reminder that there is (or was?) life on other parts of the globe. If cities still exist, they also stay off screen with food and technology so scarce, rural has become the way to go. And anyway, screw all those suckers, amirite? Interstellar, which Nolan wrote with his brother Jonathan, is not about broader cooperation or conservation. It's a sometimes poignant, but more often pandering, ode to American exceptionalism, and also trusting in great men to save us, provided they're the right great men (not all of the candidates on screen measure up). The film directly links the survival of mankind to the restless frontier spirit, of which Cooper is the ultimate embodiment. He's the man meant to enable us to finally build a big ol' baseball diamond in the sky. ""It's like we've forgotten who we are explorers, pioneers, not caretakers,"" Cooper muses to his father-in-law, Donald (John Lithgow), who's been helping him raise his teenage son, Tom (Timothee Chalamet), and younger daughter, Murph (Mackenzie Foy), after his wife died of cancer. ""We used to look up at the sky and wonder at our place in the stars. Now we just look down and worry about our place in the dirt,"" Cooper continues. A former pilot on a failed mission that took place before NASA was forced to go underground, Cooper is still jonesing for the job he feels he was born to do when the movie begins. He gets his chance when he and Murph find their way to the hidden outpost where his"
260,WSI_Doc10_Interstellar,WSI_Doc10_Interstellar,WSI,Sci-Fi,Negative,Interstellar,"Say this much for ""Interstellar"": It takes muchness to a new level. Ask a handful of viewers what they think of Christopher Nolan's science-fiction adventure story starring a perfectly cast Matthew McConaughey as a space cowboy blessed with equal parts swagger and shamanistic depth and they will rightfully wonder which movie you're referring to: The outer-space epic that tries mightily to give such precursors as ""2001: A Space Odyssey"" and ""Gravity"" a run for their O-rings in sheer scale and ambition? The provocative, sometimes ponderous, meditation on environmental ruin, intellectual freedom and the demise of manifest destiny? The mawkish daddy-needs-to-save-the-world-now melodrama? The pulverizing, near-constant sonic boom of the sound design modulated by periods of haunting, airless silence? ""Interstellar"" is all these things and more, when you throw in a couple of goofy exercises in stunt casting. Nolan, who brought such grandiosity and sanctimonious self-seriousness to the ""Batman"" franchise and whose densely layered metaphysical puzzle ""Inception"" is surely still being debated in living rooms throughout the world, once again has made a movie that wants to be taken more seriously than mere spectacle or sensory mind-body trip. He's out to overwhelm, crush and otherwise immobilize an audience already saturated with 3-D extravaganzas and narcotized by computer-generated hoo-hah. True to his artistic convictions, Nolan has filmed ""Interstellar"" on IMAX film stock, proudly planting the flag once more for a format that, like the Earth at the center of the story, is careening toward extinction. It's a praiseworthy mission and there are moments of genuine awe and majesty in ""Interstellar,"" but there are just as many passages that play as if Nolan is less interested in value for the viewers than proving a point, whether about the arcana of quantum physics, his technical prowess or the enduring power of love. Which isn't to say there's not much to value in a film that begins in the wide open spaces of a modern-day Dust Bowl and ventures to galaxies far, far away. In an Andrew Wyeth-inspired farmhouse in the middle of a vast cornfield, a former test pilot named Cooper (McConaughey) lives in the not-too-distant future with his two kids and father-in-law (John Lithgow), the world outside rapidly shriveling into agricultural collapse. With food so scarce, all social and economic resources have turned from technological innovation and space exploration in favor of farming. ""We used to look up at the sky and wonder about our place in the stars,"" Coop says mournfully over his beer bottle. ""Now, we just look down and wonder about our place in the dirt."" That changes when Coop and his beloved daughter Murphy (Mackenzie Foy) discover a mysterious code that leads to equally mysterious coordinates out in the countryside. Soon enough, Coop has been enlisted on a top-secret, probably deadly mission to find a habitable planet outside the solar system, and he's cramming into a craft alongside three other astronauts willing to risk their lives to save humanity. One of those scientists is played by Anne Hathaway, whose molten-brown"
261,WYA_Doc1_Arrival,WYA_Doc1_Arrival,WYA,Sci-Fi,Positive,Arrival,"The slender short story that inspired this ambitious ""first contact"" film contains discussions of Fermat's principle and diagrammatical explanations of refracted light, hardly a blueprint for a multiplex-friendly fantasy flick. Yet from the atemporal monologue of Ted Chiang's Story of Your Life, in which the narrator remembers events in the future tense, screenwriter Eric Heisserer has spun an admirable script for a film as cerebrally adventurous as it is emotionally accessible. Confidently directed by French-Canadian film-maker Denis Villeneuve, making his first foray into the sci-fi genre before the forthcoming Blade Runner sequel, Arrival charts a bold course between the guiding stars of Robert Zemeckis's Contact and Steven Spielberg's Close Encounters of the Third Kind, with just a hint of the gravitational pull of Andrei Tarkovsky's Solaris. ""I used to think this was the beginning of your story,"" says Dr Louise Banks (Amy Adams) over the opening strains of Max Richter's On the Nature of Daylight, a theme to which Arrival will return significantly in its closing stanzas. With startling economy, Villeneuve conjures a snapshot portrait of motherhood cut short by a daughter's death; love and despair described with surgical precision. From such tragedy we move with equal economy to the titular event  a string of spaceships spanning the globe for reasons unknown. Leading linguist Dr Banks is promptly pressed into service as an interplanetary translator, teamed with Jeremy Renner's tetchy-but-cute physicist Ian Donnelly, who insists that ""the cornerstone of civilisation isn't language, it's science"". Together, this star-crossed pair must venture into the void, attempting to converse with creatures who are seen through a glass darkly,and who communicate via inky circles, what Chiang calls ""mandalas... in which premises and conclusions were interchangeable"". Forest Whitaker's typically terse army intelligence officer wants quick answers: ""What do they want? Where are they from?"" But for Banks, understanding these visitors will require a more intuitive, elliptical approach. Although the spectre of low-hanging spaceships encircling the world seems to evoke the apocalyptic iconography of Independence Day, it's the rough-hewn beauty of British director Gareth Edwards's ironically titled Monsters to which Arrival owes the greater debt. From the ""dirty sci-fi"" aesthetic of Bradford Young's tactile cinematography to the gentle, odd-couple chemistry of Adams and Renner, there's an intimacy here that resonates with Edwards's 2010 low-budget debut. In contrast to such human touches, the pebble-shaped alien vessels are impressively otherworldy, eerily recalling Douglas Adams's description of spaceships that ""hung in the sky in much the same way that bricks don't"". Once inside these shells, production designer Patrice Vermette's sets seem every bit as unearthly as HR Giger's Alien environments  vast and unknowable, their otherness accentuated by Johann Johannsson's score. Yet even in these surroundings we can still feel Louise's all-too-human heartbeat, with Amy Adams's talent for telegraphing tangible emotions via tiny facial gestures shining through the isolating wrap of an orange hazmat suit. Anyone familiar with the Tralfamadorians of Kurt Vonnnegut's 1969 novel Slaughterhouse-Five, who view time as permanent, like ""a stretch of the Rocky Mountains"","
262,WYA_Doc2_Arrival,WYA_Doc2_Arrival,WYA,Sci-Fi,Positive,Arrival,"Will there be a failed attack against the aliens by the military, discovery of a weakness, a big speech by the president and a rousing victory? A vulnerable alien pursued by scientists, forging a bond with a child? A journey through earthbound red tape and spacebound wormholes, only to discover that the filmmakers cheaped out and made the alien look like Jodie Foster's father? Director Denis Villeneuve casts aside almost every ""Independence Day,"" ""E.T."" and ""Contact"" cliche and makes a science fiction epic that breaks free of genre shoeboxing. ""Arrival"" works as mainstream entertainment, but includes hallmarks of the ""2001: A Space Odyssey""/""Silent Running"" era of artist-driven science fiction. It has Hollywood stars, but makes great effort to strip them of any false glamour. The film is tightly calibrated, but leaves things open to interpretation, for discussion on the ride home from the theater and beyond. The trailers appear to give away too much of the movie, but there are still many surprises. (None will be revealed, or hinted at, here.) The setup: Amy Adams portrays staid linguistics professor Louise Banks, who is recruited by the military to help establish a conversation with aliens. She teams with Ian Donnelly (Jeremy Renner), an only marginally less sober mathematician. ""Arrival"" is based on Ted Chiang's short story, and the filmmakers were clearly interested in his ideas, not just the potential for box-office-friendly spectacle. The linguistics challenges of communicating with beings whose language is an abstract mystery (well explained in Eric Heisserer's script) are as well explored as the more sensational aspects of the story. The unknown motivation of the visitors is a constant threat, and the tenuous relationship between countries increases the pressure to shortcut the scientific problem-solving. A mostly subliminal but important theme in the movie: Is our short-attention-span, instant-gratification culture making it impossible to execute planet-saving long-term thinking? Adams and Renner are both excellent, acting throughout without visible makeup. In the middle stages, as the stakes are raised, the actors appear to have abandoned their wardrobe options entirely and possibly started skipping showers between days on the set. Forest Whitaker, who has made everything he's in better since he was flown in for games at Ridgemont High in the 1980s, is a stressed-out colonel in charge of the military staging area. But the revelation here is Villeneuve, who expands on the symphonic pacing showcased last year in the drug war drama ""Sicario."" Even though the concept of ""Arrival"" is far-out fiction, Villeneuve treats it with no less detail or urgency. The college campus scene where Banks learns about the alien landing  first with students getting a flurry of texts in her class, and later with F-18s flying overhead  is particularly masterful. That, and the equally effective scenes preceding the first meeting with the aliens, develop with a tension-mounting leisure that seems almost audacious when compared with other movies of this kind. A secondary plot related to Banks' personal life provides huge emotional payoffs, which compensate for the lack"
263,WYA_Doc3_Arrival,WYA_Doc3_Arrival,WYA,Sci-Fi,Positive,Arrival,"""Arrival"" takes an age-old science fiction premise  Aliens have landed; what are their intentions?  and builds a taut mystery around it. Yet those expecting a whiz-bang film should be prepared for a more cerebral and emotional experience, admirable for its ambition and tone, if not wholly satisfying in its payoff. Screen exploration of extraterrestrial visitors tends to go in one of two directions  the benevolent sort (see Steven Spielberg's ""E.T."" and ""Close Encounters of the Third Kind"") or the bent-on-our-destruction variety (""War of the Worlds,"" ""Independence Day,"" that ""Twilight Zone"" episode ""To Serve Man""). Based on a short story adapted by French-Canadian director Denis Villeneuve (""Sicario"") and writer Eric Heisserer, ""Arrival"" owes a particular debt to that last title, as well as the 1997 film ""Contact."" That's because much of the tension stems from efforts to communicate with the aliens  who suddenly arrive in 12 giant vessels, scattered across the globe  and ascertain their purpose by translating the indecipherable sounds they issue. Toward that end, the U.S. government enlists Louise (Amy Adams), a brilliant linguistics professor/translator, along with a theoretical physicist, Ian (Jeremy Renner). Their investigation unfolds against a backdrop of geopolitical chaos and mistrust, as panic mounts over the aliens' motivations and other countries become jittery about the hovering ships in their backyards. ""Are they scientists, or tourists?"" it's asked early on, which doesn't address the concern as more clues emerge that ""invaders"" might be a third option. That real-world-rooted sense of unease (which frankly might play a bit differently with audiences in the wake of the U.S. election) prompts the military, embodied by some pretty stock characters portrayed by Forest Whitaker and Michael Stuhlbarg, to become increasingly antsy. China, in particular, threatens the initial call for a coordinated and harmonious international response. The scientists, not surprisingly, strike a more curious and diplomatic posture, as they work against a deadline that labors a bit in the film's later permutations. The cracks in the macro part of the story are largely offset by Louise's personal one  and Adams' wide-eyed, emotionally vulnerable performance  which challenges audience expectations in a surprisingly understated, thought-provoking way. The aliens themselves, and the strange look and dynamics of their spacecraft, are marvelously otherworldly, in a way depictions of such intergalactic travelers often aren't. Unlike many strange visitors from other planets, these clearly aren't designed to produce a line of plush toys. Commercially speaking, ""Arrival"" hovers in its own somewhat awkward airspace. It's entertaining and reasonably suspenseful, but other than perhaps Adams, a long shot for awards consideration, while not exciting enough for those seeking blockbuster escapism. Ultimately, Villeneuve has engaged in a bit of sleight of hand, using what can be sold as a science-fiction premise to probe questions regarding our priorities  and humanity. At a time when so many movies settle for visceral thrills, that alone makes ""Arrival"" feel like a rather bold adventure."
264,WYA_Doc4_Arrival,WYA_Doc4_Arrival,WYA,Sci-Fi,Positive,Arrival,"Amy Adams is a miracle worker of an actress  she makes us believe in whoever and whatever she's playing. In Arrival, a mesmerizing mindbender directed with searching mind and heart by the Quebec-born Denis Villeneuve, Adams plays a woman who talks to aliens. Or at least she wants to, desperately. She's not crazy; she's Dr. Louise Banks, a linguistics prof who gets called in by the U.S. military, in the person of Forest Whitaker's army colonel, to make contact with the creatures whose oval spaceships hover overhead in rural Montana. They are also vessels in 11 others places in different parts of the world, including a not-so-peace-loving China. But Louise sticks to Big Sky country. Early reviews cite the film's deep-dish philosophical underpinnings, possibly because these E.T.s are less like the nasty invaders in Spielberg's War of the Worlds and more like the kindly, curious bunch in the master's Close Encounters of the Third Kind. If you know Villeneuve's work in Sicario, and Prisoners, you know how he draws viewers in slowly and inexorably. It's the same here. Based on Ted Chiang's 1998 novella Story of Your Life, the script by Eric Heisserer finds Louise and theoretical physicist Ian Donnelly (smartly underplayed by Jeremy Renner) enlisted to find out the intentions of these ""heptapods,"" so named for their seven long tentacles. It's hard not to be spellbound, along with our heroes when they enter the gravity-free spacecraft and attempt to interact with these visitors from behind a glass wall. The aliens make sounds like the keening of whales, but when Louise holds up an English word they respond with circular ink splotches, which don't seem to suggest the need for world domination or anal probes. Whew! Louise and Ian nickname the two heptapods Abbott and Costello. The humor is a nice touch, but Arrival is hunting bigger game about how we humans deal with anything alien, anything we fear. Kudos to cinematographer Bradford Young (Selma, A Most Violent Year) for making the unknown a believably living presence. And when the alien ink blots seem to spell out the word for ""weapon,"" the war-machine goes into high gear. Interspersed with the threats of global invasion is the story of a daughter Louise loved and lost, much like what Sandra Bullock's character experienced in Gravity. In lesser hands, the personal tale could have seemed extraneous or even silly. But Adams and Villeneuve make it work beautifully. This suggestion of a shared heartbeat between species is reflected in the haunting score by Johann Johannsson. Though action fanboys might get antsy about the film's contemplative pace, patience pays off in a curve-throwing ending that fills you with a sense a wonder, not to mention shock and awe. Adams, her face a reflection of conflicting emotions, is simply stellar in an Oscar-buzzed performance of amazing grit and grace. Without her, Arrival might be too cerebral to warm up to. With her, the film gets inside your head and emerges as something intimate and epic,"
265,WYA_Doc5_Arrival,WYA_Doc5_Arrival,WYA,Sci-Fi,Positive,Arrival,"It's easy to say that Denis Villeneuve's tingly sci-fi Arrival is a whole lot of Spielberg with a little bit of Tarkovsky thrown in, but what's remarkable is how much it actually defies the conventions of its genre. For starters, its heroearth's only hope, the person who bravely goes where no one has gone beforeis a woman. When eight giant, pod-like space crafts landactually hover overearth, it's linguist Dr. Louise Banks (the ever-expressive Amy Adams) who is called in by the American military to try to communicate with the aliens inside. She's essentially snatched from her home early one morning and shuttled by noisy helicopter to the compound where the pod is waiting. In short order, she is being shot up with antibiotics, fitted for a bio-suit, and catapulted into the space ship. What's so special about this is that the film acknowledges she's scared (her hands shake as she is lifted into the pod) but she's also fascinated, avid, and determinedqualities we usually see in a male hero. Along for the ride is Jeremy Renner's Ian Donnelly, an astrophysicist who aids Banks with her work, but who is clearly following her lead. (Forest Whitaker plays the commander in charge of the operation, who's torn between heeding Banks's call for patience and an increasingly twitchy Pentagon.) The second most remarkable thing are the aliens themselves. I don't want to get too specificeven the film holds back on that for a bitbut these are not your father's saucer-eyed, thin-necked extraterrestrials. What's more, their language is not a language at allat least not in the traditional sense. They have no sense of time, which creates a completely different way of perceiving and processing the world. It's Banks who realizes that visual cues are the best way to communicate with them. She writes words like ""human"" and ""Louise"" on a marker board and the aliens respond with these ink blots that are a cross between a coffee cup stain and a Rorschach Test. It's intriguing and thrilling to watcha kind of ""Linguistics, hell yeah!"" in the spirit of The Martian. If I'm making the film sound like it's all, ""rah, rah girl power"" or some sort of rarefied intellectual exercise, please don't get me wrongArrival is hella fun. It filled me with the same kind of awe and dread and wonder that all the best alien films do (yes, including Close Encounters). It's also very smart about how the world might react to such a thinga talk radio blowhard bashes the government for not blowing the UFOs out of the skyand really has something to say about time and identity and our collective humanity. Indeed, the film's prevailing message of unity and love is something we should all aspire tonow more than ever."
266,WYA_Doc6_Arrival,WYA_Doc6_Arrival,WYA,Sci-Fi,Negative,Arrival,"Can a science-fiction film be Oscar bait? Eons agoin 2009this would have been a ridiculous question. Prior to that year, only three such movies had ever been nominated for best picture: A Clockwork Orange, Star Wars, and E.T. But in the seven years since the category expanded beyond five nominees, seven films from the genre have been nominated. Most have tended towards the brainy (Her), the mind-bending (Inception), and the wonky (The Martian). All togetherwith the possible exception of Mad Max: Fury Roadthis batch of sci-fi nominees seems less interested in escapist thrills than in scientific accuracy (see also Gravity) and political allegory (Avatar, District 9). They're popcorn as engineered through molecular gastronomy. Enter Arrival. The new film from Denis Villeneuve checks each and every one of these boxes. It's brainy, with its hero linguistics professor Louise Banks (Amy Adams) offering explications of concepts like the SapirWhorf hypothesis. It's mind-bending, reveling in the kind of time paradoxes that dare you to diagram them with elaborate flowcharts. And it's wonky, with its other main character, a theoretical mathematician played by Jeremy Renner, explaining one of the film's twists by revealing that .083333 ... is (spoiler alert?) precisely equivalent to 1/12. And like many recent prestige sci-fi movies (and so many nonprestigious ones), Arrival focuses on alien contact. That alien race first appears around the globe in giant, somewhat Sphere-ical spaceshipsand thanks to the film's coy marketing strategy, you probably have no idea what they look like. (I won't spoil their appearance, which is relatively novel, except to say: Why do movie aliens always have to be green?) This restraint is admirable, but it's also, arguably, born of necessity. If you go into this mid-budget film with the expectation that it will erupt into a third-act CGI spectacle, you will be disappointed. Instead, the film's tagline ""Why are they here?"" is in fact its driving question. Most of the action, such as it is, involves Amy Adams' linguist and Jeremy Renner's mathematician trying to speak to the aliens and figure out what they're saying back. All the chat about nonlinear orthography can get a bit academic, and its dominant motif also functions as a kind of microcosm of all these brainy, high-toned sci-fi movies: scientists pointing markers at whiteboards while explaining the inner workings of the plot. There's another film, of course, that checked all these boxes, whiteboards and all, and received a lot of Oscar buzzthough it ultimately failed to convert all this into a best picture nomination. And like Interstellar, Arrival is only intermittently stellar. Indeed, it resembles, above all, that and other Christopher Nolan movies. Its idea-heavy dialogue is often clunky, such as when Adams' voice-over muses, ""We are so bound by time. By its order."" (Yeah, man.) Selma cinematographer Bradford Young's carefully composed images are mostly drained of color. The mood is mournful, even though the dead girl being mourned (another common feature of Nolan's films) only appears in visions and flashbacks. Its score, courtesy of the brilliant"
267,WYA_Doc7_Arrival,WYA_Doc7_Arrival,WYA,Sci-Fi,Negative,Arrival,"There are days in human experience that shatter our understanding of the world, forcing us to reconsider what we thought we knew as we struggle to piece things back together. Denis Villeneuve's elegiac science-fiction drama ""Arrival"" follows the aftermath of such a day, and the emotional tidal waves it eventually unleashes. Based on Ted Chiang's short tale ""The Story of Your Life,"" ""Arrival"" focuses on an alien invasion of Earth. But this is not a spectacle-packed action flick in the vein of ""War of the Worlds"" and ""Independence Day"" or even a suspenseful sci-fi thriller like ""Gravity"" or ""Ex Machina."" Instead, Villeneuve's follow-up to his lauded crime-drama ""Sicario"" offers a much subtler and more solemn exploration of this sci-fi subgenre. Focusing on linguistics professor Dr. Louise Banks (Amy Adams), ""Arrival"" guides us through the American government's earnest but anxious efforts to make sense of an alien invasion that's placed enormous floating vessels above 12 seemingly random spots around the globe, including rural Montana. Villeneuve's film kicks off with the dizzying reality of these mysterious extraterrestrial's arrival. It was an average day until that moment. Louise strides into her lecture perplexed by the poor attendance. The students seem distracted, checking their phones, until one entreats her to turn the classroom's television to the news. And just like that, with one simple, striking image, the world as we know it is different. The Canadian filmmaker doesn't indulge in melodramatic gnashing of teeth or cries of shock. And this grounds the film in an eerie authenticity. Watching this simple scene -- that admittedly contains no violence -- I was reminded how on 9/11, I sat in a college class, confused when a peer whispered something about a plane crash in Manhattan. As we joined the masses of students who steadily filed out of the campus and onto buses, subways and sidewalks, the quiet was rattling. Horrified and confused, many of us didn't seem to know what to say, and so we stared, scared and silent, awaiting whatever comes next. How do you make sense of the unimaginable? That is the question playing at the core of Villeneuve's daring drama that refuses to gussy itself up with scares or outlandish stunts. Nobly pressing on to communicate with these cryptic creatures, Louise teams with a brash scientist (Jeremy Renner), racing to decode the extraterrestrial's language and thereby their purpose on Earth. Meanwhile, China teeters on the brink of igniting intergalactic war. All the while, Villeneuve's cast--which boasts solid supporting turns by Forest Whitaker and Michael Stuhlbarg--strives for tension and poignance through strained discussions about the importance of language to perspective. It's an interesting concept, and a remarkably restrained film, rich with foreboding. I admire Villeneuve ambition and appreciate the humane message that beats at the heart to his story. But as the plot clunks from one tame close encounter to another, I became increasingly, unsalvageably bored. This is decidedly not my kind of sci-fi. The understated performances completely make sense within the world of a"
268,WYA_Doc8_Arrival,WYA_Doc8_Arrival,WYA,Sci-Fi,Negative,Arrival,"Canadian director Denis Villeneuve made one great film in 2013 called Prisoners. Provocative, enthralling and beautifully composed, it peeled away the layers of a complex mystery story with a surprise in every frame. I was an instant fan. This promising relationship has come to a heartbreaking finale with every film since. Enemy and Sicario were unspeakable disasters, and Arrival, the director's latest exercise in pretentious poopery, gives me every reason to believe I have parted company with Denis Villeneuve for good. TV anchormen on every channel pour out the news that 12 unidentified flying saucers have landed throughout the world, in places as far afield as Russia, Venezuela and Montana. Borders are closed (don't tell Donald Trump), gas is in such limited supply that there's no way to escape, and the president declares a state of emergency. Enter Amy Adams, as linguistics professor Dr. Louise Banks, and Jeremy Renner, as theoretical physicist Ian Donnelly, recruited by the U.S. military to find out what the aliens want, decipher their language through translation and ask them what their goals are. Never mind that Jodie Foster already solved the problem years ago, in Contact. Adams is more neurotic and short-fused, still grieving over the disappearance of her husband and the loss of her daughter from some inexplicable disease that may or may not have traveled from outer space. (I think it was cancer, but with this movie, cancer seems too logical, and who can tell?) Anyway, the spaceship she finds is an obelisk-shaped rock suspended above the ground, and the aliens inside it look like the grab-ass trees that threw apples at Judy Garland in Oz. The extraterrestrial quantum leap that follows takes almost two hours to unravel, and then nothing happens that makes one bit of sense. Adapted by Eric Heisserer from a bizarre story by sci-fi poseur Ted Chiang, Arrival is a weird flick, slow and tedious, too metaphysical for Rod Serling's The Twilight Zone and most likely to appeal to people who like to play video games and solve puzzles. One reviewer at last year's Venice Film Festival, where this head scratcher was unveiled, praised the film for ""details of linguistic research and mathematical probability equations instead of the smash and grab of space conflicts"" in your typical sci-fi lunacies. Sorry, but I'm one of those folks who prefers a little smash and grab, myself. Since nothing ever happens, Dr. Banks pronounces the aliens friendly and surmises that the news they want to share is about the future of the planet. Nobody believes her, so the alien ships finally withdraw. Language, they insist, is the only thing that links the species to the future of humanity. Unfortunately, the aliens don't really do anything but squeal like babies with colic, and there's nothing linear about their language, so there's nothing linear about the movie, either. Result: There is no beginning, no middle and no end. This might be O.K. for a language, but a movie has to start and end somewhere."
269,WYA_Doc9_Arrival,WYA_Doc9_Arrival,WYA,Sci-Fi,Negative,Arrival,"At first, they look like giant black eggs hovering in the sky. Seen up close and in profile, they are more like the dark slashes in a Lucio Fontana canvas. These are the extraterrestrial spacecraft in Arrival, which appear suddenly one morning and plonk themselves in assorted locations across the planet with little or no regard for parking restrictions. Arrival itself is less unexpected. Early November is the official launch period for adult-oriented science-fiction movies angling for awards recognition: Gravity, Interstellar and The Martian were all released in that slot and Arrival contains DNA carefully extracted from each. From Interstellar, it lifts a circular plot structure, signalled far in advance by an opening speech disputing the notion of beginnings and endings. From The Martian, it takes its pragmatic approach to a fantastical situation, represented in the new film by the challenge of communicating with alien visitors. Most importantly, Arrival borrows from Gravity a grieving female protagonist, in this case the linguistics professor Louise Banks (Amy Adams), who is mourning the loss of her daughter. The screenwriter Eric Heisserer, working from a short story by Ted Chiang, knows that there can be no faster route to empathy than a dead child, and the director, Denis Villeneuve, finds the appropriate visual register for a montage of the girl's life in the soft hues and artful blurs redolent of a commercial for private health care. Louise lives alone in a stylishly chilly waterfront property, far too pricey for an academic to afford but spacious enough to denote emotional desolation. So when the US government requests that she join the physicist Ian Donnelly (Jeremy Renner) to instigate a conversation with the aliens, the project provides respite from her grief. Inside the spacecraft docked in Montana, they converse through a gleaming white rectangle that suggests a blank cinema screen. Tentacles figure strongly in the composition of the creatures, who communicate by honking like trombones and spraying inky characters on the screen for Louise to decipher. It is fitting that these splodges resemble Rorschach blots, since the film is concerned not with the enigmas of an exotic species but with what the extraterrestrials' existence might reveal about the human race. Where Close Encounters of the Third Kind gazed outward in awe at the universe, Arrival asks only how its mysteries might provide succour and illumination for us. It couldn't be any more parochial in its outlook if Louise and Ian were shown posing for selfies with the aliens. As the story loops round on itself and Louise's memories of her daughter start to provide clues and pointers, the film becomes carried away by its attempts at profundity. The past is the future . . . The future is the present . . . The child had a palindromic name . . . She made clay models that predicted what the aliens would look like . . . In a movie, the air of cosmic spookiness is less impressive than in life, because these are not really"
270,WYA_Doc10_Arrival,WYA_Doc10_Arrival,WYA,Sci-Fi,Negative,Arrival,"How do you create a movie about space aliens and still make it seem new? This is the conundrum posed, and not all that ably resolved, by ""Arrival,"" which stars Amy Adams as Dr. Louise Banks, a linguistics professor who is tasked by the US military with figuring out how to communicate with the squiggly, squidlike extraterrestrials whose spaceships, landed on Earth, resemble an immense ultrasleek cough drop. It begins promisingly, with scattershot TV reports of the alien landings inciting increasing dread. A reluctant Louise is recruited by an Army colonel (Forest Whitaker) to decode the squealing language of the aliens, whose spaceships are ominously parked at 12 locations around the world. We have already been given a quick rundown on Louise's fraught life leading up to this moment: the unexplained loss of her husband and the death of her only child, a daughter, to cancer. Her mournfulness is all of a piece with the film's pallid, grayish ambience. Earth may well be worth saving, but ""Arrival"" doesn't exactly make the best case for it. The mounting, low-key anxiety serves the film well for a while because Denis Villeneuve, directing from a script by Eric Heisserer, makes you believe that, yes, this is the way it might really happen if aliens landed. It's also believable that the arrivals might touch off a global game of chicken, with Russia and China pushing the brinkmanship. Fairly soon, alas, it becomes clear that Villeneuve (""Sicario,"" ""Prisoners"") is a director lacking not only humor but also a sense of the transcendent. The humorlessness is partially forgivable, although I must say I have been spoiled ever since ""Close Encounters of the Third Kind,"" which managed to be both loads of fun and mind-boggling. (This is what ""The Martian"" also aimed for, and missed.) But it's difficult to get worked into a state of awe with this film because so much of it is so sodden. I half wished the aliens would blow something real big up just to break the monotony, but it turns out they are friendly  sort of. They eject squid ink-like messages that, once decoded, mean something like ""We come in peace."" Turns out they want to literally change the way earthlings think by rewiring our brain circuits with their language, which, once learned, can alter our space-time continuum. Or at least Louise's. Or something like that. I guess it doesn't matter exactly what this film is about. Except it does. When we've come this far, I rightly expect that all this circle-of-time hoo-ha will amount to something more than a great big ""Huh?"" A halfhearted attempt is made by the filmmakers to give Louise a love interest: a theoretical physicist, played by Jeremy Renner, whose quota of ""Aha!"" moments is thankfully kept to a minimum. Unfortunately, just about everything about this guy is kept to a minimum. He's a plot device, except, of course, there isn't much of a plot. I realize I'm not supposed to be so cavalier about"
271,WYZ_Doc1_The_Batman,WYZ_Doc1_The_Batman,WYZ,Action,Positive,The_Batman,"You can hear the ghosts of cinema vigilantes past banging around in the pipes of Matt Reeves' new epic, The Batman. And by invoking those ghosts, the film creates an alluring combination of the familiar and the fresh. Robert Pattinson cuts an impressive figure as the terse and anguished Bruce Wayne, keeping a scribbled diary reminiscent of Taxi Driver's Travis Bickle  another lonesome self-appointed avenger who regards his city with detachment and disgust. The Batman's rain-slicked, nocturnal Gotham is also redolent of the torrentially grim city stalked by a serial killer in David Fincher's Seven. Here, our superhero is fully-formed when we meet him  we are mercifully spared another retelling of his origin story, and instead we delve right into a noirish mystery which turns the caped crusader into a part-time PI. The man he's hunting is also a serial killer  known as The Riddler (Paul Dano). A mysterious weirdo with deep knowledge of police and political corruption at the highest level of the city, he draws Batman into following a series of disturbing murders and twisted clues, right to heart of the city's rot. This is not a cartoonish Batman, to be sure. With its often disturbing violence and a sinister, booming soundtrack, it provides a certain elegant sleaze to proceedings. Zoe Kravitz is perfectly cast as the slinky Selina Kyle (aka Catwoman), tiny but mighty, and Jeffrey Wright telegraphs stalwart decency as Detective Gordon; and while everyone might be talking about Dano as The Riddler or an unrecognisable Colin Farrell as local wiseguy The Penguin, the quiet performance given by John Turturro as another Gotham mobster may be the finest of the heel turns. The Batman's action set-pieces are thrillingly executed. From a roaring car chase down a steamy, orange-lit highway at night, or a close-range gun battle in a blackout, lit in flashes by exploding bullets in the dark (like a Hong Kong movie on steroids), there is a real sense of spatial intelligence on Reeves' part vis-a-vis where to put the camera and precisely when to cut. With its distinctive look, its intriguing mystery plot, and its pitching of Batman as a symbol fraught with contradictory meaning, The Batman should honestly be a blow-your-hair-back hit. And there's a good chance it will be. But it also ties itself up in knots of its own making by the second half of the story, over-explaining and padding out the narrative and its themes until it loses the punch it began with. Reeves' film plays with ideas about institutional corruption before tossing them to the side in service of a bombastic conclusion (there have to be some good cops, it assumes), and the clunky voice-over toward the last section really raises eyebrows (""The city is angry and scarred, like me,"" Pattinson offers to us at one point.) It's a shame for the film to go out on such a tepid note, because the parts that are compelling are superb: the whiff of sadomasochistic sexual frisson between"
272,WYZ_Doc2_The_Batman,WYZ_Doc2_The_Batman,WYZ,Action,Positive,The_Batman,"Matt Reeves' The Batman is a meticulously crafted film that takes the character back to his pulpier, noir-driven roots to delightful results. It's a genuine detective story that embraces the genre wholeheartedly and the nasty details inherent to it, meaning that Reeves gets to deliver not only riveting action set pieces but also truly unnerving horror set pieces along the way. One such moment is the film's opening sequence. It is a disturbing tone-setter for the film that Reeves packs to the brim with visual references and homages, not just to Batman stories, but to the classic films whose influence only grows more palpable as The Batman goes on. On paper, this is a pretty straightforward scene. The Riddler infiltrates the home of Gotham Mayor Don Mitchell Jr. and murders him before beginning to deface his body with duct tape. But the true ingenuity of the work comes in how Reeves and Academy Award-winning cinematographer Greig Fraser stage and photograph the sequence. The Batman opens on a long shot, peering through a scope into Mitchell's home. Though the audience is initially unaware of whose point of view this is, the agile movement of the camera, the visual artifice of the scope's lens and the audible deep breathing all convey that this is distinctly putting viewers in someone's shoes. Brilliantly, Reeves keeps viewers here for an extended period of time, forcing the audience to become voyeurs themselves, observing the internal lives of the Mitchell family. This sustained long-distance shot and foregrounding of voyeurism is directly reminiscent of the titular shot of Francis Ford Coppola's The Conversation, in which a surveillance expert is hired to record a mysterious conversation happening in a public place from a great distance. With The Conversation itself, Coppola was pulling from similarly themed voyeuristic works such as Powell's Peeping Tom and Antonioni's Blowup. Years later, both Blowup and The Conversation would go on to serve as noted influences on De Palma's Blow Out. Thus, through directly visually quoting this film, The Batman is aligning itself with a long lineage of films exploring voyeurism, a theme that will go on to become integral to its story. Also, within this first shot, Mitchell and his wife are seen playing with their son, who is dressed up as a ninja for Halloween. Upon first viewing, without any narrative context yet established, this martial arts-infatuated child with wealthy parents immediately conjures thoughts of a young Bruce Wayne. But Reeves utilizes this to subvert expectations in very much the same way Burton does in his 1989 Batman. That film similarly opens with wealthy parents and a young boy (who the audience initially assume is Bruce Wayne) being the victims of a crime, only for Batman to show up and save the day. Reeves pays homage to the earlier film while also telegraphing to the audience that he's aware of how familiar this story is to viewers, and he's going to use that to his advantage. Once The Riddler is inside the home,"
273,WYZ_Doc3_The_Batman,WYZ_Doc3_The_Batman,WYZ,Action,Positive,The_Batman,"In the pursuit of making comic book adaptations fun and engaging pulp entertainment, some of the nuance of the source material and character are lost. Sure, there are enigmas to be unraveled in the course of those films, but they feel perfunctory rather than essential. Matt Reeves' The Batman brings us closest to the essence of the Batman character than any film adapted from the DC comics have since Tim Burton's inaugural Batman in 1989. DC stands for Detective Comics and was abbreviated long after the character of Batman was introduced. Batman, with all his fancy gadgets and gizmos, is an investigator, a detective who follows the trail of perfidy and malfeasance to its source in order to attempt to thwart the villain. The Batman distills that mystery thriller down to its essential parts and crafts an involving and often riveting adventure narrative pitting Bruce Wayne's vigilante alter ego against one of his most challenging and clever foes: The Riddler. The story revolves around a series of high profile killings that expose corruption at the heart of Gotham City's power structures, including the offices of the mayor and district attorney all the way into the heart of the police department. It's a venal, corrupt landscape into which Batman has been reticent to inject himself, focusing on petty and hardcore street-level crime. The Riddler has other ideas and believes he and Batman are simpatico in wanting to cure the disease that has tendrils reaching into the upper echelons of the city. Their ideals aren't far removed from one another with the chosen method of execution the clear distinction. However, once drawn to the similarities, Batman can't help but see them and it's his struggle to avoid them that keeps him in pursuit of answers, which may well include painful truths about his family's legacy. Robert Pattinson brings the brooding he's often made famous in other works to bear on a character who is weary of his role as defender of a city in constant peril. He fears that his attempts to rid the streets of crime are all for naught. Paul Dano is far superior as the incomparably brilliant Riddler who wants to bring down the institutions that allowed him to become stuck within the bureaucratic nightmare of orphanhood. Colin Farrell, given too little to do, is unrecognizable, both in terms of makeup and performance. He's learned a great deal about creating subtlety in his work. Thankfully, Reeves is capable of allowing that to run through the character rather than curbing his efforts. This same freedom allows the likes of Jeffrey Wright and Zoe Kravitz to give their own twists on familiar characters. The same cannot be said for John Turturro, Andy Serkis, and Peter Sarsgaard. Sarsgaard has a relatively unfamiliar character to play, so his isn't a performance comparable to others, but Turturro and Serkis are the weakest links in the film, delivering uncharacteristically mediocre work. At almost three hours, Reeves' film is a bit long in the tooth, yet"
274,WYZ_Doc4_The_Batman,WYZ_Doc4_The_Batman,WYZ,Action,Positive,The_Batman,"Matt Reeves is a director who has always delivered against the odds. An English language remake of Let The Right One In? Terrible idea and yet Let Me In was a great take on the story. Turning a reboot of the Planet Of The Apes franchise into one of the best and simultaneously most underrated trilogies of all-time? No problem whatsoever. So when he announced that he would deliver a new take on the Caped Crusader, a superhero who has had five iterations in the last thirty three years, there was the usual scepticism. However The Dark Knight is the comic book equivalent of Shakespeare's Hamlet. A tortured protagonist who lost his father that can be adapted to new and exciting visions and The Batman is no exception. We have had camp Batman (Adam West), Gothic Batman (Burton), grounded Batman (Nolan) and sad Batman (Affleck). Even a Lego Batman. Finally, we get a sleuthing Batman. You know the detective Batman who appeared in Detective Comics. If The Dark Knight felt like the genre's take on Heat, with an intrinsically linked hero and villain, this is Batman via Se7en. The Caped Crusader forced to solve the elaborate and chilling games of The Riddler who is targeting political figures in the city. Reeves wastes no time in putting his own unique stamp on proceedings. The opening segment which establishes Gotham City and Batman's current place in it is arguably the character's strongest introduction since Keaton's in 1989. The moment he emerges from the shadows, ""Criminals think I'm hiding in the shadows... I am the shadows"", Pattinson's Batman is anger and retribution personified. After beating a punk half to death, when he says ""I'm Vengeance!"", he means it and you feel it. It helps when the scene is scored by Michael Giancchino, who is able to deliver a haunting and dramatic new theme for The Bat. Outside of Reeves and Pattinson, Giancchino has the trickiest job of the crew. Having to, ironically, emerge from the shadows of the likes of Danny Elfman and Hans Zimmer. To create a score and theme that is distinct from theirs, is memorable but also fits in with this new version of the story. They shoot, he scores. Not only is it tonally perfect but his theme for The Bat and The Cat is the sexiest the series has ever been. Building on the excellent chemistry between Pattinson and Kravitz. So what of Robert Pattinson? R-Patz or is that now R-Batz? The worst vampire in the world who took ten years since the last Twilight film to turn into a bat! The actor left behind the tentpoles to have a career on the fringes. Choosing interesting projects over paydays and becoming the poster boy for A24 in the process. Those who criticised his casting had clearly watched Twilight and not the like of Good Time and The Lighthouse. Given the past few films on his resume, there must have been something to Reeves's vision that lured him back"
275,WYZ_Doc5_The_Batman,WYZ_Doc5_The_Batman,WYZ,Action,Positive,The_Batman,"Engulfed in blue smog with a front grill glowing red, the Batmobile of Matt Reeves' The Batman looks and moves like a terrifying demon. Its rear muscle car spoilers evoke devils in medieval paintings, and the fiery blast of its engine roars like a biblical dragon. Behind the wheel is someone equally otherworldly: A fully transformed Robert Pattinson brings a freakish spin to an enduring DC superhero. You've seen gritty Batman before. But you've never seen gritty Batman like this. Operatic, simmering, and replete with a smoky noir atmosphere, The Batman is an enthralling package of contradictions. It is in many ways the ideal amalgamation of Batman and his 80-plus years of history; it's a movie where his vengeance doesn't negate the camp fun of a climax set in ""Gotham Square Garden,"" a gag practically ripped from the Adam West era. In other ways, it's subversive of popular notions of what the Dark Knight should be. See Bruce cake on black eye makeup, his leaner physique, and his royal botching of a dramatic escape. What's been subtext in analyses of Batman  a calculating sociopath whose wealth can't buy him resolution  is now all on the surface. And it's the first time that Batman has ever felt dangerous. The Batman will go down as another game-changer, with its unique take on an iconic hero that is more of a feral vigilante than a crusader. The Batman is set in its own universe. From the jump, Reeves pushes back against the superhero industrial complex to leave out needless universe-expanding Easter eggs. In this canon, ""The Batman"" is a known entity with unknown capabilities. He has been a folk legend at work for two years. When his signal is in the sky, criminals shudder in dark corners and darker alleyways out of fear they'll face the fury of the vigilante. ""I can't be everywhere,"" narrates Pattinson in the role of Bruce Wayne/Batman as he journals. With a straight face, he remarks, ""I am the shadows."" Fear is an effective deterrent. But Bruce Wayne suspects his efforts have done little to lift Gotham City from its apathy. What's worse, he lacks the trust of Gotham and its people. Walking into a crime scene, he's gawked at with suspicion by the police. Batman's despair that his work's been for naught is proven right by a string of high-profile murders, committed by cryptic mastermind Riddler (Paul Dano). The Riddler  whose eyes pop behind translucent glasses and whose first appearance is one of the scariest intros ever in a superhero movie  provokes Batman to seek the truth to his family's legacy. Joining Pattinson and Dano is Jeffrey Wright as Jim Gordon, a lieutenant in the Gotham PD who risks his badge by working with Batman. In makeup, an unrecognizable Colin Farrell plays the Penguin, a gangster club owner, while John Turturro is slick mafioso Carmine Falcone. Andy Serkis is the paternal Alfred, and Zoe Kravitz is bewitching as Selina Kyle/Catwoman. It's deceptively easy"
276,WYZ_Doc6_The_Batman,WYZ_Doc6_The_Batman,WYZ,Action,Negative,The_Batman,"There are very few things that are still expected in this life. Those include Kanye West saying or doing something totally outrageous, Donald Trump calling the 2020 presidential election rigged and an egotistical Bruce Wayne basking in his obscene wealth and heroism in equal measure. And now, writer-director Matt Reeves' ""The Batman"" has eviscerated that third bullet point. But who is The Caped Crusader without all the flair, duality and unsettling humanity that has made him so fascinating to watch on the big screen all these years? The short answer from the new film could also be determined after shaking a magic eight ball once: ""Reply hazy, try again."" This irresolute reaction comes not just because ""The Batman"" is a stark departure from what we've seen before theatrically. (Honestly, it would have to be different in order to justify its existence just shy of a decade after Christopher Nolan's superb ""The Dark Knight"" trilogy). It's that ""The Batman"" reaches for an ingenious and compelling new way to tell a story about the thin lines between corruption, greed and nobility  but ever so limply and always just out of its grasp. That's a bit jarring to witness after decades of watching the masked vigilante, played before by a bevy of actors like Adam West and Ben Affleck, navigate these muddy waters with sleek confidence even while making questionable choices in the most dangerous situations. With Robert Pattison in the role, ""The Batman"" character is considerably precarious and apprehensive. However, he seems to also have a big heart and wants to be part of the change for reasons not based on pride or rage but something else he can't quite put his finger on (and the movie, frustratingly, never tells us). Part of that pathos is due to age. We meet Bruce Wayne younger than we've seen him previously and in an earlier era of Gotham City. It's about 20 years after the brutal murder of his billionaire parents, which puts him at around 30 years old. He's alone and mopey, though evidently not without hope that he can clean up the streets  simply because he feels he must. That timid faith compels him to blindly align with law enforcers, even though we know their system to be contributing to the corruption, like lieutenant Gordon (Jeffrey Wright), presumably because it's the right thing an orphaned child should do to exact what he calls ""vengeance."" But that's a word repeated often in ""The Batman"" without any real heft to it. In fact, much of how Batman operates is mechanical. Not yet inhabiting his more familiar staggering presence that can alternate between reckless and flashy  as he does in later years when he flits from brawling in dark alleyways to lavish parties at the Wayne mansion  Bruce here is a shell of who we know he becomes later. Both the young Batman and the young Bruce are uncertain and terribly dull to watch, even in the film's thrilling chase scenes"
277,WYZ_Doc7_The_Batman,WYZ_Doc7_The_Batman,WYZ,Action,Negative,The_Batman,"Over the last several decades, we have seen a number of different iterations of Batman come and go, from the early days of the serials, to the late '60s with Adam West, to the later film adaptations with Michael Keaton, Val Kilmer, George Clooney, and Ben Affleck. And now, Warner Bros. has decided to reboot the series once again, this time with the intriguing choice of Robert Pattinson as the legendary Dark Knight. However, this version, from director/co-writer Matt Reeves, is not only a much darker approach, but it also goes back to the original source material, where the titular hero was a full-on detective. Turning the franchise on its head like this was certainly a fascinating gamble, but would it prove to be the right direction to take the beloved character? The film opens as the Mayor of Gotham City is murdered by a mysterious psychopath called The Riddler (Paul Dano). The crime is investigated by Batman (Robert Pattinson), aka billionaire Bruce Wayne (two years into his crime-fighting job), and Lieutenant James Gordon (Jeffrey Wright) of the GCPD. A message is left at the crime scene for Batman, leading him deeper into The Riddler's game, ultimately entangling him with Selina Kyle (Zoe Kravitz), a young woman attempting to track down her friend, Carmine Falcone (John Turturro), a major crime lord in Gotham, and Falcone's right-hand man, The Penguin (Colin Farrell), with various pieces of the past coming to light along the way. It was no secret that there had been a lot of trouble getting the character of Batman up and going again after Christopher Nolan completed his outstanding trilogy in 2012. Ben Affleck was a decent fit for the part, but he just happened to be plagued with some pretty awful writing when it came to ""Batman vs. Superman"" and ""Justice League."" In that regard, it made perfect sense to start again from the ground up, which brings us to Matt Reeves' new, even moodier & darker version. Starting off with the high points, the film is very well shot by recent Oscar-winning cinematographer Greig Fraser (""Dune""). As mentioned, it's a very dark film, but the composition throughout is very skillfully executed, making for a grand visual feast. And speaking of grand, Oscar winner Michael Giacchino provides a suitably epic score to accompany the grand scale of the film. Lastly, if one person had to be singled out of this entire cast, it would have to be John Turturro, who gives the standout performance of the film as crime boss Carmine Falcone, despite having a rather short amount of screen time. Unfortunately, now we need to delve into what doesn't work about the film, which is, sadly, quite a bit. However, its number one issue is simply that Matt Reeves and Peter Craig's screenplay is rather weak. It was definitely an intriguing idea to go back to Batman's roots as a great detective to explore an area that we don't get to see very much of, but their"
278,WYZ_Doc8_The_Batman,WYZ_Doc8_The_Batman,WYZ,Action,Negative,The_Batman,"So we're doing this again. The third person to play Batman in the last decade (fourth if you count Will Arnett's ""Lego"" version), as if Batman and Spider-Man were locked in an epic battle for the most versions in the shortest time frame, which of course is inaccurate because property rights ensure the two characters can't face off ever. But it's hard not to wonder if even those who love the superhero era feel like we've emerged into a new level of overkill and familiarity to the point of numbness. If it seems like this review is in no hurry, that's because the nearly-three-hour ""The Batman"" isn't either. Directed and co-written by Matt Reeves, the film is hardly the first DC adaptation to feel murky and bleak. But, outside of a handful of surprising and surprisingly effective bits of humor, this might be one of the grimiest, darkest depictions of a comic book character, refusing any cartoonish glee and doubling-down on an intense film noir that just happens to feature a man in a bat suit (Robert Pattinson) pursuing a guy who calls himself the Riddler (Paul Dano). It's not as if the Batfleck years are sacred or anything, and even the Christian Bale/Christopher Nolan ""Batman"" trilogy can feel bloated or painfully serious in hindsight. The Keaton, Kilmer and Clooney Batmen feel ages ago. But ""The Batman"" needed a stronger narrative to justify its length and its redundancy, inevitably plopping us back into Bruce Wayne's isolated world and contextualizing it with the murder of his parents and the progressive disintegration of Gotham's social stability. That this time it comes in the form of a very generic story of possible corruption between criminals, government officials and police officers is barely enough to generate a shrug. It's hard not to want to fast-forward the Dark Knight's investigation, especially in a few moments when the movie and the character choose forced complication over being intellectually sound. That the ultimately disappointing enterprise remains watchable is a testament to a few killer sequences and the charisma of Zoe Kravitz as Selina Kyle/Catwoman, arguably the only cast member to instill freshness into her performance. Pattinson is a good, straight line here, but the role removes much of what makes him an electric performer. Dano does about what you'd think Dano would do, and there isn't quite enough of Colin Farrell's amazingly unrecognizable Penguin to comment; he's just here to be a villain later on. So after all the hype and length and analysis, we arrive at neither the best Batman nor the worst, just another one. If it's neither fun nor searing, even those iconic pointy ears might struggle to hear the point."
279,WYZ_Doc9_The_Batman,WYZ_Doc9_The_Batman,WYZ,Action,Negative,The_Batman,"Somewhere inside The Batman there's a taut, slow-burning, two-hour crime drama right out of the 1970s golden decade of film. Unfortunately, director Matt Reeves and co-writer Peter Craig gorged themselves on the Batman mythos and wound up creating a sluggish, over-stuffed draft of a mini-series awkwardly crammed into movie form. Falling in love with Gotham itself, they spend a lot of time presenting an interminable link-footage travelogue of characters driving to and fro, forgetting that Gotham on film has always been '70s-'80s post-bankruptcy New York City, the most over-exposed cityscape in film history. The last thing anyone needs is an extensive tour of such a standard-issue backdrop. During the film's production, its creators also appear to have lost interest in their genuinely compelling central storyline, leading them to drown it in an indigestible gooey topping of expendable sub-plots. It's as if they were thinking, ""We need to wedge in an emotional context involving a loyal family retainer here but get it over in as little time as possible! Can we unnecessarily flag biographical connections between characters, please? Oh, don't forget to shoehorn in the irrelevant late cameo for a popular character! We need urban blight cliches on set, please! Can someone make up a new drug for no reason? Give Wayne a secretary but only give her 20 words. Where are the sad orphans and pitiful drug users I ordered?"" The reasons for The Penguin to even be in this film are tenuous at best while most other side-plots never even rise to the level of red herrings. However, very early in the film's interminable running time was a scene that stunned me. Unfortunately, that scene was when Robert Pattinson's Batman (aka Bruce Wayne) spies on Zoe Kravitz's Selina Kyle (aka Catwoman) as she undresses. It's a well-worn cliche that has always been tone-deaf to the fact that in real life  even if it was Pattinson himself ogling a woman through binoculars  it would still be creepy, disturbing, and gross. Miraculously, there are still film executives who feel that it is unrealistic, nay impossible, not to include footage dwelling on a hot female body in a way that doesn't advance the plot, develop a relationship, or add any crucial subtext. Batman's presence occurs while looking for a woman, Annika Koslov (Hana Hrzic), who it turns out is hiding at Kyle's apartment. While failing the Bechdel Test by permitting only the most stunted communication between the two women, the film prioritizes cramming in an insinuation that Kyle is bisexual. The film rejects the potentially more powerful idea that mutually supportive friendships are vital to working-class women with precarious lives, in favor of ramping up the sexualization. Rather than lending significance to Kyle's sapphic side, the film rests on the cliche that lesbians can be 'cured' by heterosexual exposure, with Kyle converted as soon as a sufficiently hyper-masculine archetype, the Batman, walks into her life. This depthless portrayal is an instance of the strategic use of bisexuality where openness to"
280,WYZ_Doc10_The_Batman,WYZ_Doc10_The_Batman,WYZ,Action,Negative,The_Batman,"The Batman is longer than Pulp Fiction. It's longer than Heat, it's longer than The Godfather, it's longer than 2001: A Space Odyssey. True, there have been some great movies that are longer  Apocalypse Now, Braveheart, The Godfather Part II  but one important distinction here is that none of those were about Batman. Most importantly, this one feels long. You know that scene where the Joker sits in an interrogation room and describes his evil plans, and Batman punches the bulletproof glass and screams that he's a madman? In The Batman, that scene (in this case featuring The Riddler, played by Paul Dano) takes place more than 90 minutes into the movie. This bloat would be a lot easier to explain if The Batman was your typical lynchpin in an expanded universe, a movie responsible for staging meet-ups for 10 other superheroes while establishing storylines for three other villains  a la one of the Avengers movies, which I definitely wouldn't want to sit through again either. But The Batman isn't even part of the DCEU. This was supposed to be a weird, stand-alone take on Batman, like Joker (which lots of people hated but I mostly loved). At times it does feel like Matt Reeves is attempting something admirably bold here, an angsty film noir that happens to have Batman in it, a Gotham-based Chinatown or a Seven (two movies 40 or 50 minutes shorter than The Batman, incidentally). Reeves's Gotham certainly rains a lot. But for all its self-consciously hard-boiled pretensions, The Batman still manages to feel like 10 pounds of shit stuffed into a five-pound sock. Your mileage, so it should go without saying, may vary. Just as in his Planet of the Apes movies (Reeves directed Dawn Of The Planet Of The Apes and War For The Planet Of The Apes) there's a lot to love about Reeves' stylish compositions and obvious high level of craft. For me, it's hard to get past the fact that Warner Brothers seems to have found the only blockbuster director with even less of a sense of humor than Christopher Nolan. And Reeves' work seems to lack Nolan's vulnerability. Tim Burton's Batman movies were emo. Christian Bale growled and brooded. This version seems joyless, lacking any sense of playfulness that would've made the potboiler truly engaging. We don't have to watch Batman's parents get murdered this time around, which I suppose is nice. Reeves, with a script co-written by Peter Craig (The Hunger Games, 12 Strong), skips straight to Bruce Wayne as a reclusive, brooding orphan, cooped up in a weird old house with his surrogate father, Alfred, played enjoyably here by Andy Serkis, who brings a chavvy muscularity to the role. The plot turns on the murder of Gotham City's mayor by The Riddler, a Zodiac-esque serial killer who leaves cryptic ciphers addressed to Batman at the scenes of his crimes, as well as creepy vlogs where he screams into a voice modulator until it distorts. The"
281,JKW_Doc1_Minority_Report,JKW_Doc1_Minority_Report,JKW,Sci-Fi,Positive,Minority_Report,"The runt in the litter of Steven Spielberg's great movies, Minority Report is an unqualified success, a motion picture that like most films worth their weight deepens and expands upon repeat viewings. If there was initially any reluctance on my part to award this a four-star rating, it was because, for all its merits, it doesn't quite belong on the same level as all those other Spielberg four-stars, movies like Jaws and Raiders of the Lost Ark and Saving Private Ryan. Yet on a more generous sliding scale, this was markedly superior to practically everything else that had played theaters in 2002  among the year's offerings, only Todd Haynes' Far From Heaven and Hayao Miyazaki's Spirited Away also earned perfect scores. Expanding a 1956 short story by Philip K. Dick (whose works also inspired Blade Runner and Total Recall), screenwriters Scott Frank and Jon Cohen plunge viewers into the Washington, DC of the year 2054. For the past six years, there have been no murders in the DC area, thanks to a branch of the Justice Department known as the Pre-Crime Unit. Brought to fruition by kindly creator Lamar Burgess (Max von Sydow) and largely run by Chief John Anderton (Tom Cruise), the unit relies on three ""Pre-Cogs"" who have the ability to see murders before they even occur, which in turn allows Anderton and his men the opportunity to arrest the killers before they've actually killed anybody. It's a perfect system, everybody keeps insisting, but with the Pre-Crime Unit on the verge of possibly going national, pesky government agent Danny Witwer (Colin Farrell) suddenly shows up and starts asking the difficult questions. Whether Witwer hopes to shut the operation down or replace Anderton as its main man remains shrouded, but things certainly appear to be swinging in his favor either way when Anderton gets pegged by the Pre-Cogs as a murderer, destined to assassinate a man he hasn't even met in approximately 36 hours. It has long become a cliche to gush over the ability of a motion picture to create its own self-contained world, yet there's simply no other way to describe the sights and sounds of Minority Report. From the very first frame, Spielberg and production designer Alex McDowell present a fully realized universe, a place that basically looks like today but with some logical technological advances added for good measure (in that respect, the movie draws comparison to gritty futuristic flicks like A Clockwork Orange, RoboCop, and, of course, Blade Runner). In this brave new world, cars drive up the sides of buildings, animated characters on cereal boxes sing and dance for the pleasure (or annoyance) of the consumer, and headlines on newspapers automatically change with each breaking story. Most ingeniously  and surely the most natural progression from where we stand today  ads on billboards directly address each person walking by, making modern society's Internet impersonality seem quaint by comparison. As an added credit, this is that rare movie in which product placements"
282,JKW_Doc2_Minority_Report,JKW_Doc2_Minority_Report,JKW,Sci-Fi,Positive,Minority_Report,"Minority Report might take place some fifty years after the film was shot, but the film's themes are still relevant almost twenty years later. This movie marks the first collaboration between Steven Spielberg and Tom Cruise. It raises provocative questions: what if we could know the future? And what if the person seeing it discovered they were about to commit a murder? Based on a Philip K. Dick short story, the film requires the audience to buy into the science early. Once you do, it's easy to sit back and enjoy the ride. Even in 2020, the science depicted feels surprisingly believable. There's much to consider about the eye-dentification technology. Social media platforms already track our faces, and companies target us online via cookies. Philip K. Dick seems prophetic in his science-fiction vision. He also wrote Blade Runner. One of the film's central themes is free will versus determinism. If we could see the future, could we change it? Minority Report explores this beautifully, asking whether foreknowledge frees or traps us. The Department of PreCrime primarily focuses on preventing murders. The three pre-cognitivestwo male twins and one femalesee visions of the future, displayed on a large screen. They do not interact with the outside world. Agents in the department then work to arrest individuals based on these visions. This concept drives both the plot and the tension of the film, as the system's reliability is constantly under scrutiny. PreCrime Captain John Anderton (Tom Cruise) struggles after the disappearance of his son, Sean, and is separated from his wife, Lara (Kathryn Morris). Anderton's life takes a drastic turn when he appears in a pre-cog vision just as DOJ agent Danny Witwer (Colin Farrell) visits the agency. On the run, Anderton learns from PreCrime creator Dr. Iris Hineman (Lois Smith) that Agatha (Samantha Morton) sometimes sees alternate visions called ""minority reports."" These conflicting visions are crucial to the film's central mystery. A central plot point involves Ann Lively (Jessica Harper), who is revealed to be Agatha's mother. As Anderton investigates, he discovers he is being framed, while Witwer starts to question the system after studying the footage. However, the true manipulator, PreCrime's founder Lamar Burgess (Max von Sydow), has been covering up a murder. This layered conspiracy keeps audiences on edge until the climax. While Minority Report features the usual sci-fi thrills, it also ventures into film noir territory. The film's color palette contributes to this aesthetic. Spielberg described it as ""the grittiest-looking entertainment movie I've ever done,"" not counting Schindler's List or Saving Private Ryan. The visual style underscores the tension and moral ambiguity central to the story. John Williams's score departs from his usual tonal work for Spielberg. Instead of familiar themes, the music heightens suspense, drawing inspiration from Bernard Herrmann's legendary compositions. The score complements the thriller elements and reinforces the film's darker, futuristic tone. Spielberg often tells stories set in the past, frequently around World War II. Here, he jumps fifty years into the future. The film's release"
283,JKW_Doc3_Minority_Report,JKW_Doc3_Minority_Report,JKW,Sci-Fi,Negative,Minority_Report,"Once again this year we are graced with a futuristic sci-fi flick based on a short story by the visionary Philip Dick, this time in the form of ""Minority Report"", which poses the intriguing hypothesis: What if we could see into the future and arrest people before they commit a murder, or any other crime for that matter? Set in the year 2054 in Washington, D.C., Tom Cruise stars as John Anderton, who, having lost his son, now does his best to prevent murders before they happen as Chief of the elite Pre-Crime Division of the Justice Department. Assisting him are three genetically altered precognitives known as ""Pre-Cogs"" who are attached to machines that record their visions of murders which are ""set"" to occur anywhere from a few minutes to four days into the future. With each vision, two wooden balls roll out of the machine attachment, each one bearing the name of the killer and victim. As a result of this ""perfect"" system, Washington, D.C. is now murder free. (Let's face it, given our life and times, Dick should have set this scenario in 3054 to have any plausibility.) Believing the Pre-Cogs infallible, Anderton advocates nationalizing the Pre-Crime system, that is until the Justice Department questions the methods and techniques utilized by the Division and Anderton himself becomes the subject of a Pre-Cog vision seeing him committing a murder. Suddenly questioning the accuracy of the system (since he of course knows he's innocent and will continue to be innocent), Anderton goes on the run, stealing a female Pre-Cog named Agatha, setting us up for what now becomes a routine futuristic chase movie. Directed by Steven Spielberg, ""Minority Report"" reeks of the darker tone and color desaturation found in Spielberg's last futuristic foray, ""A.I."", a technique that works well in this type of film and once again is executed beautifully by long time Spielberg cinematographer Janusz Kaminski. Hand in hand with Kaminski's artistic flair, are some dazzling special effects action sequences, including a chase on a vertical highway that is so impressive, you have to see it to believe it. (Warning  those with severe motion sickness may want to cover their eyes at this part.) Not to be outdone, many scenes which one would believe are special effects, are in fact, the result of elaborately and elegantly choreographed camera maneuvers which are expertly executed and utilized for maximum dramatic effect. Cruise performs admirably as Anderton, using physicality and controlled raw emotion to their best advantage as he manipulates not only his pursuers, but the audience as well. An excellent counterpoint to Cruise's energetic yet psychologically tormented Anderton is Samantha's Moore portrayal of Pre-Cog Agatha  tacit, ethereal and seemingly helpless. Max von Sydow, no stranger to the futuristic and fantastic (""Dune"", ""Judge Dredd"" and ""The Exorcist"") steps in as Anderton's superior, Bureau Director Burgess, exhibiting an almost fatherly pride in his protege Anderton while relative newcomer, Colin Farrell is perfectly cast as the bureaucratic FBI investigator Danny Witwer who"
284,JKW_Doc4_Minority_Report,JKW_Doc4_Minority_Report,JKW,Sci-Fi,Positive,Minority_Report,"In the movie it's the future (2054) and we now see Washington D.C. where a system known as pre-crime is born. Pre-Crime is a new law system where people known as pre-cognitive are used as machines which can foretell the future and predict a major crime. Tom Cruise plays John Anderton, one of the best officers who bust the people who commit the pre-crimes. The system is perfect, flawless and it does the job... but what happens when the system turns on you? Now, accused of killing a man in thirty-six hours he doesn't know, he is now on the run from his own task force and a Government official (Colin Farrell) who wants him at all costs. I am a huge fan of Steven Spielberg's works. So, it was no surprise I'd try and check this out as soon as possible. I became a little jaded by his latest work ""A.I."" which was sub-par, gloomy, and very confusing. I had my doubts going into this, but as I suspected I was in for a good time. This has to be one of Spielberg's best ever; we instantly begin to become dazzled as Spielberg leaves us in awe with an incredible world which seems to be a mix of futuristic landscapes and skyscrapers mixed with small town suburbia and old-fashioned houses. We also get an amazing view of the highways of the future as cars not only drive along the ground but up on the sides of building into the skies. The city is very overcome by computer -generated ads by fashion companies and commercials that know our names and offer us products non-stop. We're also kept under monitor as our eyes are scanned and indexed before we enter anyplace from bathrooms to trains. We get this view of the new world which is beautiful yet still very dangerous. The cast is phenomenal as Tom Cruise is at his top as John Anderton. We believe he is in danger and never doubt his desperation. I always question Tom Cruise as an actor, but this movie has proven me wrong. We get excellent stunts performed by Cruise himself as he scrambles desperately throughout the movie attempting to cheat a system that is basically fail safe. Colin Farrell is also truly excellent as Danny Witwer, the suspicious government operative who questions the system's accuracy and will stop at nothing to catch John. The two plays off each other very well in action scenes and truly have excellent chemistry as they throw dialogue back and forth to one another, challenging each other's expertise. Max Von Sydow is a great compliment to this movie as Tom's Mentor and often his confidant helping him to fight off the law. The movie makes itself out to be a man-on-the-run movie when truly it is an intricate Hitchcockian murder mystery with plot twists and turns at every corner that kept me on the edge of my seat. This movie is very reminiscent of the golden era of"
285,JKW_Doc5_Minority_Report,JKW_Doc5_Minority_Report,JKW,Sci-Fi,Positive,Minority_Report,"In the satirically detailed world of Minority Report, which unfolds in 2054, you can't walk into a Gap store without a hologram greeting you by name and complimenting you on the last item you bought there  perhaps you'd care for a black tank-top? Privacy is dead, and people visit a virtual-reality club to explore their wildest fantasies; one man wants to kill his boss, but knows that if he plans to do it for real, Washington's Pre-Crime unit will catch him before he carries it out. Experience seems to be dead, too. The population is safe from certain forms of physical aggression, but they've all been pre-emptively neutered, like Alex in A Clockwork Orange. I refer to that Stanley Kubrick classic for a reason: Minority Report, despite some eleventh-hour lapses and rhetorical flab, is the movie A.I. should have been. Steven Spielberg, adapting Kubrick's long-cherished project last year, missed the mark so completely that the result offered the best of neither director. But Minority Report is the real thing, more Kubrick than anything Spielberg has done, and more Spielberg than anything Spielberg has done in too many years. I had given up hope, fearing Spielberg to be lost in his warm bubble bath of homilies: His recent movies haven't been entertaining or even educational  they've been instructional. Well, Spielberg seems to have snapped out of it. He is working once again with his trademark effortless sense of purpose and precision. If his previous recent films have been tepid baths, this one is a cold shower  shocking and revivifying. Tom Cruise is John Anderton, ace ""detective"" for the Pre-Crime unit. Spielberg's and Cruise's first collaboration has not produced the expected smiling, cocky, full-blooded hero, but rather an angry, hollow, flawed man, who takes drugs to kill his torment over his kidnapped little boy. Anderton is thus driven to stop crimes before they happen, though his logic is faulty, since a boy can be kidnapped and tortured for years without being ""seen"" by Pre-Crime's three precognitives, who can only see future murders. Cruise plays Anderton as a man who throws all his faith into the ""perfect"" Pre-Crime structure because if it is shown to be faulty, his work  his reason for not eating his gun  is rendered meaningless. Faulty it is, though. The ""Pre-Cogs""  cleverly named Agatha, Arthur and Dashiell  ""see"" Anderton killing someone within 36 hours, a man he's never met. The full weight of the Pre-Crime force  led by Max von Sydow as its figurehead and Colin Farrell as a sort of internal-affairs investigator looking for flaws in the system  comes down on Anderton, who flees into the city. It's there that Minority Report most closely resembles a previous bitter dystopian drama inspired, like this one, by a Philip K. Dick story: Blade Runner, in which Harrison Ford bumped up against a menagerie of colorful characters. Here, Anderton meets a crackpot who traffics in black-market eyes (Peter Stormare), a virtual-reality pimp"
286,JKW_Doc6_Minority_Report,JKW_Doc6_Minority_Report,JKW,Sci-Fi,Positive,Minority_Report,"Brilliantly realised, complex and humane, Minority Report is easily on a par with Blade Runner as one of the best adaptations of Philip K Dick's work ever made. There hasn't been a science fiction film this good for 20 years. Forget shiny buildings and action-packed chases - Minority Report has both, but it has so much more, elevating it far above the status of popular pulp. Spielberg has taken Dick's short story and spun it out into a powerful plot which retains the labyrinthine twists of the original and adds a few more, comfortably filling two and a half hours. Here we see a world as detailed and paranoid as the original, yet warmer, more human and very close to home; this only serves to make events as they unfold more chilling. It's certainly timely, but the things which it has to say will probably always be relevant. This isn't science fiction as escapism; it's science fiction as a political tool, as a means of making statements about the human condition. It's science fiction film-making at its very best. This isn't to say that Minority Report is a perfect movie; like any work on such a grand scale, it has its flaws. Sometimes Spielberg's habitual sentimentality creeps in just a little too far, yet this serves well as a counterpoint to the more vicious angles of the plot. Visually it is stunning, often reminiscent of Kubrick. Flashy future technology and architecture have been cleverly interwoven with the familiar, even the old-fashioned, to create a world which we can believe is not too far away from our own; a world which has changed, but not unrecognisably. This is a world where, in the District of Columbia, murder has been done away with thanks to the use of precognitive individuals who can spot crimes before they happen, giving the authorities a chance to intervene. All sorts of questions are raised hereby, to do with free will and whether or not one can be guilty of a crime one never actually committed, but Spielberg has the sense not to linger on them for long, since there are other matters of equal importance to be explored. Perhaps his greatest triumph is that he draws strong performances from all of his actors. A superb script enables several formidable, rounded characters to emerge, by contrast with Dick's own spare characterisation. Tom Cruise is perfect in the central role, eschewing the glamour which many feared might ruin his performance. This is perhaps the best work of his career to date, rivaling Eyes Wide Shut. The supporting cast are all excellent, which is vital to the process of misleading the audience as to just whom one can or can't actually trust. Some of the audience with whom I saw this movie evidently came away disappointed; they'd been expecting trademark Cruise glamour, Spielberg cutesiness and a pulp action plot. What they had been forced to endure instead was something which demanded that they use their brains. Minority Report is"
287,JKW_Doc7_Minority_Report,JKW_Doc7_Minority_Report,JKW,Sci-Fi,Negative,Minority_Report,"Based on the short story by Philip K. Dick, ""Minority Report"" marks the second futuristic, science-fiction epic Steven Spielberg has made in as many years (after what I believe to be his greatest achievement, ""A.I.: Artificial Intelligence""). For Spielberg, undeniably one of the most influential and visionary filmmakers of his time, the film almost seems tailor-made for his marvelous visual sense and stunning talent for storytelling. For all of its sweeping technical flourishes and seamless visual effects, however, ""Minority Report"" is as shallow and characteristically vacant as ""A.I."" was emotionally resonating and creatively groundbreaking. In other words, though it pains me to conclude, Steven Spielberg's latest opus is one of the weakest films he has made, to date. Set in a surprisingly realistic vision of what Washington, D.C. might look like in 2054, John Anderton (Tom Cruise) is the top detective on the police force's relatively new Pre-Crime Unit. Through three pre-cog oracles whose minds hold the key to the future, the Pre-Crime Force, headed by Director Burgess (Max Von Sydow), is able to stop predestined murders before they occur. The alleged success of the program has cut down on major crimes in D.C. by ninety percent. When the latest murder suspect name comes up, Anderton is dismayed to learn that it is his own. Without never having met the victim before, Anderton is convinced that someonepossibly federal agent Danny Witwer (Colin Farrell), who is after his jobis trying to ruthlessly set him up. With the police suddenly after him, Anderton has no choice but to go on the run. Breaking into the Pre-Crime building, he kidnaps the most talented of the three pre-cogs, Agatha (Samantha Morton), convinced that what she knows about his future is the key to clearing his name and saving his life. The general premise of ""Minority Report"" is a novel one, fascinating in the way the world has developed enough in fifty years that the police force has begun acting, more or less, as God to citizens. The moral implications of such a debatewhether a person's future is predestined or capable of changeare thought-provoking, to be sure, but get lost in a screenplay (credited to Scott Frank and Jon Cohen) more interested in action set-pieces, and a film that chooses style over any form of hard-edged substance. While several of the action scenes are astonishingly executed, including a death-defying jump across cars hovering in the air, and a search for John by electronic spiders sent to check the retinas of an apartment complex's tenants, what surrounds them is a thoroughly unsatisfying emptiness posing as a study of serious-minded issues. Whatever deep-rooted involvement one might have grown to have in John Anderton's dire predicament proves sterile in a sea of blank faces posing as characters. Precious little is ever learned about John, except that he blames himself for his son's kidnapping six years ago, is separated from his wife (Kathryn Morris), and has a secret drug problem, and even fewer reasons are given for why we"
288,JKW_Doc8_Minority_Report,JKW_Doc8_Minority_Report,JKW,Sci-Fi,Negative,Minority_Report,"In Minority Report, a futuristic thriller set in 2054, murder has been eliminated in Washington DC thanks to a division of law enforcement known as Precrime. Tapping into the minds of the Pre-Cogs, a trio of psychics who can foresee the future, Precrime is able to track down and arrest would-be killers before they actually commit their lethal deeds. The system appears to be flawless. But when police chief John Anderton (Tom Cruise), the head of this controversial department, is himself accused of the future murder of a man he hasn't even met, he sets out to prove his innocence, all the while hunted by his fellow officers. Based on a 1956 short story by renowned science fiction writer Philip K. Dick, Minority Report is typical of director Steven Spielberg in how it deftly melds flashy entertainment with critical issues. The movie is made up of three major ingredients: the thrilling action of an innocent man running from the law; the cautionary tale of how good intentions can go astray when not tempered by wisdom (specifically, infringing on people's civil liberties in the name of protecting them); and the old debate of human free will versus pre-ordained destiny. Unfortunately, the movie's philosophical elements take a backseat to John's mundane escape from authorities. Clearly, I understand that the relentless manhunt is more important than a bunch of metaphysical mumbo jumbo to most people. But without the pre-determined fate aspect, Minority Report is really nothing more than your standard crime drama, complete with cliches ranging from the generic framing of an innocent man to the corruption in the ranks of the police. I'm not asking for a stuffy dissertation that bores audiences like the sterile Solaris--just a comfortable balance that gives a little more substantial acknowledgement to the concept of being able to control one's own future. As it is, the film only briefly engages the notion of pre-determination intelligently when John debates Precrime issues with Danny Witwer (Colin Farrell), an agent from the Justice Department who has been ordered to find flaws in the system. John's argument of an absolute future is just about the most interesting and thought-provoking moment of the whole movie, although the scene quickly gives way to nonsense that stretches even the boundaries of science fiction (a claim that the Pre-Cogs can only foresee homicides because ""there's nothing more destructive to the metaphysical fabric that binds us than the untimely murder of one human being by another"" puts an arbitrary importance on human lives). Credibility is further shot when the story dissolves into trite cheerleading that all but says, ""You can do it! You control your destiny! Go, John!"" Cruise's frequent failure to convey emotion makes his character of John Anderton less than interesting. We see none of his conviction in the ideas of justice, none of his sense of betrayal when the system turns on him, and none of his paranoia in a suddenly hostile world. In an attempt to elicit sympathy and establish John's dedication"
289,JKW_Doc9_Minority_Report,JKW_Doc9_Minority_Report,JKW,Sci-Fi,Negative,Minority_Report,"Before I launch into what could read like an unabashedly positive review of the Steven Spielberg-Tom Cruise sci-fi collaboration ""Minority Report,"" let me get off my chest the two things that ultimately torpedo the movie's excitement and stylistic brilliance. Both problems come toward the end of the film, but I'll be vague so as not to spoil anything. 1) The whole plot resolution hinges on that tired and idiotic cliche of an antagonist giving himself/herself away through a verbal slip-up. (""Wait a minute!"" replies a protagonist, ""I never said..."") There is just no excuse for this kind of screenwriting shortcut in this day and age. It's an insult to intelligent moviegoers, especially in a film that is so enthralling until such bogus Hollywood gimmickry leaves it with a bad aftertaste. 2) The film is structured as a futuristic film noir whodunit (or who-will-do-it, as the case may be) -- yet as the last pieces of a mystery fall into place for Cruise's character, the audience is left in the dark until the last minute for the sake of a cheap surprise. Cruise stars a Pre-Crime cop in Washington, D.C., circa 2054. With the aid of unwilling ""Pre-Cogs"" -- psychics who are kept sedated while tuned in to (and terrified by) their collective visions of impending murders -- Cruise and his crack team of high-tech, jet-pack-wearing cop commandos arrest people for impeding crimes before they happen. He's a man possessed by the memory of his kidnapped son and, by extension, obsessed with his job. And he's convinced the Pre-Cog system is flawless -- until one of the psychics' typically fuzzy visions shows him murdering a total stranger in less than 36 hours. Suddenly on the run from his own men, Cruise soon learns that the Pre-Cogs don't always see the same version of future events -- but this information has been concealed to preserve the virtually crime-free world the Pre-Crime system has created. He starts to realize ""it's not the future if you stop it"" -- and the only way to stop it is to free one of the Pre-Cogs from Pre-Crime headquarters in the hopes of discovering disparity in the prediction that has made him a wanted man. Stylistically ""Minority Report"" is unquestionably the first hallmark film of 21st Century science fiction. It's also an undeniable second step in a new, dark (sometimes darkly humorous) and richly atmospheric direction for Spielberg (the first step being ""A.I."") Influenced by the cerebral sci-fi of Stanley Kubrick and Terry Gilliam, Spielberg's vision of a sleek but swarthy cityscape future is a dream-like but uncomfortably uncanny utopia. Scratch the surface of its automated convenience -- sporty self-driving pod cars on wall-climbing super-freeways, advertisements that read your retinas for identification then customize their sales pitch -- and you see what Cruise comes to realize: This is a world where it's impossible to hide. In one of the film's most memorable scenes, the police seize control of Cruise's car as it races at 100 mph down"
290,JKW_Doc10_Minority_Report,JKW_Doc10_Minority_Report,JKW,Sci-Fi,Negative,Minority_Report,"IT'S the year 2054. ''You'd think we'd have found a cure for the common cold by now,'' sniffs Burgess (Max von Sydow). He's the director of the Pre-Crime law enforcement unit that causes so much trouble in Steven Spielberg's atmospheric new thriller, ''Minority Report,'' a muscular and dense exercise of skill and verve. He's also the boss and mentor of the Pre-Crime chief, John Anderton (Tom Cruise). Although a few things remain the same in 2054 -- people still touchingly wear glasses even though eye-replacement surgery is available -- much has changed. Pre-Crime exists to stop crimes before they are committed; Pre-Cogs, a trio of beings who float in a nutrient-rich fluid, can predict when a crime will be committed and know the identity of the perpetrator. Thanks to the efforts of Anderton's team and the Pre-Cogs, there hasn't been a murder in Washington in six years. And all is right with the world. Anderton stands at a blank video screen and, using hologram-projectors built into his gloves, moves streams of evidence around gracefully; he's a combination of Michael Tilson Thomas and Tommy, the Who's blind pinball wizard. Anderton is blind, too -- to the morality of Pre-Crime. He buys the motto ''That which keeps us safe also keeps us free,'' until he becomes a fugitive himself. Accused of a crime predicted for the future, he is soon on the run. Eyes and seeing are central to the heap of metaphors in ''Minority Report'': Anderton has to have his eyes plucked out of his head -- in a sequence that brings to mind the clamps holding Alex's eyes wide open in ''A Clockwork Orange'' -- to gain deeper insight. ''Minority Report'' is a little like Barry Levinson's ''Homicide'' series, too. When a crime of passion comes into view, it's called a redball -- as the big murders were on ''Homicide'' -- but here it's literally that. A small reddish billiard ball is issued with the would-be criminal's name carved into it and it rolls down a tube into view of the team. It's another instance of treating the plot as a game. Brown balls are for premeditated crimes, and when Anderton's own name comes down the shoot, he dashes off for his life. Mr. Cruise does as much sprinting in this picture as he has in his entire career so far. He begins the movie pumping his legs so we can see Pre-Crime in action; it's almost as if he's trying to outrun the age of 40 (coming July 3) that he's been telling interviewers everywhere he's just fine with. ''Everybody runs,'' Anderton says, when pursued by his former colleagues in a chase scene that seems longer than most movies. Falling back on reflex, Mr. Spielberg cuts the sequence together as if it were a series of perfect basketball plays. This episode has two chases. After Anderton eludes the Pre-Crime squad, the determined F.B.I. agent Ed Witwer (Colin Farrell) picks up the chase. When they met earlier, Anderton and Witwer"
291,PZJ_Doc1_Drag_me_to_hell,PZJ_Doc1_Drag_me_to_hell,PZJ,Horror,Positive,Drag_me_to_hell,"When I finally saw this movie, the only place that it was playing was in the suburbs. Or at least, the closest place was the suburbs. When I went out to the suburbs, I had forgotten what suburbs are like with all the homogeneity and sterility, which was both disgusting and somewhat nostalgic, seeing as it reminded me of towns I had visited while in college. Much to my surprise, the theater chain that I was going to was a theater chain that I used to work at in college, and seeing as I had a new schedule at work, I went ahead and applied to be a projectionist at this new theater. I got the job, and no matter how shitty or annoying my days might have been working at the theater, I could always remember the first time visiting that theater as a customer. ENOUGH WITH THE MEMORIES, LET'S GET ON WITH THE REVIEW. The film opens with a segment of a family bringing their little boy to see a medium in hopes of helping remove a gypsy curse, but the medium fails and the ground opens up and the child is sucked down to Hell. FORESHADOWING, MUCH?! We then meet Chrstine (Alison Lohman), a young woman trying to move forward at the bank where she works, and her boyfriend Clay (Justin Long), a professor at the local college. An old woman (Lorna Raver) comes into Christine's bank, and in order to impress her boss with a tough decision, Christine refuses a loan extension, so the old woman stays after work to confront Christine. After the physical assault, the old woman steals a button from Christine's coat, utters some gypsy words, and then vanishes. THAT'S WHEN SHE GETS REAL. Spooky things start happening, from voices to shadows seemingly following Christine, and feeling like she's out of options, decides to speak to a medium who informs Christine that in three days, she's going to be dragged down to Hell. You messed with the WRONG old lady, Christine! With Christine NOT wanting to go to Hell, she tries to find the old woman, only to find that she has died since the curse has been given. Rut roh! Christine must seek other methods of losing the curse, from sacrificing her kitten to seeking guidance from the medium that was in the opening scene. Although the medium is able to summon the spirits, the crucial part of the ceremony doesn't take place, and Christine feels like she's out of options. She is then informed that, as a last resort, Christine can give the button as a formal gift to someone else, and that other person will take over the attention of the curse and be sucked down into Hell. While debating who to give the button to, an incredibly elderly man, the sleazy guy also going to Christine's promotion, she then realizes that she can give the button to the old woman's dead body as a formal gift. She takes the"
292,PZJ_Doc2_Drag_me_to_hell,PZJ_Doc2_Drag_me_to_hell,PZJ,Horror,Positive,Drag_me_to_hell,"Director Sam Raimi returns to his roots with Drag Me to Hell, his self-described ""spook-a-blast"" chiller that has no intention of allowing the viewer even a moment of reprieve. Potent beyond belief, this insanely frightening film plays like a funhouse of horror. It teems with shocks, menace, and comic tension, and it refuses to yield until the last frame. The picture balances humor and rushes of nightmarish dread in a creep-show experience that takes pleasure from its own wickedness. Through it all, Raimi, returning to the genre where clearly he was meant to be, drives his film with wit and style, all while simultaneously revolting his audience. And yet, Drag Me to Hell never feels cheap or exploitative; its most effective moments rely on convincing and sympathetic characters. Christine Brown (Alison Lohman) wants to earn a crummy assistant manager promotion at her bank, but she has to compete with her sniveling newbie coworker for the attention of her slimy boss (David Paymer). She's a tangible character with realistic aspirations, aptly played by the sympathetic and sweetly innocent Lohmanshe's not the usual horror movie victim whom the audience can't wait to see receive her just deserts. When Christine denies Mrs. Ganush (Lorna Raver), an old Gypsy woman, a third extension on her mortgage, the woman attacks her (in a slapstick parking garage duel of epic proportions) and infects her with a curse. Over the next three days, a demon spirit called a ""Lamia"" slowly materializes with the intention of doing as the title suggests, dragging Christine down to hell for punishment. Haunted by the wraithlike shadows of the Lamia goat-creature, and suffering sudden appearances by Mrs. Ganush's phantom presence, poor Christine is subject to unbelievable tortures, particularly when considering the PG-13 rating. With everything from maggots to embalming fluid to old lady sputum vomited into Christine's mouth by the ghastly things terrorizing her, the film will test your gag reflexes. At one point, she attempts to endure the Lamia's taunts during a meal with her skeptic boyfriend (Justin Long) and his parents; all at once, Christine hacks up a fly, which proceeds to buzz around the dinner table. That would mark the end of any formal gathering. Eventually, she enlists the help of a psychic medium, Rham Jas (Dileep Rao), to help her remove the curse. She tries everything from animal sacrifices to a seance to rid herself of the Gypsy woman's scourge. This is the film Sam Raimi fans have waited for since the early 1990s. Seemingly tempered by studio pictures and a particular Marvel franchise, Raimi's signature brand of unabashed directorial energy displayed on The Evil Dead Trilogy and Darkman has been suspiciously absent from his recent output. The sole exception occurred in Spider-Man 2 when Dr. Octopus first awakens after having metallic arms fused to his back, and the arms tear down doctors with all the fervor of a Deadite. Efforts like The Gift and A Simple Plan demonstrate what a fine storyteller Raimi can be, but Drag"
293,PZJ_Doc3_Drag_me_to_hell,PZJ_Doc3_Drag_me_to_hell,PZJ,Horror,Positive,Drag_me_to_hell,"It was 2009, and some people were starting to forget a few things about Sam Raimi. He'd made his name in the horror genre with the Evil Dead movies, but he also branched out to other genres in the 90s, with the western The Quick and the Dead, the crime thriller A Simple Plan, and the romantic drama For Love of the Game. In the early 2000s, Raimi thrilled nerds once again (well, mostly) with the Spider-Man movies, which gave audiences a profitable, family-friendly superhero far before the Marvel Cinematic Universe rose to prominence. But if audiences forgot this was the same director who brought us some of cinema's most hilariously disgusting horror, Raimi reminded us with the movie Drag Me to Hell, a delicious slice of wicked B-movie fun. The tagline for the movie pulled no punches. The poster tells us, ""Christine Brown has a good job, a great boyfriend, and a bright future. But in three days, she's going to hell."" In other words, this could potentially be any of us who made a bad decision and got far more than they bargained for. 2009 was probably the only time Drag Me to Hell could've ended the way it did, with (spoiler!) protagonist Christine Brown (Alison Lohman) literally dragged to hell. True, Christine may be a loan officer (which is right up there with IRS workers in terms of most despised on-screen professions), but it's easy for us to see ourselves in her struggles, making her both sympathetic and easy to root for. There's a slot for a cushy position at work, and she's competing against a backstabbing colleague for it. Christine also has to deal with underappreciation and sexism, with her boss asking her to grab him a sandwich on her lunch break. It's eventually revealed that Christine worked her way up from a harsh rural childhood with an alcoholic mother, and her loving boyfriend Clay (Justin Long) is being pressured to date someone with a higher social and financial status. So when Christine is told that the right person for the promotion is the one who can make ""tough decisions,"" it's deeply understandable why she chose to deny the elderly Mrs. Ganush (Lorna Raver) a third extension on her mortgage, even after Mrs. Ganush begs on her knees. The problem is, she turns out to be a gypsy, and places a terrible curse on Christine, summoning an evil demon called the Lamia, which torments its victim over the course of three days, then literally drags them to hell. The effects become apparent immediately, quickly escalating from mysterious voices to outright violence. Be warned: Drag Me to Hell is a scary movie that's actually scary, and there's no doubt that Christine's torment is real. This is a shadowy, evil, force sends Christine horrifying, disgusting dreams that involve flies, vomiting, and worms. The Lamia is also physically violent, punching Christine in the face and throwing her through the air. It also seems to know when it would be"
294,PZJ_Doc4_Drag_me_to_hell,PZJ_Doc4_Drag_me_to_hell,PZJ,Horror,Positive,Drag_me_to_hell,"For much of his career, Sam Raimi was a cult director best known for his madcap horror trilogy of Evil Dead films. Then, amazingly, the filmmaker whose highest grossing movie of his career didn't even top $40 million at the domestic box office was given the reins to the iconic Marvel character Spider-Man. There was a demand for comic book movies at the time but Raimi's Spider-Man was such a smash hit that it brought superhero cinema into a full-fledged pop culture phenomenon. After a successful trilogy that pulled in well over a billion dollars in the North America alone, Raimi moved on from the web-slinger. His first movie after the greatest successes of his career would be Drag Me to Hell, a movie Raimi co-wrote with his brother Ivan and would see the director returning to his horror roots. Nine years after its release, Drag Me to Hell lands on Blu-ray with a new special edition from the dedicated horror nuts at Scream Factory, an edition that honors this often overlooked example of purely distilled Sam Raimi cinema. The plot for Drag Me to Hell is straightforward and to the point. Christine Brown (Alison Lohman) is piecing her life together living in Los Angeles. She works as a loan officer at a bank with her eyes set on a promotion to assistant manager. Christine is dating a young doctor Clay (Justin Long). Things are on the upswing for the somewhat shy young woman. That is until Sylvia Ganush (Lorna Raver) enters the bank one day seeking an extension on her home loan. At that moment Christine is presented with a choice to make. Eager for that promotion, Christine decides to try and impress her boss and reject Mrs. Ganush's extension. That evening, as Christine walks out to her car, she's attacked by a belligerent Ganush and the scuffle ends with the old gypsy placing a curse on Christine. The evil spirit of the Lamia will haunt her for three days until it finally burst through this earthly plane and will drag Christine to Hell where she'll be tortured through eternity. Sam Raimi brings such an efficiency to the horror of Drag Me to Hell, knowing exactly where he's taking his characters and easily guiding the story along to horrific moment after horrific moment. Since the film is dealing with a deadly supernatural entity, Sam and Ivan Raimi allow the character of the spiritualist Rham Jas (Dileep Rao) to serve as the main channel of expository dialogue. There's this perfect balance between not over-explaining the events of the film while still pulling the audience into this twisted world of demons from Hell. More importantly, Sam Raimi knows what you want out of a movie entitled Drag Me to Hell and, dammit, he's going to give it to you. The horror filmmaking of Sam Raimi is very much like a rollercoaster ride. First there's a jolt to get your attention. Then the terror twists and turns with escalating dread and ease"
295,PZJ_Doc5_Drag_me_to_hell,PZJ_Doc5_Drag_me_to_hell,PZJ,Horror,Positive,Drag_me_to_hell,"At what point does gleeful cynicism become so gleeful that it ceases to function as cynicism at all, and mutates into a blatant formalist trope of little emotional or intellectual resonance, but plenty of aesthetic...what's the word? Bliss? Is frisson somehow appropriate here? I guess it would all depend, largely, on how you feel about horror movies in the first place. But let's say you do. Like them, that is. In which case, a tricked-out number such as Sam Raimi's Drag Me To Hell, co-written by Raimi and his brother Ivan, will delight not just on the frenetic-fright level that Raimi set a certain bar for in his Evil Dead films of the '80s, but also for the ruthlessness with which it toys with viewer sympathies. To get into this a bit will require the use, alas, of some substantive spoilers. Which I will place, although perhaps not immediately, below the jump. Beware. Be warned Raimi's Evil Dead films, beginning in 1981 with the just regular Evil Dead, an ultra-low budget DIY landmark, conflated hysterical laughter with hysterical screaming by making explicit the always-present link between horror violence and slapstick. Raimi's most obvious antecedents/inspirations were, of course, the Three Stooges, whose eye-gouging, strangulating, head-smiting antics would have caused grave if not fatal injuries if performed in earnest and in real life. Raimi upped the ante with gore, even more pronounced creepy/funny sound effects than you found in an average Stooges short, and a hyper moving camera style. Not to mention cutting that screamed ""Boo!"" over and over again at breakneck speed. The pictures established him as a gonzo horror maestro, but on entering Hollywood proper he applied his style to a number of different genresthe superhero movie (Darkman), the ""straight"" thriller (A Simple Plan) and even a baseball picture (For Love of the Game). His work on the blockbuster Spider Man films mostly subsumed his innovative side, alas, and that's one reason Drag Me To Hell's got fans of his earlier work excited. As well they should be. Ultra-extreme vomiting and swallowing are among the shock effects Raimi's added to the Dead bag of tricks, and they shift the horror action slightly away from Stooges territory and into the realm of great animation gagmen Tex Avery, Frank Tashlin, and Chuck Jones. Indeed, there's a bit involving an anvil hanging from the ceiling of a toolshed that could have come straight out of a Road Runner cartoonand the bug-eyed reaction when the anvil drops is the live-action equivalent of one of the escaped-con-wolf's double takes upon finding he's still got Droopy on his tail in Northwest Hounded Police. But while the Evil Dead pictures kind of prided themselves on their thoroughly one-dimensional characterizationsthere was the stolid and rather somewhat stupid square-jawed hero Ash, surrounded by malevolent demons and not much else, at least until 1992's Army of Darkness, in which he teamed up with a bunch of medieval clodshere Raimi goes for...well, I wouldn't call it depth, exactly. But he and"
296,PZJ_Doc6_Drag_me_to_hell,PZJ_Doc6_Drag_me_to_hell,PZJ,Horror,Negative,Drag_me_to_hell,"When I was in elementary school, we had a classmate named Dong that would cry at the drop of the hat. Let's not confuse Dong with Vinny, however, who would literally cry if the breeze hit him the wrong way. Dong would really only cry when we teased him and we soon found, as little shit kids love to do, the easiest way to push the poor lad to tears. ""Dong, the gypsies are coming,"" we would chant. ""The gypsies are coming to take to you away."" Even though we had no idea what a gypsy was or why they were purported to steal children, such provocation turned Dong into a blubbering mess. Once he even threw at chair when someone pushed him too hard. I hope to hell that poor Dong does not see Drag Me to Hell, Sam Raimi's return to the splatter flick genre that made him famous after years making mainstream blockbusters such as Spider-Man. See, Drag Me to Hell features one very pissed off Gypsy woman who, like all Gypsies must do in horror films, curses poor Alison Lohman's Christine after she refuses to grant her an extension on her housing loan. More a comedy-horror in the vein of Evil Dead 2 and Army of Darkness rather than a film created to inspire fear in the hearts of intrepid viewers, Drag Me to Hell allows Raimi the opportunity to return to his old tricks of Three Stooges-type body humor and a chance to play with beasties that spew goo and like to scream in distorted voices. See, poor Christine isn't all bad. A momentary lapse of better judgment and the desire to wrest a promotion away from a brown-nosing, shitbag colleague (Reggie Lee) informs her decision to foreclose on the Gypsy's house. Call it the wrong place at the wrong time, but this choice gets Christine a one-way curse to hell when her despondent client sics an angry demon on her ass. Unfortunately, Lohman does not possess the natural charisma Bruce Campbell brought to the Evil Dead series and her ersatz charm is not enough to carry the picture. Supporting players like boyfriend Clay (Mac-guy Justin Long) and spiritual guru Rham (Dileep Rao) have neither the acting chops nor the script to be anything more than incidental characters. So the entire production rests on the shoulders of Lohman and her battle against an invisible goat-demon named the Lamia. Raimi will never be a great filmmaker, but Drag Me to Hell is more a series of squirm-inducing scenes than a cohesive film. Sure, there are plenty of gross-out scenes (including a classic battle between Christine and the Gypsy in a moving car), but rather than amount to a film that really chills the bones, Raimi mixes ""gotcha!"" moments with scenes so over the top, there is nothing to do but laugh. Drag Me to Hell will never be more than a minor work in Raimi's oeuvre, mainly because it's really nothing new for him. After the"
297,PZJ_Doc7_Drag_me_to_hell,PZJ_Doc7_Drag_me_to_hell,PZJ,Horror,Negative,Drag_me_to_hell,"The hell of other people? Of mewling children and packed malls? Of bullies and bureaucracy? Of sickos and psychos? All scary as heck. But Argento's witches and Fulci's emissaries of the beyond? Pea soup spit-up and spinning heads? The mark of the beast and the bark of the devil? Could be my dimestore Catechism wasn't dark enough to do lasting damage, but hell-with-a-capital-h very rarely delivers the necessary shiver-shock of true horror. When I'm in the market for a new nightmare, I'll take a man wearing a mask over fire and brimstone every time.more Demons and curses and red lava lakes are the cartoon versions of real terror, and playing up the absurdity of eternal damnation is how Sam Raimi made his name. With Drag Me to Hell, he returns to the goofy realm of malediction and prayer, of grossed-out giggles and groans. Alison Lohman, a refinement of the Jenna Fischer model of mousiness, stars as Christine Brown, whose professional aspirations are as dull as her name. Looking to prove her mettle and climb the ladder in her loan department, Christine denies a crone's request for a mortgage extension. With her bejewelled fingers tapering to crusty yellow nails, her mismatched eyes and her Slavic croak, old Mrs. Ganush is clearly a Gypsy witch, so instead of asking to speak to Christine's manager, she calls a curse down on the perky little loan officer's pretty little head. What follows is, for the most part, a dispiritingly rote exercise in comic dread. Raimi's sick sense of humor quickens the routine at intervals, never more so than in two uproarious scenes of animal sacrifice, but Drag Me to Hell squanders an ungodly amount of screen time on needless narrative explication. Imagine a version of Army of Darkness in which Bruce Campbell's Ash sits around whinging about the Necronomicon instead of questing after it. And sure, the horror that interrupts Christine's lethargy is thrillingly ridiculous, if a bit too reliant on humorous fluids and cheap digital effects, but there's simply not enough of it. Raimi is a master designer of rickety, haunted house set pieces. He is not a great storyteller, and he doesn't write characters anyone can actually care about. That's fine. In fact, I prefer not to bond too much with people who are about to be eviscerated. But then why the endless chatting and dithering and over-explaining by characters who seem so anxious to get it all over with that they've pre-emptively stiffened with rigor mortis? The legitimately pleasing touches of absurditya possessed slice of cake, a coughed-up cat, Justin Long as a psychology professorjust aren't worth the struggle it takes to make it through long stretches of apathetic moviemaking. PG-13. CHRIS STAMM."
298,PZJ_Doc8_Drag_me_to_hell,PZJ_Doc8_Drag_me_to_hell,PZJ,Horror,Negative,Drag_me_to_hell,"The title ""Drag Me to Hell"" offers both literal and ironic inklings to those associated with the movie's payoff, including the audience. A young woman aspiring for big professional opportunities at a bank makes a grievous error with a mysterious woman who arrives at her desk pleading for help, resulting in a horrific curse that anchors the crosshairs of torment onto her soul for a resulting 100 minutes of loud and foreboding celluloid. Her house thumps with the thundering sounds of something monstrous, and then a shadowy form tosses her around like a torn rag doll. She is attacked in her office garage. Animals hiss and growl as she walks by. She is assailed by visions of a malevolent being who makes clear his purpose of pulling her into an afterlife of endless torture and suffering. And then the movie demands the panic-stricken victim to sacrifice a kitten in a vain attempt to ward off the evil presence... and in that moment, a deplorable line is crossed. For the remaining running time, no more is it our concern as to whether she is going to emerge from the experience in tact or unscathed; the real hell eluded to by said title now becomes the movie theater, where moviegoers go from being surprised and thrilled to completely appalled by some contemptible plot decisions. After a certain point, the movie becomes our own cinematic damnation from which there is no escape. The movie is the brain child of Sam Raimi, who was made famous in this genre early on with the ""Evil Dead"" series, and then departed the trenches of B-movie horror comedy in favor of loftier Hollywood ambitions. The results were eclectic but effective, yielding the marvelous ""A Simple Plan,"" a taut thriller called ""The Gift,"" and the box office triumph of the first three ""Spider Man"" movies. Somehow, after those achievements, Raimi's mind convinced itself that revisiting the past was a wise decision, perhaps strengthened by the noting that more money for a film budget was as his disposal, and the support of a major studio would give him certain freedoms with this approach that were not allotted to him so many years prior. Sometimes, they say, the past is better left there. The movie stars Alison Lohman as Christine Brown, the would-be heroin of the story, who is basically a collection of insecurities masquerading around under the veneer of opportunistic intentions. She is a financial consultant at a bank, vying for an assistant manager position and doing nearly anything possible to try and impress her indecisive boss, who is also considering a potentially more qualified candidate for the job. Those lofty ambitions are realized when an old and grotesque woman (Lorna Raver) comes to her desk, begging for a third extension on her house's mortgage. Christine feigns sympathy, but denies the claim and leaves her at the mercy of a foreclosure. The old woman begins causing a public scene by getting on her knees, to which Christine calls security"
299,PZJ_Doc9_Drag_me_to_hell,PZJ_Doc9_Drag_me_to_hell,PZJ,Horror,Negative,Drag_me_to_hell,"In Sam Raimi's revenge-of-the-gypsy horror flick Drag Me to Hell, Alison Lohman takes one grotesque liquid after another in the face. She also suffers what might be cinema's most epic nosebleed, almost drowns in a muddy grave, and generally gets bashed around. A less dignified role for a young actress would be hard to imagine, but then if you want dignity you don't look to Sam Raimi in his manic-diabolical B-movie mode. Raimi, the cult-favorite auteur behind the madly inventive and sensationally entertaining Evil Dead series, has been playing with the big boys lately (his last three films were the highly lucrative Spider-Man trilogy). Drag Me to Hell is his welcome-home to the low, disreputable fun of his drive-in-schlock roots. But there's a note of mean-spiritedness I haven't detected in his work before. The movie is manic and gross, all right, but not much fun unless you enjoy watching an attractive 29-year-old woman getting punished repulsively over and over. It should be a big hit with guys who collect bukkake porn. Lohman, in the role of nice but eager-for-promotion loan officer Christine Brown, is being punished for refusing to grant an old gypsy woman (Lorna Raver) an extension on her mortgage. Raver, a TV veteran, is required to remove her dentures in lurid close-up and beg Christine on her knees for mercy  and that's before she reappears as a grasping, murderous harridan. Drag Me to Hell certainly expresses disgust at ambitious young women and destitute old women; the gypsy is still doing revolting things even when she's dead. Christine's callousness has brought a curse upon her, and the old crone doesn't just want to send her to hell outright  she wants Christine to suffer first. All right, setting aside the film's troublesome misogyny, Drag Me to Hell is clearly intended as a Saturday-night flick to make teenagers howl and squeal and gag. Most of it isn't scary, though. ""I recognize terror as the finest emotion,"" Stephen King once wrote, ""and so I will try to terrorize the reader. But if I find that I cannot terrify, I will try to horrify, and if I find that I cannot horrify, I'll go for the gross-out. I'm not proud."" Raimi isn't proud, either. The style is disappointingly earthbound coming from a man who once had to make his own cheap camera mounts to get the insane, looping shots he wanted  a good portion of Drag Me to Hell looks like television, and even the spooky stuff is largely a matter of bumps in the night and ooga-booga shadows. The horror is very tame. The script, by Raimi and his brother Ivan, had been sitting around collecting dust for decades, and maybe there's a reason for that  the story is blithely padded out to allow for maximum torment of the heroine, at the expense of logic. Christine tries all sorts of things to free herself of the curse, pumping money into a sympathetic spiritual counselor for advice that never"
300,PZJ_Doc10_Drag_me_to_hell,PZJ_Doc10_Drag_me_to_hell,PZJ,Horror,Negative,Drag_me_to_hell,"The true test of any successful horror flick is how wretched it makes you feel. At the very least, it should inspire a banquet of dread or offer a canape of anxiety. After Drag Me to Hell you won't mind walking home alone. You might even welcome a dark, deserted alley. It could help alleviate the anger of knowing you've been had. This is surprising, since Drag Me to Hell is the creation of writer-director Sam Raimi, whose body of work has been dedicated to turning more than one viewer's hair white with the Evil Dead and Spider-Man franchises. The only thing he's likely to turn a viewer to this time is the door marked exit. For God only knows what reason, it begins with a prelude staged in 1969 in Pasadena. A kid steals a necklace from a gypsy wagon and takes refuge in one of those old houses that look like W. C. Fields lived there. The doors slam open; people fall to their deaths; the floor opens and sucks the little thief into a cauldron of flames; and the house goes back to looking like a silent-film set. Forty years later, a pretty loan officer in a California bank named Christine Brown (Alison Lohman, sometimes unfairly confused with Lindsay Lohan) refuses to extend a delinquent loan to an ancient hag with one eye and a mouth full of black incisors who has an epileptic fit in the middle of the bank and puts a curse on the young career girl. The nightmare begins. The crone attacks her in the underground parking garage, wrecks her car and rips a button from her coat. Soon she hears the same voices the little boy heard back in 1969. A bug crawls into her nose in the middle of the night. The next day at work she spews blood all over the bank. Her boyfriend (Justin Long) pooh-poohs the whole thing, until she bakes a harvest cake to impress his snobby parents and a human eye pops out of the batter with the kind of ensuing dinner-table chaos that guarantees a short engagement with no need for the bridal registry at Bloomingdale's. Seeking the help of a loopy carnival medium, Christine finds herself up to her pierced ears in corpse vomit, animal sacrifice, violent seances and open graves. Nothing stops the curse. The road to deliverance leads to the same old house in Pasadena containing the doorway to hell, but the movie doesn't end there. There's still a preposterous finale in a grotesque cemetery that tickles the funny bone more than it assaults the nervous system. Sound effects play an important part in the superficial mechanics (pots and pans rattle, glass shatters, powerful forces knock people to the floor), and to Mr. Raimi's credit, there is no happy ending. Still, the first rule in spook films is ""If you want to hold the audience's attention, make them believe the horror could really happen""a rule Drag Me to Hell ignores at its"