Doc_ID,DSI_Title,Submission File Name,Student Name,Genre of Movie,Review Type (pos or neg),Movie Title,Text
101,EFL_Doc1_Inception,EFL_Doc1_Inception,EFL,Action,Positive,Inception,"Christopher Nolan spent the first decade of the 21st century brandishing his credentials as an adapter. He'd gotten his foot in the door with the wholly original, wholly excellent ""Memento"" (2000), but the majority of his 2000s output is derived from pre-existing material, whether it be the well-received remake of ""Insomnia"" (2002) or his transformative reboot of the Batman franchise with ""Batman Begins"" (2005) and ""The Dark Knight"" (2008). The latter of these two superhero films was such a massive critical and commercial success that Nolan was given a blank check to make whatever he wanted next. His choice? An original story he'd been kicking around since 2001 and had been retooling to suit his growing technical expertise: ""Inception"" (2010). ""Inception"" is, in my estimation, a watershed moment for Nolan. It was the release that elevated him from ""Dark Knight"" director to bona fide visionary and established him as a brand akin to the auteurs he grew idolizing (Steven Spielberg, the man who handed him the 2024 Best Director Oscar for ""Oppenheimer,"" is the most obvious example). The concept of blurring the lines between reality and dreams captivated audiences, and ""Inception"" quickly burrowed its way into the pop culture conversation (where it has stayed, thanks to memes and jokes involving spinning tops). But these aspects would not carry as much weight were it not for the fact that the film remains an absolute triumph a decade and a half later. Let's start with the premise. ""Inception"" is a classic example of Nolan's preferred storytelling method, which is to say, characterization through exposition. We learn who his characters are and what makes them tick by listening to them explain their specific profession. Cobb (Leonardo DiCaprio) and Arthur (Joseph Gordon-Levitt) are ""extractors"" who perform espionage by putting their targets to sleep and teasing out vital information through the target's subconscious. A businessman named Saito (Ken Watanabe) wants the duo to incept an idea in the mind of a competitor. This is widely believed to be impossible in the extraction business, but Cobb is desperate to return to his children in the United States and agrees to attempt. If that all sounds like a lot, don't worry. Cobb and Arthur spend the bulk of the film's runtime explaining the rules of the game and the deadly risks they're taking at every turn. It's generally considered a no-no to rely on exposition to the extent that Nolan does throughout ""Inception,"" especially in what is ostensibly a spy thriller, but the world he builds is so rich that it works. It's fascinating to peel back the mechanics of extraction and learn alongside newcomer Ariadne (Elliot Page). The scene in which Cobb tutors Ariadne on maneuvering dreams is an especially crucial showcase, establishing the mind-bending visuals of the dream world and the occasionally tricky ways Nolan uses film language to his advantage. A scene in which the two characters are at a university transitions to them chatting outside of a cafe, only to have Cobb pull"
102,EFL_Doc2_Inception,EFL_Doc2_Inception,EFL,Action,Positive,Inception,"If there's one movie this year that people have been asking me the most questions about as their ""movie guy,"" it's the new Christopher Nolan-directed Inception. If you're like my friends, you've seen the heavily-hyped imagery from the previews and commercials of a folding Paris skyline, an exploding cafe, gravity-defying hallway falls, and crumbling beachfront skyscrapers, all accompanied by a booming musical score and ominous narration by its star Leonardo DiCaprio. People constantly ask me ""Don, what the hell is that movie about?"" I can tell you right now, those images are just a taste of many like it, and that's only the start of the genius of Inception. It is, without a doubt, a challenging maze of dreams within dreams. Contrary to M. Night Shyamalan movies, or even the TV show Lost (which I love for the mental workout) that implausibly twist with very little explanation afterwords and cause their audience to feel baffled and turned off, Inception delivers twists that fit the evolving context of the story it's creating and commandingly wins your attention enough to not turn you off. While it may not seem like it, trust me, there is a point and a light at the end of the tunnel to this maze. Inception is essentially two things at its core. It's a ""one last job"" story for a thief and a dramatic story of regret and forgiveness of a father and husband, both of which are set in a modern science fiction setting that echoes shades of Minority Report with a dash of The Matrix. The thief is Dom Cobb, compellingly played by Leonardo DiCaprio, who wants nothing more than to be reunited with his two kids back home in the U.S., but his illegal activity has made him a wanted man. He also carries a deep and complicated regret with his wife Mal (luminous Public Enemies French actress and Academy Award winner Marion Cotillard) as to why he can't be there. Here's where you're going to start to need the salt grains. It's going to sound crazy and preposterous, but I promise it's easier to watch and enjoy than explain in words. Dreams are what is being stolen, but not in a Freddy Krueger way. Cobb is an ""extractor,"" a man who specializes in entering a person's subconscious by sharing in their dreams to steal that person's secrets for profit and corporate espionage. Imagine being able to steal the idea to invent the iPod before Steve Jobs was able to do it himself. You can't call it patent stealing or copyright violation because it doesn't exist yet. That's what Cobb does and he operates where our dreams occur, where we don't remember how they start, and when we don't know they're not real until we wake up. He does so by getting close to the subject, sedating the target, and plugging them into a mysterious briefcase. The case injects compounds that enable a shared dream experience for all of those plugged it. Cobb works with"
103,EFL_Doc3_Inception,EFL_Doc3_Inception,EFL,Action,Positive,Inception,"Setting the mind ablaze with inspired dream imagery, thought-provoking notions about reality, action sequences that leave the jaw dangling in wonder, and an emotional undercurrent to tie everything together, Christopher Nolan's Inception is a masterpiece. It's an epic of ideas and structure that doesn't resist engaging the intellect as it amazes with spectacle. And yet, this high-concept adventure into the unconscious assigns every development in the plot a dramatic significance. Through his marriage of style and content, Nolan finally establishes himself as an auteur by drawing on obsessions that exist throughout his earlier works. Disjointed story construction. Altered perceptions of reality. Characters with a desperate need to control, so much so that they invent their own rules. He unites these themes in a breathless harmony of style, composition, and narrative, unmatched by anything else in his short but remarkable career. Though Nolan, who took ten years to write his screenplay, kept his production hush-hush, and the film's advertisements reveal little about the plot, the diminutive amount of pre-release information available has left audiences bewildered but intrigued. However, it's doubtful any plot description could do the film justice. In the broadest of terms, the film is a heist-like science-fiction tale set in the open playground of dreams, where the rules of reality are controlled by a dreamer. This means gravity can be manipulated and cities can fold over on themselves, given the right circumstances. But Nolan avoids falling into surrealist Dali territory, in that the dreamscapes serve as a carefully controlled environment with which to access the subconscious mind. Nolan avoids all imagery typically related to Freudian interpretations of sexual metaphors or repressed desires. The dream world comes with its own set of rules, which the audience learns in the film's first half in as much detail as possible. This gives way to a brilliant second half, where those rules are explored to their fullest possibility. Leonardo DiCaprio plays Cobb, a thief who steals ideas from dreams. Cobb engages in a rare form of robbery when he enters the minds of his targets to extract ideas from their subconscious, all without the targets ever knowing. The success of every job depends on how well Cobb can control the dream and manipulate his mark into believing the dream is real. If the target becomes aware of the deception, that they are in truth inside a dream, the dream world falls apart and Cobb wakes up with nothing. Though incomparably talented in his trade, Cobb's control over his dream worlds is deteriorating; his wife Mal (Marion Cotillard) surfaces in jarring appearances in his subconscious, threatening to botch his elaborate dream heists. DiCaprio, who continues his recent unbroken streak of incredible performances, embodies a composed, professional figure defenseless against whatever's lingering in his head, not unlike his turn in Martin Scorsese's Shutter Island from earlier this year.Cobb's fading control becomes the sole reason he accepts a risky new job, one that will pay off by allowing him to return home to his family, from"
104,EFL_Doc4_Inception,EFL_Doc4_Inception,EFL,Action,Positive,Inception,"Following the blowout box office success of 2008's The Dark Knight (which grossed $535.2 million domestically and $1.1 billion worldwide) and the rampant raves it received (culminating in a posthumous Best Supporting Actor Oscar for Heath Ledger), Christopher Nolan was finally rightfully recognized as the adept auteur he had always been, gaining commendation from crowds and critics across the globe. Though Nolan was no freshman filmmaker  having made several acclaimed indies from 1998-2002 (Following, Memento, Insomnia) and beginning his blockbuster blitz with 2005's Batman Begins  The Dark Knight turned him into a national name, with Sue Kroll, president of Warner Bros.' worldwide marketing, even stating that ""Christopher Nolan [was now] a brand."" While the world waited with bated breath for Nolan's conclusion to his brilliant Batman trilogy, he had another project in mind he wanted to pursue before going back to Gotham City. Nolan initially pitched the idea for the intricate and inventive Inception to Warner Bros. back in 2001, but he wished to acquire more awareness on how to best bring ""larger-scale"" films to life before officially tackling this twisty tale; with two big-budget Batman flicks under his belt, the time had come to make his delirious dreams a reality (both literally and figuratively) and begin constructing his most complex chronicle yet.We have a little less than a month to wait until Nolan's eleventh feature film, Tenet, hits theaters (scheduled for Wednesday, August 12th), but to coincide with both that picture's first release date and Inception's 10th anniversary, the seventh edition of ""Flashback Films"" is dedicated to revisiting Nolan's ballsy 2010 blockbuster and investigating its influence on innovation in cinema over the past decade. Given that Tenet is seemingly quite similar to Inception in scale, scope, and story, there's no better way to put your anticipation for Nolan's latest effort at ease than by joining us to analyze one of his greatest achievements.Originally envisioned as a horror-tinged heist film about ""dream stealers,"" Nolan soon realized that Inception's plot lacked ""personal"" stakes and emotional investment; in a movie centered around memories and the mind, this was an obvious oversight. For the next nine to ten years, Nolan strained to smooth out his script, soon settling on a story that told of a ""dream thief"" named Cobb (to be played by the legendary Leonardo DiCaprio) who was called upon by a client to assemble a crew (composed of actors such as Joseph Gordon-Levitt, Ellen Page, and Tom Hardy) that could pull off the converse chore of instead planting an idea in an influential C.E.O.'s subconscious  this procedure would come to be known as ""inception."" Just as Inception's narrative follows its protagonists' twisty travels through ""dreams within dreams within dreams,"" Nolan additionally fine-tuned the film to jump from genre to genre to genre throughout its running time. When analyzed from afar, one can see that Inception has the suspenseful set-up of a heist film, the stupefying stunt work of an action adventure (most notably in that instantly iconic skirmish"
105,EFL_Doc5_Inception,EFL_Doc5_Inception,EFL,Action,Positive,Inception,"After the release of Christopher Nolan's ""Inception"" back in 2010, I wrote a review on my earlier blog site praising the film. After several more viewings, I would continue to applaud this production and it was easily my favorite film of that year. But as excited as I was over ""Inception"", I still don't think my previous review did justice to what has become one of my favorite movies of all time. Yes, I said of all time! I still find ""Inception"" to be one of the most original and most ambitious movies I've ever seen. But ambition doesn't always equal a great movie. ""Inception"" not only aims high but it succeeds in creating a brilliant and unique picture that's unlike anything I've seen. It's hard to pigeonhole ""Inception"". It's a heist film, a tragic romance, science-fiction, and an action film. But the best thing is it uses all of these ingredients flawlessly. The bulk of its success can be traced right back to Nolan. For my money Christopher Nolan is one of our greatest working directors. He wrote , co-produced, and directed this film and I truly believe he's one of the only visionary filmmakers who could have pulled this off. It took him almost ten years to write and rewrite the script and it took the huge success of ""The Dark Knight"" to secure the big budget needed to make ""Inception"". But you sure can't argue with the results of the finished product. ""Inception"" ended its box office run making over $825 million worldwide. The film stars Leonardo DiCaprio, an actor Nolan had wanted to work with for some time. He plays ""Dom"" Cobb, a dream thief for lack of a better title. He, along with his partner Arthur (Joseph Gordon-Levitt), are paid to infiltrate the subconsciouses of their targets via their dreams and steal information. When the dream extraction from a wealthy Japanese businessman named Saito (Ken Watanabe) goes wrong, Cobb and Arthur find out they were being tested. Instead of extracting information, Saito wants the them to attempt inception on a business rival of his. The idea of inception is that instead of stealing information you plant it in the target's subconscious while they're dreaming. There are questions as to whether inception is even possible but Cobb is enticed to take the job when Saito promises to use his influence to clear Cobb's name of a mysterious murder charge that has kept him out of the United States and separated from his two children.To do the job Cobb needs a top-notch team of experts. Eames (Tom Hardy) is basically a forger or probably better described as an impersonator. Once inside a dream he has the ability to take on the identity of anyone. Ariadne (Ellen Page) is the architect. She is able to construct mental labyrinths inside the dreamers subconscious. This is essential if the team is going to know their way around the dream. Yusuf (Dileep Rao) is basically the team's pharmacist. He's the one"
106,EFL_Doc6_Inception,EFL_Doc6_Inception,EFL,Action,Negative,Inception,"Writer/director Christopher Nolan's (""The Dark Knight"") big, trippy film has been looked to as the savior of the summer of 2010, a real adult, thinking person's movie. Unfortunately it falls short of blowing off socks, instead maybe rippling a breeze through one's hair. It's got the same theme as his earlier, and far more intricately written, ""Memento"" - a man dealing with the death of his wife in a very altered state of mind. DiCaprio's involvement also cannot help but recall the same themes in his film from earlier this year, ""Shutter Island."" As Nolan puts us and his cast down, down, down through multi-layered dream states, it all becomes a bit too much, a little exhausting, even a little boring (that James Bondian skiing sequence!). Mostly, ""Inception"" gets by on its Escher-esque visuals which Nolan tries to give more import to by cranking Hans Zimmer's (""The Dark Knight"") doom laden, fog horn score. (Nolan's consistent use of Edith Piaf's ""No Regrets"" seems to have no other purpose than to honor Cotillard's Oscar winning role in ""La Vie en Rose."") When Cobb fails in his mission because his wife, Mal (Marion Cotillard, ""Public Enemies""), a 'projection' of his own subconscious, turns on him, Saito takes his architect, Nash (Lukas Haas, ""Witness,"" ""Brick""). Cobb doesn't like to build his own dreamscapes, so he goes to Miles (Michael Caine, ""The Dark Knight"") to find a new inductee. At first Ariadne (Ellen Page, ""Juno"") wants no part of it after experiencing a shared dream, one in which she's woken by being killed (a sure fire way to 'kick' oneself out of a dream, but a danger if the dreamer is under sedation). But the concept is too alluring and she returns (Ariadne's 'audition' accounts for many of the film's fancier moments, like Paris folding in upon itself). Ariadne uses a brass chess piece as her 'token,' a small heavy piece whose balance is used as a literal reality check (Cobb's is a top). The team, which now also includes Eames (Tom Hardy, ""Bronson""), a humorous human version of a dream's shape shifter, visits chemist Yusuf (Dileep Rao, ""Drag Me to Hell"") to cook up the right sedative in order to go three levels into Robert Fischer, Jr.'s (Cillian Murphy, ""The Dark Knight"") dream and make him think it is his own idea to break up his deceased dad's conglomerate. Only Ariadne knows, however, just how much Cobb's own unresolved problems with Mal endanger their mission. The film's best sequence by far falls upon Gordon-Levitt, who has to orchestrate that multi-layered 'kick' to get them all safely out of Fischer's head. They have all of a 10 hour flight to L.A. (5 minutes in reality equals 10 hours in a dream and time grows exponentially as one digs into deeper levels). When the team ends up in a van plummeting off a bridge in layer one, most of the group end up weightless, in suspended animation in level two. Arthur must fight off antagonist"
107,EFL_Doc7_Inception,EFL_Doc7_Inception,EFL,Action,Negative,Inception,"1. Christopher Nolan has been thinking about and working on his script for Inception for more than 15 years, so it's difficult to blame for choosing this moment, in the wake of his Dark Knight triumph, to finally put his pet project together. After that movie, he'd be allowed to do whatever he wanted, so he chose this. I think that choice was a mistake. Not because the idea isn't a great one  the movie certainly is not lacking in serious thought  but because he has taken a small, fascinating idea, and turned it into a cause for The Smart Person's Summer Movie. He has made it too big. I certainly understand why Nolan would feel compelled to expand the scope: The man is nothing if not ambitious, and the idea of a multi-level Dream Heist movie, that also-oh-by-the-way attempts to deal with Man's Psychological Displacement In The Universe, must have seemed too tantalizing a concept to resist. But blowing this up into such a grand scale alters our expectations, and Nolan's obligations. It turns into a movie that is trying to do everything, and, ultimately, there are too many plates spinning. 2. One major problem with Inception is that, by the nature of the project, large, long sections of the movie are devoted to characters attempting, often in vain, to explain to us the complicated rules of the universe Nolan has created. The world of dream invasion  I can't be the only person who kept humming a Dokken song in my head throughout the movie  is really complicated. (Honestly, Joseph Gordon-Levitt's character should just be called Exposition.) Let's see what I remember. If you die in a dream, you wake up, unless you're under sedation from some sort of crazy Dream Potion. (Dream Potions!) If you are in someone else's dream, that person's subconscious will try to push you out. You can trap memories in a dream, I think, as long as there is an elevator. One minute in the first level of dreams is 20 minutes in the second level and two hours in the third level. Or something. Some of this is compelling; I love how the extras in one's dream all keep looking at the dream invader, ready to attack, a nightmare version of Invasion of the Body Snatchers.) But it's just a lot, you know? The movie is so intent on making sure you understand all its rules  and I'm pretty sure I did understand them all, by the end  that it never really takes off and runs on its own. It would be like if, while Luke was attacking the Death Star, Obi Wan showed up and said, ""OK, yeah, I forgot: Here's another thing about The Force you need to understand."" I admire how intricate and fair Nolan is in creating all the rules, but it makes it hard to invest too much into the characters when they're so busy furiously explaining what's going on. 3. The"
108,EFL_Doc8_Inception,EFL_Doc8_Inception,EFL,Action,Negative,Inception,"Ben said: Captain Picards' hollow deck meets Mr. Spock's 3D chess game on the cutting room floor of The Matrix. I suppose how you feel about Inception depends on whether you compare it to Nolan's Batman movies, which I have not seen, or his brilliant breakout film, Memento, which I have seen more than once. Perhaps both of these comparisons are misguided and Inception should be evaluated in the company of other big budget, head-trippy futuristic fare, with or without sci-fi trappings; Minority Report, Vanilla Sky, Total Recall, Brazil, and no doubt lots of other stuff I've never seen. Be this as it may, I am inclined to compare Inception to Memento because the former so plainly presents itself as a thinking man's action thriller, with a complex psychological premise we are expected to find as engaging as the one around which Nolan constructed Memento. It would be easy merely to dismiss Inception's failure on this score as being the result of it saddling its complex psychological premise with way too much action thriller baggage. Clearly, the intense drama achieved by the low-budget, street life, daylight Noir of Memento is not even approximated by the capital-intensive, fantasy land, CGI overload of Inception. But the real problem with Inception has to do with its complex psychological premise in the first place. In the first place, it's truly not complex at all. Set aside all the mumbo-jumbo tech talk about how there are concentric rings of the unconscious that can be induced, invaded and controlled by others from without. What remains is the most banal, coffee-table Freudian stuff. So much smoke and mirrors about how to manipulate the inner workings of the mind through the power of suggestion, only to trot out and ride the tried and true hobbyhorse of a father figure fixation. Jesus, why not simply put the billionaire victim in intensive (and expensive) psychotherapy, let him take forever to get over daddy, and take over his inherited company while he's preoccupied on the couch. In the second place, the psychological premise is way too complex. On this score, the demands of the action thriller really are at fault. In order to establish the changing situations that facilitate the variety of thrilling action, the Byzantine architecture of the head-trippy plot takes on ever more inconsistent proportions that must be justified by ad hoc explanations in the dialogue. The constitutional articles of the psychological premise are continually undergoing congressional amendment. Just when being murdered in a dream is the mechanism for waking up in reality, this ceases to be the case and an entirely different mechanism is introduced. Just when there is definitely a mechanism of some sort - any sort - to ensure waking up in reality, this ceases to be the case and an entirely different and deeper ring of the unconscious is introduced, from which it may be impossible escape. The tolerance of the audience is over-taxed. And in the opinion of this taxpayer, the whole conceptual government"
109,EFL_Doc9_Inception,EFL_Doc9_Inception,EFL,Action,Negative,Inception,"It is with a heavy heart that I have to report that Christopher Nolan's latest exhibits one of the great schisms between grand intentions and inept executions to be seen at the movies in recent years. Only someone who never saw (or appreciated) Dark City would be able to call it visionary (or Paprika, or Heat, or Blade Runner, or 2001: A Space Odyssey, or Solaris [either one], or, uhm, The Matrix... should I go on?), as Nolan's long-gestating science fiction opus (he first conceived of it as a teenager) rarely rises above its own apparent reliance on these influences. Visually, they're the only thing that stands out from the film's enslavement to one of the more redundant and unmelodious scripts to ever grace a big budget film. In the year of The Social Network's dialectic melodies, Inception is even more blatantly like nails on chalkboard. By distilling the film to its key money shots, the preview was a rush. The movie entire is mostly a snooze. Nolan's core concept -- that a synthetic dreamland might give way to the raging subconscious of a tortured man -- is as conceptually appetizing as those similarly mind-fucky plots of the aforementioned films. It is tragic, then, that about 90%+ of Inception's running time feels like flight preparation; the stewardess, as she is, never shuts up. And here, she's every single one of the characters, a term I use loosely; mostly, they're ciphers for information, nothing more. Nolan's script seems scared shitless of letting the audience wonder about much of anything, less they get ""bored."" And so, it spends most of the time bending over backwards telling you things it might have far more creatively shown to you, or when it shows them to you, it usually tells you anyway, etc. The aforementioned Matrix might paint in similarly obvious strokes at times (""Trinity"" is a blatant metaphor, sure, but ""Mal"" should make cringe anyone who holds language sacred), but it's also beautifully stylized, consistently visually inventive, and presented as a great genre tease; it peels away the layers with titillating ease. In contrast, Inception talks at you ad nausea for nearly three hours, expects food market and architectural farts to blow your mind (the lame M.C. Escher shout-outs are the real kicker for me; one man's paradox is another's retarded staircase), and holds your hand as it walks with you through supposed dreamscapes (droll city skylines that are at best casually surreal; where's Lynch when you need him?). I can only speak for myself, but this is exactly the kind of movie where I'd rather be lost, at least for a bit. That would be interesting. The heist sequences, when they come, are something close to exciting, but that's mostly the attention-demanding score at work, and although a zero gravity Joseph Gordon-Levitt kicking ass is surely a beautiful thing, the overwhelmingly realistic presentation of the dreamland would seem to counter the reason for taking us into the dreamland in the first place (I'll"
110,EFL_Doc10_Inception,EFL_Doc10_Inception,EFL,Action,Negative,Inception,"Dimensions interweave; matter twists in physics-defying contortions; and entire worlds crumble as time stands nearly still in ""Inception,"" Christopher Nolan's much-anticipated, hugely ambitious summer daydream. Plunging headlong into the subconscious, the filmmaker's ""Dark Knight"" follow-up offers a labyrinthine journey into the heart of the contrasts between what we are and what we perceive ourselves to be. A cerebral puzzle with a narrative lodged firmly in the mind's recesses, ""Inception"" should be commended for the ease with which it operates outside the standard summer-movie box. Freudian archetypes and complex notions of the awesome power of an idea are not exactly the stuff of your everyday Hollywood entertainment. Among the A-list crop of studio filmmakers, Mr. Nolan stands alone for the ease with which he melds imaginative form and content, producing movies that offer singular experiences. Yet Mr. Nolan gets so wrapped up in the logistics of his various dreamscapes and the technical details of dream sharing and inception, that the picture all but abandons its most essential thread. The film stabs and hints at an overarching humanist sensibility, but never fully, viscerally brings it to life. The emotional truths behind the quest of protagonist Dom Cobb (Leonardo DiCaprio) to navigate his way through complicated, dangerous cerebral fantasias are lost; the motivating thread shredded to forced bits and pieces interspersed throughout the various layers of action. Treading lightly, the heart of the picture concerns Dom's ardent, foolhardy attempt to reunite with wife Mal (Marion Cotillard) and children. Complicated matters: A past indiscretion has made him a fugitive from justice in America and, according to Dom's right-hand man Arthur (Joseph Gordon-Levitt), Mal's dead. The path Dom takes toward putting together said improbable reunion involves corporate espionage and hijacking dreams, dreams within dreams, and dreams within dreams within dreams. Were the movie to fully live up to the high standards of its conception, more would be needed from Mr. DiCaprio. Here, he offers his characteristic intensely vulnerable, tough-guy-with-a-damaged-side shtick, at almost the precise pitch of his work on ""Shutter Island."" That he treads along the same determined, focused line makes Dom seem less of a sympathetic character and more an archetypal example of Mr. DiCaprio doing Mr. DiCaprio. The part demands an actor more equipped to bring a fresh, relatable approach to the melding of vanity with an intense, emotional undercurrent to make interesting human choices without succumbing to the elaborate conceptual maze. The relationship between Dom and Mal, the conceit upon which the picture's emotional engagement lives or dies, is played out in half-baked memories, conversations tinged with elaborate psychological ramifications and a highbrow sensibility aimed squarely at the mind, not the gut. A burst of genuine feeling from Mr. DiCaprio and Ms. Cotillard might have compensated for the overt intellectualization of what should resonate on a simple, meaningful level, but the latter is swallowed whole by her character's ever-changing shades. One learns next to nothing about the drone-like characters played by the rest of the supporting cast  including Mr. Gordon-Levitt, Ellen"
111,GMH_Doc1_Barbie,GMH_Doc1_Barbie,GMH,Comedy,Positive,Barbie,"The wait is over. You can now enjoy Barbie in the comfort of your living room just with a simple MAX subscription. They went a little overboard, as it dominated all your life choices in the days leading up, and then with the release created rows of films like Barbie, and films referenced in Barbie. We are all Barbie girls living in a Barbie world right now on MAX. This film was a giant hit at the box office, and prompted adoration from friends, but also hate from people who just didn't like the female empowerment angle Gerwig has chosen to take. Personally, I just got wrapped up in the creativity of it all. Instead of taking a Barbie adaptation literally, and trying to show us Barbie as one singular individual living in a sweet house with a hot boyfriend, and doing whatever with that, they instead chose to address Barbie for who she is. A doll. Margot Robbie's performance here is complimented by all the excellent things she is written to be doing, or say. Her Barbie is just like the doll, meaning she doesn't have certain body parts, and her world functions like the Barbie world does when we play with them as dolls. She takes a shower, but thinks nothing of the lack of running water. She has a hot boyfriend, but like with most kids, they know these two are supposed to be together... but doing what? in one great moment, Ken asks Barbie if he can stay the night, and she asks why? He has no answer. It's not that he'd dodging the answer of sex, he literally doesn't know why he's supposed to sleep over. This world is not only expanded through some truly visionary production design, where the Dream Houses are open faced, but also features a roster of other Barbies, including some really deep cuts like Alan (Michael Cera), who is based on a real life second male Barbie doll that was created and seems to be incredibly obscure. There are also failed dolls mentioned, like Sugar Daddy Ken, or the Barbie whose arms can inflate her breasts. And, don't forget Kate McKinnon, who was not an official Barbie until after the movie. But, she represents all the Barbies who have met those little girls with... artistic sensibilities. The film comes up with a reason for Barbie to have to travel to the real world, in which Ken accompanies her. It's there that she meets with the head of Mattel (Will Ferrell), and also his secretary (America Ferrara), the latter of the two helps Barbie on her journey, along with her daughter (Ariana greenblatt). Meanwhile, Ken is now living in a world where men rule, which is the total opposite of Barbie's world, where Ken's don't have much to do except look pretty. In this world, it's basically a flipped juxtaposition, where the Barbie world shows the endless possibilities for women, and that men are often just hot arm candy, and then"
112,GMH_Doc2_Barbie,GMH_Doc2_Barbie,GMH,Comedy,Positive,Barbie,"Camp, strange, glorious  I have never seen anything like it Greta Gerwig's film blazes its way into a strange and bold future where adapting a film from a corporate toy franchise doesn't immediately feel ugly and anti-art Be still my heart: droll, gorgeously retro, and frequently hilarious, Greta Gerwig's Barbie is exactly the movie that I hoped it would be. With all its hyper-femme, world-domination-style marketing  not to mention its star Margot Robbie's press tour, featuring jaw-dropping designer getups that directly copycat original Barbie looks throughout history  one could be forgiven for raising an eyebrow at this pinkwashing of the summer movie landscape. But I'm here to report back: Barbie has brains within its beauty, remaining a movie by and for the girly-girls, allowing us a fuchsia blast of prettified joy, and maintaining the feminist credentials to enjoy all the frippery guilt-free. In other words: Barbie fights the patriarchy in high heels and it's glorious. In the pastel artificiality of Barbieland, replete with dream-houses and blue-skied beaches, Margot Robbie is Stereotypical Barbie. She is perfect, blonde, ridiculously pretty, and endlessly having the Best Day Ever with her girlfriends and Ken, played by an irrepressibly funny Ryan Gosling as her desperate tag-along boyfriend. Her world is populated by every Barbie and Ken ever manufactured, from Doctor Barbie to President Barbie to Pregnant Barbie (Midge, discontinued, thanks), all lovingly recreated by Gerwig and her team. But suddenly, Barbie starts to have strange, unnervingly human things happen to her: morning breath, flat feet, cellulite, and thoughts of her own mortality. She soon learns that she's unwillingly merging with her real-life woman creator, and must find that unhappy soul (America Ferrera) in the ""Real World"" to fix the problem. Unfortunately, Ken also visits the ""Real World"" and gets some ideas about how men rule everything, returning back to Barbieland armed with the idea that it will be Ken, not Barbie, who gets to be the main character. In one of my favourite sequences in the film, the Barbies pretend to humour the Kens by acting like they've never seen The Godfather or encouraging them to play Matchbox Twenty on guitar for them. Barbie is a camp, wacky, unmitigated delight, from full-on musical sequences to jokes about Barbie's lack of genitals, to Ken, a himbo par excellence, learning ""masculinity"" from a montage heavily featuring the work of Sylvester Stallone. And its two lead performances are by turns adorably earnest (Robbie) and uproariously wink-and-nod (Gosling, who is having so much fun flexing his biceps and singing to camera here that it's impossible not to love him): these are two bonafide Movie Stars at work. Visually, perhaps, Barbie looks like a few things we've seen before: director Greta Gerwig has spoken before about the cinematic influences on the heightened artificiality and pastels of the film, and she pays saccharine-sweet homage to everything from Singin' in the Rain's dream dance sequences to the candy coloured swirl of Jacques Demy musicals of the 60s. And yet:"
113,GMH_Doc3_Barbie,GMH_Doc3_Barbie,GMH,Comedy,Positive,Barbie,"It's not surprising that Barbie is a good film. After all, this is Greta Gerwig we're talking about. She's one of the most interesting directors working today, and responsible for Little Women, which shattered my heart to a million pieces and then lovingly put it back together again. She can do anything she wants. What is surprising is how subversive the film is. A miraculous balancing act that handles self-aware meta-commentary with big laughs and plenty of heart, and never loses sight of what it wants to say. A more cynical viewer might say it tries to have its cake and eat it too. A realist would answer: Well, why the hell not? Barbie is a film about an iconic doll, and that naturally comes with an element of advertising that goes beyond your average product placement. But in a cinematic world of Marvel, DC, and GI Joe, it feels pointless and downright skeezy to complain about it without including the same disclaimer in every single film review. Besides, if people sat down for two LEGO Movie installments, they can sit down and shut up for two hours and enjoy Barbie for what it is. Because what Gerwig accomplishes here is nothing short of a revelation. Barbie is equal parts a feminist rallying cry, an educational film, a reaffirmation of healthy matriarchal values, a musical, a comedy, and the kind of movie that everyone, especially young men, should see. Superficially, it's a story about discovering your place and what you want to do in this life. But that's like saying Little Women is a story about a girl who meets a boy. What is interesting is the undercurrent. The smuggled content in a 100 million dollar picture that roars beneath the surface. In Barbie, that undercurrent is about the dangers of a patriarchal society and how vital it is to stay true to your inner self even as the world forces you to change. Its satire is big and broad, reminiscent of Paul Verhoeven, and Gerwig swings for the fences with every jab she takes. But just because something is broad doesn't mean it can't be nuanced as well. When Ken (Ryan Gosling) returns to Barbieland as a kind of Jordan Kenderson doll to preach the values of patriarchy, watch how Gerwig peppers the scene with subtle clues of the destructiveness of toxic masculinity. The obvious bits are hilarious (every dude is ultimately the same stereotype), but it's the undertones  the streets crack and the environment withers  that chill. The very social contract goes to hell as everyone looks out for number one  mainly because they can't count any higher. Barbie is also an extremely media literate film, one just as happy to drop a Stanley Kubrick reference as it to casually wander into a conversation of Marcel Proust's madeleine. Regardless of the riff or sociopolitical curveball, the game cast handles them in stride. It's joyful to see Margot Robbie throw herself into a role that allows"
114,GMH_Doc4_Barbie,GMH_Doc4_Barbie,GMH,Comedy,Positive,Barbie,"When the news that Greta Gerwig was going to co-write and direct a movie based on Barbie the collective response appeared to be a baffled ""What?"" (Whereas the news that Margot Robbie would be playing the titular doll was greeted with ""Oh that makes sense."") What on earth was a film about the Mattel princess of plastic actually going to look like? What would it be? Would it be for kids? Would it be a comedy? Would it be one of Gerwig's signature coming-of-age stories? Would it be self-aware? Would it be... feminist? Could it possibly work? Good news, folks: it works. In Gerwig's capable hands Barbie manages to be a comedic, feminist, coming-of-age story that kids absolutely should see as well as many, many appreciative adults. The film opens with Helen Mirren narrating the history of Barbie using the iconic monolith scene from 2001: A Space Odyssey. Before Barbie dolls were mostly made as infants teaching young girls how to be a mother (not as fun as you think), after Barbie (Margot Robbie appearing as the original doll) girls realised they could be anything  or so the denizens of Barbie Land believe. Barbie fixed the world and women were empowered. Of course the film was never going to be that simple. Barbie Land looks like a pink paradise where a multitude of Barbies run things and Kens, well, they're there. Perhaps the only place in existence where Adam's rib doesn't apply, Barbie Land is a fun-time matriarchy where the multiple Barbies (Issa Rae as President Barbie, Hari Nef as Doctor Barbie, Alexander Shipp as Journalist Barbie, and Nicola Coughlan as Lawyer Barbie  all standouts) validate each other (feelings and logic co-exist and make them worthy), and when they can remember to, give Ken (Ryan Gosling as the Just Ken) a little sunshine. Every day for Barbie is a great day until one day when Stereotypical Barbie realises something is not right. She's feeling for the first time the notion of death, ageing, cellulite  and worst of all, she has flat feet. She goes to see the only Barbie with any understanding of what could be happening, Weird Barbie (Kate McKinnon) and is informed that somehow, she has opened a portal between Barbie Land and the real world and the fate of Barbie Land rests on her shoulders as she has to track down her original owner and find out what existential crisis she is harbouring that has bled into the fantastic plastic land. Packing herself into her pink convertible with a stowaway Ken, Barbie makes it to the real world which to her surprise is not the utopia for women that she believed. In fact, it is quite the opposite. Rollerblading in Venice Beach Barbie feels the first tinges of being objectified. For Ken, who was always an accessory to Barbie, he feels the opposite  he is seen and admired which for him is the empowerment he's been lacking in Barbie Land. It isn't long"
115,GMH_Doc5_Barbie,GMH_Doc5_Barbie,GMH,Comedy,Positive,Barbie,"On occasion, great movies hit you without warning, like a cinematic thunderstorm that was previously dismissed from the radar. Christopher Nolan's Oppenheimer had genius written all over it, from the marketing to the casting and execution. All of the ingredients are laid out right there. You could see that bottle rocket screaming towards your brain, and brace for it. But Greta Gerwig's Barbie is something else-a movie that caught me like a right hook out of nowhere. During Floyd Mayweather Jr.'s most prominent boxing years, he would lure an opponent into the corner of the ring as if he was defenseless, and then pop him with a check hook. The check hook would send the opposing fighter hurdling into the ropes, unsure of what had just hit him. In other words, what would happen if Margot Robbie stared into your soul. Gerwig is Floyd and I am the other guy in this situation. Man down! This isn't a movie about a toy, or a doll. Barbie is about so much more than just the plastic toys that dominated decades of young girls' lives, burying the hatchet with an emotional and superbly constructed take on the modern existential crisis. A crisis that affects every single one of us, every single day. What are we doing here? Are we doing it right? Should we be doing more, though? Wait a minute, what does everyone else think about what I'm doing? Most importantly, what else is out there waiting for me, as in right around the corner? Gerwig's tale centers around Robbie's Barbie, who lives in a Truman Show-type society where perfection and positivity is championed and thoughts of death and negativity are prohibited. When she starts feeling her morality creep up on her one morning, Barbie's world starts to shrink and her friends become numbered. All it takes is her randomly blurting out something about death for everyone in town to turn on her. Well, mostly everyone. Ryan Gosling's Ken is infatuated with Barbie, loving only the beach as much as her. He competes with several other Kens for her affection and attention, just like Robbie's Barbie has to ward off other Barbies on a daily basis. In this land, you don't just go to the beach. You go ""beaching!"" Ken is excellent at everything in his life, except for having Barbie by his side while beaching. Like his co-star, Gosling can easily channel any type of character and give it something extra. He's a movie star AND an actor. The two have instant chemistry. The fun spin on this world is that the women are in charge. They dictate the pace of society, carry all the government chairs (Issa Rae, Madame President!), and make all the rules. The Kens of the world follow their lead, but aren't robotic morons. It's simply a woman's world in Gerwig's joint, and cinema is better for it. How many movies have men making all the rules, and ladies looking distressed or just incredibly stressed? Too"
116,GMH_Doc6_Barbie,GMH_Doc6_Barbie,GMH,Comedy,Negative,Barbie,"Greta Gerwig's Barbie has been a social phenomenon that has revolutionized movie theaters like never before, with viewers even attending screenings dressed in pink. But that's not all: with the simultaneous release of Barbie and Christopher Nolan's Oppenheimer , the so-called "" Barbenheimer"" emerged . This pink world versus the dark history behind the birth of the atomic bomb has become a social media meme capable of attracting viewers to see both films, even those who would never have imagined seeing a movie about the famous doll on the big screen. Barbie introduces us to, who else but Barbie (Margot Robbie), who lives a perfect life in Barbieland, where everything is music, color, and happiness. All this changes when she begins to ask herself uncomfortable questions that don't fit with that idyllic world and is forced to travel to the real world to find answers to her problems. The director's recent works, Lady Bird and Little Women , both Oscar nominees, demonstrated Gerwig's ability to tackle complex and poignant themes, connecting with audiences in an authentic way. And while Barbie has managed to win over a large part of the public, it hasn't resonated with this writer, unlike her previous films. And yet the trailer promised a film with high doses of fun and humor, but many of the comedic scenes had already been shown in that same trailer, such as the flat feet scene or even the song I'm Just Ken , performed perfectly by Ryan Gosling ( Drive , The Notebook ) who is having a blast as Ken. Although Gerwig's film stands out for its courageous approach to gender issues, the execution of its message feels forced, repetitive, and heavy-handed. There's no trace of Gerwig's delicate touch like Saoirse Ronan's gentle and moving monologue in Little Women with that resonant ""but... I feel so alone""in the screenplay she co-wrote with her husband, Noah Baumbach ( Marriage Story ). It's a comfortable and rather contrived script. And, as for the cast, full of very familiar faces, Margot Robbie ( I, Tonya ) brings undeniable charisma as Barbie, but it is truly Ryan Gosling and Michael Cera ( Scott Pilgrim vs. the World )  something quite ironic in a very feminist film  who stand out with their comedic performances, even though the latter has few lines of dialogue. On the technical side, the production design by Sarah Greenwood ( Anna Karenina ) and the costume design by Jacqueline Durran ( The Batman ) successfully immerse the viewer in this pink world, a clear homage to Barbie's iconic aesthetic. This attention to detail in the film's technical aspects which contrasts sharply with the lack of care in its narrative contributes to the cinematic experience, making the audience feel completely immersed in Barbie 's magical, pink (very pink) world . Ultimately, while Greta Gerwig's Barbie has been a box office success, the lack of surprises and the somewhat forced execution of its feminist message detract from the overall experience. Despite this, it's"
117,GMH_Doc7_Barbie,GMH_Doc7_Barbie,GMH,Comedy,Negative,Barbie,"The rocky development makes sense, really. The Barbie brand has long courted controversy, from body image concerns to gender stereotypes, and toy giant Mattel  involved through its Mattel Films division  is no stranger to the discourse. And here we are. Barbie is directed and co-written by Greta Gerwig, known for her acclaimed films Little Women and Lady Bird (still a big fan of that one). It's a film that aims to appeal to Barbie fans young and old, deliver a broad comedy that taps into the cultural zeitgeist, acknowledge the brand's messy history, and offer an empowering feminist message for today. Does it manage to balance all of that? For me, not quite. Before I'm written off entirely, let me be clear: I did enjoy aspects of Barbie. I didn't hate it. So, let's begin with what I thought worked. Casting Robbie in the lead now feels like an obvious decision. Naturally, she looks the part, but more importantly, she delivers a performance that works for the character: a ""Stereotypical Barbie"" who spirals into existential crisis. That said, it's Ryan Gosling who walks away with the film. As Ken, he's completely committed, leaning into the character's clueless charm and misguided masculinity. He delivers most of the film's biggest laughs. Barbieland is a treat to look at. The vibrant production and art design are spot-on, bringing Barbie's world to life in all its bright, plastic glory. Even as someone who isn't overly familiar with Barbie lore and the brand's insane range of products, I enjoyed spotting the little nods to the toy line. The film's opening section is particularly fun, playing with Barbie tropes and how a child's imagination manifests in a world like this. There's no water in the shower, no liquid in her drink  the logic of Barbieland is delightfully skewed. Life in plastic. Now for what didn't quite land. The film tries to do too much at once. Its focus on delivering a message  critiquing patriarchy, reflecting on the female experience, and poking fun at male-dominated systems (sorry, Kens)  often overshadows everything else. Messaging in a film isn't a problem. But here, it's so on-the-nose that it ends up stalling the story. Gerwig's screenplay, co-written with Noah Baumbach (Marriage Story, The Squid and the Whale), rarely goes for subtlety. When Ken visits the real world and almost instantly embraces the stereotypical aspects of patriarchal thinking, it starts off feeling like a sly joke aimed at internet discourse. Instead, it becomes a dominant thread, handled with such intensity that it veers into preachiness. The passion here is clear, but when characters stop the action to deliver monologues, the tone and humour get sidelined. The meta humour and self-awareness are certainly there. Some of it works, some of it doesn't. Still, it's hard to ignore the fact that this is a deeply self-aware, high-gloss branding exercise  and a bit of an ironic one at that. Will Ferrell plays the Mattel CEO  a cartoonish"
118,GMH_Doc8_Barbie,GMH_Doc8_Barbie,GMH,Comedy,Negative,Barbie,"A wrench and a cat walk into a bar. Ouch! Preachy, insipid, wrongheaded, mean-spirited, and fossil fuel-driven, ""Barbie"" is by far the worst movie (or more accurately, commercial) I have ever witnessed. ""Barbie"" is to feminism as a wrench is to a cat. This plastic character has no charm, no grace, no sense of romance or inner beauty of mind. To be clear, ""Barbie"" is not a movie; it is a rip off. Evidently, it would have taken John Waters or Trey Parker and Matt Stone to properly trash the capitalist monolith of Mattel with a transgressive movie based on a sex doll turned pop toy icon. And yes, Mattel (the toy company) produced this overlong commercial. Could anything be more obvious? And, yes that's right, the creator of Barbie based this popular landfill ingredient on a sex doll. They probably should have left the sex doll parts intact, at least then it could have been used for sex education. Too late now. Corporate cult pap. Unrelenting dystopia. Vomiting all of the time. You've heard of ""cult of personality,"" well this is cult of image, used to dumb down society in the service of profit. Forget about life imitating art, here life follows toys. Gross. Really, really gross, and sour. Toxic. ""Brave New World"" indeed. Aldous Huxley was right all along. Here is narcissism, infinity squared. Let's put it this way, ""Barbie"" is the exact opposite of ""The Wizard of Oz"" in every square centimeter of quality, metaphor, and nuance. ""Barbie Land"" is a gated community inhabited by lesbian Barbies and gay Kens. How do we know this? When Ken asks Barbie if he can stay over one night for reasons he can't explain, Barbie says, ""no."" Barbie is a Breadcrumber. ""Every night is girls' night"" at the Barbie house of endless fun. This is not to say that sexytime doesn't happen between consenting plastic girl/women with no vajayjays. Feet are the operative sex organ here. In response, Ken usurps that long revered animal of teenage girl fetish obsession, the horse, as his personal connection to all things manly. Choke. Barbie's red or blue pill moment. She chooses the one she has to buy on Amazon. Oh the ugliness of its sickly sweet set designs. This commercial looks like Mattel spent $1000 to make it. And yet, they still spent way too much. At least Mattel got their money's worth out of their herd of actors. Here is a perfect example of why Alfred Hitchcock called actors, ""cattle."" Ryan Gosling, Margot Robbie, and the rest, are nothing more than mindless props. Meanwhile, Barbie (Margot Robbie) has thoughts of...wait for it...death. The death of capitalism, or the death of Mattel's profitable practice of polluting the globe with plastic? Not so much. No, we would have needed John Waters, or maybe even Todd Haynes, for such grounded satire. Nevermind that David Lynch already gave us the movie that addresses female stardom lust, namely ""Mulholland Drive."" This is more, battle-of-the-sexes Barbie. Equality, as"
119,GMH_Doc9_Barbie,GMH_Doc9_Barbie,GMH,Comedy,Negative,Barbie,"Barbie, a film made by intelligent people, has a clever idea about how to use the plastic world of Barbie dolls to argue that misogynistic patriarchy is an absurdity that crumbles under logic. This argument is successfully made in the opening couple of scenes and then repeated for the remainder of the film's 114 minutes. There is really just one joke, varied slightly throughout. Some of those variations are funny Ken's confusion over the masculine place of horses in the world outside the matriarchal Barbieland, the way women must endure the mansplaining of The Godfather but even the good gags are buried by the drumbeat of repetition. The film is the phenomenon of the summer of 2023, which frankly needed a good phenomenon, and as such things go, I'm fine with it. It assumes its audience is smart (but still in need of the occasional lecture), it's on the right side of history, it will almost certainly build a better-informed citizenry. People are apparently seeing it more than once, maybe for the feeling of being part of a happening, maybe for the arch songs and garish colors and inside jokes about Barbie lore. I can't imagine seeing it a second time, because everything is right there on the surface (except for the Mattel Easter eggs, I guess), easy to grasp and easy enough to enjoy. And that's it. Yes, Ryan Gosling's Ken has many throwaway pouts to savor, but beyond that there isn't much to get. Take Allan, a sidekick doll to Ken, played by Michael Cera. In the film's pre-release publicity, the photographs of Cerahilariously decked out in loud and sexually ambiguous beachwearsuggested a high point in the movie itself, especially with this inventive actor. But then you watch Barbie, and there's Allan and his beachwear, and although he pops up a handful of times in the action (as though somebody realized we've got to get Allan involved somewhere, which I guess is very Allan), that's the extent of it. This is moviemaking, circa 2023, and the movie's success suggests there is no fighting it. Believe me, I am aware of my wet-blanketness when I ask if this is really all there is to Barbie, especially when there are Tik Tok commentators who are so much more upbeat about the movie, and about every movie, apparently. Anyway. I have found Greta Gerwig's work as a director to contain legitimately wonderful things, and will make just a couple of observations here about directing style before standing aside and allowing the zeitgeist to roll over me. Gerwig's method of composing (the film is shot by Rodrigo Prieto) has a few notable strategies; for instance, proscenium-like compositions that approximate looking at a toy diorama such as Barbie's Dreamhouse, thus placing the film in the unlikely tradition of Jerry Lewis's The Ladies Man and Jean-Luc Godard's Tout va bien. In Barbie, this visual style extends beyond the depiction of these cut-away sets; so, for instance, the scenes in which Margot Robbie's doll passes between Barbieland"
120,GMH_Doc10_Barbie,GMH_Doc10_Barbie,GMH,Comedy,Negative,Barbie,"It is the film that has the whole world talking right now  Barbie. In the lead up nobody really knew what to expect, except a lot of pink, was it going to be something serious aimed for adults or was it going to be funny and aimed at children? It seems though it wasn't only the cinema going audience asking those questions, they were questions that the filmmakers themselves may have been confused about because the result is a film that seems to awkwardly sit in the middle. Directed by Greta Gerwig (Lady Bird) Barbie is a film that actually features a lot of different Barbies and Kens. In the beginning they all live in BarbieLand where the main Barbie (Margot Robbie  The Wolf Of Wall Street) wakes up every day to a perfect day of fun in the sun with her friends. And when the sun sets it is time for her to party. That Barbie also has her Ken (Ryan Gosling  La La Land) who is always doting after her and competing with other Kens for her affection. But sadly, for Ken it is also obvious that his feelings for Barbie are a lot stronger than hers for him. But then one day everything changes. Barbie's life starts to get less perfect  something is beginning to go wrong. The only person with any answers is the one referred to as Strange Barbie (Kate McKinnon  Ghostbusters) who quickly tells Barbie that the issues that the person playing with her in the real world is starting to project onto her. The only way she can solve it is by travelling to the real world and trying to help her 'human.' So, with Ken in tow Barbie makes her way to the real world where she soon meets Gloria (America Ferrera  Superstore) and her daughter, Sasha (Ariana Greenblatt  65). But before Barbie can help them the news of her arrival reaches the Mattel CEO (Will Ferrell  Anchorman) who decides that Barbie needs to be put back in her box before there is an incident. Meanwhile Ken begins to realise that men can also be leaders and decides to head back to BarbieLand and change things around so it can become his Kengdom which leaves Barbie having to fix problems both there and in the real world. Barbie is kind of a difficult film to review. Not only in this the kind of film that is guaranteed to divide an audience the film almost being split in two halves causes issues of its own. The way Gerwig introduces the audience to BarbieLand is amazing. The characters are set up amazingly well, the dance sequences are stunning and the laughs come thick and fast. The then something terrible happens with the film. Even when Barbie and Ken first arrive in the real world the film works but once we see inside the Mattel offices a cheesiness washes over the film that completely ruins it. Gone"
121,LSU_Doc1_No_Time_To_Die,LSU_Doc1_No_Time_To_Die,LSU,Action,Negative,No_Time_To_Die,"Let the mourning begin. In No Time to Die, James Bond is dead after 25 installments of the popular series about England's most glamorous secret agent which means he will never be back in his present form. This is also Daniel Craig's fifth and final appearance as 007, so enjoy his previously indestructible stoicism for the last time, too. Do this, I hasten to add, only if you are forever dedicated to a fictional action hero who, in your heart of hearts, can do no wrong. In my opinion, he ran out of steam long ago, and now in retirement from Her Majesty's Secret Service, he has no charm, no wit, no sex appeal, no fatal allure for women and he's losing his hair. He dies from stray bullets, deja vu, stale dialogue and mixed reviews. The car chases, the fight sequences (there are two), the helicopter shots, the never-ending guns and exploding warheads have all been done before. This is probably to be expected. You don't go to a James Bond movie to learn anything new. You go to ogle the latest girls, gadgets and exotic locations. The entertainment values are ever apparent, the violence and bloodshed have a certain lift that both defines and defies imagination, and who would have it any other way? You don't always remember what you saw the next day, but you know you had some fun. This time the excitement fades like the popcorn that went with it, and for me, ennui comes on stealthy fingers. No Time to Die may not be the worst James Bond movie ever made, but it's in heavy competition as the dullest one since Octopussy. The film's sole distinction is the fact that it's the James Bond epic that finally manages to make 007 a crashing bore. Directed with more boyish slobber than narrative coherence by Cary Joji Fukunaga from an over-crammed, self-consciously contrived script by no fewer than five writers, No Time to Die hops and stumbles all over the place, but you can still write the plot on the head of a carpet tack. It opens with a flashback to the Italian Alps where a mysterious thug in a white mask plods through the snow to murder a young Madeleine Swann's mother, but young Madeleine narrowly escapes. Cut to the character, all grown up as Lea Seydoux, who may or may not be married to a gooey-eyed, lovesick 007. (The movie is very vague about things that matter.) After some high-speed racing through the mountains in his bulletproof Aston Martin, the two lovers are set upon by agents from the evil crime syndicate SPECTRE in the town square and he dumps Madeleine, thinking she betrayed him. It's the end for Bond and Madeleine, but the movie is just beginning. It helps to know your Ian Fleming history, including Bond's relationship with Vesper Lynd in Casino Royale, as well as the meaning of SPECTRE (you got me there). Cut to Bond trying desperately trying to enjoy his retirement"
122,LSU_Doc2_No_Time_To_Die,LSU_Doc2_No_Time_To_Die,LSU,Action,Negative,No_Time_To_Die,"Historically, the bad James Bond films have been judged so because they were just too wacky and silly. Fortunately, its utter disinterest in a hard and fast continuity meant that a deliciously hyperbolic film like A View to a Kill can erase a hackneyed Octopussy in under two years. Never before has a James Bond film been both technically well-executed and taken a more serious tack, yet still been an infuriating mess. So, congratulations, I guess, No Time to Die. Borderline impenetrable if you haven't rewatched the first four films in the Daniel Craig-era arc, this 25th canonical Bond picks up where the roundly unloved Spectre finished, with Bond in seeming retirement with Madeleine Swann (Seydoux), and a lot of baggage from earlier films that now seems borderline absurd and needlessly convoluted. The big twist in the last film was that Blofeld (Waltz) was Bond's stepbrother and the cause of all his pain, but the villain this time is Malek as Lyutsifer Safin, a waffling, mumbling pseudophilosophical maniac with the standard grand plans for global domination. Meanwhile Bond ends up more alone than ever: out of MI5, replaced as 007 by a new agent (Lynch), and terribly sad about everything. Because the newer, more emotionally rounded Bond is just sad a lot. Yet No Time to Die doesn't take the opportunity to examine Bond in a more stripped-down setting. Instead, it's the standard mix of globetrotting action, just slower and less engaging than ever before. Subplots go nowhere, new characters are dropped in with little payoff (exactly what purpose a side trip to Cuba with Ana de Armas' giddy young CIA rookie serves defies explanation), and much of the dialogue is simply meaningless  particularly every word out of Safin's mouth, which would just be nonsensical if it wasn't also delivered with all the gravitas and malice of a bus timetable. It's ponderous, tedious, and somehow both buried in continuity and determined to drop it all halfway through the story. It's not just recent Bond lore: there's a hamfisted musical sting that serves as a reference to On Her Majesty's Secret Service, further complicating the already convoluted timeline and inherently conflating two of Bond's dead exes. It's this overstuffed storytelling, mixed with lackluster pacing, that renders No Time to Die a torturous misfire, and an utterly disappointing exit for Craig's Bond. I hate to say it, but this is Bond's Rise of Skywalker. That's the saddest part of this era of 007. Craig had two of the best entries in the entire series, with Casino Royale establishing everything that was going to make him unique, and Skyfall hitting like a battering ram. His Bond was an educated assassin, charming and cold, violently loyal to Queen and Country but untrusting of both  just as Ian Fleming wrote him. Yet the last two films have written him into a melancholic corner, adding a supposed emotional depth that he simply doesn't need. Maybe the arc would have worked better across three films,"
123,LSU_Doc3_No_Time_To_Die,LSU_Doc3_No_Time_To_Die,LSU,Action,Negative,No_Time_To_Die,"No Time To Die is the 25th film in the endless James Bond series, and also maybe the first to offer something like an actual ending. ""Goodbye"" isn't usually in the spy's vocabulary not with a sequel always on the horizon, a return always promised in the credits. Even on the cusp of recasting, it's rare to get any finality from a Bond movie; producers like to leave the door open, in hopes that they'll lure their star back for one more round of martinis. No Time To Die is different. It's been conceived as a proper send-off to Daniel Craig, taking his fifth and final spin in the tuxedo, and as an attempt to wrap up this serialized stretch of a series that's been running since the early '60s. Unfortunately, the film is so concerned with valediction that it ends up treating the actual pleasures of Bond the stuff that's kept audiences coming back for six decades like an afterthought. It's all punctuation, no sentence. In devising some closure of sorts for this iteration of the character, No Time To Die looks backwards. This has been a strategy of the series ever since Craig took over the role, bringing a more brutish charisma to cinema's most beloved secret agent. An obsession with the past was, of course, a driving principle of the thrilling origin story Casino Royale. And it hung over the films that followed, evident in every self-conscious wink at the ancient tropes of the 007 formula and every attempt to tie a new menace to an old mission, mistake, or adversary. In its smartest stab at symmetry, No Time To Die takes Bond back to Italy, and to the grave of the woman whose death shaped his future. Her tombstone literally explodes. Metaphorically, this signals a fallout with the one woman Bond has allowed himself to love since, the psychiatrist Madeleine Swann (Lea Seydoux, reprising the role she played in Spectre). Is this the Endgame of spy movies? It's as sentimental and nearly as long, running a patience-taxing two hours and 43 minutes. And here, too, is a five-year time jump, finding a retired, heartbroken Bond living off the grid, forced to return to active duty at the emergence of a new global threat. Didn't Skyfall go there already? It did, and more gracefully: That gleaming installment, the second big highlight of the Craig tenure (and, in general, a more fitting swan song for it), had some fun playing, however briefly, with the idea of a disgruntled and slightly rusty Bond. Here, British intelligence's finest lurches back into the field with almost a perfunctory shrug. No Time To Die's danger is viral: a plague of nanobots that target a specific person (or people's) DNA. Vaguely and coincidentally, this evokes the real worldwide medical crisis that delayed the film's release for a year and a half. It's also a rather confusing weapon of mass destruction, with rules that don't make a ton of sense, even for a Bond movie which is a"
124,LSU_Doc4_No_Time_To_Die,LSU_Doc4_No_Time_To_Die,LSU,Action,Negative,No_Time_To_Die,"""This never happened to the other fella."" That might have been George Lazenby's quip in the opening sequence of On Her Majesty's Secret Service (1969), but it's also become the rallying cry for the Daniel Craig era of Bond pictures, which began with him as an inexperienced, impulsive agent just earning his license to kill in Casino Royale (2006) and ends now with him as a weathered, embittered, desperately-in-love man in No Time to Die. In retrospect, it feels as if Lazenby's cute, fourth-wall-breaking acknowledgment (reportedly ad-libbed on set by the star himself) that his post-Connery turn might be a different Bond perhaps liberated the series a little: Once that line landed, nobody had to worry about keeping any kind of consistency between Bond actors, or even individual movies. Of course, within the actual Craig cycle, the inter-film callbacks and echoes and through-lines have been non-stop  and not always for the best. At the start of No Time to Die, Bond is still grieving Vesper Lynd, his lover and partner from Casino Royale, while also committing to a life with Madeleine Swann (Lea Seydoux), the assassin's daughter and psychiatrist he romanced (rather unconvincingly) in Spectre (2015). This new one even opens with an episode from Madeleine's childhood that she'd related in that previous entry, only now it's been revised to become our introduction to Lyutsifer Safin (Rami Malek), a psycho who went off the deep end after his whole family was killed by Madeleine's father, Mr. White. White was, as you may or may not recall from the previous film, an assassin working for SPECTRE, the international criminal organization led by Ernst Stavro Blofeld (Christoph Waltz), the devious mastermind whom Bond made sure to lock up at the end of that picture. Staying true to our modern age of action movies-as-elaborate-soap operas, it also turned out that Blofeld  organ music, please  is Bond's long-lost adopted brother. No, this definitely never happened to the other fellas. Indeed, the central project of the Daniel Craig era could easily be seen as an experiment to see how un-Bond-like one could make these films while still being able to call them Bond films. The experiment reaches its apotheosis in No Time to Die, which opens with Bond in love, then moves on to Bond betrayed, then Bond retired, then Bond working for the CIA, before bringing Bond back into the fold of MI6, where it turns out he's actually been replaced by a new 007, Nomi, played by Lashana Lynch. (If you think those are spoilers, note that I've said nothing of Bond's [redacted], his discovery of [redacted], or the dramatic [redacted]s of [redacted], [redacted], and [redacted].) There are opportunities here, many of them missed: The two 007s have a playful rivalry at first, and one wishes the script featured more of their repartee. Lynch certainly seems game, with her character handling Bond with just the right combination of admiration and annoyance. And we know Craig has solid comic chops, as"
125,LSU_Doc5_No_Time_To_Die,LSU_Doc5_No_Time_To_Die,LSU,Action,Negative,No_Time_To_Die,"Though it's bound to make boatloads of money by the end of its run, No Time To Die is failing to bring theater attendance back with a bang. Attendance is thinner than expected. I saw the film in an almost empty theater, and a young multiplex employee shrugged philosophically, ""People who still care about James Bond are older . . ."" And it seems the older demographic is the most reluctant to return to theaters. Judging by the media chatter and some of the narrative moves in this latest installment, the so-so opening numbers are probably one more factor in pushing the owners of the lucrative Bond franchise to do what it seems they were planning on anyway; that is, pivot sharply away from the traditional James Bond. Perhaps a female Agent 007? Perhaps a black female Agent 007? Lashana Lynch already plays just such a character in No Time To Die, setting up an amusing rivalry for the 007 number with Bond (Daniel Craig), who returns from an emotionally bruising five-year aborted retirement to find himself replaced. ""I bet you thought they'd retire the number,"" she snarks at him. An even better contender for a new 007 would be the Cuban female agent named Paloma, played by the delightful Ana de Armas (Craig's costar in Knives Out). She's getting all the rave reviews for her brief dazzling turn in the Havana sequence of No Time To Die. She plays an effervescent spy with three weeks' training who announces her nervousness about the mission with disarming frankness and deals with it by pounding one of Bond's shaken-not-stirred martinis in one gulp. Dolled up in the usual Bond-girl wear, a revealing knockout of an evening gown, she treats Bond with an unprecedented all-spies-together friendliness. And she handles the inevitable fight scene with such high-heeled-roundhouse-kick aplomb that he says with a bemused smile as they part, ""You were excellent."" ""You too!"" she enthuses cheerfully. ""Next time, stay longer!"" You'll wait through much of the rest of a very long movie hoping in vain that she's going to come back. She's such a breath of fresh air among usual-suspect characters such as Q (Ben Whishaw), Eve Moneypenny (Naomie Harris), Felix Leiter (Jeffrey Wright), and returning villain Ernst Blofeld (Christoph Waltz). Even new villain Lyutsifer Safin (Rami Malek) doesn't make much of an impression; he's such a recessive, talky figure, and you can't have two talky villains once Christoph Waltz's patented elegant yammering has been established. But that's what reboots are for: to expand on the potential of new characters. Though I admit I still don't see how this franchise can be reformed merely by creating a more woke 007. The whole thing's a Tory imperialist fantasy. Personally, I liked the Craig Bond series, though it made for a wildly uneven five films. Casino Royale, Skyfall, and No Time To Die are clearly the best of them, in descending order of quality, but regardless of how well the individual movies came off, Craig did consistently great work with the latest take on the character. In order to update an unregenerate figure of Cold Warera masculinity, the creators of the Craig Bond did something smart  they put him into a dark, lonely rage, and returned him there every time he got too quippy and sure of himself. Plus, they made him aware that he was doomed by giving him a backstory that skirted the edge of The Bourne Identity in the way it established Bond as a glorified killer engineered by MI6, the British Secret Intelligence Service, who only gradually becomes aware of what has been done to him. As M (Judi Dench) tells him coldly in Skyfall about why he'd been chosen for such a bleak fate, ""Orphans make the best agents."" In No Time To Die, Craig is, as usual, given a ton of screen time to brood alcoholically about his rotten fate, which he does well. He's even better at playing action scenes now  as if he's so personally pissed off when enemy agents attack him that he's going to murder them even harder than he intended to in the first place. That's a surefire favorite action-movie development, when one feels ironic pity for the innumerable, faceless enemies chasing Bond down, guns blazing: ""Ooh, now they made him mad."" In the Craig Bonds, the film-noir-izing of James Bond was an inspired choice. His uglier qualities  the callous violence, the brutal sexism, the paranoia  emerged out of the wounds of his sociopathic old-school training. I wish they'd gone further with this than they did and finally make Bond a rogue agent who stayed rogue. Right up through No Time To Die, Bond keeps rediscovering how contemptible his MI6 bosses are and calling them out on it  he dismissively asks replacement M (Ralph Fiennes), ""Did this desk get larger, or did you get smaller?""  only to forgive and forget and return to ""God Save the Queen"" patriotism in the end. But at least it was nicely ambitious to do a complete Bond story arc, beginning with the first film and biggest triumph of the series, Casino Royale, when young Bond is assigned his first mission as 007 and makes such a barbaric bloody mess in getting the job done that M sighs, ""I knew I promoted you too soon."" One excellent result of this Bond's bitter rage is it cuts through some of the more sickening displays of luxury consumer goods he wears, drives, and drinks  a big part of the Bond film fantasy. It's made clear in Casino Royale that he's overcompensating for his rootless, savage youth by out-toffing the toffs, wearing bespoke tailor suits, and driving absurdly expensive sports cars. Mortality in No Time To Die is concentrated on Bond's discovery of a potential way to redeem his life through love, which hadn't seemed possible since the death of Vesper Lynd (the marvelous Eva Green) in Casino Royale. But it seems he's betrayed again, this time around by the French love he found in Spectre, Dr. Madeleine Swann (Lea Seydoux, meh). Can he salvage anything from the wreckage of his crushed romantic hopes and luxurious but blighted life? Well  that's a spoiler  you have to buy a ticket to find out. Plenty of seats are available!"
126,LSU_Doc6_No_Time_To_Die,LSU_Doc6_No_Time_To_Die,LSU,Action,Positive,No_Time_To_Die,"If it wasn't obvious before, it is now. We have been living through a great era for James Bond movies  and that era ends spectacularly with ""No Time to Die."" The new movie takes its place among the best of the entire series. What makes it especially satisfying is that this is a Bond film specifically tailored to Daniel Craig and all that he's brought to the role. Give the same script to another actor, and you'd still have a good movie. But with Craig, you have a movie informed by 15 years of history, by the other Craig films working the same ideas and emotions, all about the need for love and the difficulty of trusting someone. These themes would seem too touchy-feely for James Bond, were it not for Craig's mask of stoicism and his ability to convey a world of feeling through his eyes. Equally important is that ""No Time to Die"" never fails to deliver on all the other things audiences expect from a James Bond movie: intricate, imaginative and grand-scale action sequences, exotic locations and an opportunity for him to say two things  ""Bond, James Bond"" and ""shaken, not stirred."" This time Bond begins the movie the way he usually ends them, in a beautiful place with a beautiful woman and seemingly without a care. He's retired, and now he and Madeleine (Lea Seydoux), whom he met in ""Spectre"" (2015), are in a hill town in Italy, living a perpetual vacation as they decide how to move forward with their lives together. Of course, we know this idyll can't last, but the way the movie explodes into action mode here is particularly satisfying. ""No Time to Die"" throws us right into things even before the credits roll. This movie was delayed for 17 months because of the coronavirus pandemic. This time the threat to human civilization involves a man-made pathogen, a poison that can be communicated like a virus, but one that's targeted specifically to a person's DNA. The British have been developing it as a clean way of assassinating people, but a dangerous lunatic named Safin (Rami Malek) figures out a way to steal it and adjust the weapon so that it can kill entire nations in about an hour. ""No Time to Die"" isn't the easiest movie to follow, but it's entertaining enough that you might either be happy to be lost or not notice that you are. The broad outlines are what matters. The British have screwed up, and they've put their new Agent 007 (Lashana Lynch) on the case. Meanwhile, the Americans have recruited Bond to save the world, again. Somehow all of this is related to Blofeld (Christoph Waltz), who is locked up Hannibal Lecter-style in a mental institution, and also to Madeleine. Director and Oakland native Cary Joji Fukunaga embraces the movie's scale and matches it in drama. At one point, Bond and Madeleine go to question Blofeld at the maximum-security sanitarium. In the script, it's probably"
127,LSU_Doc7_No_Time_To_Die,LSU_Doc7_No_Time_To_Die,LSU,Action,Positive,No_Time_To_Die,"Deviating from a formula as well-ironed as one of its hero's tuxes, No Time to Die bids goodbye to Daniel Craig with so many surprises, it's tough to know where to start. There are big, unprecedented storytelling decisions; Bond relates to not one, but several women as equals; and at one point, he makes pancakes for a small child. The nicest surprise of them all, though, is just how good it is. Much-delayed, not least by a switch of directors when Danny Boyle left and Cary Fukunaga stepped in, it finally arrives as a reminder of the big-screen power of a blockbuster franchise firing on all cylinders. It's the funniest Bond in forever, too, with a zingy script (quite possibly due to Phoebe Waller-Bridge's contributions) delivered by Craig and co with aplomb. Bond's opening reintroduction  involving a town square, his DB5 and half of Spectre, as he's pulled out of a romantic reverie with Madeleine Swann (Lea Seydoux)  is an all-timer that shakes the cobwebs from the franchise in ten crunching minutes. From dapper and loved-up, Craig is soon back to how we know and love him: bruised and battered and heeding the siren call of duty, as the CIA and MI6 joust over a missing nanoweapon. Fukunaga and his cinematographer Linus Sandgren (La La Land) find visual grace notes everywhere. One sequence set in a Havana hacienda might be the most offbeat thing seen in a franchise that, let's not forget, has also featured a crocodile submarine and Christopher Walken. It has Bond and Ana de Armas's CIA spook prowling through what seems to be a David Lynch cheese dream, in pursuit of a rogue scientist with access to that humanity-threatening MacGuffin. Beefing up the roster of female characters is Lashana Lynch's 00 agent Nomi, who shares a nice anti-chemistry with Bond that feels like a meaningful step forward for both characters. And the villain? Rami Malek's scarred Safin mostly pulls the strings from off screen, but gets his moment in a third act that will thrill anyone yearning for the massive sets of the Ken Adam era and the megalomaniac dreams of Dr No. If a runtime of close to three hours sounds like a red flag, this Bond is a surprisingly lean beast. It zips from one adroitly chosen location to another (add Matera in southern Italy to your bucket list ASAP), but the slower, character-driven scenes  the undoing of some recent Bonds  really sing too. Only Naomie Harris's Moneypenny is shortchanged. After her dynamic intro as a field agent in Skyfall, the franchise seems at a loss for what to do with her, with Lynch's Nomi stepping into the gap she might have filled. Even MI6's resident meme, Tanner (Rory Kinnear), gets more heavy lifting to do. Other grumbles centre on a climactic battle that overstays its welcome, and one or two bits of unnecessarily jarring violence. But by whatever metrics you measure a Bond movie  tight plotting, gnarly villains, emotional"
128,LSU_Doc8_No_Time_To_Die,LSU_Doc8_No_Time_To_Die,LSU,Action,Positive,No_Time_To_Die,"""No Time to Die"" is a terrific movie: an up-to-the-minute, down-to-the-wire James Bond thriller with a satisfying neoclassical edge. It's an unabashedly conventional Bond film that's been made with high finesse and just the right touch of soul, as well as enough sleek surprise to keep you on edge. Before I go further, though, let me lay my baccarat cards on the table. I thought ""Casino Royale,"" the first film in which Daniel Craig portrayed 007, was the greatest Bond film since the early Sean Connery days, and in many ways the most perfectly realized Bond movie ever. (I've seen it countless times, and it's one of my favorite films of its era.) To me, the trio of Bond films that came after ""Casino Royale"" have added up to one of the most profoundly disappointing follow-throughs of any contemporary film series. ""Quantum of Solace"" was all trumped-up mechanics, ""Spectre"" was an elaborate piece of product that went through the motions  and ""Skyfall,"" though I realize many Bond watchers think it's a masterpiece, was, to me, sodden and overstated, with a meta-hammy megalomaniac performance by Javier Bardem and a backstory to Bond that was maudlin with self-pity. The film was trying to be ""emotional,"" but that poor-little-spy-boy origin story didn't enlarge Bond  it diminished him. The truth is that so many elements of what the Bond films originally brought to cinema have been incorporated into other film series  the ""Mission: Impossible"" films, the ""Bourne"" films, the ""Fast and Furious"" films  that to create a first-rate Bond adventure, something more is required. You need an ingenious weave of elements: the perfect layered rhythm of brashly timed fights and great escapes and bedazzling chases and delectable quips and cool gadgets and sexy one-upmanship and the ultimate in world-domination stakes. ""No Time to Die,"" at 2 hours and 43 minutes, is the longest Bond film ever, yet it's brisk and heady and sharp. The director, Cary Joji Fukunaga (HBO's ""True Detective""), keeps the elements in balance like an ace juggler. He gets the details right  the split-second leaping-off-the-balcony action scenes, the menace of an assassin with a vagrant mechanical eyeball, the persnickety droll fun of Ben Whishaw's performance as Q. Beyond that, though, there needs to be a touch of mystery to Bond. That's the quality that ""Casino Royale"" brought back to the series through its fantastically tricky dramatization of the relationship between Craig's fast, steely, roughneck Bond and Eva Green's insinuating Vesper Lynd. And ""No Time to Die,"" though it's not the work of art ""Casino Royale"" was, possesses just enough of that quality. Ideally, there's a romance to a James Bond movie  I don't just mean a love story, but a romance to Bond's presence, a grander motive behind the ruthless execution of his every move. ""No Time to Die"" has that. In the introductory sequence, we see Lea Seydoux's Madeleine as a young girl and the cataclysm she endured at the hands of a man"
129,LSU_Doc9_No_Time_To_Die,LSU_Doc9_No_Time_To_Die,LSU,Action,Positive,No_Time_To_Die,"It is a hard thing to make a Bond film. But the 25th film in the series feels like the hardest journey yet: somehow surviving a departing director (Danny Boyle, due to the dreaded ""creative differences"", replaced by Cary Fukunaga), a two-year delay brought about by the pandemic, and in Daniel Craig, an outgoing 007 who previously claimed (in a quote that would later haunt him) that he'd rather ""slash [his] wrists"" than play Bond again. There was more than enough time in which No Time To Die could have died. But as Craig's Bond says in this film, in a lovely nod to On Her Majesty's Secret Service, ""We have all the time in the world"". It is not the first reference in this film to George Lazenby's since-rehabilitated 1969 one-off, and it feels appropriate. Because this film does things that no Bond film has ever done, and despite relying heavily on tropes that feel not only familiar but comforting, it is the unfamiliar things it does that make this such an exciting entry. We find Bond in retirement mode. For the film's first half, he's turned his back on MI6, and there are plenty of references to how he's past his prime, an ""old wreck"" as he calls himself. Craig can still wear the hell out of a tux, but he has a few more years on his face than he did in 2006's Casino Royale, and plays into them. His performance  which has always been rich with contradictions, the playboyish smile contrasted with a stoic inner turmoil  is the most interesting it has ever been in this film. This Bond is more passionate, more impulsive, more sensitive and  dare we say  more romantic, breathing remarkable new dimensions into a decades-old character. He's no less ruthless, though, and while Craig's earlier films showed influence from the grittiness of Bourne, Fukunaga's action seems to partly ape John Wick, with an emphasis on sharp, savage gunfights and intense chase sequences. The supporting cast offer great assists  Ana De Armas in a tiny but winning repeat of the Knives Out chemistry she shared with Craig; Lashanna Lynch as a rival 00 agent with her own brand of swagger  but there's a groundedness and muscularity to it, with flashes of a paranoid conspiracy thriller. Cary Fukunaga somehow finds vulnerability in this most invulnerable of heroes. Which is not to say Bondian silliness doesn't get a look-in. Bionic eyes, nanobots and magnets are mentioned. As new villain Safin, Malek rustles up a vaguely eastern European accent, his main motivation for world destruction seeming to be just personal revenge and a passion for gardening. We can only speculate on what Phoebe Waller-Bridge's ""script polish"" contributions amounted to  Bond alas does not look down the lens to offer us sardonic confessionals  but the screenplay offers at least one one-liner for the ages. Fukunaga, it seems, was an ideal choice of director, skilfully balancing the contradictions of the character"
130,LSU_Doc10_No_Time_To_Die,LSU_Doc10_No_Time_To_Die,LSU,Action,Positive,No_Time_To_Die,"For a while there it seemed deliberate. A piece of marketing hype. The new Bond movie, fleeing from cinema release dates, before the global Covid wave, from February 2020 to April 2020 to November 2020 to April 2021 to now. And during this time the title No Time do Die became a tantalising synonym for delayed gratification, one that suggested that any eventual viewing of the film would be the optimal achievement for the filmgoer while smartly sidelining the more fundamental question: but is it any good? And so, is it? It's better than good. It's magnificent. After a stunning opening entry (Casino Royale) and three middling instalments of water-treading inanity, a Daniel Craig Bond has finally delivered on its promise. This one is all heart, a moving portrait of an antiquated hero facing his obsolescence. ""You have to get rid of old things to invite in the new,"" Bond says wistfully, early on, from a screenplay by the series scribes Neal Purvis and Robert Wade that has had a ""polish"" from Fleabag's Phoebe Waller-Bridge and which asks the audience to play a giddy game of ""Oh, that's definitely a Phoebe"". The film is a huge thundering epic (163 minutes long) expertly directed by Cary Joji Fukunaga (of True Detective) and features a couple of audacious stylistic flourishes, including a ""match-cut"" that spans a 20-year time frame and a surreal party scene that revolves around a talking, all-seeing eyeball on a presentation pillow (it'll make sense). The mostly back-to-basics narrative, after a gobsmacking opener  biff, bang, wallop and more  in the southern Italian city of Matera, yanks our beloved bruiser out of retirement for one final mission to hunt down a lethal world-threatening bio-weapon. What joy! Gone is the nonsense obsession with shadowy crime syndicates that neutered the previous instalments (Quantum of Solace and Spectre especially), and instead we're back to a charmingly old-fashioned homicidal megalomaniac called Lyutsifer Safin (played with bug-eyed intensity by Rami Malek). His interest in bio-weapons is timely too, and the movie's treatment of characters dressed in PPE, the terrifying spread of infection and the power of the microscopic enemy now seems prescient for a project that was completed pre-pandemic. It's visually astonishing too. As filmed by the Swedish cinematographer Linus Sandgren (La La Land), it is easily the best-looking Bond to date, with each set piece an excuse to frame gorgeous compositions with richly covered lighting: green-lit Jamaican streets, blue-lit Cuban nightclubs, red-lit interiors. The supporting cast are flawless, with special mention for the comedy chops of Ana de Armas, playing a novice agent, Paloma, and for Ben Whishaw's gadget man Q (who gets the best quip: ""A nanobot's not just for Christmas""). In one of the most innovative and long-awaited scenes in the entire series, Paloma responds to a ""cheeky"" come-on from Bond with revulsion and a scrunched-up face of disgust, silently mouthing: ""Ewwwwww."" Why would, the film asks, finally  after nearly six decades of formulaic Bond girls  a beautiful"
131,OML_Doc1_Dirty_Grandpa,OML_Doc1_Dirty_Grandpa,OML,Comedy,Positive,Dirty_Grandpa,"Film Review: Dirty Grandpa. By Daniel Cohen. The Pop Break. January 25, 2016. Source: https://thepopbreak.com/2016/01/25/film-review-dirty-grandpa/ Plot Summary: After his wife dies, Dick Kelly (Robert De Niro) drags his grandson (Zac Efron) to Florida, only to trick him into going to Daytona in an effort to change his mundane life and impending marriage in this raunchy, alcohol filled adventure. If this movie had come out in another time, I probably would not have enjoyed it as much. Yes. I like Dirty Grandpa. This is a movie that is not supposed to happen anymore. In our overly politically correct world, this movie breaks all the rules. It rags on African Americans. Gay people. The Jewish religion. Deaf people. People with voice boxes. It leaves no stone unturned. It even takes multiple shots at fat people. They make light of gun violence. It is like the screenwriter, John Phillips, sat down and said, what will piss people off the most, and wrote it down. It is relentless. Crude. Crass. Offensive. Nasty. The F word is used like it is a form of breathing. There is no filter. It is as horrible as you can imagine. But you know what else it is? Kind of funny. The script is okay on paper, but a bad cast could have easily made this one of the worst movies of the year. This works because they fully commit to the material with no fear. The things they have Robert De Niro say and do will make you squirm, but it is probably one of his better roles in the last few years, sadly. Dick Kelly is an out of control sex crazed foul mouthed old geezer who causes mayhem and mischief everywhere he goes. De Niro is hilarious. He goes on these rants towards his weeny-like grandson, and you cannot help but get true gut laughs. It is a disgusting character, but I much prefer De Niro taking chances like this instead of those garbage Focker movies. Speaking of the weeny grandson, enter Zac Efron. He does not do much in the first twenty minutes. He is the standard tight character. It is not until Grandpa rubs off on him does Efron become really damn funny. Not so much in how he lets loose, but it is seeing Efron in the aftermath from a night of partying where they deliver some truly great gags. Watching this guy's life unravel is high comedy, and Efron delivers ten fold. They even use his singing skills to great comedic effect. While these are not exactly the most stable human beings, there is a genuine chemistry between De Niro and Efron. As sick and twisted as this movie is, when they get into the dramatic stuff, you buy it to some extent. Although, this is one Grandpa I would not take life lessons from. There are also plenty of solid supporting characters. Efron's character develops a relationship with Zoey Deutch, and that works fine. There are also a series of oddball"
132,OML_Doc2_Dirty_Grandpa,OML_Doc2_Dirty_Grandpa,OML,Comedy,Positive,Dirty_Grandpa,"Quick Movie Review: Dirty Grandpa (2016). By Ethan Brehm. The Twizard. June 14, 2019. Source: https://thetwizard.com/2019/06/14/quick-movie-review-dirty-grandpa-2016/ Okay, I will say that I was not necessarily looking forward to watching this movie. I have made it clear in the past how I feel about Zac Efron in comedies. I get it. His looks are a draw, and he has a certain charisma that other looks-first actors may not possess. But he is replaceable in almost every circumstance I have seen him in. He is definitely NOT a comedic actor. I laughed a lot in Dirty Grandpa. But none of it was due to Efron's talents. You can claim chemistry, but his opposite in this film is Robert De Niro, so that is a tough argument to prove no matter which actor is alongside the legend. Dirty Grandpa follows a young lawyer played by Efron. He is engaged to Julianne Hough, who likes to do things like pick out his outfits for every social event and make him drive her pink girly car. From the opening moments, you have his entire story arc mapped out. Efron's grandmother has just passed away, and a week before his own wedding he is chosen by his grandfather, played by De Niro, to drive him down to Florida for arbitrary and contrived movie reasons. Along the way, the two of them cross paths with some co-eds who like to party, played by Aubrey Plaza and Zoey Deutch. De Niro, newly widowed, wants to join them, but Efron's stodginess makes him acquiescent. The rest is capering. Despite Efron's lack of comedic ability, Dirty Grandpa is still pretty funny. De Niro is both brilliant and crude. His persona does not allow for the new style of everything-goes, disorganized humor. There is a cohesiveness to it. The comedy is politically incorrect and the jokes are neither stale nor overdone. The film has a surprising amount of insight, comparing marriage from both sides of the coin. But while it has depth, its characters do not, unfortunately. You grasp their archetypes, but there is just not much to any of them. What makes this film work despite its limitations is the commitment from its lead performer. Robert De Niro throws himself into the role of Dick Kelly with a kind of joyful abandon that is infectious. His willingness to go to places that most actors his age and stature simply would not consider is itself a source of consistent amusement. There is something genuinely funny about watching a performer of his standing operate entirely without dignity or decorum, and De Niro knows exactly what the joke is and plays it beautifully. Aubrey Plaza, cast as Lenore, the aggressively forward college student fixated on De Niro's grandpa, provides some of the film's best moments. Her deadpan delivery and complete commitment to the outrageous character makes her every scene entertaining. Zoey Deutch is charming as Shadia, the girl who represents a better future for Jason if he can get out of his own"
133,OML_Doc3_Dirty_Grandpa,OML_Doc3_Dirty_Grandpa,OML,Comedy,Positive,Dirty_Grandpa,"Dirty Grandpa: Average Guy Movie Review. The Movie Moustache. February 2, 2016. Source: https://www.moviemoustache.com/2016/02/dirty-grandpa-average-guy-review.html Before we start, I do not want to hear a load of criticism about how this will never live up to De Niro's classics. This is not a review of Robert De Niro or his career. It is a review of his latest film, Dirty Grandpa. The film is about a widower, played by De Niro, who convinces his grandson, played by Zac Efron, to drive him to Florida in an attempt to regain his youth and show his grandson how to have fun. De Niro and Efron work well as grandfather and grandson. Watching De Niro misbehave and humiliate Efron is hilarious. Watch out for Efron doing the Macarena. It is no Oscar winner, but it is a fun film about remembering to enjoy life and not to let others make your choices for you. That said, if you watch Dirty Grandpa expecting Oscar material, you are clearly an idiot. Watch the trailer first. The goal of this movie is to make people laugh, and maybe cringe. Both of which this movie achieves. I went to the cinema expecting to laugh and that is exactly what I did. They have not tried to make this movie more than it is: a very funny comedy about life, family, growing old, and remembering to have fun along the way. If you want to watch a movie that is not too serious and will make you laugh, this is definitely a movie for you. My one complaint is that Danny Glover is only in one scene. The road trip comedy formula is one of the oldest in Hollywood, and Dirty Grandpa does not deviate from it in any meaningful way. Dick manipulates Jason, they end up in Daytona Beach, they meet colorful characters, they have misadventures, and by the end Jason has learned something about how he wants to live his life. None of this is a surprise. What makes the formula work here is the casting. Putting Robert De Niro in the grandpa role is a choice that pays consistent dividends throughout the film. The gap between his legendary status and the behavior the script demands of him is the film's primary comedic engine, and it runs reliably from the first scene to the last. Aubrey Plaza, as Lenore, adds another layer of committed absurdity. Her character has essentially one defining trait, but Plaza brings so much energy and deadpan ferocity to every scene that she elevates even the weakest material. Jason Mantzoukas, as the film's scene-stealing drug dealer character, provides some of the film's most reliably funny moments. Zoey Deutch is warm and appealing as Shadia, the character who represents the better path for Efron's Jason. The film is R-rated in the most thorough sense of the word. If you are sensitive to crude humor, offensive jokes, or relentless profanity, this film will be a deeply unpleasant experience. But if you are in the market for"
134,OML_Doc4_Dirty_Grandpa,OML_Doc4_Dirty_Grandpa,OML,Comedy,Positive,Dirty_Grandpa,"Film Review: Is Dirty Grandpa Really As Bad As Everyone Says? By Kelly Konda. We Minored in Film. January 30, 2016. Source: https://weminoredinfilm.com/2016/01/30/film-review-is-dirty-grandpa-really-as-bad-as-everyone-says/ That is essentially what my best friend and film confidante said when I told her I wanted to see Robert De Niro and Zac Efron's buddy comedy Dirty Grandpa. It is Robert De Niro playing a dirty old man, and the seemingly omnipresent TV commercials always made me smirk. This could be great. Predictable as hell, sure. You are fairly certain it will end with the grandpa, named Dick Kelly, having taught the grandson, named Jason, a lesson about carpe diem, thus preventing an impending marriage to a monstrous fiance played by Julianne Hough. However, along the way they are going to have some R-rated comedy misadventures, the grandpa tricking the grandson into taking him to Daytona Beach, Florida to act as his wingman as he trolls for Spring Breaking college girls. It is kind of like Scent of a Woman as told by The Farrelly Brothers, with De Niro stepping in for Pacino and Efron for Chris O'Donnell. All of the reviews functioned more like angry public service announcements warning the impressionable population of the world that under no circumstance should they go and see Dirty Grandpa. Suddenly, Dirty Grandpa looked like a challenge. In the history of this site, I have never reviewed a movie I absolutely hated because in the age of RottenTomatoes it is remarkably easy to self-select out of ever seeing truly awful movies. However, if Dirty Grandpa is truly so terrible maybe I could see it and come back to my readers with a really funny rant. The hint that the critics might have been right was apparent from the astonishingly atrocious photo-shopping on display in the opening montage of old family photos depicting De Niro's grandpa and Efron's grandson from the hospital room to the college graduation stage. The phrase a 12-year-old with a smartphone could have done a better job than that sprung to mind. However, as I sat through the film, something unexpected happened. Dirty Grandpa was not the cinematic disaster the critics promised. It is stupid. It is crude. It makes jokes about things you are not supposed to joke about. But there is something genuinely funny about watching Robert De Niro deliver lines you simply cannot believe he agreed to say. The commitment is real, and commitment in comedy counts for a great deal. Aubrey Plaza is the film's real secret weapon. She plays Lenore, a character whose entire existence is defined by one sustained joke, but Plaza executes that joke with such total conviction that her scenes are consistently among the most entertaining in the movie. Her chemistry with De Niro is bizarre and compelling, and the two of them together in any scene are reliably watchable. Zoey Deutch is likable and warm as the alternate love interest, and her scenes with Efron give the film a romantic subplot that actually functions. Is Dirty Grandpa"
135,OML_Doc5_Dirty_Grandpa,OML_Doc5_Dirty_Grandpa,OML,Comedy,Positive,Dirty_Grandpa,"Dirty Grandpa (2016) Review. By Craig Holton. The Craggus. January 25, 2016. Source: https://thecraggus.com/2016/01/25/dirty-grandpa-2016-review/ Long revered as one of the greatest actors of all time, Robert De Niro's motivation for taking on the role of Dick Kelly in Dirty Grandpa is a subject of considerable debate. Coming out of the film, one possible conclusion is that he might just have chosen to do this film because of the amount of fun he would have doing it. At the very least, he is trolling his critics hard. Dirty Grandpa has little time for the subtleties of character in its set-up as henpecked, straight-laced lawyer Jason, played by Zac Efron, reluctantly agrees to take his Grandpa Dick Kelly, played by Robert De Niro, to Florida to catch up with an old army buddy, against the wishes of his Stepford-esque and controlling fiancee Meredith, played by Julianne Hough. Meredith is materialistic, shallow and selfish, and from the word go, you are rooting for the crude, cussing Grandpa to get Jason to loosen up a bit before it is too late. Luckily gramps is helped out by the oddballs they meet on their road trip. De Niro is having a whale of a time while Efron, who established his bawdy comedy chops in Bad Neighbours, ups the ante again and proves he is pretty much up for anything. There is even a sly call back to the very first scene of his movie debut in High School Musical. Despite the gleefully immature hijinks of De Niro and Efron, the film is nearly stolen from under them by Jason Mantzoukas' crazy drug dealing souvenir shop owner Pam, and Aubrey Plaza's hilarious turn as a predatory reverse cougar with her hungry eyes set firmly on De Niro. Fans of the Farrelly Brothers will find much to enjoy in Dan Mazer's directorial follow-up to the lacklustre I Give It A Year. Brash, breezy and crude, it is not big and it is certainly not clever but it is fun. Trashy, vulgar, profoundly stupid, offensive if you are the kind of person looking to take offence, fun, to be sure, but fun nonetheless. The film works because everyone in it is committed to the material. De Niro does not phone it in. He dives into every scene with the enthusiasm of someone who has decided this is exactly the film he wants to be making right now, and that enthusiasm is contagious. The supporting cast is uniformly good. Plaza and Mantzoukas in particular bring a kind of controlled chaos to their scenes that keeps the film lively even when the central plot mechanics are at their most predictable. Deutch is appealing as Shadia, and her dynamic with Efron provides the film's warmer moments. The Florida locations give the film an energetic visual backdrop suited to the spring break setting. Does Dirty Grandpa have great cinematic ambitions? Absolutely not. Does it succeed at the considerably more modest ambition of being a fun, dumb, R-rated road trip comedy? With considerably"
136,OML_Doc6_Dirty_Grandpa,OML_Doc6_Dirty_Grandpa,OML,Comedy,Negative,Dirty_Grandpa,"Film Review: Dirty Grandpa. By Nick Schager. Variety. January 22, 2016. Source: https://variety.com/2016/film/reviews/dirty-grandpa-review-robert-de-niro-zac-efron-1201686129/ When Robert De Niro receives his inevitable lifetime achievement Oscar, do not expect his highlight reel to include a single clip from Dirty Grandpa, a brutally unfunny stab at ribald comedy that stands as the legendary actor's big-screen nadir. Spouting an endless stream of profane one-liners, each of them more desperate to shock and offend than the last, De Niro gives it his best raunchy effort as a senior citizen who convinces his stuck-up preppy grandson, Zac Efron, to take him to Florida. His commitment to the role, however, is far more than it, or the film, deserves, as its sub-Hangover juvenilia is almost as excruciating as its basic construction is sloppy. On the day of his wife's funeral, Dick, played by De Niro, guilt-trips his grandson Jason, played by Efron, into helping him honor his late spouse by taking the same journey from Georgia to Boca Raton that they made each year. Though his wedding to prim Meredith, played by Julianne Hough, is fast approaching, Jason reluctantly agrees to this task, only to just about throw up when he goes to pick up Dick and finds the man in a highly compromising position. Traveling in Meredith's pink Mini Cooper, which Dick derisively calls a giant labia, the duo first stop at a golf course, where Dick begins his film-long habit of poking Jason while espousing his consuming need for coitus. The film's incessant verbal diarrhea is less shocking than merely embarrassing. Because he has not had sex in 15 years, Dick is determined to bed a young woman, and he finds that object of carnal desire in Lenore, played by Aubrey Plaza, a college student whose mouth is almost as filthy as that of De Niro's hot-to-trot elder. In order to shack up with Lenore, Dick forces a reluctant Jason to take him to Daytona Beach for spring break. Because Lenore is traveling with Shadia, a free-spirited former classmate of Jason's played by Zoey Deutch, the young man agrees, though Efron seems so perpetually bored that it is difficult to tell if he is paying attention to the narrative at all. What ensues is much X-rated banter, multiple run-ins with a gleefully frank drug dealer named Pam played by Jason Mantzoukas, and a series of sequences in which Jason is compelled by Dick, by circumstance, and by illicit substances to loosen up and have a good time. Director Dan Mazer shoots his Florida-situated action in the flattest manner possible, and he edits his material with such rushed, herky-jerky awkwardness that it often feels as if the film is actively trying to escape itself. As befitting such a guy-centric endeavor, women are presented as either chaste angels, uninhibited predators, or soul-crushing spousal monsters. Dick's recurring gay-panic jabs at Jason further emphasize that Dirty Grandpa only respects straight Caucasian men of a certain caveman variety. After repeatedly belittling the gay African-American character Bradley, Dick heroically rescues him from"
137,OML_Doc7_Dirty_Grandpa,OML_Doc7_Dirty_Grandpa,OML,Comedy,Negative,Dirty_Grandpa,"Dirty Grandpa is so tired, it could use a nap. By Jesse Hassenger. AV Club. January 22, 2016. Source: https://www.avclub.com/dirty-grandpa-is-so-tired-it-could-use-a-nap-1798186320 The would-be comic conceit of a foul-mouthed old person is, at this point, only slightly younger than the ability to depict foul-mouthed characters in cinema. The fact that anyone would consider this sort of character a shocking yet hilarious delight is almost inherently anti-comedic. It is hard to laugh from inside the deep depression caused by smug faux-edginess. Yet having acting legend Robert De Niro play a recently widowed and extremely foul-mouthed senior citizen, basically the Johnny Knoxville role in Bad Grandpa minus the prosthetics and performance art, is not necessarily the automatic travesty some would suggest. For one thing, De Niro can still bite into subpar dialogue with gusto, especially when given more profanities and vulgarities than he has uttered in years. For another, a movie like Dirty Grandpa gives a 72-year-old actor a starring role in a broad comedy. He plays Dick Kelly, a seemingly gentle old man who cajoles his lawyer grandson Jason, played by Zac Efron, into driving him down to Boca Raton. But when a reluctant Jason arrives to pick up his grandfather, he finds a foul-mouthed old person who wants to take full advantage of his newfound widower status by getting laid on spring break. When Jason and Dick bump into a group of college kids led by Jason's old acquaintance Shadia, played by Zoey Deutch, and the sexually voracious Lenore, played by Aubrey Plaza, Dick insists on prolonging the trip. And the movie. Director Dan Mazer has written for a variety of Sacha Baron Cohen projects, and here seems to be aiming for a similar brand of mischievous shock comedy. But Mazer is not the credited screenwriter here, and basic tasks like a five-character dialogue scene appear to keep him more than occupied. Even the basic work of assembling mock-dramatic close-ups in a party montage feels botched, barely keeping the characters in frame long enough for any visual gags to register. Meanwhile, would-be shock bombs keep going off with deadening consistency. Screenwriter John Phillips attempts to invent memorably profane dialogue with about a 10-percent success rate. Efron plays Jason with the same moist-eyed blandness he brings to romantic comedies, miles from the winning riff on that persona he performed in Neighbors. The only genuine sparks in the movie come from De Niro's flirtation with Aubrey Plaza. More than anyone else in the cast, Plaza embraces the fact that she is playing a ridiculous construct issuing filthy, sometimes absurdist one-liners. Her seeming contempt for the project energizes her performance, and she and De Niro appear ready to run away together into a better movie. Apart from Plaza, the movie is funniest when portraying Florida as a lawless dirtbag playground. This is only a minor thread, though. The filmmakers seem more eager to give Dick permission to gay-bash and use racial slurs through a series of mostly inexplicable and unfunny plot turns. All of the"
138,OML_Doc8_Dirty_Grandpa,OML_Doc8_Dirty_Grandpa,OML,Comedy,Negative,Dirty_Grandpa,"Dirty Grandpa Review. By Glenn Kenny. RogerEbert.com. January 22, 2016. Source: https://www.rogerebert.com/reviews/dirty-grandpa-2016 A couple of weeks ago I had the strangest dream. I dreamed that this movie, Dirty Grandpa, was the talk of the nation. Not because the Robert De Niro and Zac Efron and Aubrey Plaza raunch comedy was particularly good, but because it did not do that thing that studio-produced raunch comedies do, which is take things so far and no further. In my dream, Dirty Grandpa was spinning heads because it broached John Waters and Harmony Korine levels of outrageousness. The question is why I had this dream. As the author of a book on De Niro, I am frequently asked what I make of his various career moves. So maybe the dream speaks to my critical desire to see De Niro go back to surprising his audiences with audacious performances. The weird thing is, although the actual Dirty Grandpa does not feature Aubrey Plaza naked, the movie is, as in my dream, a genuine envelope-pusher. Its crudity is relentless. The subjects of its indifferently crafted and callously executed jokes include roofie-ing, crack smoking, child molestation, jailhouse rape, and more. The sort of thing you might expect in a John Waters or Harmony Korine film. Only in a John Waters or Harmony Korine film the jokes might be funny, or pointed. Here they are not. The fact that the relentless barrage of this humor is occasionally punctuated with pointedly insincere homilies wherein dirty grandpa De Niro tries to encourage sellout grandson Efron to follow his dreams just makes the whole thing that much more depressing. The other way the film pushes the envelope is through sheer, contemptuous incoherence. De Niro's character, Dick, is initially so homophobic and racist that one can actually imagine that he is a senior citizen Travis Bickle. Having been domesticated for forty or so years, now on the death of his wife, he can let loose again, spewing epithets and rancor all the way from Georgia to Daytona Beach. Once Dick and Efron's Jason run into Jason's former college pal Shadia, played by Zoey Deutch, and her oversexed pal Lenore, played by Aubrey Plaza, and their gay African-American pal Bradley, you can take a wild guess who ends up the brunt of Dick's dickish one-liners. The movie's editing ADD is so severe that gags have no payoff. The movie is so incredibly consistent in failing to land an honest laugh that about an hour into it, its not being funny becomes laughable. I began giggling with a kind of metaphysical embarrassment for everyone involved in the enterprise, and eventually for all of humanity itself. I see, scrawled in my notebook, the words What is happening to our world? The final scene with Plaza and De Niro does contain some rather good one-liners, which I have to assume were concocted by Plaza in an improv situation, as their verbal wit is so manifestly superior to any other spoken exchange in the film. The movie's"
139,OML_Doc9_Dirty_Grandpa,OML_Doc9_Dirty_Grandpa,OML,Comedy,Negative,Dirty_Grandpa,"Film Review: Dirty Grandpa (2016). By Ulkar Alakbarova. MovieMovesMe. February 9, 2016. Source: https://moviemovesme.com/2016/02/09/film-review-dirty-grandpa-2016/ There must exist some law where the filmmaker, the screenwriter, and the entire cast pay a fine for causing a quiet emotional breakdown after you see a ridiculously irrelevant film such as Dirty Grandpa. It is hard to imagine what the screenwriter was thinking when he wrote this story, but I sincerely wish that he would have kept it to himself and not passed it on to someone else to film. Dirty Grandpa follows a former Army Lieutenant-Colonel Special Forces officer named Dick Kelly, who after the funeral of his beloved wife, heads to Florida for spring break. He intends to keep his promise he gave to his wife and continue to live his life to the fullest. This is why he asks his grandson, Jason, played by Zac Efron, to give him a ride. But the whole trouble is, Jason is one week away from his wedding and has no intention to jeopardize his plans. However, the grandpa is quite persistent and leaves no chance for Jason to say no. In spite of having a great chance to turn this film into something really funny, what happens next is a true nightmare of filmmaking as a whole. Once Jason gets into the car, he enters into the world of his too-modern-minded grandpa, who introduces him to a contaminated world full of drugs, girls, and inappropriate actions. Moreover, it sounds like the writer had an enormous problem with dialogues, as he could not come up with better lines other than strong language that is not only unsuitable for children, but for respecting viewers as well. As the film continues, it does not get better at all, but rather worse, which is amazingly terrifying. Robert De Niro's Dick Kelly perhaps is one of the worst characters ever written. Dick is unbearably offensive, unfunny and dull, just like the whole film, which makes you question yourself: what was the entire cast thinking when they signed up to make such a dull film? As you get closer to the middle of the film, the desire to request a refund is what will occupy your mind, while you wait for the willingly paid torture to end. The supporting cast does not escape the film's problems. Aubrey Plaza, who has demonstrated genuine comedic talent elsewhere, is given a character with essentially no dimension beyond her single-note obsession with De Niro's grandpa. Zoey Deutch does her best with an underwritten role. Julianne Hough is saddled with a villain character so cartoonishly awful that she barely functions as a human being in the story. Jason Mantzoukas provides sporadic energy but cannot save the scenes around him. In conclusion, Dirty Grandpa offers nothing to the viewer except vulgar, tasteless scenes that can make the viewer laugh at, but only by chance. The entire story seems to have been written by people who dreamt of having a life they could not get. In the end,"
140,OML_Doc10_Dirty_Grandpa,OML_Doc10_Dirty_Grandpa,OML,Comedy,Negative,Dirty_Grandpa,"Dirty Grandpa. Film Review Daily. January 25, 2016. Source: https://www.filmreviewdaily.com/all-reviews/dirty-grandpa Following their double-act in Martin Scorsese's Mean Streets in 1973, Robert De Niro and Harvey Keitel had the world at their feet. They both went on to appear in some of the best and most controversial films to come out of America. And they both seemed prepared to push the envelope regarding unsympathetic characters. Nineteen years later Harvey Keitel played the title role in Abel Ferrara's Bad Lieutenant, as a cop who routinely stole money from crime scenes, degraded young women, and snorted stolen cocaine among other things. The film was roundly condemned by many critics, and Scorsese cited it as one of the best movies of the 1990s. Quite what Scorsese will make of De Niro's turn in Dirty Grandpa, however, is open to discussion. For a start, Dan Mazer's film is meant to be a comedy. In his directorial debut, I Give It a Year, the London-born filmmaker extracted some uncomfortable humor from a moment of excruciating humiliation. More problematic is the eponymous boor depicted by De Niro. A day after the funeral of his wife, the grieving pensioner Dick Kelly turns into a potty-mouthed homophobic racist liar obsessed with getting his end away. And just one week away from his wedding day, the clean-cut Jason Kelly, played by Zac Efron, is tricked into taking his grandfather on a road trip to Florida. While there are certain comparisons to be made to the recent Grandma, which secured Lily Tomlin a Golden Globe nomination, fans of the latter should not be suckered into seeing this. Had Abel Ferrara directed Dirty Grandpa, we may have been spared the crude jokes and ultimate schmaltz and had an interesting take on Catholic redemption, but Mazer seems merely interested in the gross-out factor and wacky supporting characters. Jason Mantzoukas' Daytona Beach drug dealer character is mortifying. The film's problems run deeper than individual gag failures. The screenplay by John Phillips constructs a story around characters who are defined by single traits rather than genuine personalities. Dick Kelly is the dirty grandpa. Jason is the uptight lawyer. Meredith is the awful fiancee. Lenore is the sexually aggressive college student. None of them develop beyond those initial descriptions, and the comedy suffers as a result. Good gross-out comedy requires specific character dynamics and situational buildup. Dirty Grandpa substitutes volume for craft, piling on one offensive scenario after another in the hope that sheer density will compensate for the lack of genuine comic architecture. De Niro's legacy as an actor will be cemented with groundbreaking films like Casino, Raging Bull, Taxi Driver, Goodfellas, and Heat, just to name a few. Dirty Grandpa will not be among them. Zac Efron tries his best with underdeveloped material, and Aubrey Plaza brings her usual commitment to a role that does not deserve her talents. The film is, at its core, a wasted opportunity. The concept of an uninhibited elderly man dragging a repressed younger man out of his comfort"
141,PRK_Doc1_Taken,PRK_Doc1_Taken,PRK,Action,Positive,Taken,"""Taken"" is the grown-up, more mature brother of the ""The Transporter"" series. Both were fathered by Luc Besson, but ""Taken"" is a fast-paced, high-octane action movie that, unlike its younger sibling, has the decency to take itself seriously. Xander Berkeley), a billionaire hoping to replace Bryan in Kim's heart. Bryan is the kind of overbearing dad who wants you to call when you get to the theater, when the movie starts, when the movie ends and as you're pulling off the highway on the way home, just to make sure nothing has gone wrong. Against his better judgment - and in the hopes of endearing himself to his daughter - he signs off on her going to France for the summer, driving her to the airport with advice about where in France is safe and always to look out for trouble. This is what we call foreshadowing. Once Kim gets to France, the fun begins. Kidnapped by a cartel of Albanian human traffickers, she's destined for a life of prostitution and drug addiction unless her father can track her down in 96 hours, before she disappears for good. Here, Bryan switches into Jason Bourne mode - he's an expert at hand-to-hand combat, weapons usage, interrogation techniques and everything else a superspy needs to know to get the job done. Featuring some pretty graphic action sequences (as well as a harsh interrogation involving electricity, a metal chair and a bad guy with information to disgorge) ""Taken"" pushes the boundaries of its rating. How this movie sneaks in as a PG-13, while ""Slumdog Millionaire"" gets slapped with an R, I'll never understand. Mr. Neeson is fantastic as Bryan, perfectly bringing to life the sort of father every girl hates - at least until she winds up in a spot of trouble and needs someone with a backbone to pull her chestnuts out of the fire. The cadences in his line readings are engaging, as always; his dialogue comes off as almost lyrical. To say nothing of the fight scenes; for a guy entering his late 50s, Mr. Neeson is pretty impressive in the action sequences. He carries himself with an unassuming confidence that you rarely see except from those who actually have been in a scrape or three. The rest of the ""Taken"" cast is nondescript. There's no central villain in the film; Bryan simply disposes of scummy bad guy after scummy bad guy for the film's final 60 minutes. His Parisian counterpart, a former French intelligence officer who now works for the police, is the closest thing to a recurring character in the film's last two acts, and even he barely registers. Miss Grace is good as the bratty, insouciant little girl who wants to see the world and thinks she knows best, while Miss Janssen is woefully underused; she must be on-screen for less than 15 minutes. Director Pierre Morel makes a fine English-language debut with this film; he has a keen sense of timing and understands the necessity of"
142,PRK_Doc2_Taken,PRK_Doc2_Taken,PRK,Action,Positive,Taken,"If CIA agents in general were as skilled as Bryan Mills in particular, Osama bin Laden would have been an American prisoner since late September 2001. ""Taken"" shows Mills as a one-man rescue squad, a master of every skill, a laser-eyed, sharpshooting, pursuit-driving, pocket-picking, impersonating, knife-fighting, torturing, karate-fighting killing machine who can cleverly turn over a petrol tank with one pass in his car and strategically ignite it with another. We meet Mills (Liam Neeson) in ""sort of retirement"" in Los Angeles, grilling steaks with old CIA buddies and yearning to spend more time with his 17-year-old daughter, Kim (Maggie Grace). Kim now lives with her mom, Mills' ex-wife (Famke Janssen), and her effortlessly mega-rich husband (Xander Berkeley), whose idea of a birthday present is giving Kim not a pony, but what looks like a thoroughbred. Mills has seen action in Afghanistan and apparently everywhere else, and knows it's a dangerous world for a naive teenage girl. He is against Kim spending the summer in Paris with her girlfriend, even though ""cousins"" will apparently chaperone. He's right. Kim and her pal succeed in getting themselves kidnapped the afternoon of the same day they get off the plane, although Kim has time for one terrified phone call to Dad before she's taken away. Now listen to this. Using CIA contacts at Langley, Mills is able to use his garbled tape of their conversation to determine the name of his girl's kidnapper (Marko), that he is Albanian, that his ring kidnaps young tourists, drugs them and runs them as prostitutes; the virgins are auctioned off to Arab sheiks and so on. Headquarters also tells Mills he has 96 hours to rescue his daughter before she meets a fate worse than death, followed by death. With this kind of intelligence, the CIA could be using bin Laden's Visa card in every ATM in Virginia. It's the set-up for a completely unbelievable action picture where Mills is given the opportunity to use one element of CIA spycraft after another, read his enemies' minds, eavesdrop on their telephones, spy on their meetings and, when necessary, defeat roomfuls of them in armed combat. At one point, a former colleague in the Paris police says he has left seven bodies behind. He's just getting warmed up. How this man and his daughter could hope to leave France on a commercial flight doesn't speak highly of the French police  and the new ""Pink Panther"" doesn't open for a week. Oh, why does he have only 96 hours? To provide the movie with a handy deadline, that's why. It's always a puzzle to review a movie like this. On the one hand, it's preposterous. But who expects a ""Bourne""-type city-wrecking operative to be plausible? On the other hand, it's very well-made. Liam Neeson brings the character a hard-edged, mercilessly focused anger, and director Pierre Morel hurtles through action sequences at a breathless velocity. If Kim is an empty-headed twit, well, she's offscreen most of the time, and the"
143,PRK_Doc3_Taken,PRK_Doc3_Taken,PRK,Action,Positive,Taken,"Imagine an entire film franchise springing from the success of a single scene. Ask the average person what they remember most from 2009's Taken, and they're likely to cite the above speech, growled by ex-CIA Agent and current overprotective dad Bryan Mills (Liam Neeson) to the kidnappers of his daughter Kim (Maggie Grace)  setting up the seventy minutes of mayhem to follow. Ask them to remember anything else, and they'll likely come up blank. And yet that single, evocative moment launched two sequels, a television series, and a host of all-budget imitators. It's a testament to the strength of that scene, which was indelible enough that the film's own marketing largely revolved around it. The gamble worked, too; Taken's $25 million budget made its eventual $226 million box office take a particular miracle, opening up a new subgenre of mid-budget Eurotrash action movies and a career revival for Neeson. But does the rest of the film hold up to that singular, iconic phone call? Prior to it, we get a solid half hour of character-building with Neeson's Mills, an ex-CIA agent who's given up his life of extrajudicial torture and counter-terrorism efforts to become a backyard-grilling suburbanite. He spends his days working security for pop stars, and his nights chugging beers with his old CIA buddies. It's lean but efficient character-building, Neeson establishing Mills as an overprotective dad whose training pulls him to keep a closer-than-usual eye on Kim, with whom he's attempting to rekindle a relationship. However, when a girls' trip to Europe goes wrong, and she's abducted by sex traffickers, the infamous phone call occurs, and he's on the warpath to get her back. For the next hour, Mills does exactly that. Much like its spiritual successor John Wick, the first Taken simply positions its star to mow through reams of anonymous Eastern European heavies.. It gets more than a bit repetitive after a while, but co-writer/producer Luc Besson and director Pierre Morel (who would only direct the first) still provide a novel showcase for Neeson's particular set of skills. We're used to Neeson being a grimacing badass by now, but back in 2009 it was novel to see Oskar Schindler running down guys half his age in a car. Even if it all feels like window dressing to get to his inevitable victory, there's a sense of glee and excitement in Neeson's performance that was sorely lacking in the Taken sequels and many of its ensuing imitators. Just as Neeson's clearly having fun playing with his previously buttoned-up prestige actor persona and getting down in the muck, one gets the feeling that this scenario activates in Mills a sense of righteous fury that his mundane suburban life can't provide. However, taking a step back from the immediate thrill of Bryan Mills tearing through Albanian sex traffickers like so much Irish butter, the politics of Taken certainly align with many of the ugly post-9/11 impulses America was reckoning with at the time.Taken is your dad's favorite movie"
144,PRK_Doc4_Taken,PRK_Doc4_Taken,PRK,Action,Positive,Taken,"When I went to see Taken, the action film starring Liam Neeson, I thought it would be like a Steven Seagal film. More specifically, I thought it would be like Seagal's Under Siege 2. In both films, a man in early middle age has retired from his former life as an ultra-warrior. And in both films, the hero comes out of retirement and becomes the person he always was, and can't shake off  a man who fights, and climbs, and leaps off bridges, and so on. Of course, I knew there would be differences  Seagal saves the world while trying to take his daughter on holiday; Neeson saves his daughter after she's been kidnapped while on holiday. Seagal's enemies are Middle Eastern, if I remember, whereas Neeson's are Albanian. Also, Neeson's main antagonist is cruel and ruthless, whereas Seagal's main antagonist, in a memorable performance by Eric Bogosian, is cruel and ruthless but also totally nuts, which makes him slightly less frightening. But the thing I really wondered about was the fact that Neeson, usually a caring, ponderous presence, had become an action star. That's what made me go and see the film. I just wondered what he'd be like. I think he's terrific. First of all, he has no trouble doing the normal action things  say, jumping off a boat, forward-rolling and then killing somebody. He's great at fight sequences. At one point, he talks his way into a den of Albanian organised criminals, pretending to be a bent cop, and kills all but one of them in a sequence that seems to last about a minute. And the thing is, I can hardly remember any individual kills  it's a flurry of slamming doors and headlocks. He appears to hit people brutally hard, and it's believable because he's so big. But there's more to this film than just action. At the start, something about it  something good, that is  seemed rather familiar. Neeson plays a former secret service warrior who has retired to be near his daughter. The daughter lives with Neeson's horrible, snobby ex, played by Famke Janssen, an ex-Bond girl who seems to be thriving as she approaches middle age (check her out as Ben Kingsley's constantly smoking wife in The Wackness.) Anyway, Janssen has married a rich ponce, and Neeson is being squeezed out of his daughter's life, and it's heartbreaking. The way he stoops, his walk, and the way he uses his eyes is just superb. He's given up being a hero, and now he's being humiliated; the early scenes, which set this all up, are a bit manipulative. But it just about works. And then  bang! The daughter is kidnapped. Neeson takes control. Suddenly, he's a mad driver, a killing machine, and a detective. His ex-wife's rich ponce of a husband is nowhere. Ha! Of course, what this reminds me of is the first Die Hard film, in which Bruce Willis, who has lost his wife to"
145,PRK_Doc5_Taken,PRK_Doc5_Taken,PRK,Action,Positive,Taken,"So many movies are well intended but poorly made that when something like ""Taken"" comes along, it's a relief, almost a joy. There's nothing lofty in the intentions of ""Taken."" The aspiration here was to make a simple, straight-ahead action thriller. Period. But if you think that's easy, think of all the lousy action thrillers that come out in the course of a year. The level of skill that went into ""Taken"" is masterly. This is a picture that will appeal mainly to people who love movies, and I use the word ""love"" advisedly. Viewers who love movies for their true soul - for their obviousness, for their manipulations, for their corniness, for their blend of high and low emotion - will take great pleasure in ""Taken."" Others, who like movies conditionally, like a wayward lover they hope to reform, may end up hating ""Taken"" - or at least thinking of it as something stupid, ridiculous, far-fetched and worthless. Which reminds me of a story: When I was 6, all the kids I knew used to watch the TV show ""Batman."" We took it very, very seriously. Then, at around 7, we realized it was ridiculous. Then, when we were around 9, we realized it was intended to be ridiculous, and we liked it again. At 7, we thought we were quite sophisticated, but, it turned out, there were higher levels of appreciation. ""Taken"" requires that higher level of appreciation. In terms of pace and economy, it's beautiful to behold. Director Pierre Morel, working from a script by Robert Mark Kamen (""The Fifth Element"") and Luc Besson, knows when to slow down and lavish time on characters to establish the emotions and motivations that are going to give the action its urgent undercurrent. Liam Neeson plays Brian, a nice, easygoing fellow whose main mission in life, as the film starts, is to rekindle a relationship with his teenage daughter. Apparently, he was a workaholic who neglected his family and wrecked his marriage, but he's determined to keep that one flickering connection alive and thriving. Oh, yes, and it turns out that he's a former CIA agent. Of course he is. What did you think, that this movie was going to be some boring thing about a family? Wake up and smell the explosions! So what happens next? How do the screenwriters connect the dedicated-father angle with the former CIA-agent angle? Three guesses. ... What, you only needed one guess? That's right, the daughter is taken and borne away by an international cabal of criminals."
146,PRK_Doc6_Taken,PRK_Doc6_Taken,PRK,Action,Negative,Taken,"Liam Neeson was up for but never got to play James Bond, and now he's getting even. In the violent, churning and laughably derivative action bruiser Taken, he's a suave, power-knuckled and once-lethal secret agent named Bryan Mills who, in truth, is just as mean as 007 but maybe slightly more human (he's an ex-husband, as well as a parent who loves his child unconditionally). And he's paid a price for his fists. Bryan once devoted so much concentration and energy to his job as a ""preventer"" (""I prevented bad things from happening"") that his wife (a wasted Famke Janssen, who usually plays these roles herself) left him for a rich California businessman and took their daughter with them. So Bryan retired, moved to Los Angeles to make up for the frayed relationship with his estranged daughter Kim and sacrificed his own career to be near her. All he does now is grill steaks for his buddies and work occasional security jobs like guarding pop stars at rock concerts. But old habits die hard, and Bryan has forgotten none of the special skills he learned from his years with the C.I.A.a knowledge of weapons, wiretaps, deciphering secret codes, scaling buildings like Batman and wiping out anything that gets in his way without regret if he suddenly needs them. When his virginal 17-year-old (huh? In L.A.?) embarks with her girlfriend on a whirlwind tour following the rock group U2 across Europe and, within hours of her arrival in Paris, gets kidnapped by Albanian white slavers, Bryan shifts into demolition mode and takes no prisoners. He may be a has-been, but within 96 hours he's torn down everything in Paris with his bare hands except the Eiffel Tower. First, he leaves a message on the kidnappers' cell phone, which just happens to be lying under the bed where his daughter is hiding: ""I will look for you. I will find you. And I will kill you."" He does, of course, but not before he slam-dunks his way through the City of Light, turning it into darkness. Equipped with Uzis, knives, swords and even an electric chair, Bryan works without official supervision or an expense account, yet never seems to run out of steam or cash. And there is no limit to his ability to tap international phone lines, spark the ignition in foreign cars without keys and find new ways to torture and kill his victims. In one scene, when he fails to get the right answer from a man strapped to a chair in the middle of a brutal interrogation, he electrocutes him, filling the room with smoke, fire and the smell of burning flesh. Each new victim (including some of France's leading power players) only piques the simmering rage of a vengeful parent, and we all know that a dangerous secret agent with a mission makes for panic in the streets. Turning the tables on master fiends, police officials and their families, ransacking Paris for clues, Bryan ends up in a shootout on"
147,PRK_Doc7_Taken,PRK_Doc7_Taken,PRK,Action,Negative,Taken,"NEXT out of the January dreg-u-lator: A Liam Neeson thriller so lacking in ambition they should have called it ""Paycheck."" ""Taken,"" one of those Frenchy efforts to do an American-style chase-'em-down and shoot-'em-up, comes from formerly respectable producer Luc Besson and director Pierre Morel, whose homegrown, low-budget action thriller ""District B13"" was a lively little collection of stunts. In trying to broaden their scale to interest a big American audience, Besson and Morel are as convincing as Marcel Marceau doing John Wayne. Neeson plays a retired ex-spook trying to mend fences with the teen daughter, Kim (Maggie Grace), he had with his ex-wife (Famke Janssen), who is still bitter about being neglected during his career as an international undercover agent. We learn that Neeson's Bryan left his teammates in the middle of a mission in Beirut so he could fly 9,000 miles to attend one of his daughter's birthday parties. So which is it: Was he distant or dedicated? And why do his ex-mates think he's such a great guy if he disappears every time he wants to go wrap a present? Bryan is a growly killin' machine trying to find his daughter after she is kidnapped on a trip to Paris. To find his way, he uses a road map of cliches: moldy dialogue (""I will find you. And I will kill you""), improbable escapes from teams of incompetent henchmen (just shoot him in the head, guys  don't handcuff him to a loose overhead pipe) and one of those only-in-the-movies sofas that is bulletproof and fluffy at the same time. When the machine guns roar, just get behind one of these babies and watch the air fill with soft, pretty flurries of stuffing. Available at Crate & Gunbarrel. The movie has two tasks: One is to track Neeson's every step as he pieces together the mystery of where his daughter is. The other is to stage cool chases and gunfights. Both the action and the mystery scenes, though, are made up of such choppy, sloppy, laugh-till-you-drop-y elements that I couldn't figure out whether the movie was rushing through the fights to get back to the mystery or vice versa. An example of how the mystery plays out: Bryan plays a tape of a snippet of conversation between his daughter's attackers to one of his fellow spies. The spy tells him that the men are speaking Albanian, identifies what town they're from, guesses what their game is (trafficking in women to turn into prostitutes) and even explains who their crime boss is. I wish I had a Basil Exposition of my own to decode Neeson's accent. The Irish actor chews over his words as though speaking through a mouthful of mashed potatoes. After half an hour, it dawned on me that he might be trying to sound American, although I couldn't be sure. ""You need my permission to leave the coontry?"" he asks. The fights and chases are so scrambled that it's hard to figure out basics such as"
148,PRK_Doc8_Taken,PRK_Doc8_Taken,PRK,Action,Negative,Taken,"Bryan Mills wants to make up for lost time with his 17-year-old daughter Kim, but his relationship with her is already strained. His ex-wife Lenore complicates matters further, making it difficult for him to reconnect in a meaningful way. Despite his concerns, Kim decides to travel abroad to Paris with her friend Amanda, setting the stage for the film's central conflict. Their trip begins with excitement and a sense of independence, reflecting a typical coming-of-age desire to explore the world. However, this tone quickly shifts when the two girls are abducted shortly after arriving, plunging them into a dangerous criminal network. While this transition is meant to create immediate tension, it feels abrupt and somewhat forced, lacking the gradual buildup that would make the situation more emotionally impactful. The premise of Taken draws from real-world concerns about human trafficking, but the film's treatment of this subject matter feels overly simplified and exploitative. Rather than engaging with the complexity of the issue, the narrative uses it primarily as a mechanism to justify the protagonist's violent response. The antagonists are portrayed in broad, stereotypical terms, reducing them to one-dimensional figures without depth or nuance. This lack of complexity diminishes the seriousness of the topic and makes the film feel more like a conventional action story than a meaningful exploration of a real issue. Liam Neeson delivers a physically convincing performance, portraying Bryan Mills as a man driven by determination and precision. However, the character itself lacks emotional depth, functioning more as a tool for advancing the plot than as a fully developed individual. Mills is depicted as nearly unstoppable, moving through obstacles with remarkable ease. This portrayal reduces the sense of risk, as the audience quickly understands that he is unlikely to face significant consequences or setbacks. As a result, the tension that should arise from uncertainty is largely absent. The film's pacing is undeniably fast, but this speed often comes at the expense of character development and narrative depth. Scenes transition quickly from one confrontation to the next, leaving little room for reflection or emotional engagement. The repetition of similar action sequences further contributes to a sense of predictability, as each encounter follows a familiar pattern. While the film maintains momentum, it struggles to sustain genuine suspense. Another issue lies in the emotional foundation of the story. The audience is expected to care deeply about Kim's fate, yet her character is not given sufficient development to create a strong emotional connection. Her role is largely defined by her victimization, which limits the impact of her situation. Similarly, the relationship between father and daughter, which should serve as the heart of the film, is not explored in enough detail to feel fully convincing. Taken ultimately struggles to balance its intense subject matter with its action-oriented approach. While it delivers moments of excitement and maintains a consistent pace, it does so at the expense of depth, realism, and meaningful storytelling. The result is a film that feels more routine than compelling, relying on"
149,PRK_Doc9_Taken,PRK_Doc9_Taken,PRK,Action,Negative,Taken,"The thriller Taken delivers a message that borders on exaggerated paranoia, suggesting that a teenager traveling abroad is almost inevitably destined for danger. The story follows Bryan Mills, a former intelligence operative, who reluctantly allows his daughter Kim to travel to Paris. From the moment she departs, the film builds a sense of inevitability around her fate, creating tension not through uncertainty, but through the expectation that something will go wrong. When her abduction occurs, it feels less like a shocking twist and more like a predetermined outcome, reducing the emotional impact of the event. The film's reliance on extreme scenarios drives much of its narrative, but this approach often undermines its credibility. Bryan Mills is portrayed as extraordinarily prepared for every possible situation, to the point where his actions seem implausible. His immediate response to the crisis, complete with specialized equipment and precise instructions, reinforces the idea that he exists more as a plot device than a realistic character. This level of preparedness removes much of the suspense, as the audience quickly recognizes that he is always several steps ahead of every obstacle. Liam Neeson's performance initially creates an interesting contrast, as his established reputation lends a sense of seriousness to the role. However, as the film progresses, the exaggerated nature of the character diminishes this effect. Mills' actions become increasingly extreme, including acts of violence that are presented as justified without meaningful reflection. The absence of moral complexity weakens the narrative, as the film avoids questioning the consequences of his behavior. Instead, it presents a clear and unchallenged perspective that prioritizes action over ethical consideration. The subject matter of Taken adds another layer of complexity that the film fails to handle effectively. Human trafficking is a serious and sensitive issue, yet the film treats it as a convenient backdrop for an action story. This approach results in a tone that feels exploitative, as the narrative prioritizes excitement over thoughtful engagement with the topic. The lack of nuance reduces the potential for meaningful storytelling, leaving the audience with a surface-level experience. The pacing of the film is undeniably fast, but this speed often comes at the expense of narrative depth. The story moves rapidly from one confrontation to another, leaving little room for character development or emotional reflection. This repetition creates a sense of monotony, as similar scenarios unfold without introducing new elements or perspectives. While the film maintains energy, it struggles to sustain interest over time. Taken ultimately falls short of its potential, offering a high-intensity experience that lacks originality and depth. While it may provide moments of excitement, its reliance on exaggerated scenarios and one-dimensional storytelling prevents it from becoming a truly compelling film. The result is an action thriller that feels more sensational than substantive, leaving little lasting impression."
150,PRK_Doc10_Taken,PRK_Doc10_Taken,PRK,Action,Negative,Taken,"Taken presents itself as a high-intensity action thriller, but its execution reveals a number of significant flaws that limit its effectiveness. The film follows Bryan Mills, a divorced father with a background in special operations, who sets out to rescue his daughter after she is abducted while traveling abroad. While this premise has the potential to explore themes of parental devotion, sacrifice, and moral conflict, the film instead leans heavily into sensationalism and exaggerated scenarios that prioritize shock value over meaningful storytelling. The relationship between Mills and his daughter is introduced as the emotional foundation of the story, yet it is developed in a simplistic and predictable manner. The film relies on familiar tropes, portraying Mills as the overprotective father who must prove his worth through action rather than communication. The presence of the stepfather character reinforces this dynamic, positioning Mills as the more capable and deserving parental figure without offering much nuance or complexity. This lack of depth weakens the emotional core of the narrative, making it difficult for the audience to fully invest in their relationship. As the story progresses, the film shifts its focus toward action-driven sequences that prioritize intensity over substance. Mills' journey is marked by a series of confrontations that often rely on stereotypes and exaggerated portrayals of different groups and settings. The depiction of the film's antagonists lacks subtlety, reducing them to one-dimensional figures who exist solely to be defeated. This approach not only simplifies the narrative but also limits its ability to explore more complex or realistic dynamics. The action sequences themselves are energetic and fast-paced, but they are often accompanied by a sense of moral ambiguity that the film does not fully address. Mills engages in acts of violence that are presented as justified, yet the narrative avoids exploring the ethical implications of these actions. Instead of questioning his behavior or examining the consequences, the film presents his actions as unquestionably necessary, which reduces the opportunity for deeper engagement with the story. Another issue lies in the film's reliance on convenience to move the plot forward. Many of the obstacles that Mills encounters are resolved quickly and with minimal resistance, creating a sense that the outcome is predetermined. This predictability diminishes the tension that the film attempts to build, as the audience is rarely left wondering whether the protagonist will succeed. Without genuine uncertainty, the stakes feel less impactful. The film also depends heavily on shock value to maintain interest. Certain scenes are designed to provoke strong reactions, but they often do so in a way that feels excessive rather than purposeful. The emphasis on sensational elements detracts from the narrative, reducing complex issues into dramatic moments that lack meaningful context. This approach further contributes to the film's overall lack of depth. Taken ultimately struggles to balance its action-driven narrative with the weight of its subject matter. While it delivers moments of intensity and maintains a fast pace, these elements are overshadowed by the film's reliance on cliches, exaggerated portrayals, and predictable"
151,QSQ_Doc1_It_Chapter_Two,QSQ_Doc1_It_Chapter_Two,QSQ,Horror,Positive,It_Chapter_Two,"What is it with clowns, eh? Pop culture's obsession with the painted jester has often seemed sinister, but back in 2016, something changed. A new craze had swept the world, with countless sightings of people dressed up as killer clowns, sometimes brandishing weapons and threatening passers-by. In California, one woman reported that a clown tried to snatch her baby daughter from her arms, while another man in Texas shared CCTV footage of a red-nosed prankster breaking into his home at night. They were crazy, unreal times. Enter It  the big-screen adaptation of Stephen King's classic 1986 novel. Largely indebted to the iconic '90s TV two-parter, It was a box office smash, traumatising a new generation of horror fans while raking in more money than ever before. The inevitable sequel was soon confirmed, It Chapter Two. But with two years to get over the fad and new movie Joker stealing all the headlines, has Pennywise let rip that throaty cackle for the last time? Set 27 years after the events of It, It Chapter Two finds the gang getting on with their lives. Most notably, Bill writes bestselling novels and funnyman Richie is now a famous comedian. The Losers' Club may have outgrown its moniker, but each character is haunted by their past. Eddie's new wife resembles his overbearing mother, Beverly's husband is a copy of her abusive father and now-hunky Ben can't escape his formative years as a chubby target for bullies. Eventually, a devastating phone call threatens to pull them back to Derry where Pennywise awaits. Played by Bill Skarsgard, the clown prince of mime is on top form here. Stuffed with deliciously creepy scenes, the film's mid-section follows each character as they revisit their most terrifying encounters with Pennywise. By the time we reach the epic climax, we've met baby-faced crab-wasps, mouldy decapitated heads which sing in a fish tank and a dead friend's noggin suspended by huge, furry spider's legs. Director Andres Muschietti has been given full license to spook in this sequel  and It Chapter Two works best in its weirdest, most off-the-wall moments. Elsewhere, it's a smorgasbord of genres, packing in nods to history's greatest slasher, psychological, gross-out and zombie horrors. Love The Shining? You'll want to pay attention. There's even a hilarious Stephen King cameo, where the world's scariest writer plays a sassy antiques dealer in a Neil Young t-shirt. It's a horror nut's dream. Cast-wise, the film's famous stars don't always live up to their reputations. James McAvoy and Jessica Chastain are fine individually, but Bill and Beverly share little chemistry. At the same time, Isaiah Mustafa is unconvincing as Mike and James Ransome's quirky take on hypochondriac Eddie sometimes feels like an impression. Fortunately, none of this matters because Bill Hader is a revelation. Funny, compelling and often moving, the Superbad star steals every scene he's in  which is most of them. When Hader's on screen, the movie zips along with a levity that's missing in the drawn-out opening."
152,QSQ_Doc2_It_Chapter_Two,QSQ_Doc2_It_Chapter_Two,QSQ,Horror,Positive,It_Chapter_Two,"Direction Shortly after the release of the first film, director Andy Muschietti and his sister/producer Barbara Muschietti said they would put out a director's cut of the film which included additional scenes that didn't make the final cut and other scenes from the book that stayed closer to the source material. That didn't come to light, and so his intentions for the sequel was to use those scenes and fit them into his little puzzle while utilizing the novel's plot structure, which smoothly transitioned between the teenage and adult Losers' sides of the narrative. This type of storytelling is unique because it uses past and present characters and never lets you know what the time setting is. You can just tell. This worked, and what we received was a film that had a ton of fan service. One issue that people had with the film was that its runtime was much too long, but you've never seen a short Stephen King adaptation ever. The It novel consisted of over one-thousand pages of a story that shifted between 1958 and 1985, and seldom do you see an epic film that has ever been under two hours. (Think of The Matrix, The Lord of the Rings, Nolan's Dark Knight films, Avengers: Endgame, etc.) Another issue was that audiences didn't think this sequel would live up to its predecessor. In my opinion, Chapter Two did numbers on me, as it featured a lot of elements I was hoping the sequel to have. More on that later. Cinematography The cinematography was just astounding. If the first actual scene, Adrian Mellon's death wasn't enough to keep your eyes wide and heart beating, you wouldn't have made it to the terrors at the Jade of the Orient restaurant or even as far as the final confrontation during the Ritual of Chud. Cast of Actors The cast of the adult Losers Club lived up to the teenage Losers, and for the most part, they made sure to stay in character with their younger counterparts. Andy Bean (Swamp Thing) remained the Stanley Uris that we would feel for when we saw Wyatt Oleff's version on-screen. Jay Ryan and Jeremy Ray Taylor kept the faith alive as Ben Hanscom and more so with Jessica Chastain and Sophia Lillis as Beverly ""Bev"" Marsh. Ryan and Taylor's Ben made it clear that the character was still in love with Beverly, and Chastain and Lillis's Beverly made sure that the female character would remain strong in the presence of evil and distress. James McAvoy was the trickiest of the seven, as it was hard to keep the leadership role as Bill Denbrough as Jaeden had. Isaiah Mustafa executed the role of adult Mike Hanlon just as great as Chosen Jacobs but perhaps with more screentime. Teach Grant did terrifyingly well as Nicholas Hamilton had with the bully Henry Bowers from the moment he escaped Juniper Hill asylum until his death in the library, as opposed to the novel and miniseries's death in"
153,QSQ_Doc3_It_Chapter_Two,QSQ_Doc3_It_Chapter_Two,QSQ,Horror,Positive,It_Chapter_Two,"At two hours and 49 minutes, ""It Chapter Two"" is among the longest Hollywood horror movies in history. (Ari Aster's director's cut of ""Midsommar"" is two minutes longer.) The length is both a setback and asset, as it allows plenty of time for the characters to come to life. It is a requirement to have seen 2017's ""It"" before venturing into this one, though intimate knowledge of Stephen King's 1986 novel or the 1990 TV movie might make a passable substitute. ""It"" focused on seven main characters as kids, dealing with the threat of Pennywise the Dancing Clown (Bill Skarsgard) during a scary summertime adventure in Derry, Maine in 1989. Pennywise is said to reappear every 27 years; at the end of ""It,"" the middle-schoolers make a pact that they will return, should the terror rise again. It does. Mike (Isaiah Mustafa), the only one who remained in Derry, calls the others, one by one, and they answer. Bill (James McAvoy) is a screenwriter in Hollywood, Bev (Jessica Chastain) is in an abusive relationship, Richie (Bill Hader) is a stand-up comedian, Eddie (James Ransone) is a risk-assessment insurance guy, and Ben (Jay Ryan) lost his adolescent weight to become a chiseled architect. Stanley (Andy Bean) is a no-show. Besides its length, the movie's other flaw is that it doesn't immediately draw a clear line between the kid and adult versions of the characters. It takes awhile to nail down who's who, even though Richie and Eddie are obvious, due to spot-on casting, and Bev is the only female. The issue could be solved with a few well-placed flashbacks. McAvoy, even though he's a terrific actor, doesn't quite seem like Jaeden Martell's Bill from the first movie; the equally terrific Chastain doesn't quite capture Sophia Lillis' playfully puckish Bev. After an alcohol-aided reunion at a Chinese restaurant, the plot requires each character to find a token, a personal object that ties to the summer 27 years ago, to perform a ritual. These searches, shown one at a time, each with a flashback and scary Pennywise encounter, take up a large middle section. The showdown also occupies a huge amount of celluloid real estate, though, of course, the less said, the better. ""It,"" only 135 minutes, kept its characters mostly together, concentrating on truly affecting scares. After all, the movie wasn't simply about ghosts or monsters, but things that haunt the deepest, darkest corners in all humans. ""It Chapter Two"" is less scary; like early ""Evil Dead"" films and other 1980s horrors, its crazy creatures inspire surprised laughter more than terror. Much like the horrifying carotid angiography sequence that peaked ""The Exorcist,"" the most frightening moments here stem from real cruelties  hate crimes, spousal abuse and suicide  rather than supernatural forces. Weirdly, the movie is also funny, with belly laughs coming from Hader's loony one-liners and hilariously bratty bickering with Ransone. Mostly, ""It Chapter Two"" is committed to bringing the characters together again as a messed-up family. After their long"
154,QSQ_Doc4_It_Chapter_Two,QSQ_Doc4_It_Chapter_Two,QSQ,Horror,Positive,It_Chapter_Two,"Synopsis: Twenty-seven years after their first encounter with the terrifying Pennywise, the Losers Club have grown up and moved away, until a devastating phone call brings them back. When It was released in 2017, it quickly established itself as one of my favorite films of the year. Despite having a (completely normal) fear of clowns and a general hatred of horror films that feature children, I loved the R-rated/supernatural horror meets The Goonies vibes It had. Since then, I've been equal parts looking forward to and dreading seeing the sequel. It Chapter Two picks up 27 years after its predecessor and introduces us to the grown-up version of the Losers Club. Mike (Isaiah Mustafa) is the only member of the group that has stayed in Derry. His self-appointed mission is to keep an eye on things and call his friends home when he is certain Pennywise has returned. The Losers reunite and join forces to try and defeat Pennywise for good. I am still torn whether or not I enjoyed this movie. I think it's a worthy conclusion to the first film, but it disturbed me more than any horror movie has in a long time. It wasn't your average scary movie filled with jump scares and gore. It Chapter Two had a masterful balance of building tension, making you dread what was coming, then hitting hard with a jump scare or extended terrifying scene. It left images in my head that lingered hours after watching the film. (I can never eat another fortune cookie) Once scene in particular that stuck with me was the funhouse mirror maze sequence. It's partially featured in a few of the trailers, I don't want to give anything away, but it's intense. The film also starts with a brutal controversial scene that is causing a lot of debate. Again, I won't spoil it, but it's the second chapter of the book, and its purpose is to demonstrate how the entire town of Derry is affected by Pennywise's presence. The locals are unnaturally indifferent to racism, homophobia, missing children, etc. Which leads to one of my biggest complaints about the films. Without multiple viewings or reading the book, it's easy to miss this affliction on the town of Derry and I consider it to be an important element to Pennywise's character and the development of the members of the Losers Club. Another common negative I'm hearing about the film is its runtime. It's just under three hours long, but I didn't feel the film dragged or felt long at all until the final showdown with Pennywise. Even with the almost three-hour runtime, I felt like some of the needed backstory was left out. We get hints at important character details, what's happened since the first film (especially Richie's character), but it still leaves many questions unanswered. There were a lot of great things about It Chapter Two. The casting for this film was phenomenal. It was easy to identify which child actor from the first"
155,QSQ_Doc5_It_Chapter_Two,QSQ_Doc5_It_Chapter_Two,QSQ,Horror,Positive,It_Chapter_Two,"It's been two years since we last visited the doomed town of Derry, Maine. The Losers Club, the most lovable group of misfits there is, has since grown up and left the sleepy town, but the evil hasn't. They are called back into action by Mike Hanlon, who remained as the town's librarian. It has returned, and it wants the Losers. This time, they have to kill It for good. Andy Muschietti's It Chapter One was a bit of a sleeper hit. It became the highest grossing horror film of all-time that no-one saw coming, because everyone hates sequels and reboots. But Muschietti had all the right ingredients to make his reboot work; a great cast and understanding that Stephen King's 'unfilmable' gigantic novel is actually about friendship, and the pain of growing up, rather than the killer clown everyone remembers the original miniseries for. Muschietti returns to the director's chair to craft a sequel that goes bigger and bolder in every sense, while digging deep into It's mythology, and the dynamic between the adult Losers. It's a mixed bag, and not everything works quite as smoothly as it did the first time. Muschietti also relies too much on CGI for scares and monsters, but in the end he regains a steady hand to bring the story to a satisfying, and a surprisingly emotional, close. As predicted, the cast is impeccable. It says a lot when James McAvoy is somehow the least charismatic onscreen presence; that's how stacked and good this cast is. McAvoy isn't bad per se, he's just left in the shadow of other equally talented actors. Especially good are Bill Hader and James Ransone as Richie and Eddie. The forever bickering friends steal the show, and every scene they are in. Hader is a revelation here, turning in one of the best performances of his career. He's laugh out-loud funny, but his performance is always grounded in tragedy and self hatred. Ransone gets possibly the flashiest role as the germaphobic Eddie. He gets to have the most fun but make no mistake, there's a lot bubbling under the surface. Eddie's insecurity, while at times played for laughs, is a tragic thing and the character's arc might just be the best of the film, along with Richie's. https://www.youtube.com/watch?v=vEJaRuD5u-4 Jessica Chastain is great as Beverly but doesn't leave much of a mark, much like McAvoy. Both seem to be on autopilot, which still produces good performances, but forgettable ones. Jay Ryan, a relatively unknown Australian actor, makes a great Ben Hanscom, especially when he's pining for Beverly. But unfortunately the character is often just a root for fat jokes. Partly this is due to the source material, but considering it's 2019, one would hope Muschietti would have handled it with more grace and sensitivity. Muschietti certainly has a particular style of CGI he prefers,the overly fake look, and long, wonky faces. There's no effort to make It's iterations look realistic, but it's a strange choice, and one that distances the viewer"
156,QSQ_Doc6_It_Chapter_Two,QSQ_Doc6_It_Chapter_Two,QSQ,Horror,Negative,It_Chapter_Two,"Even before Tim Curry donned the Pennywise persona for the 1990 mini-series, Stephen King's It was always going to be tough to adapt. As well as being such a colossal story, its ideas and setups are as haunting as they are thematically rich. Andy Muschietti's second diving into the It narrative struggles to fully do them justice. There's plenty to admire, but its individual segments are better than its whole. Following the second half of King's novel, It Chapter Two takes place 27 years after the first. The losers club have all grown and gone their separate ways. The only one who remains in Derry is Mike (Isaiah Mustafa), who discovers that Pennywise the Clown (Bill Skarsgard), an entity who haunted the losers club as children, has returned. He calls everyone from the losers club, including Bill (James McAvoy), Beverly (Jessica Chastain), and Ritchie (Bill Hader), and summons them back to Derry, where they will all face Pennywise for a second, and hopefully final, time. It Chapter Two is a film with a lot on its plate  so much in fact that it doesn't really know what to do with it all. But there are elements of substance to its somewhat messy presentation. A fruitful theme that can be derived is that of past trauma and coming to terms with it. All of the losers club members who have left Derry each return with amnesia, having forgotten Pennywise and his horrors, their memories being hazier the further away they have gotten from Derry. Mike is the only one who remembers clearly, acting as a guide through their past experiences. As such, these characters are forced to confront their dark pasts both directly and suddenly. One could argue that conquering your fears is a trait of the genre, regardless of age, but because we're dealing with fairly experienced adults instead of naive children, the film at times feels more like a trip through an obnoxious carnival hall than journeys of personal growth. All of the actors work with the material well too. On top of being perfectly cast as aged versions of the actors from the previous film (in spite of some uncomfortable de-aging CGI on the child actors), each one feels committed to the ideas the film seems to inhabit. McAvoy and Chastain both encompass their characters' shared and individual horrors excellently, as does James Ransone as Eddie, resulting in vulnerable portrayals of broken people. But, much like Finn Wolfhard before him, Bill Hader steals the show as Ritchie. Both very funny, and very sincere, Hader creates maybe the most intricate character of the film. His performance is articulate and layered, achieving tension and even heartbreak. Unfortunately, the film sacrifices the coming-of-age element that made the first one so distinct. Two of my friends and I were in the pub the other day, and we were discussing how accomplished Stephen King is as a coming-of-age writer. The Body (aka Stand by Me) is a perfect example, and even earlier"
157,QSQ_Doc7_It_Chapter_Two,QSQ_Doc7_It_Chapter_Two,QSQ,Horror,Negative,It_Chapter_Two,"Synopsis: Evil resurfaces in Derry as director Andy Muschietti reunites the Losers Club in a return to where it all began. Twenty-seven years after the Losers Club defeated Pennywise (Bill Skarsgard), he has returned to terrorize the town of Derry once more. Now adults, the Losers have long since gone their separate ways. However, kids are disappearing again, so Mike (Isaiah Mustafa / Chosen Jacobs), the only one of the group to remain in their hometown, calls the others home. Damaged by the experiences of their past, they must each conquer their deepest fears to destroy Pennywise once and for all ... putting them directly in the path of the clown that has become deadlier than ever. So, Chapter Two is a sequel to It (2017), and my expectations were a bit high. I really enjoyed the latter to the point of considering it one of the year's best, as well as one of the best Stephen King cinematic adaptations. Andy Muschietti returning to the director's chair and having such a fantastic cast portraying the adult versions of the Losers (not only in terms of quality acting but also regarding how well the adults look like the older versions of the young actors) are two of the main reasons why I was genuinely excited. Also, the runtime (longest horror movie ever?!) definitely left me wondering how a horror flick could have the same duration as some of the most epic films in cinema... Well, I got to be honest: I'm disappointed. It's not a bad movie, at all, but it doesn't even come close to its predecessor's heels. I disagree with some headlines I've read though. Some say the comedy was misplaced, taking away impact from emotional or dark moments. There's barely a moment where it was expected seriousness and laughter kicked in instead, but when it does occur, it actually works. I just think it wasn't as funny as the previous film, overall. Granted, Bill Hader as Richie Tozier is hilarious, and a perfect cast as an adult Finn Wolfhard. His chemistry with James Ransone (Eddie Kaspbrak) resembles the one Wolfhard and Jack Dylan Grazer had, therefore this/these duo(s) being the comedy highlight. Some say the movie is too long. Now, this is a tricky one. Usually, when people feel bored or not as entertained as they wanted to be, they tend to blame it on the film's runtime, especially if it's over 100 minutes. I agree that the movie FEELS long, but I disagree that the runtime is too long. There's more than enough story to explore, and literally, every single character from the Losers Club has an interesting arc. The problem here is that not all of them are explored in a way that's funny, scary, or just captivating enough. The fact that Jessica Chastain's (Beverly Marsh) sequence with the old lady is entirely displayed in one of the trailers (and consequently shown at every single screening) doesn't help the pacing. The first act is pretty decent."
158,QSQ_Doc8_It_Chapter_Two,QSQ_Doc8_It_Chapter_Two,QSQ,Horror,Negative,It_Chapter_Two,"When we last left the not-so-cozy little town of Derry, Maine it was 1989 and the seven friends who make up ""The Losers Club"" had vanquished the sinister child-chomping clown Pennywise (Bill Skarsgard). Knowing the possibility that he could return in 27 years, the group vows to come back to Derry if Pennywise every resurfaces. If that doesn't scream sequel nothing does. To be fair Stephen King's best-selling novel made a clear that a sequel was all but guaranteed. And it's not like the filmmakers weren't saying as much before the first ""It"" even hit theaters. And I'm sure Warner Bros. didn't mind making another film considering the first one brought in over $700 million against a modest $35 million budget. ""It Chapter Two"" deals with the inevitable return of Pennywise after 27 years in hibernation. A new cast plays the all grown up ""Losers"" while the original cast returns playing their younger selves in numerous flashbacks. Mike (Isaiah Mustafa) ends up being the only one who stayed in Derry and when he sees signs of the killer clown's return he contacts the ""Losers"" to fulfill their oath. Strangely, with the exception of Mike, the group have forgotten key details of their friendship and their time in Derry. Turns out the further you get away from the town the less you remember. Bill (James McAvoy), Beverly (Jessica Chastain), Richie (Bill Hader), Ben (Jay Ryan), Eddie (James Ransone), and Stanley (Andy Bean) receive calls from Mike beginning their slow drip of returning memories. It also begins the film's overly long and cumbersome task of getting these characters from Point A to Point B while checking off a lot of boxes along the way. Navigating the unwieldy plot is just one of the problems effecting this overstuffed and wildly uneven sequel. The first film proved that these characters were at their best when they were together. ""Chapter Two"" fails to tap into that by keeping them apart for far too long. Take a long middle segment where each person goes out on their own to find their ""artifact"" hidden somewhere in Derry. It's meant to show them facing and overcoming a buried fear from their past, but it plays out like one staged horror set piece after another some. A couple are good including Beverly's despite it being completely spoiled in the trailers. Some are more interested in the grotesque while others are just ridiculous. A couple of moments do hit home particularly when the group discovers their old underground clubhouse. The scene blends together sequences of the young and old in a way that makes their friendships seem authentic and tangible. There is also a tender emotional tug from the movie's final few minutes that you can't help but be effected by despite the bumpy road to get there. A few other things contribute to this disappointing followup. Several aimless story-threads are introduced that literally go nowhere. There is a fizzling love triangle that is all but abandoned. We get several"
159,QSQ_Doc9_It_Chapter_Two,QSQ_Doc9_It_Chapter_Two,QSQ,Horror,Negative,It_Chapter_Two,"Size isn't everything. For nearly three hours, the epic-sized sequel It Chapter Two attempts to mirror the length and girth of Stephen King's massive 1986 novel of 1,138 pages, one of the author's longest and most memorable works. After the incredible financial success of the first big-screen adaptation of It in 2017, which earned over $300 million in domestic receipts and even more at the international box office, the sequel attempts to instill its own landmark quality with a long runtime. But director Andy Muschietti's unsophisticated treatment of the beloved pop-horror text fails to elevate the material to the exultant stature implied by its duration. As an author, King validated an admittedly ludicrous story about adults grappling with horrific memories from their childhood experiences fighting an alien-clown named Pennywise with his ability to immerse the reader in the inner psychology of his characters. Muschietti prefers to jolt his audience with cheap jump-scares, an ear-pummeling score, and gooey special FX more attuned to lowbrow schlock. At the same time, his characters, performed by an excellent cast, feel peripheral to the movie's spooky funhouse scares. Despite the luxurious 170-minute runtime, Chapter Two feels hastily assembled, oddly brief and bloated at the same time, and beneath the text on which it was based. Set 27 years after the events of its predecessor, Chapter Two opens with Pennywise (Bill Skarsgard) having returned from his slumber in the bowels of Derry, Maine, where the Losers Club of reject teens once assembled to stop him. The adult Mike (Isaiah Mustafa) has never left Derry and thus has never forgotten his traumatic experiences fighting the child-murdering clown. In fact, he's spent nearly three decades at the local library, researching Derry's storied history to uncover a way to defeat Pennywise once and for all. This is all recounted for the viewer in Mike's banal voiceover, wrought with winking lines such as, ""Sometimes they come back"" (the name of a King short story). Eventually, Mike calls upon his former friends, who made a blood oath as teens, to reassemble in Derry should the creature ever return. Strangely enough, those who left their childhood town have forgotten what happened, meaning much of Chapter Two involves scenes that recall events from Chapter One. Then again, the sequel also entails the characters remembering new scenes from their childhood that the filmmakers couldn't fit in the 2017 movie. When Mike calls his friends to ask them to come home, Muschietti has fun reintroducing his audience to the adult version of the Losers Club. The stuttering former leader of their group, Bill (James McAvoy), has become a successful novelist who now toils in Hollywood under a fretting director (Peter Bogdanovich). Though he replaced his overprotective mother with an equally fussy wife, the hypochondriacal Eddie (James Ransone) has found his calling as an insurance risk assessor. Likewise, Bev (Jessica Chastain) runs a successful fashion business, but she has replaced her abusive father with a marriage marked by domestic violence. The former ""fatboy"" Ben (Jay Ryan) has blossomed"
160,QSQ_Doc10_It_Chapter_Two,QSQ_Doc10_It_Chapter_Two,QSQ,Horror,Negative,It_Chapter_Two,"It Chapter Two, director Andy Muschietti's followup to 2017's wildly successful It, is a baffling hodgepodge of half-baked ideas. Every time the film has an interesting choice to make, it makes the wrong one, squandering its stellar cast and Stephen King's rich mythology. Frustratingly overlong and exceedingly myopic, It Chapter Two is one of this year's most disappointing horror blockbusters. It Chapter Two begins with a hate crime. Lifted straight from Stephen King's novel, the film opens with the savage beating of a gay couple by a group of homophobic teens. The more unfortunate of the two, the asthmatic Adrian Mellon, is dumped over a bridge into the river, where an even more gruesome death awaits him at the hands of the primordial evil, Pennywise (Bill Skarsgard). The scene is quite indicative of how misguided It Chapter Two is, but not for the reasons you might think. Yes, disgusting slurs are slung, and yes, this is a harrowing and triggering depiction of a violent hate crime, but that doesn't mean that it doesn't have a place in the story. In fact, pretty much everyone involved with the film acknowledges the scene's thematic importance - its prescient weight. Jessica Chastain, who plays the adult version of Beverly Marsh, perhaps conveyed it best in an interview with Variety: ""I think you need that scene because [King] writes about the darkness that's under the surface, the dirt under the fingernails of these small towns or of mankind. That's what It represents. It's the darkness of human behavior."" The cameo casting of gay filmmaker and activist Xavier Dolan as Adrian Mellon seems to underline the scene's potential resonance, and Stephen King himself has implied that Pennywise represents the dark underbelly of humanity, an undying force that both amplifies and feeds off our basest evils. So why does it feel so perfunctory? It Chapter Two is far from a homophobic movie, but it still has no idea how to extrapolate its own opening scene beyond a violent reintroduction of the series' villain. And the film's shortsightedness isn't limited to just its subtext - at every crossroads, creatively and narratively, It Chapter Two makes wrong decisions. ""And the film's shortsightedness isn't limited to just its subtext - at every crossroads, creatively and narratively, It Chapter Two makes the wrong decision."" Picking up 27 years after the first film, It Chapter Two centers around the return of the Losers Club to Derry, Maine. Having banished Pennywise into the void back in 1988, an adult Mike Hanlon (Isaiah Mustafa) - the one member of the Club who never left town - is the first to sense the return of the eldritch evil in 2016. Invoking the blood pact made all those years ago, Mike reaches out to Bill (James McAvoy), Beverly (Jessica Chastain), Richie (Bill Hader), Eddie (James Ransome), Ben (Jay Ryan), and Stanley (Andy Bean), recruiting them once again to kill Pennywise. Either due to magic or mystical - the film never elaborates - all of the"
161,VCI_Doc1_The_Hangover,VCI_Doc1_The_Hangover,VCI,Comedy,Positive,The_Hangover,"The consequences of violence are rarely shown on film, nor are the consequences of heavy boozing - sure, there are countless famous movie drunks, but when was the last time you saw a 'morning after' movie? Perhaps it's because having a protagonist spend 90 minutes on the toilet isn't much fun; perhaps it's because drunken stories are really only amusing to the recently intoxicated; maybe it's because being hung over fucking sucks. Nonetheless, Hollywood rarely abides by the maxim 'you booze, you lose'. Which is why The Hangover is so awesome. Here we have a movie that leaves the boozy event in question - soon-to-be wed Doug's (Justin Bartha) Vegas bachelor party - unseen and worse, unremembered the following morning. With the groom strangely AWOL, the remaining wedding party - alpha male Phil (Bradley Cooper), anally retentive Stu (Ed Helms) and third wheel Alan (Zach Galifianakis) - must piece together their fuzzy memories to track down their absent friend and get his wedding back on track: think Memento as described by an alcoholic. It must have been one hell of a night: upon waking, the guys discover a baby in their hotel bathroom and things get consistently more ridiculous from there on in. The Hangover immediately distinguishes itself from its beer-chugging brethren - it can hardly be accused of glamorising alcohol. With Sin City's bright lights still pounding at their temples, the lead threesome remain great company and never slip into smugsville - the only time someone yells ""Vegas, baby!"" is when it's bellowed inappropriately in the face of a six year-old. You expect to hate them but you'll quickly warm to their total ineptitude in the face of overwhelming insanity. Director Todd Phillips is no stranger to buddy comedies, having brought us the excellent Old School and the not-as-awful-as-it-should-have-been Starsky & Hutch. Even without a Stiller or a Ferrell, Phillips has struck gold here - his cast is spot-on. Cooper is perfect as the family man turned cool guy and Helms reprises his affable doofus routine from The US Office. However, it's breakout star Galifianakis who bags the best laughs as the exquisitely weird Alan: two parts social retard to one part mad bastard. Like Seth Rogen's gravelly laugh, Galifianakis' insane cackle is always guaranteed to raise a smile. He's simply fantastic. With Sin City as its prime location, Phillips doesn't hold back from ladling on the absurdities, and to a winning effect - he scores a hit-rate of a belly laugh about every 30 seconds. The storyline is delightful- Stu loses a tooth and marries a stripper, Alan gets punched out by Mike Tyson to the sounds of Phil Collins for bumming his pet tiger and the whole gang get embroiled in a kidnap sub-plot straight out of the Coen back catalogue. Just when you think things can't get any more farcical, they do: The Hangover is the Crank of comedy. It's a plot that's occasionally convoluted but is consistently funny, with sharp writing that doesn't lean too"
162,VCI_Doc2_The_Hangover,VCI_Doc2_The_Hangover,VCI,Comedy,Positive,The_Hangover,"The Hangover is 100 minutes of men behaving incredibly badly, shameless ethnic stereotyping, violence and nudity. It's also extremely inventive and entertaining, providing the most consistent source of laughter since Dodgeball. Rude, crude and defiantly male, it's the ultimate phallocentric antidote to Sex And The City, and easily the funniest American comedy of the year. The movie begins in a deliberately misleading, fragrantly feminine way with preparations for an elegant Californian wedding. But bride-to-be Tracy (Sasha Barrese) has a problem. She keeps asking variations on the question: 'Where is Doug?' His best friend Phil (Bradley Cooper) tells her they've lost her groom and there's no way the wedding is going to happen. We flash back two days, to the start of a uniquely disastrous bachelor party. Doug (Justin Bartha) seems to be responsible and promises his father-in-law he won't let anyone else drive the classic Mercedes convertible he's borrowing for his bachelor trip to Las Vegas. Yeah, right. Then there's Stu (Ed Helms), a quiet, brow-beaten dentist who has assured his hectoring girlfriend (Rachael Harris) that he's off on a genteel, wine tasting tour of the Napa Valley. Cocky lounge-lizard of the group is Phil, a married but discontented schoolteacher, who thinks nothing of stealing from his students to pay for the trip, and clearly doesn't like children. The fourth member of the quartet seems to like children a little too much.He's the bride's chubby, bearded brother Alan (Zach Galifianakis). Doug has been told not to let him near alcohol or a gambling table or, presumably, children. 'You mean like a gremlin?' asks Phil. 'He comes with instructions?' This ill-assorted foursome checks into a suite at Caesar's Palace. The following morning, after a night none of them can remember. The hotel suite is trashed. Stu is minus a front tooth. Phil has a wrist tag, which suggests he's been in hospital. There's a chicken wandering through the debris, a crying baby in the wardrobe and a tiger in the bathroom. Doug has disappeared, and when his father-in-law's cherished Mercedes is brought round for them it's changed, ominously, into a police car. The answer to this conundrum turns out to involve Mike Tyson, who plays a slightly more articulate version of himself and reveals a memorably atrocious singing voice. Nothing in the dismal previous output of writers Jon Lucas and Scott Moore (Four Christmases, Ghosts Of Girlfriends Past) or director Todd Phillips (Road Trip, Old School) would suggest they were capable of anything as entertaining as this. The delight of the script lies in its continual inventiveness and frenetic pace. Just as you think things can't get any worse, they do. But, despite the male characters' glaring faults, they become likeable in their befuddlement as they sink below a rising tide of anxiety, humiliation and panic. It's all cleverly structured and there's never a dull moment, even if they never do get round to explaining the chicken. I could, I suppose, reprimand the movie for misogyny. The only appealing female character"
163,VCI_Doc3_The_Hangover,VCI_Doc3_The_Hangover,VCI,Comedy,Positive,The_Hangover,"How do you make an old concept seem fresh and new? I think the best way is to simply take the concept and do it well. The Hangover uses one of the oldest ideas in the book - that people do crazy, mixed-up, regrettable things when in Vegas - and maximizes its comic potential by going full-out, with no apologies. It's the latest in a series of hard-R comedies to mix outrageous humor with a healthy amount of honest characterization. The story begins with four friends taking a road trip to Vegas for a bachelor party. Doug (Justin Bartha) is the groom-to-be. His best man is Phil (Bradley Cooper), a married teacher who has come to loathe his domestic life. Another groomsman is Stu (Ed Helms), a dentist who is stuck in a bad relationship with a demanding shrew that none of his pals like. Then there's Alan (Zach Galifianakis), who will soon be Doug's brother-in-law. Alan is the proverbial odd duck - eccentric, but harmless. The men make a toast on the roof of Caesar's Palace, and then wake up the next morning, completely unable to remember what happened. This is inconvenient for a number of reasons: Doug is missing, Stu has lost a tooth, someone's crying baby is in the closet, and there's a tiger in the bathroom. Following a series of clues, they attempt to figure out where they were the night before and what happened. Their journey leads them to a hooker (Heather Graham) that Stu apparently married, a gay Asian gangster, and even Mike Tyson. The Hangover was directed by Todd Phillips from a screenplay by Jon Lucas and Scott Moore. They understand something very important, which is that desperation and panic are funny. As the story charges forward, Phil, Stu, and Alan find themselves in increasingly dire circumstances. Things become harder to explain. The script is really a marvel of invention as it finds myriad ways to sink the characters deeper and deeper into the abyss, and this is where many of the film's biggest laughs come into play. The standout is Zach Galifianakis, who seems poised to break out from this film much as Jack Black broke out from High Fidelity. Alan is a character that seemingly begs to be overplayed; he has a weirdo sensibility that often fails to conceal what may be genuine sociopathy. And yet Galifianakis never overdoes it. In fact, he gives many of Alan's most extreme lines of dialogue a subtle touch, as though he's almost daring you to catch the joke. This is a brilliant choice. It not only makes Alan that much funnier, but it also allows him to have a realistic echo effect on Phil and Stu; they are aware at every second that Alan could make an already bad situation even worse. It has been said that the worst thing one can do is to analyze comedy. If that's true, allow me to simply say that The Hangover is funny as hell. There are"
164,VCI_Doc4_The_Hangover,VCI_Doc4_The_Hangover,VCI,Comedy,Negative,The_Hangover,"The candidates for the title of Worst Movie Ever Made make up an awfully crowded field, but if the time ever comes to hand out the Medal of Dishonor, The Hangover deserves to be on everybody's short list. Compared to it, Plan 9 From Outer Space looks like Close Encounters of the Third Kind. To call it ""atrocious"" and ""loathsome"" is to pussyfoot around the truth. Warning signs appear early in the credits. The names of the movie's casting directors are not followed by the customary union initials (""C.S.A.""). Nor are the names of the cinematographer (""A.S.C."") or the film editor (""A.C.E.""). This fact alone isn't necessarily bad; it can simply mean that the people involved haven't yet joined their respective unions. But it can also suggest that they never will and that you're about to see why. The plot concerns a quartet of men on a bachelor party jaunt to Las Vegas: Doug, the decent young groom; Alan, his dimwitted brother-in-law-to-be, who appears to be a registered sex offender (an impression reinforced later, when Alan makes suggestive use of an infant who has fallen into his hands); Phil, the best man, who resents his wife and child and hates his high-school teaching job; and Stu, a wishy-washy dentist dominated by his castrating girlfriend. The four bachelors share a rowdy toast on the roof of their hotel. The next day, Alan, Phil and Stu wake up with no memory of what happened the night before. Their suite is teeming with chickens and other birds. There's a baby in one of the bedrooms and a live tiger in the bathroom. One of Stu's teeth is missing. So is the mattress from Doug's bed. And so is Doug. I thought of Elliott Street as I watched the cast of The Hangover going through the tawdry, septic motions of the script. Out of consideration for what they've already been through, I won't name any of them here. They've suffered enough. They seem to have talent, and to be doing their best. But if any of them go on to win the American Film Institute Life Achievement Award, there won't be any clips from The Hangover shown at the ceremony. The people behind the camera what we shall laughingly call ""the creative team""deserve no such courtesy. They are director Todd Phillips and writers Jon Lucas and Scott Moore. No doubt they had visions of Kevin Smith or Judd Apatow as they perpetrated The Hangover. But Smith and Apatow have a geniality and perceptivity that undergird their profane ribaldry. The Hangover has only ugliness the borderline child abuse of Alan with the baby, matched by a similar elder abuse with a hapless old extra in a hospital scene, stripped naked and ridiculed for his aging, wrinkled flesh. Throw in random, gratuitous spurts of racism, sexism and homophobia, and the movie plumbs depths that make you wonder if there can ever again be a working definition of obscenity. If Phillips, Lucas and Moore are really set on careers in"
165,VCI_Doc5_The_Hangover,VCI_Doc5_The_Hangover,VCI,Comedy,Negative,The_Hangover,"I didn't have many expectations of The Hangover. At best, I thought it might have a few faint smiles, perhaps a chuckle or two. In fact, I sat in stone-faced disgust; a yawning bleakness threatened to overwhelm me throughout the film. Everyone else in the theatre, judging by their laughter, appeared to be having a great time. What, I wondered, is going on here? Directed by Todd Phillips, The Hangover's central premise concerns the bachelor night shenanigans of a certain fellow named Doug. Doug is the most boring movie character I've seen in a very long time . There is Stu the dentist, who is a tool for his tougher-than-nails girlfriend. There is Phil, the charming rogue, who despite his brash ways is a deeply committed family man and dedicated teacher, who just happens to like a lap-dance or two. The odd-man out in this group is Alan, a bearish misfit, and the film's requisite comedic baby-man, who is also, apparently, a pedophile as well. The men wake up after a night in Vegas to find a tiger in the bathroom, a baby in the closet, and a stolen police car valet parked out front. None of them remember anything about the night before, nor what became of boring Doug. I found myself wishing that something really interesting had indeed happened to him, ""Oh, please let Doug get kidnapped by a feminist terrorist collective, who're busy making him watch Born in Flames 50 times in a row,"" I thought. But that would be asking too much. As the boys retrace their steps, from the hospital to the Best Little Wedding Chapel to the police station to the middle of the Nevada desert, in search of the long-lost Doug, all the while fielding screaming phone calls from their various womenfolk, the events of the night before begin to reveal themselves in all their drunken sordidness. Meanwhile, Doug's bride-to-be, who possesses all the personality of a cantaloupe, (actually she makes cantaloupes look downright emancipated,) pouts and frets at home, while her gazillion-dollar wedding fantasia is assembled around her. The film, despite its outre tone, is as conventional and conservative as a 1950s sitcom, as it trots out the same tired, and trite cliches about men and women, family and marriage. Men want to run wild, like a wolf-pack. Women want to shut them in cage, and make them pay for stuff. But before the life-long consumerist affair of nuclear family begins, there is this, the ritual bacchanal of the bachelor party. In this case, it's a safari to the jungles of Vegas, where hookers, drug dealers and Wayne Newton are simply there to entertain you, like so many lions, tiger and bears. That everything will end happily goddamned ever after is never in question, but the tiresome road to get there, which involves an Asian gangster named Mr. Chow, a black drug dealer, and a wholesome hooker who ought to have her head examined, seems to last an eternity. Dante never had"
166,VCI_Doc6_The_Hangover,VCI_Doc6_The_Hangover,VCI,Comedy,Positive,The_Hangover,"When Phil (Bradley Cooper), Stu (Ed Helms) and Alan (Zach Galifianakis) wake up from their wild bachelor party in Vegas for the soon to be wed Doug (Justin Bartha), the three gents can't remember a thing about the night before. Oh, and Doug just happens to be missing. Over the course of the next 24 hours, the three buddies will feverishly try to retrace a night they don't remember in hopes of finding their lost buddy so they can get to the wedding on time. In ""The Hangover,"" Phillips and his cast transcend the seemingly predictable subject matter thanks largely to Phillips' unwillingness to force a maudlin final act and the delightfully perverse and subversive chemistry between the three leading actors. The hands down winning character here is Alan, played with a sort of understated glee by stand-up comic Zach Galifianakis that vacillates between perversity and sweetness with such ease that you can't help but fall completely in love with this socially awkward oaf of a man-child. Galifianakis manages to turn Alan into the most emotionally complex of the guys, while also giving ""The Hangover"" a good portion of its laugh-out loud moments. Not too far behind Galifianakis, Ed Helms (""The Office"") is a revelation as Stu, a nerdishly repressed dentist with an abusive girlfriend (Rachael Harris). While Helms' comic skills have long been recognized, ""The Hangover"" allows him to show some dramatic chops and even a bit of singing. While Bradley Cooper plays essentially the same character he did in ""He's Just Not That Into You,"" he's allowed to cut a bit more loose here as a cynical and jaded married schoolteacher who steals from his students for the Vegas trip. The chemistry between these three is somewhat reminiscent of the hilariously awkward chemistry between Rob Schneider, David Spade and Jon Heder in ""The Benchwarmers."" Anyone who has ever been witness to this type of film knows that over the course of the film, chaos and mayhem will take place, friendships will form, the unexpected will occur and, yet, somehow it will all work out in the end. While ""The Hangover"" largely sticks to this tried and true formula, it does so in hilarious fashion with such twisted scenarios as Stu's drunken marriage to a Vegas stripper (a woefully under-utilized Heather Graham), a tiger stolen from the home of former heavyweight champ Mike Tyson , a vengeful Chinese mobster (Ken Jeong) and the practically obligatory scenes in a Vegas wedding chapel and, of course, a police station. Accompanied by a knockout soundtrack that ranges from Kanye West to Phil Collins to Mike Tyson, ""The Hangover"" practically screams out unconventionally absurdity from beginning to hilarious end. While Jeong and Tyson do a nice job in brief supporting roles, the rest of the supporting cast is largely a waste including Heather Graham's surprisingly sweet stripper, Mike Epps as the ""wrong Doug"" and the barely noticed Justin Bartha as the groom to be, who basically bookends the film. While ""The Hangover"" never"
167,VCI_Doc7_The_Hangover,VCI_Doc7_The_Hangover,VCI,Comedy,Positive,The_Hangover,"The set-up of The Hangover is simple enough. A guy is getting married so he takes his two best friends and his soon-to-be brother-in-law to Las Vegas for one last night of partying. The four guys are variations of the types of characters we've seen in these types of ""guys being guys"" films before, from American Graffitti to Animal House to American Pie. There is Phil (Bradley Cooper, He's Just Not That Into You) the wise-cracking likeable bad boy, Stu (Ed Helms, the US version of The Office) the repressed nerdy one, Alan (Zach Galifianakis, What Happens in Vegas) the offbeat weird one, and there is the groom Doug (Justin Bartha, the National Treasure films), the straight and kind of boring one who fortunately does not feature too much overall. The guys start their night of celebrations with a rooftop toast and the next thing they know 12 hours have passed and they've lost their memories. Their apartment is trashed, there is a tiger in the bathroom, there is a baby in their room, one of them has lost a tooth, one has a hospital wristband, they have acquired a police car and worse yet, the groom has vanished. Then things start to become really weird. The Hangover does feel strongly connected to previous male bonding gone awry films by director Todd Phillips. In Road Trip (2000) the characters were college students, in Old School (2003) they were adult men-children who still indulged in college life and now in The Hangover they are reasonably 'mature' adults with real jobs and real relationships. Like his characters, Phillips seems to have matured as a director too as while Road Trip was terrible and Old School was bizarrely overrated, The Hangover is a superbly well-crafted film. Part of this craftsmanship is creating characters who don't talk like self conscious Hollywood actors but who actually interact with each other in a way that feels natural. It also helps that although the actors may be recognisable from television work and smaller parts in other films, they are not stars and don't carry the baggage of having a recognisable shtick. The film also develops in a way that although over-the-top feels grounded in a recognisable reality. The depiction of Las Vegas as a surreal, transgressive and otherworldly place almost rivals Terry Gilliam's excesses in his 1998 film adaptation of Fear and Loathing in Las Vegas. In The Hangover Las Vegas is both the source of forbidden pleasures and temptations but also a living hell where our characters are subject to an increasing amount of chaos, depravity and violence for their sins. Phillips almost gives Las Vegas an apocalyptic look at times and the theme that it somehow exists outside of the conventions of normal society and civilisation is very strong. Las Vegas takes on a mythical function as some kind of carnival/purgatory where the normal rules don't apply but the temptation to indulge in the freedom results in you paying for those indulgences several times over."
168,VCI_Doc8_The_Hangover,VCI_Doc8_The_Hangover,VCI,Comedy,Negative,The_Hangover,"Surely, whatever tourist board copywriter or marketing guru came up with ""What happens in Vegas stays in Vegas"" deserves a cut of the profits of every movie set in Sin City these days. Because they're all about idiots who appear to take that slogan as a command to engage in the most disgusting, most amoral behavior conceivable, and as a prepurchased absolution for such. As if Vegas weren't merely a slightly tacky amusement park for grownups who'd like to pretend they're debauched, and need permission to even think about cutting loose. The Hangover suffers from precisely that kind of constrained naughtiness: it thinks it's edgy and envelope-pushing, but there's nothing terribly risque or dangerous about it, at least not in the kinds of things that ensured it got an R rating. Oh, there's the brand of nudity that all of sudden Hollywood deems shocking (ie: nonsexual male nakedness intended to be comedic, as if we all don't know what men's bodies look like), there's copious, irresponsible consumption of alcohol and other mind-altering substances, there's even flirtation with the criminal elements of an urban environment possibly more organized for the benefit of criminals than the law-abiding. But as with most movies aimed at mainstream audiences, there's nothing at all to threaten the staid, boring, conventional status quo, which is always infuriating to see in a movie like The Hangover, which does hint at possibilities far more dangerous than it ever dares go near. Just as the Julia Roberts fairy tale Pretty Woman morphed from something, in its script stage, dark and harrowing to, on the screen, something sweet and cheery, this could-have-been foray into either the seamier side of life or the less-than-squalid but more-than-ordinary steers clear of ever getting near the truly treacherous. It's driving with a seatbelt and airbags five miles over the speed limit  if it had any real balls at all, it'd be doing 90 on a motorcycle, with no helmet. The script, by Jon Lucas and Scott Moore (who as a team also wrote Ghosts of Girlfriends Past and Four Christmases), is at its most daring in how it is constructed. Four pals head to Vegas for the bachelor party of one of them, and they wake up the next morning in a trashed hotel suite, massively hungover, with no memory of what happened over the previous 12 hours. No memory at all. Oh, and they've lost the groom, Doug (Justin Bartha: National Treasure: Book of Secrets, Failure to Launch), and don't even know where to begin looking for him. That's clever: The Hangover is a mystery tale, the guys following up on the few clues they have at hand. Phil (Bradley Cooper: Yes Man, Wedding Crashers), the suave, handsome one, is wearing a hospital bracelet. Stu (Ed Helms: Monsters vs. Aliens, Meet Dave), the dorky dentist, is missing a tooth. Alan (Zach Galifianakis: Into the Wild, Below), the borderline-retarded one, is missing his pants. There's a tiger in the bathroom and a baby in"
169,VCI_Doc9_The_Hangover,VCI_Doc9_The_Hangover,VCI,Comedy,Negative,The_Hangover,"On the IMDb message board for The Hangover, one of the subject lines reads: ""Vulgar, Obscene, Offensive. Is this what comedy is?"" Yes, but it's not vulgar, obscene and offensive enough. What passes for transgression these days is pretty weak sauce; last week's Drag Me to Hell is far less wild and crazy than everyone wants you to think it is, and so is The Hangover, a calculated outrage wherein three thirtysomethings get wasted during a Vegas bachelor-party bacchanal and, in the morning, can't remember anything that happened. Cynical teacher Phil (Bradley Cooper), henpecked dentist Stu (Ed Helms), and hirsute man-child Alan (Zach Galifianakis) take soon-to-be-wed buddy Doug (Justin Bartha) to Sin City for one last blow-out. Past a certain point, everything's in a fog. You may have seen the ads: they wake up in their expensive villa room with a chicken clucking about, a tiger in the bathroom, a tooth absent from Stu's mouth, and a baby in the closet. The Hangover is structured so that the protagonists, and we, gradually find out most of what all this is about. Unfortunately, the explanations either strain logic (the tiger) or smack of convention (the baby). I'm kind of glad the chicken is never explained, though. More of the movie should've been left to our wicked imaginations. There's a better cast here than there deserves to be, starting with Ed Helms, with his elongated Herman Munster skull tapering down to an accountant's face, as a guy who apparently has a few too many wild oats to sow. We only really see Stu getting crazy in still photos, but Helms brings a manic streak to Stu, a superego desperately seeking an id. Ken Jeong scores high as Mr. Chow, a diminutive gangster who enjoys himself flamboyantly. Zach Galifianakis is the true id (Bradley Cooper is the ego, rounding out Freud's psychic apparatus), a soft bear who's clearly had too many nights home alone to linger over his bizarro fantasies. They're a good comedy trio (Justin Bartha's Doug is hardly in the movie, since the others lose track of him during the night), and they deserve a more daring script. A comedy like this needs to ramp it up a notch, take us places we haven't been before. When one of the mysteries leads to a subplot with an unrealistically amiable Heather Graham that has a cop-out resolution, you know the movie is pulling punches when it should be bashing you into submission. As it is, the only thing here that truly tests the limit of the R rating is a series of photos of Zach Galifianakis during the end credits (I'm guessing the MPAA folks didn't stick around till then). Two films from eleven years ago, There's Something About Mary and the much-underrated Very Bad Things (a genuinely biting ""what happens in Vegas"" satire), were far more subversive  and far funnier  than this effort, which teases us with hints of unspeakable degeneracy and then wimps out. Truly, if you've seen"
170,VCI_Doc10_The_Hangover,VCI_Doc10_The_Hangover,VCI,Comedy,Negative,The_Hangover,"Todd Philips' road trip comedy is something of a mystery that manages to possess much more of a complex plot than we're led to believe by the trailers originally. In its heart it's about four friends re-connecting for one wild weekend before the wedding of their friend Doug, all the while exploring four friends who are also getting in touch with a part of themselves they lost or will eventually lose when they get back home to domestic monotony. The four characters represent different personalities: Stu is controlled by his girlfriend, Alan is erratic and socially awkward, Doug is preparing for marriage, and Phil resists settling into family life. Bradley Cooper steals the show here as a man who is not without shame whenever expressing his feelings to his friends about their lives because in some form he's just looking out for them, and once he heads out on the road, he's committed to re-claiming that male spirit that's tying them all down. Zack Galafianackis is raucous and often unpredictable as the mentally disturbed Alan who attaches himself to the road trip thanks to Doug who feels obligated to include his soon to be brother in law, and he figures out his own identity while trying to figure out what happened the night of the bachelor party that got them in a world of trouble. This series of events leads to a confrontation with an Asian gangster, a kind hearted hooker, a womanizing wedding coordinator, and Mike Tyson. The whole film revolves around the three principles searching for their friend Doug who went missing after the party. While I had my suspicions as to where this entire mystery was leading, the film ends up being a well rounded and often exciting little road trip flick where these guys who seemingly just want to have fun are presented with the responsibility of finding their friend to get him to his wedding in time granted he's actually alive. The chemistry between the three principles is quite good and their interplay along with the sharp writing makes for some truly memorable comedy moments including their confrontation with a nosey family in an elevator, and a funny meeting with a hotel clerk (as played by a deadpan Nathalie Fay) that manages to set the stages for the entire film while displaying the raw comic talents of all four men in the film. ""The Hangover"" is definitely destined to be a classic for the guys, and it kept me thoroughly entertained. While Todd Philips wildly successful bromance road comedy does offer its fair share of laughs, the movie does tend to border on drama comedy. While the whole film is funny and raucous in some instances, ""The Hangover"" ends up becoming much more sentimental than you'd expect and often times I found myself wondering if this was intended as a comedy at all. Especially in the first thirty minutes which while interesting do not dole up anything remotely resembling laughter save for the occasional one-liner chucked"
171,VZL_Doc1_Hereditary,VZL_Doc1_Hereditary,VZL,Horror,Positive,Hereditary,"Hereditary will be so uncomfortable for some that they will generally find it distasteful. This is not a jump scare horror movie. This is an Exorcist, a Rosemary's Baby, a Psycho. Spoilers There is so much to this movie that one watching isn't enough. Everything about Hereditary is intentional and of the highest quality. The writing, the characters, the acting, the sets, the tension  it's all great. The more I watch it, the more I realize how rich the world that they have crafted is and how it turns Hereditary into an experience instead of just another movie. I'm not going to go in-depth with the spoilers here because it just wouldn't do the movie justice. There is a version of this story that I think would make a powerful novel, but so much of the integral parts of this movie are based on visual keys and clues that I think that film is where this story was meant to be. If you want spoilers on this movie, listen to our podcast, we will be diving deep on this one. The story is centered around Annie (Toni Collette), her husband Steve (Gabriel Byrne), son Peter (Alex Wolff), and daughter Charlie (Milly Shapiro). It starts following the death of Annie's mother, who as it turns out was controlling and terrible to her family. Toni Collette is a tour de force in this movie. Her acting is so impressive, her emotions so raw that you really can't help but empathize with her even when she is clearly circling the drain and moving toward a mental break. There are two reasons Hereditary is so effective the first of which is it primarily focuses on a normal family unit, who thanks to circumstances beyond there control, is thrown into extreme strife. Everyone has faced familial issues, but the ones in this movie are your worst nightmare  the things you hope never to have to experience. The second reason Hereditary is so effective is that despite that fact that each family member is essentially pitted against the others, you can see all of their points of view very clearly. As a viewer, you understand and empathize with every family member in this movie. You have experienced every niggling bit of anger, guilt, love, and miscommunication that Hereditary throws at you. You've been the guilty son or daughter, you've worried about your kids or family members, you've hated them at times and felt the guilt that hatred brings. As a horror movie, Hereditary starts out as a single note of dread in an echo chamber  slowly, the note builds in volume and is joined by more notes until you are overwhelmed. If the title weren't ""Hereditary,"" it could have easily been ""Dread."" There are no real jump scares. Instead, it relies on tension, time, and toying with your emotions to achieve something far more effective  something that sticks with you for weeks after watching. Most modern cinematography has ditched the long, well-crafted"
172,VZL_Doc2_Hereditary,VZL_Doc2_Hereditary,VZL,Horror,Positive,Hereditary,"Hereditary is the horror film the genre didn't know it needed, and its impact has proven both immediate and lasting. When Ari Aster's Hereditary was first released, reactions were mixed among critics and audiences alike. Some called it the most terrifying film in years, while others were frustrated that it was not the movie they expected from the marketing. But with time, this unsettling psychological thriller has grown into a cult classic, embraced by a passionate fanbase and still discussed years later. That raises an important question: what is it about Aster's debut that has stayed with audiences so strongly? The answer is simple: Hereditary is genuinely petrifying, even if not in the traditional sense. Aster's ghost story does not rely solely on surface-level horror. It taps into fears buried deep in the subconscious and presents them through something that initially feels cold, distant, and unnervingly restrained. The film contains all the familiar ingredients of horror ghosts, cults, and demonic forces but what truly unsettles is what those things represent beneath the surface. To understand why Hereditary hits so hard, it helps to look at another horror classic that scarred audiences in a similar way: The Exorcist. What made that film so disturbing to viewers that it was banned in some places? It was not simply the demonic possession itself. It was the terrifying idea that what happened on screen could happen to anyone. By centering its horror around a child, The Exorcist forced audiences to confront the vulnerability of their own families. It suggested that evil was not distant or abstract it could enter an ordinary home. That is why its impact was so monumental, not just within horror, but in film history as a whole. Although we live in a different cultural moment, and horror audiences today may be more desensitized, the fear at the heart of The Exorcist is not so different from the fear at the heart of Hereditary. Aster has said that his debut draws from elements of his own life, and that emotional grounding is part of what makes the film so effective. By making Annie, a middle-aged mother, the center of the story, he gives the horror an everyday realism that makes it even more unsettling. Popular media often romanticizes adulthood: grow up, build a life, start a family, and everything will eventually settle into place. Annie seems to have arrived at that stage. Her life is imperfect, but stable enough she is married, her children are growing, and the shape of her future appears familiar. Then her mother dies, and that fragile sense of order begins to collapse. What once seemed like a quiet, melancholy life quickly spirals into chaos, especially as Annie starts to see her own life reflecting her mother's in disturbing ways. That is where the film's real horror emerges. Abuse often reveals its full damage only years later. Annie understands that she was hurt by her mother, but she has not fully confronted the possibility that trauma can repeat itself that she could"
173,VZL_Doc3_Hereditary,VZL_Doc3_Hereditary,VZL,Horror,Positive,Hereditary,"Ari Aster's absurdly accomplished debut is the best horror movie of the year so far. You could make a good argument for it being the best horror movie of the decade. But it won't be for everybody, because of the expectation that word  horror  creates. It puts you in a certain frame of mind. You prepare to be launched out of your seat with shock, to scream, to giggle at yourself for being so scared of something so obviously unthreatening. Hereditary isn't that movie. You may well scream and try to vacate your seat, but there is no time for a comforting giggle, because Hereditary doesn't move with the rhythms of most horror movies. It doesn't jostle you up and down, through moments of fear and relief, or ever try to make you laugh. It takes you in its cold, clammy hand and drags you further and further into despair and alarm, until the credits roll. Then it leaves you there to steep in the terrors you've just felt. You'll probably notice we're not saying much about plot. Deliberately so, because the less you know the better. The focus is a family that has recently lost its matriarch, an unpleasant, secretive woman, by all accounts. Her daughter, Annie (Toni Collette), feels a mix of grief and release. Annie's children, Charlie (Milly Shapiro) and Peter (Alex Wolff), and her husband, Steve (Gabriel Byrne), move around her with caution. The unsaid hangs like heavy clouds around the whole family. They don't know in the film's first half hour, when they bicker and sulk and brood, that they'll never feel this happy again. Aster, barely into his 30s, has made a film that has echoes of Stanley Kubrick's The Shining and Roman Polanski's Rosemary's Baby (a big influence on Aster) in the way that it makes home, which should be the safest of places, feel alien and threatening. He directs in long, slow takes in which you can feel something horrible might happen. Sometimes it does, sometimes it doesn't, but that itchy feeling of uncertain menace is what makes it so exhausting to watch. A fraught family dinner can be every bit as frightening as a ghostly apparition advancing from a dark corner. Aster builds his story's intensity with expert control, culminating in a storm of nightmare moments that come so fast that the instinct to breathe might temporarily leave you. The horrible images he burns on your eyes will not. Collette, an actress who has never managed a bad performance in her life, is at career-best level. The film's weight is all on her shoulders and we see how it makes her buckle and hurt. Annie is dragged through an emotional hell and everything she's feeling shudders out of Collette in exhausted silences and primal screams. A good measure of whether you'll like this movie might be how much you enjoyed the very broadly similar 2014 movie The Babadook. Both films are as much about soul-deep sadness and loneliness as"
174,VZL_Doc4_Hereditary,VZL_Doc4_Hereditary,VZL,Horror,Positive,Hereditary,"Hereditary opens with a long, fluid take of three different but proximate houses, as Pawel Pogorzelski's slow-spinning, sinuous cinematography first reveals a treehouse (also the film's final image) seen across the garden through a window, then pulls back from the window to show an artist's workroom within the house opposite, and finally pans over the workroom to a table bearing a scale model of the house (with the wall removed from the front to expose the elaborately crafted interior). As the camera moves closer to a bedroom in the model, and to a figurine lying in the minibed, we hear a knock, and  impossibly  Steve walks right in to wake Pete for Ellen's funeral. This uncanny trick of blurring a scale model with the larger reality is something that has been seen before in films with themes significantly parallel to Hereditary's, whether the facsimile of the school in Nick Murphy's The Awakening (2011), which similarly stages the burden of grief, the persistence of the dead and the seductiveness of delusion, or the display model of the labyrinth in Stanley Kubrick's The Shining (1980), which also pits child against unravelling adult. Yet in opening with this lifelike doll's house, constructed by artist Annie to work  in microcosm  through her family's long, tragic history and her own difficult relationship with Ellen, debut writer/director Ari Aster establishes two things: first, the uneasy sense, right from the start, that the Grahams are somebody else's playthings, like the dolls that Charlie collects; and second, that this mood of play-box paranoia, introducing tension at the outset and from then on never once relenting, will be managed with the sort of painstaking attention to domestic minutiae that Annie herself brings to her art. In these layerings of houses within houses, and in the dreams within dreams (Annie's, Pete's) that will soon interpolate themselves into the narrative's reality, Aster merges naturalism with unnerving allegory to present an increasingly hallucinatory family portrait in which the psychological is reified and the devil is in the details. The strange graffiti etched into the Grahams' wallpaper  and of course reproduced by Annie in miniature  can be recognised as the writing on the wall for a dysfunctional clan whose suppressed demons must eventually out. Still, Aster will take his time parcelling out all their tortuous secrets, compartmentalised within the bourgeois veneer of suburban life, or hidden in plain sight in boxes, lofts and images. Though primed to expect that Ellen's legacy, genetic or otherwise, must come home to roost, viewers are kept in excruciating suspense as to what precise form it will take, as recurring motifs of fire and decapitation, dissociative identity disorder and ritual beleaguer the film's structure in a campaign of confusion. Aster throws in a whole palette of haunted-house tropes (seances and spectres, creaky corridor and creepy attic, infestations of ants and flies) as much to confound as to clarify, given that we are being misdirected no less than the Grahams are being carefully"
175,VZL_Doc5_Hereditary,VZL_Doc5_Hereditary,VZL,Horror,Positive,Hereditary,"To quote the immortal words of Philip Larkin: ""They fuck you up, your mum and dad. They may not mean to, but they do."" This poetic indictment of familial relationships is brought to mind by Ari Aster's searing cinematic debut, Hereditary, in which the members of a middle-class, ostensibly normal family come to terms with the death of a relative and face the strange days that follow her funeral. This unfortunate clan are the Grahams, consisting of artist Annie (Toni Collette), her husband Steve (Gabriel Byrne) and their two children, Peter (Alex Wolff) and Charlie (Milly Shapiro). Annie works as a miniaturist. She creates exquisite small-scale renderings of real-life scenarios which provide a crucial anchor to the story: as she contends with an impending gallery deadline as well as her mother's passing, it becomes clear that  as in her work  the devil is in the detail. And what details there are to behold in the performances, chiefly from Collette as the frantic, fractured woman battling internal demons and the very real possibility of external ones too. She's gamely joined by Byrne, who gives a subtle, stern performance as her increasingly exasperated husband Steve, and impressive young'uns Alex Wolff and Milly Shapiro who hold their own as the Graham siblings. Wolff in particular has a striking vulnerability about him  rather than playing up a teenage archetype, he's wide-eyed and terrified; a messy, shrieking, infinitely relatable adolescent loser. The film's intricate construction is complemented by Colin Stetson's unsettling Gaslini-adjacent score, and a rich, heavily-saturated colour palette that works in stark contrast with the progressively more eerie action that plays out against the small-town sunshine. In the age of the obligatory jump scare there are grizzly scenes aplenty, but Aster prefers a painful sense of impending dread which begins with the opening shot and refuses to rescind its grip until the final credits. It's possible to identify subtle cinematic nods to the likes of Don't Look Now and The Shining  notably in Shapiro's unnerving portrayal of a creepy kid at odds with the rest of her family (complete with an orange hoodie as unexpectedly haunting as Christine Baxter's red mac). Pawel Pogorzelski's crisp, ethereal cinematography seems influenced by John Alcott's iconic work with Kubrick. Rather than a derivative exercise in genre scalping, there's something fresh about the masterful way in which Aster examines the insidious nature of suburban inertia while playing on the very real fear of what we inherit from our parents, and in turn, what we pass onto future generations, willfully or not. Part relationship psychodrama, part ghost story, part exploration of inherited madness, Hereditary is a film which refuses to parlay into a set definition of horror, which is its twisting, slippery strength. It begs to be rewatched, reconsumed and resurrected so that some part of its spiraling weirdness might become more familiar. Although there's plenty of unsettling imagery present that's liable to haunt audiences for years to come, it's Aster's thematic ambition which transforms it"
176,VZL_Doc6_Hereditary,VZL_Doc6_Hereditary,VZL,Horror,Negative,Hereditary,"A strange bird, Hereditary is. This shrill and unhappy supernatural drama starts off as a sort of psychological character study and ends up in the wild hinterland of sulfur and vile spirits. Much the same, I suppose, could be said of The Exorcist and Rosemary's Baby, to which Hereditary has duly been likened, but the more useful comparison might be to Darren Aronofsky's genre-smashing, audience-polarizing mother! I deeply admired that film's art and intensity while admitting I didn't have a great time at it  not all art is meant to be entertaining. Is Hereditary another case of a wooly bully of cinematic expression, destined to dazzle the elites while displeasing the mundanes? In this case, I have to stand with the mundanes. Director Ari Aster, making his feature debut, wants to bowl us over with Hereditary. He reaches into a big dusty box and hauls out every trick he can find  there's one embarrassingly ""look, Ma, I'm a director"" shot that puts a character upside down in the frame as she runs, and then the camera follows her and rights itself. It's a disorienting shot, and it calls attention to itself needlessly, as so much else does in the film. I could go spelunking thematically and justify the narrative quirks, but I don't want to. It's an effectively made bad movie. It plays fast and loose with logical expectations, but not in a way that especially illuminates anything other than its own facile twists. For the longest time, the movie seems to be about Annie Graham (Toni Collette), an artist whose mother has recently died. Annie had and has a fraught, complicated relationship with her mother, and she's well on her way to raising two neurotic kids, the brooding stoner Peter (Alex Wolff) and the morbid Charlie (Milly Shapiro), even though her husband and their father Steve (Gabriel Byrne) is usually a soothing source of calm. The movie starts to seem as though it's concerned with the derangement of grief and trauma, especially when Annie meets a fellow in bereavement, Joanie (Ann Dowd), who teaches her how to contact the dead. There's more than a hint of ""The Monkey's Paw"" here, and Pet Sematary and all the other spooky pop culture that advises us not to mess with the occult: ""Sometimes dead is better."" Eventually, as the omens and freaky scares add up, it becomes clear that this is all the movie is going to be about; and yet it touches on annihilating despair, and asks its cast (particularly Collette, but also young Alex Wolff) to lower themselves into an emotional meat grinder in a way that the film, I say, does not earn. I did not need to see a sad body part seething with ants on the side of a godforsaken road in the morning light, and I came to resent Hereditary and Ari Aster for making me look at it for no reason other than effect. Speaking of effects, there are a few scenes featuring"
177,VZL_Doc7_Hereditary,VZL_Doc7_Hereditary,VZL,Horror,Negative,Hereditary,"There's a new kid on the horror block aiming to take up space in your homes and your mind called Hereditary. The film directed by Ari Aster, about a family in grief, is a tense picture, but one I found ultimately unfulfilling. Director Ari Aster is certainly a master of mood and dread and it is definitely one of the most confident horror movies you will see. Aster has such a command of the frame and how his actors exist within it that this is a rare horror film that doesn't have many jump scares. Don't take this to mean you won't jump at something scary (the visuals here are WILD) but the movie is not built around those moments that make you leave your seat. And that's the right approach to take because it allows the actors to shine. One of the best things about horror movies is that they really allow us to dig into primal human instincts in the way other films can't. By putting the ordinary up against the extraordinary, humanity's core essence can be revealed, and it's revealed here by some great actors, led by the incomparable Toni Collette and the shockingly great Alex Wolff. Collette is no stranger to delivering great performances in horror films having been nominated for The Sixth Sense. She adds to her legend with a really ground, yet incredibly hysterical performance. She is going for it in every scene but still finds the core emotions of her character. Wolff, whom I didn't like in Jumanji 2, is brilliant here as the son wracked with guilt and terror about his mother and what he's done. He easily could have made this character unsympathetic but instead reminds us that even though he's in high school, he's still a traumatized kid. So how come after leaving this movie the question is not how did they accomplish that, but rather what exactly is the movie confident about? This is a question I'm still wrestling with given the sheer amount of concepts and themes the movie broaches. To be honest, I feel this was a case of a movie setting up expectations and not necessarily sticking the landing it appeared to be. Hereditary doesn't give a fuck about your expectations (probably why it got that D+ CinemaScore) but it should have cared more about the substance it was digging into. This movie covers everything from grief to mental illness to cults and demons in a way that seems to go against itself at times. This movie is definitely a slow burn, but did it really build up to that ending? And why did it feel like it took us forever to get there? Hereditary is like the more volatile soul sibling of The Witch and The Babbadook. Those movies dealt with many of the topics broached in Hereditary but had a much clearer focus and drive. Hereditary starts with the death of a grandmother and by the 30-40 minute mark levels us with another death,"
178,VZL_Doc8_Hereditary,VZL_Doc8_Hereditary,VZL,Horror,Negative,Hereditary,"One may debate the merits of the term ""elevated horror,"" as it suggests that horror is otherwise inferior to other genres if not ""elevated,"" but I think that word could just as well be placed in front of any movie that surpasses expectations of a genre piece. Regardless, it fit ""Get Out"" (2017) which was ""elevated"" by its satire--reworking standard horror elements to tap into the zeitgeist of racial issues at the end of the Obama era. I'd even accept the moniker for ""A Quiet Place"" (2018) under an interpretation such as Richard Brody's for the ""New Yorker"" magazine that it's the antithesis of ""Get Out."" It need not be political, either. For this purpose, I'd consider horror films that introduce innovations in style or narrative structure to be ""elevated"" (""Psycho"" (1960), ""The Shining"" (1980), ""The Blair Witch Project"" (1999) come to mind as obvious major influences in the genre). Even ""The Sixth Sense"" (1999) had its twist. Otherwise, without being ""elevated,"" you just get a scary story, and it either works on you on a physical level or it doesn't. Unfortunately, that's what ""Hereditary"" does. It's a simple ghost story. The revelation of some details are delayed, but they're heavily foreshadowed, so I don't see why anyone would consider the ending surprising or a betrayal except that for all of its good reviews and talk about a new era of ""elevated horror"" its surprise is that there's nothing more to it. Of course, there's some drama (in this case, regarding dysfunctional family dynamics and the loss of loved ones); there almost always is. But, then, it's just strange-looking kids, apparitions, seances, grave desecration, cults, supernatural happenings and jump scares from there. The usual cliches. It also follows the basic complex discovery plot, as outlined by film theorist Noel Carroll (see e.g. ""Interpreting the Moving Image""): Onset, Discovery, Confirmation and Confrontation. The Onset is where we the audience begin to become aware there's a monster--for instance, an apparition is seen here and there and we learn about the dark past of a dead mother. Discovery is when the mother played by Toni Collette discovers there's a monster, too. In the Confirmation phase, she tries to convince others, to confirm, the existence of the monster. And, then, Confrontation, of course, is what it sounds like. This has been the most common plot of horror movies since the genre was largely introduced in Hollywood with the 1931 ""Dracula."" Too bad, too. I was hoping for more, especially with the business of replica (haunted) houses--the mother's dollhouses, the kid's tree house--and the casting of Toni Collette, who also played the mother in ""The Sixth Sense."" Something self-reflexive, perhaps, or something reflecting the multi-layering of houses and planes of existence. Yet, at best, ""Hereditary"" is merely a better-crafted replica of a formula and conventions that continue to haunt the genre."
179,VZL_Doc9_Hereditary,VZL_Doc9_Hereditary,VZL,Horror,Negative,Hereditary,"It's called ""Hereditary,"" and if you have any appreciation for good cinema, you must avoid it like the plague. Created by a horror aficionado, first-time feature director Ari Aster, Hereditary has managed to garner an incredible ""87"" on Metacritic. Don't ask me for certain why this has come to pass, but usually such reviews can be tied to the mass of misguided critics who populate both the print and online media. The film stars Australian actress Toni Collette, who plays a beleaguered artist-mother Annie Graham, presiding over a family of misfits including her 13 year old daughter Charlie, who appears to suffer from Asperger's Syndrome, and Peter, a disaffected 16 year old who spends a good deal of time smoking marijuana. There's also the passive husband, Steve, who doesn't have much of a plan for saving the family from demonic forces. When we first meet Annie, she's attending the funeral of her mother with the rest of the family. It's later revealed that the grandmother was some sort of devil worshiper who is responsible for turning Charlie into the disturbed child whose problems no one can find a way to ameliorate. When Charlie freaks out at a party frothing at the mouth, Peter, high on marijuana. tries to bring her to the hospital driving furiously down a darkened road in the family SUV. Unfortunately for all parties concerned, Charlie is decapitated when she sticks her head outside the window and is hit by an emerging telephone pole. The abject stupidity of Aster's script becomes apparent when Annie discovers Charlie's headless body the next morning. One wonders what happened to the police investigation but no intrepid investigating detectives show up at the house and Peter is left depressed with his mother unable to control her anger toward him. The plot has a mildly interesting twist when Annie befriends Joan, a woman she meets at a support group for parents of deceased children. Later Annie finds a scrapbook with pictures of Joan and her mother together in devil worshiping ceremonies. Nothing much makes sense after that. When Steve throws the grandmother's scrapbook into the fire, he explodes into a ball of fire. Joan disappears and eventually Peter kills himself by jumping out the window of the house. Annie beheads herself with a piano wire, Peter's corpse is inhabited by a spirit and they all convene in Charlie's tree house, where Joan hails Peter as Paimon, one of the Devil's Princes. Women's liberation takes a backseat after Peter is hailed as the new prince--liberated from Charlie, whose decapitated corpse represents a female host. The worst part of the film is there are really no likable characters, as they all eventually morph into disciples of the devil. The potential heroine, Annie, ends up like all the others in the family. I suppose horror films are supposed to scare you-this one will only make you laugh!!!!"
180,VZL_Doc10_Hereditary,VZL_Doc10_Hereditary,VZL,Horror,Negative,Hereditary,"It's usually late August or early awards season for a film this convoluted to appear in the wild. After the funeral of her mother, Annie (Toni Collette) wrestles with a lack of feelings over the death; her husband Steve (Gabriel Byrne) appears equally indifferent. Her older son Peter (Alex Wolff) has become distant while her younger daughter Charlie (Milly Shapiro) mourns the loss of her grandmother vocally. Annie throws herself into her work as a distraction after she begins noticing odd things; her husband is worried enough about her state of mind to hide the fact her mother's grave was desecrated only a week after the burial. When a second tragedy befalls the family soon after, Annie meets a woman named Joan (Ann Dowd) who relates, having suffered a similar loss... and she offers Annie an unusual and fantastic way to get over her grief. There have been a lot of claims surrounding this film from distributor A24, such as boasting it may be ""too scary"" and watching it gives some viewers the equivalent of a two-hour workout on their hearts. This kind of marketing is almost a throwback to Hollywood yesteryear, like advertising nurses standing by in theaters in the event someone faints during the presentation, never mind being called ""the scariest movie of the year."" The real question is, is this a drama with horrific elements that can hold the attention of a fickle audience, or a smoke screen for something that really doesn't work to begin with? There is a high probability this film was mismarketed from the start, with explanations of it being a family drama if you remove all the horror elements. Writer and director Ari Aster reportedly won't discuss the very personal events from his own life he infused into Hereditary, but mixing it in with horror and the occult may have been a mistake to being with. With an overlong middle that meanders under the guise of a slow burn thriller that ends in a convoluted mishmash of horror tropes, the ending feels tacked on as a way to spin the drama in light of all the creepy bits meant to hold your attention. With supernatural elements failing to pay off as window-dressing for a potentially serious broken-family drama, an audience giggling throughout the film's ending is the least of Hereditary's problems. To best avoid spoilers, it's easier to compare this with another A24 release: The Witch. That film was also about a broken family, a fact that rested solely on the shoulders of the family's father; his sins brought about the godlessness that not only got them exiled but ended up destroying them utterly. The story hinged on the idea that their fate was deserved, and learning the hows and whys made it work, even when the last character makes their final choice to give in or to go on. In contrast, events in Hereditary have an underlying cause as well, but no one in the family seems particularly worth saving. From"
181,YDC_Doc1_Fresh,YDC_Doc1_Fresh,YDC,Horror,Negative,Fresh,"Modern dating can make a girl feel like a real slab of meat  at least, that's the central thesis of Mimi Cave's debut Fresh, a horror-comedy with its teeth filed down to stubs. ""Hopefully, this'll make for a good story,"" Noa (Daisy Edgar-Jones) tells her BFF Mollie (Jojo T Gibbs) before she heads off on a date with the most blandly vile man you can imagine: he monologues about acid reflux, tells her she'd look prettier in a dress, spouts some racism at their waiter, and then calls Noa a ""bitch"" when she doesn't want to kiss him. When Noa gets back home, she tries to message another guy. He immediately responds with a dick pic. So who could blame her for ignoring every red flag presented by Steve (Sebastian Stan), who approaches her in a grocery store and jokes about how cotton candy grapes really do taste like cotton candy. Steve seems all too perfect: he loves to dance in the middle of his living room, he doesn't want to rush into sex, and he isn't on social media (which the film treats as immediately suspect, but I would argue is the romantic ideal). Noa complains that dating reduces us all to ""the perfect projection"", but she's just as willing to play into romcom fantasy: she's a ""pancakes out of a bag"" kind of girl, he's a sophisticated cocktail connoisseur. As Mollie points out: ""It's a straight girl's fantasy come true!"" It's a very relatable sort of hypocrisy. And when Steve whisks Noa away for a weekend out in nature, we're meant to read it as passionate and spontaneous  right up to the moment the film's title belatedly drops, around half an hour in, and we find out that he's actually a cannibal. Not a hobbyist cannibal, mind you, but a professional one, carving up women for wealthy clients while keeping them chained in his basement so the meat stays fresh. But Cave's film proves that there's a clear difference between clever metaphors and satisfying ones. The way Steve looks Noa dead in the eyes and says ""I'm taking your ass"" is a very dark but funny joke. And Cave, certainly, leans into the film's tongue-in-cheek quality. Fresh is shot by cinematographer Pawel Pogorzelski, known for his work on both Hereditary and Midsommar, and the camera lurches around Steve's mid-century basement dungeon (quite nice if you take it out of context) in queasy disbelief at what's going on. Meanwhile, in the kitchen, Steve is carving up body parts  for human meatballs and human prosciutto  while dancing to Peter Cetera's ""Restless Heart"". In another scene, he trudges into Noa's room, whining about how exhausting it is to chop up women all day. Stan has clearly been directed to give us Patrick Bateman with a Hannibal Lecter garnish, and it's effective for what it is. But Bateman  of Bret Easton Ellis's American Psycho  always represented a somewhat outsized vision of male narcissism, and Fresh can't"
182,YDC_Doc2_Fresh,YDC_Doc2_Fresh,YDC,Horror,Negative,Fresh,"You don't need a master's degree in horror to know how regularly and thoughtlessly movies subject women's bodies to the rule of men. It's refreshing, then, to witness a new wave of bold female-directed horror movies that have effectively flipped the male gaze on its head while conveying the discomfort of violence against women, from Coralie Fargeat's Revenge to Julia Ducournau's Titane to Dasha Nekrasova's The Scary of Sixty-First. Mimi Cave's Fresh aims for a similar kind of genre corrective through a brazenly black comic allegory in which women are viewed as literally nothing more than meat to be consumed, except its tone-deaf cheekiness only results in a feeling of dreary regression. Cave and screenwriter Lauryn Kahn waste no time in comically illustrating the misogynistic hellscape that is the contemporary cisgender dating scene. As Fresh begins, its meek and lonely protagonist Noa (Daisy Edgar-Jones) is out on a date with a blustery, scarf-wearing bro named Chad (Brett Dier). Truly living up to his name, Chad derogatorily comments on Noa's outfit while launching into a diatribe about how women don't dress sexy enough anymore, before also finding time to throw some racist barbs at the server at the Chinese restaurant where they're eating. Akin to a sketch comedy's take on a bad date, the scene makes valid observations but glosses over the more quietly insidious tactics that men regularly use to domineer women in favor of milking surface-level humor from ordinary douchebaggery. The night comes to an abrupt close when Noa diplomatically tells Chad that they're not a good match and he responds by calling her a stuck-up bitch and walking away. Noa seems ready to resign herself to a life without love, but then along comes plastic surgeon Steve (Sebastian Stan), whom she encounters at the grocery store in a meet-cute that feels too good to be true. He's charming and awkwardly funny (he approaches her by clumsily opining about how cotton candy grapes actually taste like cotton candy), with a boyish sheepishness that instantly disarms her state of despondence. They go on a couple of dates and as Noa begins to fall for him, Steve suggests a spur-of-the-moment getaway to the picturesque woodland region of Cottage Grove. ""It's a straight girl's fantasy,"" Noa's friend Mollie (Jojo T. Gibbs) mockingly tells her before Noa throws caution to the wind and accepts the invitation. Dr. Steve is, of course, hiding something in this case that he's a black-market human flesh trafficker who kidnaps women to sell their meat as a delicacy for exorbitant prices. This reveal comes around Fresh's half-hour mark and shouldn't be too much of a surprise considering Steve's suspiciously anonymous nature (for one, the doctor isn't on social media) and anxious line of questioning during date number two about whether Noa has told anyone about him. Consequently, Noa is drugged and chained up in Steve's basement, alongside a couple of other women who she can only hear through the walls, primed to be gradually dismembered all while being kept alive"
183,YDC_Doc3_Fresh,YDC_Doc3_Fresh,YDC,Horror,Negative,Fresh,"While just about everything else has been made easier with the invention of apps, dating still feels like a chore. The lonely Noa (Daisy Edgar-Jones) knows this all too well in Fresh. Mimi Cave's directorial debut shadows a cynical twenty-something as she bounces from one disappointing date to another. However, being randomly picked up by a handsome surgeon at the grocery store seems like Noa's luck is finally changing. Unfortunately for her, it's not for the better. As far as Noa can tell, Steve (Sebastian Stan) is a total catch. Her best friend Mollie (Jojo T. Gibbs) is naturally suspicious of everyone, but her instincts might be right in this case. Steve's peculiarities  for example, him having no online presence  can be interpreted as flaws. Maybe even red flags. For someone like Noa, though, she simply wants to be wanted. It's only understandable she looks the other way. Everyone watching, on the other hand, is waiting for the other shoe to drop. Cave and writer Lauryn Kahn are not looking to undermine the audience's expectations here. They've set up everything according to genre regulations and not following up on those foreshadowing moments would be foolish and not to mention a waste of time. It also would have been easy  but agonizing  to draw things out. More pleasing than not, Fresh reveals its hand earlier than anticipated. Knowing the truth doesn't lessen the revelation's impact or remove tension, either. That level of shock regarding that plot turn will vary from person to person. Some people are simply more prepared to assume the worst. Fresh is wise to speed through the formalities of these kinds of thrillers and get straight to the meat of the predicament. This leaves room for more engaging storytelling rather than working overtime to uphold the current mystery. Instead, there is a reasonably good amount of suspenseful interactions between the two opposing characters. Noa is never written to be a victim who lacks agency in her situation. Even when she's down for a spell, Noa is always thinking of how she can help herself. The filmmakers of Fresh have a considerable deal of respect for their protagonist in spite of the misfortune they've subjected her to. Steve's unsavoriness is digestible thanks to Stan's devilish charm, but not to the point where it feels like the film wants him to get away with his wrongdoing. Now if only Mollie and another supporting character, Paul (Dayo Okeniyi), had been afforded the same care as the leads. There are too many times where they are less authentic than their peers. It's unclear if something like Fresh will have a long shelf life. Although, it does well not to dwell on the technological aspects of the modern dating scene. The writing is never offensively straightforward either, yet there are times the script veers toward middle-of-the-road in the face of such an unusual premise and outcome. Still, there are plenty of times where this feels like the jewel in"
184,YDC_Doc4_Fresh,YDC_Doc4_Fresh,YDC,Horror,Negative,Fresh,"The creepiest moments in Mimi Cave's thriller Fresh are rooted in the familiar. These moments are creepier not in spite of their everyday banality, but because of it. Daisy Edgar-Jones plays a young woman navigating the dystopia that is modern dating. Like any young woman, she has become used to the idea that the onus is on her to stay on guard. Walking alone in a dark alleyway, she keeps her car key in a ready-to-jab position when she thinks she is being followed. A guy on a dating app responds to her comment on his cute cat pic with an unsolicited dick pic. The panic is writ large on her face when she can't get any bars on her phone. If women are terrified of walking home alone at night or losing cell phone reception, it is due to the sinister forces that lurk in the darkness. The forces don't get more sinister than in Cave's debut feature, which stirs up a batch of stew from the leftovers of American Psycho and _You_ and calls it Fresh. Marinating the film is a touch of her own creative sadism. The gristle is its conceit of how women are commodified. As the film marches on, some succumb to the commodification, one joins in, and the rest figure out a way to overcome it  and survive. Online dating isn't working out for Noa (Edgar-Jones). Just when she is about to resign herself to a life of quiet solitude, she runs into handsome plastic surgeon Steve (Sebastian Stan) at the supermarket. They flirt over cotton-candy grapes, he makes some excuse to get her number, they bond over dead parents on the first date, and soon he is whisking her off on a getaway. If there is a red flag, it's that he has no social media presence and can't be found on Google. Noa's best friend Mollie (Jonica T Gibbs) voices some concern, but Noa writes it off as Steve favouring the old-fashioned ways just as much as he does his Old Fashioneds. After a half-an-hour or so is when the opening credits pop up to reveal what we're watching is in fact a horror movie. The romance, like many of the beloved entries of the genre, was to wear down the woman's defences till she gave in. Steve was playing a long con  and not for the first time, as Noa soon realises. A whole network of rich, powerful men (let's call them the patriarchy) depend on him to cater to their very particular appetite. To go into any more detail will only ruin the movie. Despite the swerves, there is little doubt over how the story will pan out, or the ostensible catharsis of its inevitable conclusion. Shape-shifting between sweet and sinister with a mere smile, Stan captures the insidiousness of a practiced deceiver who knows how to weaponise his disarming charm. When he calmly reveals Noa of her fate and loses his temper over her reaction, we witness"
185,YDC_Doc5_Fresh,YDC_Doc5_Fresh,YDC,Horror,Negative,Fresh,"Fresh starts off as a very intriguing, feminist satire and sendup of modern-day dating. Then, about a half-hour in, it takes a dramatic pivot into a completely different type of feminist sendup, one that's much less interesting or insightful. The film, a Sundance 2022 debut acquired by Searchlight that lands on Hulu this Friday, pivots into exceptionally gory horror. But it does so in a way that's somewhat derivative and made out of pieces of earlier, better movies. Strong performances by Sebastian Stan and Daisy Edgar-Jones aren't enough to save an overlong, dramatically inert horror effort. The movie to which Fresh is likely to draw comparisons is Promising Young Woman, writer/director Emerald Fennell's audacious, wildly divisive feminist satire, from a couple of years ago, starring Carey Mulligan as a revenge-minded survivor. Fresh, also created by two women (director Mimi Cave and writer Lauryn Kahn) is likely to go down as just as divisive, but it's not nearly as visually inventive or dramatically propulsive as Fennell's film. And while there are twists aplenty, the ending itself is far from a shock. Edgar-Jones stars as Noa, a young urban single woman struggling on the dating scene, and meeting guys through a Tinder-like app. After a bad first date with a guy who exhibits about 15 different behaviors that women on TikTok vocally hate  everything from commenting on women's fashion to being rude to the waitress  Noa meets a more promising guy named Steve (Stan), a plastic surgeon who's quick to take her on a vacation to a secluded house. Steve, shockingly, turns out not what he first appeared to be, leading us to get opening credits nearly 40 minutes in, the latest in any movie in memory. That, alas, is when the plot really gets going, but I sort of liked the movie before the credits more than the one after. The final three-quarters of the film is just a long cat-and-mouse thriller in which nothing all that interesting happens, aside from a few minor twists and the protagonist's best friend (Jojo T. Gibbs) trying to find her; at no point does the film really have much of note to say about its ostensible subject. This is mostly because ""that handsome perfect guy turns out to be anything but"" is a tale almost as old as filmed storytelling itself, frequently seen everywhere from Lifetime movies to the true crime genre to that recent Tinder Swindler documentary. It's also derivative in other ways. Fresh is the latest of many recent cultural products to involve cannibalism, while long scenes draw inspiration from American Psycho (a serial killer loves 1980s pop music), Westworld (dramatic monologues set to instrumental covers of Radiohead), and the endless villain confessions that Roger Ebert used to call 'The Fallacy of the Talking Killer'. I understand what the filmmakers were going for with Fresh, and the film certainly had its admirers coming out of Sundance. But overall, it just doesn't work."
186,YDC_Doc6_Fresh,YDC_Doc6_Fresh,YDC,Horror,Positive,Fresh,"Noa (Daisy Edgar-Jones) is thoroughly disenchanted with the dating scene when she meets charming stranger Steve (Sebastian Stan) in a supermarket. After agreeing to go away with him for the weekend, despite being warned against it by friend Mollie (Jojo T. Gibbs), she's shocked to discover Steve has some unusual appetites. ""Hopefully it will make for a good story"", Noa (Edgar-Jones) tells best friend Mollie (Gibbs), as she psychs herself up for another first date full of awkward small talk, casual misogyny and ick-inducing sartorial choices. It's a required approach in the world of modern dating, where fearing for your safety feels as common as falling in love, and sometimes all you can hope for is an awful experience that makes for an entertaining anecdote. That's certainly what Noa gets when she falls for smooth-talking, self-deprecating, non-social-media-using surgeon Steve (Stan), finding herself  to use Mollie's word  ""dickmatised"" into going on a surprise weekend trip with him after only a couple of dates, and finding out what he really means when he says: ""I don't eat animals"".Fresh is a film of two halves, built around a rug-pull for the ages (and an exceedingly gratifying delayed title sequence). The first act swiftly and effectively establishes Noa and Steve's connection, developed through brilliantly naturalistic chemistry and improvised banter between the two leads. Then, in a bold move reminiscent of Amy Dunne's 'cool girl' monologue reveal in Gone Girl, the film shows its hand, spiralling into more gory, pulpy territory. It walks the line between unimaginable horror and knowing comedy with ease, much of which is achieved through Stan and Edgar-Jones' wholehearted commitment to both the tenderness and theatrics needed to buy in to all aspects of the plot. Stan in particular is having a ball, unleashing the kind of unhinged energy we've seen most recently from him in Pam & Tommy, and Edgar-Jones manages to make Noa's reaction to an extraordinary situation completely believable, giving her enough edge and dimension to evolve the character way beyond a simple scream queen. Mimi Cave's impressive first-time feature direction is also crucial to striking that genre-spanning tone, weaving in operatic, fantastical sequences with blunt cuts and scoreless action; her camera starts out fairly static, but shots swooping overhead and upside-down sneak in as Noa becomes more disoriented. Even before the big reveal, extreme close-ups on gnashing teeth, superbly edited meat montages and the increased volume of gulps and chews evoke a sense of sticky nausea, and the soundtrack's consistent stream of '80s bangers, poppy tunes and more classic instrumentals only enhances the emotional rollercoaster. It's not perfect; a device involving Noa talking through a wall is clunky and unnecessary, Mollie feels underdeveloped and tropey at times, and it could be argued that the change of pace half an hour in is risky, and results in a loss of tension. The script's 'independent woman' moments and dating-related cynicism can be a little on-the-nose as well, as is the allegory around the ownership and objectification of"
187,YDC_Doc7_Fresh,YDC_Doc7_Fresh,YDC,Horror,Positive,Fresh,"I don't much care for dating hell movies. You know, the ones where nice women go to Gethsemane and back to find Mr. Right and end up with Mr. Wrong, experiencing humiliation, torture, and new, horrifying ways to use kitchen appliances. But a thing called Fresh takes the genre one step beyond acceptance, combining sex, romance, and cannibalism. Call it Fifty Shades of Grey with Tabasco sauce. Sebastian Stan, one of the small handful of current screen heartthrobs who can legitimately lay claim to the label ""handsome, clean-cut, Nautilus-trained hunk"", has been turning in solid performances for a few years, beginning with an outstanding starring role in the Broadway revival of Picnic and continuing with high praise as disgraced figure skater Tonya Harding' controversial husband in I, Tonya. In Fresh, he tackles a different kind of assignment, as a fiendish doctor with a yen for seducing beautiful girls with his magnetic personality and witty, intelligent line of bull. Gets 'em every time, but little do they know what they're in for after they hit the Porthault sheets. Like Jamie Dorman in the sexy Three Shades trilogy, Dr. Steve is rich, well dressed, and a perfect catch. Meeting innocently by chance in a grocery store, smart, lovely Noa (wildly appealing newcomer Daisy Edgar-Jones) is impressed by his ambition( he claims to be doing an internship in reconstructive surgery, which, in California guarantees a lucrative future) and the things they share (they both hate the superficialities of the modern dating scene). He doesn't believe in sex on the first date, which makes her respect him even more, so after they get to know each other better, they're off to a romantic weekend in the country together. Everything jells so peacefully that Noa can't believe her luck, and neither can we. So far it's a smart, clever little love story not exactly original, but not without its undeniable charms, either. Crash! When things turn, the movie hits its stride with the force of a terrifying gale that strikes in the middle of an otherwise placid summer. When Noa wakes up, she's chained to the floor in handcuffs; even the delicious gourmet meals in bed are part of a diabolical scheme to prepare her for unspeakable things to come. The man of her dreams is actually an accomplished surgeon with a deep psychological passion for gourmet meals of human organs. Nothing is as it seems. The doctor even has a wife, but when she disrobes to show she only has one leg, you begin to wonder if she plays an important role as her husband's sous-chef. There are other girls crying out from adjoining cells who are awaiting similar fates, but when Noa fights back, Dr. Steve takes revenge for losing her trust and begins performing little surgeries, beginning with her tasty derriere. Mayhem ensues with guns, knives, sharp car keys, shovels, and everything in the kitchen cabinet. Eventually she asks him what human flesh tastes like. ""Well,"" he says, carefully, ""it depends on where"
188,YDC_Doc8_Fresh,YDC_Doc8_Fresh,YDC,Horror,Positive,Fresh,"here's a specific cruelty to modern dating, a seemingly unending grind of gut-punching disappointment and hurt, something that's easily judged and lampooned by those no longer in the game but something that's really only understood by those still playing. In first-time director Mimi Cave's rattling debut Fresh, Noa (Normal People's Daisy Edgar-Jones) is exhausted. In a believably odious first scene first date, she's informed by her indoor scarf-wearing match that women are no longer as feminine as they should be, in all these comfy over-sized clothes, as he monologues to her about his passion for hot sauce. She leaves with a familiar eye-roll (he calls her a stuck-up bitch, natch) forced back to swiping for love but instead, being met with more unsolicited dick pics. It's enough to make even the most romantic of romantics admit defeat. When she meets Steve (Sebastian Stan) in the fresh produce aisle of the local supermarket, she's caught off-guard by his charm, a handsome, keen and emotionally available stranger who talks as much as he listens. They begin dating and while her best friend Molly (Jojo T Gibbs) is alarmed by his lack of social media presence  a red flag in the 2020s, surely?  Noa allows herself to slowly believe that maybe she's finally getting what she deserves. Steve surprises her with a weekend away but first, with traffic shifting their journey to morning, she'll get to see his place for the first time. Remote and expansive (""This is intimidating,"" she remarks), she can't believe her luck. But after a few sips of an old-fashioned, Noa starts to feel woozy. Before she has time to process, it's lights out and that's just the first in a series of nasty surprises. The believable meet-cute first act takes place entirely, audaciously, before the opening credits, a sweet 30-minute romcom that quickly switches up to reveal something sour, like biting into a succulent peach that's rotten on the inside. It would be a spoiler, I believe, to detail exactly what the big reveal is although Cave gives us ample warning signs: the title, the location of the initial meet, the references to food ... the general nature of it isn't a surprise but the specifics are, a bracingly nasty rug-pull detailed with chilling normality. While Fresh can be easily filed a part of the boom in ""social thrillers"", exploding post the extraordinary success of Jordan Peele's Oscar-winning Get Out, it's one of the few that manages to grip us without the use of a heavy hand. What screenwriter Lauryn Kahn and Cave realise is that first and foremost, this is a genre movie, and rather than waste time patting themselves on the back for making clumsy ""but this is really about"" commentary, they're too busy trying to make our palms sweat and our pulses race. While some of the plot details might skirt close to B-movie absurdity, Fresh exists in a real world with real people, rules and stakes. So when terrible things happen, we're"
189,YDC_Doc9_Fresh,YDC_Doc9_Fresh,YDC,Horror,Positive,Fresh,"About thirty minutes into ""Fresh,"" a deliciously jangly horror movie, the opening credits roll. Up until then, the movie, which premiered in the Midnight section of the Sundance Film Festival, unfolds like an edgy romantic comedy. In the opening scene, Noa (Daisy Edgar-Jones, with a bite) shows up for an app date, which turns out to be a dud: A vain cheapskate who's brusque with the waiter, the guy tells Noa between bites of their meal that her sweater looks shlumpy and a dress would suit her better. Reading the disagreeable signs, Noa bids him a polite goodbye, but not before Mr. Conceited Civility, upon rejection, can shout, ""Good luck finding a guy, you stuck up bitch."" This sort of bait-and-switch becomes a key ingredient in ""Fresh,"" Mimi Cave's classy and clever feature directorial debut. Written by Lauryn Kahn, the movie is framed as a parable of the anxieties of modern dating, of how truly impossible it can feel for (straight) women to catch a break. It's a familiar setup, and one that's vulnerable to the traps of heavy-handedness and cliche. But unlike recent predecessors  ""Promising Young Woman"" and the short story ""Cat Person"" come to mind  ""Fresh"" doesn't wholly aspire to be a feminist arrow to the heart of today's heterosexual dating scene. More so, it uses its central idea as fodder for stylish black comedy. Where ""Promising Young Women"" tended to feel labored and clumsy, ""Fresh"" is sleek and nimble, a worthy new entry into the feminist revenge thriller genre. Many of the movie's comic pleasures are thanks to Sebastian Stan, who, invitingly clean-cut and bashful, plays a Texan surgeon named Steve whom Noa meets and exchanges endearing conversation with in an unlikely place: the produce aisle of the grocery store. ""I didn't think people met people in real life anymore,"" Noa marvels later, gushing about the meet-cute to her best friend, Mollie (Jojo T. Gibbs). Even so, early dates with Steve go well, and Noa grows cautiously excited. When her new paramour asks for a weekend getaway together, Noa graciously accepts. Has she finally struck gold? It's here that we reach the opening credits, and the movie spins into nail-biting suspense and terror. At this point in the movie, Mollie seems to be getting the short end of the stick. Noa's best (and seemingly only) friend, Mollie is Black and queer, a token sidekick character whose personal life, job, and dating prospects we learn almost nothing about  though we do know that she's prone to too-loudly encouraging Noa to ""get that D."" But as the story continues, and Steve  no surprise here  turns out not to be the sweet guy he promised, both Mollie and Noa's characters are given space to deepen. Edgar-Jones, who most notably played Marianne on Hulu's ""Normal People,"" is an absorbing screen presence, taking a role that could've been played as dopey  the romance cynic who falls for the gentleman  and injecting it with a quiet"
190,YDC_Doc10_Fresh,YDC_Doc10_Fresh,YDC,Horror,Positive,Fresh,"With romance callously sliced up into right and left swipes, dating has long been an undignified concept in the online world. You could even call it a meat market sure, it's a cliched phrase, but what cliche isn't rooted in some truth? In debuting director Mimi Cave's entertaining and bonkers satirical horror ""Fresh,"" Noa knows all about the losers on the bland menu of her endless app scroll sit's understandable that she has lost her taste for kissing the frogs. Still, our modern West Coaster charismatically played by ""Normal People"" breakout Daisy Edgar-Jones refuses to give up optimism and puts herself out there courageously, scarf-wearing douche-y dudes be damned! It's through her sweet hopefulness that she passes on countless faux-cool profile photos during one such evening of mindless browsing, and reaches out to someone sporting a cute dog picture as his avatar. But what thanks does she get for her curiosity? Nothing, just a gross dick picture sent by your average creeper. We get introduced to Noa in a pitch-perfect opening scene during a horrendous date with one of those aforesaid scarf-wearers. A cheapskate (""Bring cash,"" he reminds Noa before the date even takes place), Chad chews his noodles while spewing all sorts of stomach-churning vitriol. ""You would look great in a dress,"" he rudely tells the sweater-donned Noa, putting her down for not being into femininity ""like the women of his parents' generation."" He insults their waitress with blatant racism. He feels entitled enough to grab all the leftovers, not hold the door for Noa (What happened to all that ""parents' generation"" talk?) and calls her a stuck-up bitch when his reach for a kiss doesn't get reciprocated. So can you really blame Noa for rapidly buying into the grand gestures of Sebastian Stan's traditional charmer Steve on the heels of this disastrous evening and falling to bed with him? You can't hey, it's the ever-appealing Stan we're talking about but you are allowed to raise a slight eyebrow when this practical woman completely trusts a perfect stranger she only just met at a supermarket aisle, by allowing him to whisk her away to a surprise weekend getaway to an unknown location. Thankfully, her droll, bisexual best-friend Mollie (a terrific Jojo T. Gibbs) who seems to have given up on men completely, has much sharper instincts. No social media footprint? Not even an Instagram page as someone who claims to be a plastic surgeon? To Mollie, these are all red flags. They will seem shady enough to the viewers too, thanks to Lauryn Kahn's zippy script and Cave's visual language that, in unison, suggest enough of an unease beneath Steve's casual allure. To the careful ear, ""I don't eat animals"" from his lips will ring one or two alarm bells. (Why not just say, ""I'm a vegetarian?"") Other clues will hint shades of this mystery man's unusual tastebuds, too. But it's not until the title card ""Fresh"" appears more than 30 minutes into the film that they will be spelled out for all their grotesqueness."
191,HEP_Doc1_Angel_Has_Fallen,HEP_Doc1_Angel_Has_Fallen,HEP,Action,Positive,Angel_Has_Fallen,"Authorities take Secret Service agent Mike Banning into custody for the failed assassination attempt of U.S. President Allan Trumbull. After escaping from his captors, Banning must evade the FBI and his own agency to find the real threat to the president. Desperate to uncover the truth, he soon turns to unlikely allies to help clear his name and save the country from imminent danger. Though some critics have given the ""Fallen"" movie series a bit of a hard time, I don't see what they're seeing. I love these films. I love the action, I love the bombs, I love the armor-piercing bullets that fly at a dizzying pace. And I love Secret Service agent Mike Manning. I also love Morgan Freeman as President Allan Trumbull. Of course, you can call him President Trumbull all you want, but to me, it was President Morgan Freeman. Morgan Freeman is one of my favorite actors ever, and in my view, he rarely does me wrong. In the movie, Mike Banning is a Secret Service agent who has been such an exemplary agent in the Secret Service he works the coveted slot of guarding the president. He is the President's 'Guardian Angel' thus, the title of the film. Manning is also the go-to guy sought to train the elite which is showcased at the start of the film. Shortly after the film begins, Banning is offered the potential job of any Secret Service agent's lifetime, The president offers him a job as director of the agency. Because Banning is a field agent through and through, with his own life's issues, he struggles to come to terms with working behind a desk, and hesitates in accepting the position. he is a combat soldier, a roaming lion, so to speak. Enter, the attack drones that explode on impact during a heavily guarded presidential fishing trip. Everything goes south, after an explosion-filled morning, Banning becomes the victim of a setup and the world believes he is the man solely responsible for trying to assassinate the president. It is the world against Secret Service agent Banning, who wastes no time in fighting to stay alive and on the run in an attempt to prove his innocence. Alone, half blown-up and exhausted, he seeks to find his long-lost father, that had previously abandoned the family due to his own combat-related posttraumatic stress disorder. A bit cliche you might say? Absolutely. Forgivable to have such a cliche? Absolutely. Because the film doesn't stop delivering beautifully orchestrated chaos. Nick Nolte is hilarious as Banning's long-lost dad, and I did not expect for this movie to have so much humor, but it was an excellent bit of refreshment in between bombs going off, trucks crashing into police cars, and the seriousness of the FBI seeking to find a presidential assassinate. With a bit of forethought, I'm certain something a bit out of the realm of being a cliche could have been created, but why? The ""Fallen"" movies which include Olympus Has Fallen"
192,HEP_Doc2_Angel_Has_Fallen,HEP_Doc2_Angel_Has_Fallen,HEP,Action,Positive,Angel_Has_Fallen,"No, it's not a typo. Angel Has Fallen is a four-star movie. The brazenly idiotic Has Fallen franchise (previous episodes were Olympus and London), which has been defined by sloppy action beats and perturbing American triumphalism (Take that, North Korea! And that, Middle East!) has somehow hit its stride third time round. This happens in movies. The ""third time's a charm"" rule has applied to everything from Goldfinger (third and best James Bond movie) to The Good, the Bad and the Ugly (third and best Clint Eastwood ""Man with No Name"" western) to Toy Story 3. And The Bourne Ultimatum. And Harry Potter and the Prisoner of Azkaban. Point being, by the third movie a franchise will often find its feet, or discover a particular groove or rhythm that was absent in the first two instalments. In Angel Has Fallen that new groove is the wheezy angsty ineptitude of middle age. Franchise star Gerard Butler is back, of course, playing the US secret service superagent Mike Banning, the loyal personal bodyguard of President Allan Trumbull (Morgan Freeman). Yet this time, as the movie opens, with a routine stolen from the Bond film Never Say Never Again (a training exercise disguised as real jeopardy), Banning is revealed to be addicted to painkillers and suffering from panic attacks and embarrassing dizzy spells. He loses his balance on the job, like a peaky high street pensioner overloaded with groceries, and when, barely three scenes in, he goes for an emergency check-up (his fourth visit, we learn, in as many months  the big hypo) the doctor warns him that his spine is a ""disaster"" and that he's one well-aimed headbutt away from permanent paralysis. This is great material, and Butler, now 49 and wearing every minute of it, is perfect for the part. There's not a hint of the gym here. No vanity pec-flex nonsense either (take note, Dwayne Johnson). Instead, with a touch of softly curving moobs and some dad-bod love handles, and with that crazy ""American"" Glas-Angeles accent, Butler still manages to exude an effortless and earthy masculinity, a kind, as the poet WB Yeats might have said, that is unnatural in an age like this. Banning, alas, doesn't have much time to process his impending mental breakdown. After two short scenes that establish his domestic bliss (slightly undercut by shots of our hero popping pills behind the bedroom door) with his supportive wife, Leah (Piper Perabo, taking over doting duties from Radha Mitchell), Banning is called back into action when a former army buddy and bigwig military contractor called Wade (Danny Huston, just delicious) goes rogue, kills half the secret service, sends Trumbull into a coma, sets up Banning as the prime suspect, and begins to initiate a war with Russia. OK, so it's not Dostoyevsky, but the plot isn't the thing. It's how the plot unfolds that counts. It makes no sense, for instance, for Wade to set up Banning as the patsy assassin, because Wade's ultimate goal is"
193,HEP_Doc3_Angel_Has_Fallen,HEP_Doc3_Angel_Has_Fallen,HEP,Action,Positive,Angel_Has_Fallen,"American movie presidents can only make us wistful nowadays, and in Angel Has Fallen the White House is graced by Morgan Freeman himself, as President Allan Trumbull. Yes there is a god, probably also played by Morgan Freeman. Trumbull has been promoted since London Has Fallen, Mike Banning's last batshit outing, when taking on hundreds of terrorists across our capital's tourist attractions led to our favourite Secret Service agent becoming incredibly thirsty. Banning too is up for promotion this time around, to Head of the Secret Service, now the current incumbent, David Gentry (Lance Reddick) is retiring. The plot for Angel Has Fallen is signalled a mile off. It's so obvious who the bad guy is and who's in league with him I started to think I was the one being played. There's also some really useful exposition by telephone call, in case you still aren't sure, but it never detracted from my enjoyment. This is a terrific ride that careers through action movie tropes with little concern for the intricacies of a decent plot, but with a surprising sensitivity when it comes to father-son relationships. The third movie in an action franchise is the perfect point to bring on the introspection. We all know the main characters but you can't really go on blowing up huge numbers of people for the same old reasons. No, by number 3 you want to be blowing up huge numbers of people for slightly different reasons. For an anti-war film, a hell of a lot of people die: blown up, droned, blown up, burned to a crisp, stabbed, blown up, and shot. But at least this time we've moved away from the evil Middle Eastern terrorists trope - yes, to the delight of those like me who grew up during the Cold War, we're back to evil Russians. Mike Banning (Gerard Butler) is tired and damaged, even at the start. He's a wounded bear, self-medicating with painkillers, unable to sleep, concussion leaving him feeling like he's underwater (cue lots of lingering shots of him looking knackered). Until the fighting starts, which perks him up no end. His wife wants him home more, his baby daughter is growing up fast, but while waiting for news of his possible new job he still takes in a full-on combat training course at a facility owned by his old Forces buddy Wade Jennings (Danny Huston). Jennings is now a military contractor, a bad sector to be in since Blackwater. Especially as in the White House, Trumbull is determined to move the Administration away from soldiers for hire fighting America's wars, and indeed from war itself. Soon after, a Presidential fishing trip suffers a drone attack, leaving Trumbull in a coma and Banning the only survivor out of nearly 20 secret service personnel. Before Banning even wakes up in hospital the FBI have found a load of supposedly incriminating information about him. When he comes round, Banning is handcuffed to the bed - less guardian angel and more"
194,HEP_Doc4_Angel_Has_Fallen,HEP_Doc4_Angel_Has_Fallen,HEP,Action,Positive,Angel_Has_Fallen,"Rare is the action-movie franchise that finds a way to improve by its third installment, and yet, Ric Roman Waugh's bare-bones Angel Has Fallen ends up being the best chapter in all the Gerard Butler-led bunch. Color me shocked. Part of this lies in the fact that the previous two installments in this explosive trilogy - the series-launching Olympus Has Fallen and its ludicrous sequel, London Has Fallen - weren't very good. In fact, had you asked me which ""White House In Peril"" picture released in 2013 would still be telling its story today, I'd have bet big money on Roland Emmerich's White House Down (if only because Channing Tatum and Jamie Foxx seemed like better box office bets over Butler). Yet, here we are, still following the heroic exploits of Presidential bodyguard Mike Banning, a burly concoction of Kiefer Sutherland's Jack Bauer, Bruce Willis' John McClane and Clint Eastwood's Frank Horrigan from In The Line of Fire. Banning's a throwback on-screen hero, which is why it works that director Ric Roman Waugh has constructed a throwback action thriller around him, relying on practical stunts, tangible explosions, smaller-scale fights and good-old-fashioned car chases to make Angel Has Fallen the most credible and enjoyable film in the series to date. Mike Banning actually spends all of Angel lamenting his broken-down body. He never actually speaks the words, ""I'm too old for this shit,"" but he embodies the classic Lethal Weapon line in every frame of this film. His vulnerability is a welcome trait. Banning has been through the ringer protecting first The White House and, later, the entirety of London, so he's contemplating hanging up his detail. Those plans are cast aside when a new antagonist makes a high-tech attack on new world leader, President Allan Trumbull (Morgan Freeman), somehow framing Banning for the threat. That's one of the most preposterous plot turns in Angel Has Fallen, and poor Jada Pinkett Smith has to somehow sell the tough talk that anyone in the administration would doubt Banning's loyalty after the previous two films, or think he'd have a legitimate reason to want to eliminate Trumbull. Yet, without that line of bull, there'd be no story, thereby, no sequel. The ""twist"" sends Mike Banning, two-time world saver, on the lam, where he must out the true criminal element and prove his innocence, all while still fulfilling his moral duty to keep the President alive. Piper Perabo lends support via telephone calls as Mike's wife, Leah, while Nick freaking Nolte joins the fray in a welcome supporting part as Mike's off-the-grid father. But this is Butler's show, and he makes the most of the opportunity. I return to the point of Mike's vulnerability, an action-hero trope that has gone the way of the ""practical stunt"" in this current era of Dwayne ""The Rock"" Johnson holding a helicopter in place with one arm as he poses in front of a green screen. (See Hobbs & Shaw for that visual. Or, you know, don't.) Angel"
195,HEP_Doc5_Angel_Has_Fallen,HEP_Doc5_Angel_Has_Fallen,HEP,Action,Positive,Angel_Has_Fallen,"Director and co-writer Ric Roman Waugh not only electrifies the already exhilarating ""Fallen"" franchise with ANGEL HAS FALLEN, almost doubling the amount of action set pieces as that seen in ""London Has Fallen"" while taking them to new heightened extremes, but takes it to new levels of storytelling that go beyond explosions, action, and Gerard Butler eye candy. Waugh, together with co-writers Robert Mark Kamen and Matt Cook, brings us a depth of story and character not previously seen in this franchise, and rarely seen in high octane action films. The result is mind-blowing, thought-provoking, edge-of-your-seat entertainment. And then Nick Nolte is added to the mix! Mike Banning is back. Nursing his wounds after saving the White House, London, and the President in the last two ""Fallen"" installments, he is now a father to little Lynn and serving as Secret Service guardian angel to now-President Trumbull. Wife Leah is pushing Banning to step back from active duty and accept a hoped for offer to become Secret Service Director aka a desk jockey. But Banning isn't quite ready to take a back seat to history just yet as we start to see just how much of a toll the past eight or more years have indeed taken on him. His C2-5 spinal area is severely compromised, as are his shoulders and knees; he suffers with migraines, insomnia, and nightmares; symptoms of PTSD are becoming visible, at least to Trumbull; and he's living on pain pills to get through the day. But Banning won't stop. It's not in his DNA to stand down. When we meet up with Banning again this go-round, he's deep in active ops. He's his usual one-man killing machine. Only unlike his prior high profile activities, he loses the battle here. As we quickly see, however, luckily these hard-charging ops are only a training exercise or Banning would be dead. And that's something we aren't used to seeing. The one good thing to come out of this training though is that Banning gets to reconnect with his old military buddy Wade Jennings who owns and runs this facility and is looking to get set up with some private government mercenary contracts. Each man, lions both, has the life they dreamt of. Life is good. Or is it? Heading back to D.C. and then out with Trumbull for a winter weekend escape from politics and to get in some time fishing on the lake, Banning is having some noticeable problems with dizziness. Trumbull tells Banning to head to shore. Rest. Send a relief agent out to guard him. After all, what's going to happen in the middle of a lake. You know the old adage, anything that can go wrong will go wrong? Everything goes wrong here as a drone bombing strike swarms the lake and surrounding area, killing every agent but for one, Mike Banning. An assassination attempt on the President, it's only thanks to Banning's quick thinking and action that Trumbull is alive, albeit in a coma."
196,HEP_Doc6_Angel_Has_Fallen,HEP_Doc6_Angel_Has_Fallen,HEP,Action,Negative,Angel_Has_Fallen,"Has Fallen is an appropriate title for this unsolicited trilogy, for action movie standards fall every time someone pays to see one of them. I confess to liking Olympus Has Fallen, but it hardly warranted a continuation. London Has Fallen is only entertaining when viewed as a metaphor for Brexit. But Angel Has Fallen lacks the euphemism. In fact, it lacks rather a lot. Gerard Butler continues to waste his talents as Agent Mike Banning, who spends the first portion of the film experiencing insomnia and dizziness as a result of the previous films. But who has time to meddle with that when someone tries to attempt a drone assassination on President Trumbull (Morgan Freeman). Banning is framed for the attempt, and thus finds himself alone and on the run from the law, as he endeavours to uncover who is really responsible. Comparisons to The Fugitive aside, the problem with Angel Has Fallen is that it miscalculates what kind of film it ought to be. Disposable entertainment would be the apparent route to go with this considering the last two films. But the film takes itself far too seriously, becoming unbearable in the process. It presumes itself an intricate and intense thriller, and yet I predicted every plot point, from the real culprit(s) to upcoming lines of dialogue, so effortlessly that I may as well not have even bothered seeing the film before reviewing it. There are hints of potential fun at times, but the writing is ludicrously laddish and juvenile. It pairs up characters like Banning and his estranged father (Nick Nolte) just because it can, and the action is completely on auto-pilot. The editing is jolty and rushed, to the point where we can't follow what's happening half the time. Any action we do see is derivative of the previous scene. Punches are thrown and guns are fired, all in repetitive fashion. It's sleep-walking through its main selling point rather than indulging in the creative possibilities, and all because it wants to be taken seriously. This would've been fine had the film not been so nonsensical too. It attempts to be contemporary with references to Russian election meddling, but then uses its plot to spin a political conspiracy so farfetched it would make Flat Earthers and 9/11 Truthers look sane. It's devoid of logic in the worst ways, and the characters are either side-lined or so beyond being interesting anymore that we feel like involuntary hostages rather than active investors. Even the goal of the conspiracy feels shallow, purely to coincide with the contradictory message. It masquerades as an anti-war film, yet features more try-hard gun violence than an NRA-funded porno. Essentially, we have a movie that is all over the place in every conceivable realm. It's too stupid to take seriously, and it's too poorly made to shut your brain off to. If it had at least tried to further explore what Banning's declining health and PTSD meant for him personally, I may have offered some leeway."
197,HEP_Doc7_Angel_Has_Fallen,HEP_Doc7_Angel_Has_Fallen,HEP,Action,Negative,Angel_Has_Fallen,"Ever heard of the phrase 'a glutton for punishment'? Of course you have. But just in case, Oxford defines it as ""a person who is always eager to undertake hard or unpleasant tasks"". Tasks like, I don't know, watching Gerard Butler movies? By that definition I'm a walking example of 'a glutton for punishment'. I really can't blame anyone but myself. It's not like Butler doesn't have a pretty telling track record. But I have this twisted fascination with his movie career which is marked by a bevy of stinkers and the extremely rare gem. And in case you're wondering if his latest ""Angel Has Fallen"" is one of the gems...I wouldn't go that far. This is the third film in Butler's Has Fallen series (for lack of a better title). It sees him reprising his role of Secret Service Superman Mike Banning. To be honest I had fun with the first film ""Olympus Has Fallen"". It was a silly, fun throwback to the meat-headed action movies of the early 90's. ""London Has Fallen"" failed miserably at capturing what made the first film entertaining. ""Angel"" falls somewhere in the middle. Stuntman turned director Ric Roman Waugh helms this sequel that essentially follows the same blueprint as the previous films. Mike Banning is recommended by President Alan Trumball (Morgan Freeman) to replace the retiring Secret Service Director (played by the always fun Lance Reddick). But as the series has shown us, the job can take a pretty big toll and Banning's body and psyche is letting him know it. Hilariously this seemingly important story-thread vanishes once the action kicks in. While out on a country fishing trip, an assassination attempt is carried out with a swarm of high-tech drones. Banning barely saves the President's life but everyone else including his Secret Service team are killed. The two lone survivors are taken back to Washington where the President is comatose and Banning finds himself framed for the attack. It doesn't take much investigating before a tunnel-visioned FBI Agent Thompson (Jada Pinkett Smith) puts Banning under arrest. So much for all of that 'service to his country' bull. Of course like any good Gerry Butler movie, Mike doesn't take it sitting down. He breaks out of custody and sets out to find who framed him and who wants the President dead. He has to seek the help of the last person he wants to see - his father Clay (Nick Nolte), a wooly, off-the-grid mountain hermit who (as you can probably guess) ran out on his family when Mike was a child. That is clearly the go-to offense for scorned fathers in movies. Nolte's character adds a little levity but there is little new or fresh about him beyond that. As you should expect, ""Angel Has Fallen"" leans heavily on its action. Some of it is fairly exciting and well shot. Other times it can be pretty generic, even frustrating especially when the scene-killing shaky-cam kicks in. And it's all built around a"
198,HEP_Doc8_Angel_Has_Fallen,HEP_Doc8_Angel_Has_Fallen,HEP,Action,Negative,Angel_Has_Fallen,"As far as film trilogies go, third time is rarely the charm, and ""Angel Has Fallen"" is no exception. In the follow-up to 2013's ""Olympus Has Fallen"" and 2016's ""London Has Fallen"", and in a revisiting no one really asked for, Gerard Butler returns for a paycheck as Mike Banning - great action hero name, no? - an aging secret service agent struggling with physical impairments that should, one would think, disqualify him from working as the primary line of defense for the President of the United States. In the first two films, our president was played by Aaron Eckhart, and while he must have passed on the titillating chance of not-performing Shakespeare for a third time, we are left with Morgan Freeman, ever an amazing president, voice of God, omniscient narrator, etc. Freeman was also in the two previous films as Speaker of the House, and so it is finally his turn to be hit with unimaginable assassination attempts via tricked-out smart drones with facial recognition capabilities and lots of ammo. Banning is purposefully kept alive, and he dashes on his speedboat to the president, forcing them both under water until the *explosion, explosion, explosion* end. Everyone else is dead. The president falls into a coma, and Banning is under arrest for the slaughter of his security team. Because he is the only one who survived and, despite his track record of staying alive in impossible situations, this one is apparently too outrageous to be anything more than malicious intent. Mid-transfer, his transport car is hijacked and Banning is taken hostage by the real perpetrators whom he handily defeats and escapes. On the lam, Banning has no choice but to seek shelter from his hermit father (Nick Nolte) who left him as a child and has been roughing it in the woods. When the guys who set him up manage to find him, Banning takes control of the situation (read: more explosions, car chases, yada yada) and is drawn to do the job he's done all his adult life: protect and serve. The president, waking from the coma, is in grave danger and Banning is somehow the only person to see it coming. He is the president's only chance at survival, and he weasels his way back to the president's side just in time for the final showdown. In terms of its watchability rating, ""Angel Has Fallen"" isn't the worst action film ever made. Its premise is ridiculous, and its ""twist"" is obvious to anyone with eyes, ears and/or half a brain cell. However, that doesn't mean it's not a fun time. Butler takes his role quite seriously, which actually helps us get through some of the outlandish slog we have to wade through to get to the better bits. The action is high-tech and adrenaline-boosting, and with the talent of veterans Freeman, Nolte, Jada Pinkett Smith underused as an obtuse FBI agent and Danny Huston as Banning's ex-military turned private sector entrepreneur buddy, it isn't hard to let"
199,HEP_Doc9_Angel_Has_Fallen,HEP_Doc9_Angel_Has_Fallen,HEP,Action,Negative,Angel_Has_Fallen,"Angel Has Fallen leaves one pining for the days when sequels weren't a given. There was a time when the continuation of a story in another movie or two was a narrative necessity or a creative desire, but here, we see the modern-day sequel laid bare as a hollow, money-driven expectation no story or creativity required. To be honest, we probably didn't need London Has Fallen, either, but we got it anyway. At least that sequel felt as if it had an inkling of an idea: basically, serving as a retread of Olympus Has Fallen, in which terrorists held the President and other government officials hostage in the White House, only with a larger playground an entire city for all of the bloody violence. This one, though, barely has an idea, seeing series hero Mike Banning (Gerard Butler), the loyal Secret Service agent, framed for the attempted assassination of the President. He's on the run from FBI agents and members of the paramilitary organization trying to frame him, and that's pretty much the entirety of the plot, the development of the characters, and the routine standard for the movie's assorted action sequences. In all fairness, this could be a fine idea for a continuation of this series, with its central protagonist put to a more personal test, in which his most dependable quality is challenged, than simply trying to keep the President alive during a prolonged siege. After the citywide carnage of the previous entry, it's almost refreshing to see something on a smaller scale, such this story's car chases in the forest, its standoffs near a cabin in the woods, and its climactic showdown in and around a hospital. There's still a significant issue with this installment, though, and it's nothing that can be solved by a new type of conflict or a change in the location. We're still watching a sequel that clearly has been made as a requirement. There's no genuine spark of creativity driving it, and that obvious absence means the entire affair feels like a cheap and cynical one. Banning is on the run, because such a plot provides an easy way to insert action sequences just about anywhere in the story without coming across as another go at the plot of the previous movies. If the reliance on murky cinematography and the laughably blatant usage of green screens are any signs, the scope of the locations probably has been limited because the budget has been reduced. This is a movie made as quickly and inexpensively as possible not because screenwriters Robert Mark Kamen, Matt Cook, and director Ric Roman Waugh wanted this story to continue for creative reasons, but because some executives thought they might make some money on a recognizable commodity. The plot is almost too simple and silly to recount, but the gist is that Banning saves President Allan Trumbull (Morgan Freeman) from a drone attack while on a fishing trip (It's amazing any government work gets done in the world of these movies, considering there's a"
200,HEP_Doc10_Angel_Has_Fallen,HEP_Doc10_Angel_Has_Fallen,HEP,Action,Negative,Angel_Has_Fallen,"It's absolute folly, not to mention a smidge disingenuous, to walk into the third installment of the Fallen franchise about indestructible U.S. Secret Service agent Mike Banning expecting anything other than violence writ stupidly, outlandishly large. As we've seen in predecessors Olympus Has Fallen (2013) and London Has Fallen (2016), these are movies where heroes are archetypes, villains are Fox News caricatures, and all manner of shit blows up. It's entertainment as fast food, though perhaps slightly less objectionable than the horrors perpetuated by KFC. Having already battled terrorists from South Korea and the Middle East, Russia is the obvious next go-to for the nefarious chicanery propelling Angel Has Fallen, the angel of the title referring to soon-to-be disgraced Banning (Gerard Butler), the guardian angel of Morgan Freeman, now U.S. president and exuding the kind of level-headed calm denizens of the real world can only dream about. The film opens with a massive action sequence (natch) where our man Banning  armed to the teeth but broadcasting bare-knuckled savagery as a birthright  is not having his very best day. We soon discover that Banning has pain, real physical pain, man, and not the existential crap plaguing pussies in contemporary Bond movies. Swallowing pills by the handful, lying to his doctors, a diminished, exhausted Banning is just hanging on. The timing is not propitious as our man is the obvious candidate for director of the Secret Service when the incumbent steps down. The possibility is a mixed blessing; more responsibility but also a move away from the front lines where, Banning is reminded by his old army buddy Wade Jennings (Danny Huston)  now operator of a militia-style training camp and, with any luck, benefactor of lucrative government contracts  the pair flourish as lions. Lions don't sit at desks, though apparently they do gush about their feelings over scotch with the wife and kid. But I digress. Anyway, cut to President Trumbull on a fishing trip with an army of security personnel, including Banning. Suddenly, drones fill the sky and everybody is slaughtered... except POTUS and Banning. At hospital, both are in comas. When Banning awakens from his, he is handcuffed to his bed and a pesky FBI Agent Thompson (Jada Pinkett Smith) is all up in his face about DNA evidence and dodgy offshore accounts. Banning, it seems, has conspired to kill POTUS, then abscond with a bunch of money. Cue needle screeching across vinyl. Mike Banning, the bestus, most smartest, and resourceful agent ever  who protects world leaders from labyrinthine assassination plots created by evil masterminds from the most bad-ass nations of Earth  left behind DNA evidence in, like, an abandoned van left illegally parked? Nobody else thinks that's kind of smelly? So of course, falsely accused Bannon is on the run, evading both the Secret Service and FBI as well as the real no-good-niks  maybe Russians, maybe his old lion pal Wade, maybe someone else  behind the assassination plot that killed Banning's"
201,SVW_Doc1_Minority_Report,SVW_Doc1_Minority_Report,SVW,Sci-Fi,Positive,Minority_Report,"The worst thing about the new Steven Spielberg picture is the title, ""Minority Report."" The best thing about it is pretty much everything else. After his unhappy fathomings of the future with ""A.I.,"" Spielberg has plunged back in and fished up something rich and strange. ""Minority Report"" is set in the year 2054, and Spielberg, who knows better than anyone how to knead the homely into the exotic, is careful to suggest that, for every shift in social mores, other details have stayed the same. Businessmen still wear a suit and tie to the office; policemen, on the other hand, race toward trouble spots not in a wailing squad car but in the belly of a giant hair dryer. The idea, one presumes, is that any terrified suspects can be rapidly coiffed into submission, but that is the least of their worries. What really gets to them is Precrime. This is the flourishing, psychojudicial field in which John Anderton (Tom Cruise) currently toils and spins. The premise is simple, in the way that eugenics was simple: the state or, rather, Washington, D.C., where the scheme is under trial before it goes national is now able to unearth a murder before it happens, and so prevent it from coming to pass. The authorities get the names of the perpetrator and the victim; thus equipped, they merely have to work out the location, hop into the hair dryer, and trust that they make it in time. Such are the conditions of the opening sequence, which lasts a good twenty minutes, and which reminds us that, when it comes to stepping on the gas of a plot, Spielberg can still summon the contagious excitement of a young buck. Yet the texture of the material here could hardly be more grownup; to see a Spielberg film that starts with both sex and violence, as ""Minority Report"" does, is one of the more unexpected events in a moviegoer's life, like coming across a tea party in the middle of late Peckinpah. Knowing the hook of ""Minority Report,"" I was bracing myself for topical nods toward the issue of genetic predisposition; it doesn't seem too unlikely that, half a century on, scientists will be capable of separating those members of the community destined for homicide from those whose DNA has programmed them to commit home baking instead. In the event, we get the Pre-Cognitives. They may sound like an angry British rock combo, but they are in fact three swimsuited human figures of mysterious origin who lie in a flotation tank and deliver their visions of upcoming horror, which are then transferred, or bootlegged, onto the screens of Precrime. In short, Spielberg is propping up his future with a relic of the past: the Pre-Cogsnotably the most intense of the trio, Agatha (Samantha Morton)are just doing what the Oracle did at Delphi or the Sibyl at Cumae. What Spielberg gets from them, however, is the promise of suspense, and that is what he treasures most; this new"
202,SVW_Doc2_Minority_Report,SVW_Doc2_Minority_Report,SVW,Sci-Fi,Positive,Minority_Report,"Minority Report might take place some fifty years after the film was shot, but the film's themes are still relevant almost twenty years later. This movie marks the first collaboration between Steven Spielberg and Tom Cruise. It raises provocative questions: what if we could know the future? And what if the person seeing it discovered they were about to commit a murder? Based on a Philip K. Dick short story, the film requires the audience to buy into the science early. Once you do, it's easy to sit back and enjoy the ride. Even in 2020, the science depicted feels surprisingly believable. There's much to consider about the eye-dentification technology. Social media platforms already track our faces, and companies target us online via cookies. Philip K. Dick seems prophetic in his science-fiction vision. He also wrote Blade Runner. One of the film's central themes is free will versus determinism. If we could see the future, could we change it? Minority Report explores this beautifully, asking whether foreknowledge frees or traps us. The Department of PreCrime primarily focuses on preventing murders. The three pre-cognitivestwo male twins and one female see visions of the future, displayed on a large screen. They do not interact with the outside world. Agents in the department then work to arrest individuals based on these visions. This concept drives both the plot and the tension of the film, as the system's reliability is constantly under scrutiny. PreCrime Captain John Anderton (Tom Cruise) struggles after the disappearance of his son, Sean, and is separated from his wife, Lara (Kathryn Morris). Anderton's life takes a drastic turn when he appears in a pre-cog vision just as DOJ agent Danny Witwer (Colin Farrell) visits the agency. On the run, Anderton learns from PreCrime creator Dr. Iris Hineman (Lois Smith) that Agatha (Samantha Morton) sometimes sees alternate visions called ""minority reports."" These conflicting visions are crucial to the film's central mystery. A central plot point involves Ann Lively (Jessica Harper), who is revealed to be Agatha's mother. As Anderton investigates, he discovers he is being framed, while Witwer starts to question the system after studying the footage. However, the true manipulator, PreCrime's founder Lamar Burgess (Max von Sydow), has been covering up a murder. This layered conspiracy keeps audiences on edge until the climax. While Minority Report features the usual sci-fi thrills, it also ventures into film noir territory. The film's color palette contributes to this aesthetic. Spielberg described it as ""the grittiest-looking entertainment movie I've ever done,"" not counting Schindler's List or Saving Private Ryan. The visual style underscores the tension and moral ambiguity central to the story. John Williams's score departs from his usual tonal work for Spielberg. Instead of familiar themes, the music heightens suspense, drawing inspiration from Bernard Herrmann's legendary compositions. The score complements the thriller elements and reinforces the film's darker, futuristic tone. Spielberg often tells stories set in the past, frequently around World War II. Here, he jumps fifty years into the future. The film's release"
203,SVW_Doc3_Minority_Report,SVW_Doc3_Minority_Report,SVW,Sci-Fi,Positive,Minority_Report,"They can be more important (Schindler's List) or more innovative (Memento), more challenging (Black Hawk Down) or more rewarding (The Fellowship of the Ring)  but they don't come more solidly put together. For sheer craft  for the ideal marriage of bravura storytelling, rip-roaring action, dazzling visuals, moody atmosphere, masterful effects, and evocative social and philosophical implications  Minority Report is an achievement of the highest order. Based on a short story by Philip K. Dick (who also provided the source material for Blade Runner and Total Recall), Spielberg's film combines the virtues of good science fiction, good film noir or crime fiction, and good popcorn summer action. It's simultaneously futuristic and retro; it's effects-laden but story-driven; it touches on issues of moral and social freedom, but doesn't get all cerebral on the audience. Those who felt shortchanged by either or both of last year's dark-themed scifi offerings from the same director or star (A.I. Artificial Intelligence and Vanilla Sky, respectively) will find themselves more than repaid. Set little more than a half-century in the future, Minority Report takes place in a world in which magnetically powered cars race along the sides of skyscrapers, ubiquitous retinal scanning technology is used for everything from subway access to direct marketing, and data is stored on small clear cards or projected onto enormous transparent screens. Most importantly, an experimental law-enforcement project called """"Pre-Crime"""", headed by hotshot John Anderton (Tom Cruise) and masterminded by patrician Lamar Burgess (Max von Sydow), has successfully eliminated murder and virtually all violent crime in Washington, D.C. for over five years, and is on the verge of going nationwide. At the heart of this operation are the """"Pre-Cogs,"""" a trio of strangely gifted individuals able to glimpse future events hours or days before they occur. Kept semi-sedated in a nutrient bath, the Pre-Cogs share collective dreams of future atrocities, their every thought holographically recorded and carefully analyzed. The system seems perfect. The Pre-Cogs' determinations appear impossible to mask or counterfeit, thanks to one of the film's loopier conceits  a laser-powered device that carves the name of the future killer and his intended victim into custom-crafted billiard-sized wooden balls with a unique grain pattern that can't be duplicated, served up via a Habitrail-like system of plastic tubes. The examination of the recorded visions is carried with a punctiliously observation of ritual: There are two witnesses in remote locations, and a vocal record of the findings is kept as the examiners ferret out clues to when and where the crimes will occur. Of course, because """"Pre-Crime"""" is so good at what they do, the crimes never actually do occur. The images the Pre-Cogs witness, then, are potential crimes, not actual ones. Does this mean people are being arrested and sentenced for mere intent to commit a crime  intent they might never actually have followed through on? Anderton argues not: """"The Pre-Cogs don't see what you intend to do, only what you will do."""" Will do, that is, unless"
204,SVW_Doc4_Minority_Report,SVW_Doc4_Minority_Report,SVW,Sci-Fi,Positive,Minority_Report,"At a time when movies think they have to choose between action and ideas, Steven Spielberg's ""Minority Report"" is a triumpha film that works on our minds and our emotions. It is a thriller and a human story, a movie of ideas that's also a whodunit. Here is a master filmmaker at the top of his form, working with a star, Tom Cruise, who generates complex human feelings even while playing an action hero. I complained earlier this summer of awkward joins between live action and CGI; I felt the action sequences in ""Spider-Man"" looked too cartoonish, and that ""Star Wars Episode II,"" by using computer effects to separate the human actors from the sets and CGI characters, felt disconnected and sterile. Now here is Spielberg using every trick in the book and matching them without seams, so that no matter how he's achieving his effects, the focus is always on the story and the characters. The movie turns out to be eerily prescient, using the term ""pre-crime"" to describe stopping crimes before they happen; how could Spielberg have known the government would be using the same term this summer? In his film, inspired by but much expanded from a short story by Philip K. Dick, Tom Cruise is John Anderton, chief of the Department of Pre-Crime in the District of Columbia, where there has not been a murder in six years. Soon, it appears, there will be a murder committed by Anderton himself. The year is 2054. Futuristic skyscrapers coexist with the famous Washington monuments and houses from the 19th century. Anderton presides over an operation controlling three ""Pre-Cogs,"" precognitive humans who drift in a flotation tank, their brain waves tapped by computers. They're able to pick up thoughts of premeditated murders and warn the cops, who swoop down and arrest the would-be perpetrators before the killings can take place. Because this is Washington, any government operation that is high-profile and successful inspires jealousy. Anderton's superior, bureau director Burgess (Max von Sydow) takes pride in him, and shields him from bureaucrats like Danny Witwer (Colin Farrell), from the Justice Department. As the pre-crime strategy prepares to go national, Witwer seems to have doubts about its wisdom or he is only jealous of its success? Spielberg establishes these characters in a dazzling future world, created by art director Alex McDowell, that is so filled with details large and small that we stop trying to figure out everything and surrender with a sigh. Some of the details: a computer interface that floats in mid-air, manipulated by Cruise with the gestures of a symphony conductor; advertisements that crawl up the sides of walls and address you personally; cars that whisk around town on magnetic cushions; robotic ""spiders"" that can search a building in minutes by performing a retinal scan on everyone in it. ""Blade Runner,"" also inspired by a Dick story, shows a future world in decay; ""Minority Report"" offers a more optimistic preview. The plot centers on a rare glitch in the visions"
205,SVW_Doc5_Minority_Report,SVW_Doc5_Minority_Report,SVW,Sci-Fi,Positive,Minority_Report,"Steven Spielberg, bless his heart, has been trying to make grown-up movies since 1985, but the strain must be incredible. Five years passed between Schindler's List and Saving Private Ryan, his two such films that worked. With his other movies, more often than not when he tries to get serious, his temperament and childlike sensibility trip him up. Minority Report is down-and-dirty Spielberg. He shows a brutal murder in the opening moments, and then he shows it again. And again. The images, visions of a crime not yet committed, flash upon transparent screens in an icy, see-through room. Crime fighters study them for clues. This is another stroll down a dark path into a scientifically advanced future, like last year's AI: Artificial Intelligence. This time, however, the ghost of Stanley Kubrick isn't leading. With this often-stunning, totally engrossing and daring movie, the director is going solo to a place he's never been. He doesn't quite get there. Spielberg studied noir classics such as The Maltese Falcon as well as Alfred Hitchcock's innocent-man-on-the-run tales to prepare for this film, which raises intriguing questions about society, the way good science fiction should. But he betrays the spirit of film noir and nudges the societal issues aside in favor of turning this into another of his lost-boy epics. Tom Cruise is John Anderton, the crackerjack chief of the Justice Department's Pre-Crime unit, circa 2054, which arrests people for future crimes. At night, however, Anderton wallows in memories of a tragic loss and haunts dark alleys for drugs. He is a classic noir anti-hero, a flawed, haunted man in need of redemption, but Cruise plays him as an Eagle Scout with issues. We're told Anderton joined Pre-Crime, which has put an end to murder in the nation's capital, because of the disappearance, and presumed murder, of his son. Anderton doesn't question the ramifications of what he does, so intent is he on stopping crime. He never considers the possibility the system could make a mistake. He is an idealist when the film needs an avenger, or at least something other than a perfect professional. Much has been written about Cruise's courage in taking the role, but he would've shown real courage if he'd revealed to us his character's scars. Things change for Anderton when the Pre-Cogs, entities who receive the premonitions and whom he thinks are infallible, see a vision of him committing murder. He is pursued not only by the team he trained but also by a Justice Department investigator with dubious motives (Colin Farrell). Anderton must rely on one of the Pre-Cogs (Samantha Morton) for help. Minority Report is adapted from a 1956 short story by the late Philip K. Dick, whose stories about technology's effect on what it means to be human have had a huge influence on movies and subsequent science fiction. Blade Runner, Ridley Scott's 1982 film that set the standard for this sort of thing, was adapted from a Dick story. Spielberg and his team took extraordinary care"
206,SVW_Doc6_Minority_Report,SVW_Doc6_Minority_Report,SVW,Sci-Fi,Negative,Minority_Report,"Set in the year 2054, Steven Spielberg's Minority Report looks clammy and bleached-out. The oppressiveness, of course, is intentional, but is it necessary? High-concept science-fiction escapades often try to impose new ways of seeing, but Spielberg seems intent on blistering our optic nerves. Like A.I., Minority Report is a movie in furious conflict with itself. Hope is pitted, rather unsuccessfully, against dystopia -- or is it dyspepsia? The result is one of the glummest and most forbidding thrillers ever. Tom Cruise plays John Anderton, who runs the Justice Department's Precrime unit, which acts on evidence provided by three human ""Pre-cogs"" who float in a liquid suspension chamber and can see visions of future murders. The images they transmit are displayed in haphazard fragments on a giant screen before which Anderton stands like a maestro, sorting out the pictures with sweeping waves of his arms. The garish, fractured visuals may cause some in the audience to experience deja vu: Can it be that the Pre-cogs are channeling the credit sequence from Seven? The Precrime cops, tipped by the trio, swoop down and arrest potential murderers, who are contained in a comatose state in long pneumatic tubes while their misdeeds are played out before their eyes. The moral dilemma is that none of the convicted is actually guilty of anything in the present. But because the Pre-cogs are supposed to be infallible, and because the murder rate in Washington, D.C., for the past six years has dropped to zero, the public is enthusiastic, and there is a political initiative pending to make Precrime go national. Then comes the twist: Anderton is implicated in the murder, within 36 hours, of a man he doesn't even know. Believing himself innocent and set up by his enemies, he goes on the lam. Either he is a murderer-to-be or the Pre-cogs are wrong -- which would call into question everything Anderton stands for as a crime fighter. There are some extraordinary sequences in Minority Report, and they are almost always the ones in which Spielberg lets loose his genius for graphic movement. In one scene, Anderton jumps across lanes of magnetic-levitation cars that speed both horizontally and vertically through the automated cityscape. In the film's best set piece, he submerges himself in a bathtub while mechanical spiders try to identify him by scanning his retina. (The action is so astonishingly deft that the pop of a single air bubble caps the scene.) The futurist vision of a consumer society in Minority Report -- which was written by Scott Frank and Jon Cohen and very loosely based on a longish and dullish 1956 Philip K. Dick story -- is alarmingly plausible. By scanning our eyes, companies will track our whereabouts and personalize the hard sell as never before. Malls will be lined with talking billboards on a first-name basis with us. (This is the rare movie where the plethora of product placements actually serves a legitimate dramatic function.) And yet what's alarming to us may not be"
207,SVW_Doc7_Minority_Report,SVW_Doc7_Minority_Report,SVW,Sci-Fi,Negative,Minority_Report,"What new hell is this? In the shallow, noisy and pretentious Minority Report , we have seen the future. It's not pretty. There are two Steven Spielbergs. One is the cinematic historian who instructs, informs and shapes a universal consciousness that makes us aware of our stake in the human race in masterpieces like Schindler's List and Saving Private Ryan . The other is a 12-year-old comic-book collector weaned on sci-fi and stuck in the twilight zone of his own nursery, who turns out polished but moronic time-wasters about dinosaurs, space ships, Indiana Jones and Peter Pan. Quel doppelganger . I always have a hard time believing the same man capable of both greatness ( The Color Purple ) and trash ( Jurassic Park ). Occasionally, a film like E.T. or Raiders of the Lost Ark emerges to meld the technical proficiency of the craftsman with the passion of the storyteller. Bloody, violent, cold and preposterous, Minority Report is not one of them. Despite an astronomical budget and a gallimaufry of twists and turns enhanced by special effects, Minority Report has a boring, one-dimensional story line you could write on one page of Big Chief tablet paper with a No. 2 lead pencil. Derived from a story by sci-fi spinmaster Philip K. Dick (the man responsible for Blade Runner ), it's set in Washington, D.C., in 2054. Crime has been wiped out thanks to an experimental Pre-Crime Unit called a ""priori,"" developed by wacko scientist Max von Sydow, that can predict murders before they happen. Tom Cruise plays Detective John Anderton, the futuristic cop in charge of preventing homicides with the aid of three psychic visionaries called ""Pre-Cogs"" who float around in a liquid wading pool wired, drugged and having nightmares. Waving his arms like Leonard Bernstein in the orchestra pit, Anderton can download images of clues, suspects and crime scenes, then lead his futuristic crimebusters to the killers before they pull the trigger. With beady eyes, flexed jaw and a buzz cut, he's a man whose life is already so haunted by the abduction and murder of his only son that he looks and acts creepier than the Pre-Cogs. The world has apparently survived John Ashcroft, because the Justice Department thinks the Pre-Crime Unit is too controversial a concept to go national. In a subplot that goes nowhere, Irish hunk Colin Farrell is wasted as the dull F.B.I. investigator from the Attorney General's office who covets Anderton's job. The lulling narrative drones on until the tables turn and Anderton is named by the Pre-Cogs as the next murderer. From here, the movie turns from a whodunit into a who'll-do-it as the flawed hero (he's hooked on drugs) has 36 hours to solve his own case and clear his name by breaking into the Pre-Crime lab and downloading the info from the Pre-Cog who predicted it-and Mr. Spielberg sweats it all out, stretching the film's playing time to two hours plus. Mr. Cruise, who barely survived Vanilla Sky , one"
208,SVW_Doc8_Minority_Report,SVW_Doc8_Minority_Report,SVW,Sci-Fi,Negative,Minority_Report,"After watching Minority Report last night, I was surprised to discover that most critics do not consider it to be an utter and complete piece of crap. Roger Ebert, in particular, had an absolutely gushing review, in which he praised the film for being ""a thriller and a human story, a movie of ideas that's also a whodunit."" Ebert is by all accounts a lovely human being, but every time I read something by him, I am reminded that he does not have the critical sense that God gave a roach. Even an insect that frolics in filth would be hard pressed to find any enjoyment in such a shiny, treacly, turkey of a film. Spielberg as director has found perhaps the perfect outlet for his glibness in this tale of precognitive saviors. The film grinds frictionlessly along, a remorselessly predictable blueprint for itself. Flawed hero, tragic backstory, clever chase scene, cleverer chase scene, cleverest chase scene, false antagonist, twist, real antagonist, reconciliation with perfectly domestic yet also spunky wife. Like the precogs, we can see it all coming and all going too; painful echoes of sentiment past sliding down our brainstems as we float weightlessly in an infinite vat of sentimental horseshit. The emotional core of the film is (you could predict it) the tragic backstory I mentioned. John Anderton (Tom Cruise) is a efficient no-nonsense police guy in the precrime unit, snooping out murders before they happen. Beneath his gruff exterior and Hollywood good looks, though, lurks a sadness; his 5-year old disappeared from a public pool. Anderton's marriage collapsed, and now he takes drugs (ooooh...dark) and watches 3-D home movies of his son and wife. His heart is tugged while watching them and our heart is tugged while watching him; it's a testament to the power of film and to ""complex human feelings"", in Ebert's words. Said complex human feelings being: hey, losing a kid  that really sucks. If that happens to you, you've got to be deep, right? That is the extent of the film's character development; Anderton has no other discernible personality traits; nor does his wife. The film's stupid, by-the-numbers plot, it's utterly facile and familiar characters, are all supposed to be redeemed by dropping a murdered five-year old onto them from a great height. Before I had a kid myself, I found this sort of mindless, self-serving manipulation unpleasant. Now that I have a child of my own, who is actually a person rather than a trope, I find it even more detestable. At the end of the film, Anderton indignantly yells at his stupid standard-issue corrupt boss for manipulating his love for his child. Rarely have I seen a moment of such utterly clueless hypocrisy. The whole film is nothing but a giant machine designed to turn unearned pathos into critical bona fides. The closing scene with Anderton, where reunited with his now pregnant wife he touches her stomach, is a blindingly offensive capstone to a thoroughly offensive film, a smug"
209,SVW_Doc9_Minority_Report,SVW_Doc9_Minority_Report,SVW,Sci-Fi,Negative,Minority_Report,"Once again this year we are graced with a futuristic sci-fi flick based on a short story by the visionary Philip Dick, this time in the form of ""Minority Report"", which poses the intriguing hypothesis: What if we could see into the future and arrest people before they commit a murder, or any other crime for that matter? Set in the year 2054 in Washington, D.C., Tom Cruise stars as John Anderton, who, having lost his son, now does his best to prevent murders before they happen as Chief of the elite Pre-Crime Division of the Justice Department. Assisting him are three genetically altered precognitives known as ""Pre-Cogs"" who are attached to machines that record their visions of murders which are ""set"" to occur anywhere from a few minutes to four days into the future. With each vision, two wooden balls roll out of the machine attachment, each one bearing the name of the killer and victim. As a result of this ""perfect"" system, Washington, D.C. is now murder free. (Let's face it, given our life and times, Dick should have set this scenario in 3054 to have any plausibility.) Believing the Pre-Cogs infallible, Anderton advocates nationalizing the Pre-Crime system, that is until the Justice Department questions the methods and techniques utilized by the Division and Anderton himself becomes the subject of a Pre-Cog vision seeing him committing a murder. Suddenly questioning the accuracy of the system (since he of course knows he's innocent and will continue to be innocent), Anderton goes on the run, stealing a female Pre-Cog named Agatha, setting us up for what now becomes a routine futuristic chase movie. Directed by Steven Spielberg, ""Minority Report"" reeks of the darker tone and color desaturation found in Spielberg's last futuristic foray, ""A.I."", a technique that works well in this type of film and once again is executed beautifully by long time Spielberg cinematographer Janusz Kaminski. Hand in hand with Kaminski's artistic flair, are some dazzling special effects action sequences, including a chase on a vertical highway that is so impressive, you have to see it to believe it. (Warning  those with severe motion sickness may want to cover their eyes at this part.) Not to be outdone, many scenes which one would believe are special effects, are in fact, the result of elaborately and elegantly choreographed camera maneuvers which are expertly executed and utilized for maximum dramatic effect. Cruise performs admirably as Anderton, using physicality and controlled raw emotion to their best advantage as he manipulates not only his pursuers, but the audience as well. An excellent counterpoint to Cruise's energetic yet psychologically tormented Anderton is Samantha's Moore portrayal of Pre-Cog Agatha  tacit, ethereal and seemingly helpless. Max von Sydow, no stranger to the futuristic and fantastic (""Dune"", ""Judge Dredd"" and ""The Exorcist"") steps in as Anderton's superior, Bureau Director Burgess, exhibiting an almost fatherly pride in his protege Anderton while relative newcomer, Colin Farrell is perfectly cast as the bureaucratic FBI investigator Danny Witwer who"
210,SVW_Doc10_Minority_Report,SVW_Doc10_Minority_Report,SVW,Sci-Fi,Negative,Minority_Report,"As much as I admire its aims and look, ""A.I.: Artifical Intelligence"" sadly ended up being a rather poorly executed failure. The less said about the woeful ""Vanilla Sky"" the better, but in both cases they proved quite different films for Spielberg and Cruise respectively. Now the pair have teamed up for this more straightforward and grittier sci-fi Fugitive-style thriller which, while not deserving the ""best since Raiders"" calls being made about it, nevertheless proves a quite engaging blockbuster which puts both back toward the path of the kind of material that made them the stars they are today. Cruise delivers his usual style of solid performance which is thankfully backed by some decent material this time. He's an actor you can immediately believe in the role as a guy with both the physical and mental stamina to stay on the run  and although there's some over the top moments (including one bit where he channels his Vanilla Sky Elephant Man performance), for the most part he's effortlessly watchable. Colin Farrell, who looks like he's impersonating a young brunette Brad Pitt in this, has sheer charisma and spunk which helps overcome a rather flat character that is sort of the film's bad guy in that he's out for himself rather than Cruise (if only he weren't so damn selfish). Stormare does one of his best roles in ages as a rather over the top buffoonish eye removal surgeon, on the opposite end of the scale Von Sydow is quite disappointing as the 'father of Pre-Crime'  so much so the one scene with Lois Smith (the 'mother of Pre-Crime') in a greenhouse proves one of the film's rather quirky highlights. Samantha Morton is the showstealer though as the Pre-Cog Agatha, an emotionally charged role which pushes her hard and she lives up to each moment. The FX are quite impressive, my favourite easily being the gratuitous use of a huge variety of vertical and oddly angled highways which cars zoom out and through in such a frenzy that one action sequence spent with them (seen in the trailers where Cruise leaps from car to car) is breathtaking. Throughout this future there's all sorts of nifty ""Total Recall"" esque gadgets including a sick stick (ably demonstrated in one scene), jetpacks, retinal scans everywhere, omni-present advertising, holographic pleasure rooms  none of this is particularly new ideas of the future but the design of each is quite spiffy and adds to the film's whole atmosphere. Indeed, much like ""Spider-Man"" earlier this Summer, its the opening act which sets up what pre-Crime is and the initial stages of his 'running' that are easily the film's strongest moments. The opening 20 minutes devoted to showing off Pre-Crime in action is quite tense and compelling  a well constructed and executed sequence overall that's easy to understand and establishes the intriguing concept well. However its a little bit downhill from there with most notably the use of handcam in the warehouse shootout proving so"
211,XUI_Doc1_The_Batman,XUI_Doc1_The_Batman,XUI,Sci-Fi,Positive,The_Batman,"A pummeled purple-and-yellow bruise of a popcorn picture, The Batman is entertainment as blunt-force trauma. Matt Reeves' insistently dour take is majestic melancholy, a lavishly produced and sometimes thrillingly directed iteration that leans hard into the billionaire bachelor-orphan's secret identity as a sad-Emoji superhero. No rich playboy here, just an intensely quiet pale citizen with tousled jet-black hair, a cavernous hi-tech tinkerer's garage, and a thirst for well-bankrolled vigilantism. Appearing for the first time as the eighth silver-screen Batman since 1966, Robert Pattinson embraces the Caped Crusader's gumshoe origins, with sleuthing powers that harken back to his pre-war Detective Comics origin. And the best way to tease out those talents is to enlist the cryptic queries of a gimp-masked, bespectacled Riddler (Paul Dano), last seen onscreen as a prancing, redheaded Jim Carrey gleefully chewing scenery in 1995's Batman Forever. Riddle me this: how dark is too dark for the Dark Knight? Dark enough for bit players to make a ""Warning: Disturbing Images"" announcement. Twice. We're far from Frank Gorshin territory, bat-fans. We've also got bloat, since the film clocks in at nearly three hours. So much for family-friendly or at least bladder-friendly. ""This isn't over,"" says Batman at the 130-minute mark. Tell me about it. Dude literally goes through filing cabinets and we get to watch. Feast your eyes on him journaling in meticulously mournful diaries. He puts in the grunt work whether we want to see it or not. Still, the premise is solidly seedy. Imagine a sleuthing mash-up of Seven and Silence of the Lambs transposed to Gotham City, with the Riddler as an ersatz Zodiac Killer doling out secret psychotic clues to a Kurt-Cobain-inspired Batman while also posting viral torture-porn videos for the rest of the world. It's a heady mix. What do you call a USB data stick dangling from a severed finger? ""Thumb...drive,"" says Batman. Dry-heave zing! Because superhero movies need a plethora of brand-name comic characters, there's also mischievously menacing Oswald Cobblepot, aka Penguin (Colin Farrell under astonishing prosthetics). Plus a heroin-chic Catwoman (Zoe Kravitz), sporting an androgynous pixie hairdo and BDSM bodysuits. She and Pattinson obligingly smooch, but sparks definitely do not fly. They both look too glum and emaciated for physical pleasure anyway. Expect a steady stream of wordplay puzzles and kooky cyphers from DC's favorite amateur enigmatologist, predictably sending Batman and Commissioner Gordon (Jeffrey Wright) on a wild goose chase around endless pockets of rained-out urban blight. Wright and Pattinson, by the way, talk in such gravelly clips that when they team up it's like a rasp-off. Spoiler alert: Gotham City is corrupt! A cesspool! And it's not just one person. ""It's so much bigger than you can imagine,"" says a terrified stooge. ""It's the whole system!"" Let's just say there's a spiraling out from the film's nifty serial-killer machinations and criminal kingpin underworld to a tear-down-the-system overreach. The climax, an impressive but exhausting spectacle, involves exploded seawalls and a squadron of cosplay-Riddler irregulars who met on incel chatrooms. Like and Subscribe,"
212,XUI_Doc2_The_Batman,XUI_Doc2_The_Batman,XUI,Sci-Fi,Positive,The_Batman,"We've had an ample amount of time to get hyped for Matt Reeves' The Batman, since the film has been in the works in some form or another for nearly a decade now. The director turned over, the lead actor turned over, the conceptual underpinnings were retooled, and words like ""emo"" and ""noir"" got tossed around so frequently, they started to lose meaning. Several now-common hallmarks have been employed to assure audiences of the ""seriousness"" of this project, including its three-hour runtime and a myriad of interviews with actors and director, all talking about the torturous, exploratory method work that went into creating this array of reimagined characters. Which is hilarious when all is said and done because, no matter how you slice it, a Batman movie is a Batman movie (is a Batman movie is a Batman movie)... [Minor spoilers for The Batman] The issue is clear when viewed in broad strokes: If the public is going to be subjected to a new Batman: Issue #1 film every fifteen-to-twenty years, there should be a purpose to the exercise beyond aesthetic reworking and a brand new face tooling around the Batcave. Problems with the ever-stalled DCEU aside, Ben Affleck's tenure in the suit was a welcome change for at least avoiding these pitfalls and suggesting that the audience come to know and accept a Batman working past his prime. But The Batman isn't interested in that kind of story. Instead, it's interested in emulating a specific set of comics (namely the oft-namedropped Year One) and '70s neo-noir yarns. There's nothing wrong with using those ideas as a jumping-off point, and indeed, the movie's opening gives fans a lot to enjoy with its highly-effected detective voiceover and dingy views of Gotham City (which is once again reliably just New York with a sheen of fresh grime applied). The look and feel of the film make up its strongest pieces, particularly the manner in which Reeves and his production team make Batman's high tech devices look old enough to belong in a film fifty years its senior. There's a lot of enjoyable faux-practicality at work as well consideration for how Batman would ""hide"" the suit as he takes a motorcycle from location to location, his clear unease at the need to use his paraglider system, Alfred's (Andy Serkis) constant dismay over Bruce's descent into this role he's created for himself. The film garners some appreciation for its unwillingness to spend ages on things that the audience doesn't need to be reminded of or shown; Reeves is the first director to finally take a page from the Animated Series' book and refuses to slo-mo us through the death of Thomas and Martha Wayne, or how Bruce goes about creating all of his bat-gear, or give us an endless sequence of him learning to use his various theatrical techniques to battle and frighten bad men. He's Batman. He rolls off the assembly line with this backstory and skillset. We don't need to know how or"
213,XUI_Doc3_The_Batman,XUI_Doc3_The_Batman,XUI,Sci-Fi,Positive,The_Batman,"You can hear the ghosts of cinema vigilantes past banging around in the pipes of Matt Reeves' new epic, The Batman. And by invoking those ghosts, the film creates an alluring combination of the familiar and the fresh. Robert Pattinson cuts an impressive figure as the terse and anguished Bruce Wayne, keeping a scribbled diary reminiscent of Taxi Driver's Travis Bickle  another lonesome self-appointed avenger who regards his city with detachment and disgust. The Batman's rain-slicked, nocturnal Gotham is also redolent of the torrentially grim city stalked by a serial killer in David Fincher's Seven. Here, our superhero is fully-formed when we meet him  we are mercifully spared another retelling of his origin story, and instead we delve right into a noirish mystery which turns the caped crusader into a part-time PI. The man he's hunting is also a serial killer  known as The Riddler (Paul Dano). A mysterious weirdo with deep knowledge of police and political corruption at the highest level of the city, he draws Batman into following a series of disturbing murders and twisted clues, right to heart of the city's rot. This is not a cartoonish Batman, to be sure. With its often disturbing violence and a sinister, booming soundtrack, it provides a certain elegant sleaze to proceedings. Zoe Kravitz is perfectly cast as the slinky Selina Kyle (aka Catwoman), tiny but mighty, and Jeffrey Wright telegraphs stalwart decency as Detective Gordon; and while everyone might be talking about Dano as The Riddler or an unrecognisable Colin Farrell as local wiseguy The Penguin, the quiet performance given by John Turturro as another Gotham mobster may be the finest of the heel turns. The Batman's action set-pieces are thrillingly executed. From a roaring car chase down a steamy, orange-lit highway at night, or a close-range gun battle in a blackout, lit in flashes by exploding bullets in the dark (like a Hong Kong movie on steroids), there is a real sense of spatial intelligence on Reeves' part vis-a-vis where to put the camera and precisely when to cut. With its distinctive look, its intriguing mystery plot, and its pitching of Batman as a symbol fraught with contradictory meaning, The Batman should honestly be a blow-your-hair-back hit. And there's a good chance it will be. But it also ties itself up in knots of its own making by the second half of the story, over-explaining and padding out the narrative and its themes until it loses the punch it began with. Reeves' film plays with ideas about institutional corruption before tossing them to the side in service of a bombastic conclusion (there have to be some good cops, it assumes), and the clunky voice-over toward the last section really raises eyebrows (""The city is angry and scarred, like me,"" Pattinson offers to us at one point.) It's a shame for the film to go out on such a tepid note, because the parts that are compelling are superb: the whiff of sadomasochistic sexual frisson between"
214,XUI_Doc4_The_Batman,XUI_Doc4_The_Batman,XUI,Sci-Fi,Positive,The_Batman,"The Batman is the latest DC Comics movie in which a young Bruce Wayne relentlessly pursues criminals as the dark knight. When a merciless killer goes on a slaughtering spree of Gotham's popular politicians, the Batman must leave behind petty crime. He ventures off to investigate a long history of corruption, uncovering dark and shocking secrets in the process. In Peter Craig and Matt Reeves's script, inspiration and novelty are prevalent throughout. It borrows from early-career Batman stories, integrating familiar tropes from the character's lore with a fresh spin. With such an equilibrium in creativity and originality, it's hard to grasp how the final product couldn't measure up to the hype surrounding this film. But this weak attempt to unmask the caped crusader is both narratively and technically thin even with encouraging achievements that its predecessors lacked. The opening of this adaptation is an intriguing one that promised a character study of the Bat. At this point in Gotham, crimes have skyrocketed, and drugs are running rampant. Early into his vigilante career, Bruce feels the pressure of having to choose which criminals to target because he cannot be everywhere at once. This story is a good one to tell had it taken a holistic approach into analyzing who Batman is. Instead, this script neglects the important counterpart of the caped crusader. And it eliminates the key component of Batman's existence in the first place. You see, in Matt Reeves's Gotham, everyone knows Bruce Wayne. Yet, his presence in Gotham is rare. Bruce doesn't interact with the citizens of Gotham much. Nor does he involve himself with company affairs. In essence, his socialite status is absent in this else-world adaptation. Wayne's entire existence is Batman unless his investigations as the vigilante come to a progression halt. In a film that makes an effort to tell audiences that Bruce Wayne is the mask, it rarely shows us that. This negligence ends up hurting the narrative. The script does give ample time to its supporting characters, though. There's Selina Kyle/Catwoman (Zoe Kravitz), the Riddler (Paul Dano), Falcone (John Turturro), Penguin (Colin Farrell), and Jim Gordon (Jeffrey Wright). Kravitz has a scene-stealing presence that is magnetic and electrifying even when the lighting problems attempt to take away her [literal] shine. She brings a sensual fierceness to her role as if she was born to play Catwoman. Paul Dano's sadistic Riddler, who serves as Gotham's inspiration for fear and violence, is a close second. Like Pattinson's Bruce Wayne, most of the Riddler's time onscreen is through a disguise. Yet Dano's performance is unrestrictedly menacing even with his face covered. Though the feature never feels overcrowded with supporting characters due to its convenient plot, it contributes to a runtime that could've eliminated at least 30 minutes. This all comes back to how little time we spend with Bruce Wayne. As a result, the supporting cast outshines Robert Pattinson. It's no fault of his, though he was a fine Batman. The screenwriters just didn't give him much to do"
215,XUI_Doc5_The_Batman,XUI_Doc5_The_Batman,XUI,Sci-Fi,Positive,The_Batman,"Matt Reeves wowed audiences with his grounded interpretation of the caped crusader. The film was gritty, suspenseful and incredibly shot, and possibly one of the best live-action stories we've seen yet. The film does a great job displaying Bruce's detective skills as the film is shot like a gruesome crime mystery reminiscent of the film Seven. The Batman perfectly captures the essence of Gotham and its overall dark corruption. The film puts a heavier emphasis on the criminal underworld and its connections to the elite. This is where the film perfectly encapsulates the world of Gotham. The film stars Robert Pattinson as a young inexperienced Bruce Wayne, who ventures into Gotham City's underworld to track down a sadistic killer leaving behind cryptic clues and a trail of bodies. Batman partners with the most trustworthy cop Lt. Jim Gordon (Jeffrey Wright) and an unlikely ally Selina Kyle (Zoe Kravitz), to gather evidence and unmask the culprit while bringing justice to the corrupt streets plaguing Gotham. The entire cast is phenomenal, with standout performances by villains The Penguin (Colin Farrell) and the main antagonist Riddler (Paul Dano). Zoe oozes Selina Kyle, and Robert Pattinson proves to fans that he is worthy of the cowl. But is this movie the best iteration of Batman? The Batman hands down features the best story-telling we've seen yet in a live-action Batman film. It is the best contained Gotham story as threats were just limited to Gotham City with Batman earning his rank as Gotham's protector. This isn't an origin story, or even an established Batman yet, as it takes place only two years into Bruce donning the cape. It is heavily focused on Bruce's early career as the Bat as he is still learning who he is inside and outside of the cape. The film draws inspiration from numerous Batman comics and media, as you can tell Reeves studied his source material. The movie highlights a young and unrefined Batman, similar to the PS3 game Arkham Origins as it takes place before the rise of Gotham City's most dangerous criminals and it centers on his early days as a crime fighter, meeting many key characters on his path to becoming the Dark Knight. Pattinson gave a stellar performance as an unhinged and inexperienced Batman. His Batman was gritty, real and sorrowful. He was full of rage, and always ready to let loose, but what ultimately stood out was his fear. We saw real fear on his face when he was hesitant to jump off the Police Department roof. This is a version of Batman we haven't really seen on screen. He also injured himself numerous times and got manhandled throughout the film. One can argue there was no distinction between his portrayal of Bruce and Batman, but isn't that what made this film work? He hasn't come into his full Bruce Wayne ""persona"" yet either. We could potentially see this addressed later as his character develops. In a sequel we may see a much more"
216,XUI_Doc6_The_Batman,XUI_Doc6_The_Batman,XUI,Sci-Fi,Negative,The_Batman,"There are very few things that are still expected in this life. Those include Kanye West saying or doing something totally outrageous, Donald Trump calling the 2020 presidential election rigged and an egotistical Bruce Wayne basking in his obscene wealth and heroism in equal measure. And now, writer-director Matt Reeves' ""The Batman"" has eviscerated that third bullet point. But who is The Caped Crusader without all the flair, duality and unsettling humanity that has made him so fascinating to watch on the big screen all these years? The short answer from the new film could also be determined after shaking a magic eight ball once: ""Reply hazy, try again."" This irresolute reaction comes not just because ""The Batman"" is a stark departure from what we've seen before theatrically. (Honestly, it would have to be different in order to justify its existence just shy of a decade after Christopher Nolan's superb ""The Dark Knight"" trilogy). It's that ""The Batman"" reaches for an ingenious and compelling new way to tell a story about the thin lines between corruption, greed and nobility  but ever so limply and always just out of its grasp. That's a bit jarring to witness after decades of watching the masked vigilante, played before by a bevy of actors like Adam West and Ben Affleck, navigate these muddy waters with sleek confidence even while making questionable choices in the most dangerous situations. With Robert Pattison in the role, ""The Batman"" character is considerably precarious and apprehensive. However, he seems to also have a big heart and wants to be part of the change for reasons not based on pride or rage but something else he can't quite put his finger on (and the movie, frustratingly, never tells us). Part of that pathos is due to age. We meet Bruce Wayne younger than we've seen him previously and in an earlier era of Gotham City. It's about 20 years after the brutal murder of his billionaire parents, which puts him at around 30 years old. He's alone and mopey, though evidently not without hope that he can clean up the streets  simply because he feels he must. That timid faith compels him to blindly align with law enforcers, even though we know their system to be contributing to the corruption, like lieutenant Gordon (Jeffrey Wright), presumably because it's the right thing an orphaned child should do to exact what he calls ""vengeance."" But that's a word repeated often in ""The Batman"" without any real heft to it. In fact, much of how Batman operates is mechanical. Not yet inhabiting his more familiar staggering presence that can alternate between reckless and flashy  as he does in later years when he flits from brawling in dark alleyways to lavish parties at the Wayne mansion  Bruce here is a shell of who we know he becomes later. Both the young Batman and the young Bruce are uncertain and terribly dull to watch, even in the film's thrilling chase scenes"
217,XUI_Doc7_The_Batman,XUI_Doc7_The_Batman,XUI,Sci-Fi,Negative,The_Batman,"t's cause for modest celebration that ""The Batman"" achieves, for much of its nearly three-hour running time, a baseline of artistry: it's eminently sit-through-able. There's a category of movie that used to be the Hollywood stock in trade, which a dear departed relative used to call ""brain cleansers""one kicks back, the time passes with some rooting interest, some excitement, some curiosity about what's coming next. For its first two hours or so, ""The Batman"" largely fulfills the commitment to be engaging and clever; its deftly inventive director, Matt Reeves (who co-wrote the script with Peter Craig), conveys the impression of substance where it's hardly to be found. The movie is good with an asterisk an asterisk the size of the financial interests at stake in the franchise's intellectual property. As free as Reeves may have been to make the film according to his lights, he displays an element of custodial, even fiduciary, responsibility. It may well win him favor with the studio, with the ticket-buying public, and with critics who calibrate their enthusiasm to box-office success, but it gets in the way of the kinds of transformative interpretations of the characters that would make the difference between a baseline movie and an authentically free and original one. The Batman is a vigilante who works with the cooperation of the police, who project a bat-sign into the sky, with a bright light, as a call to him and a warning to evildoers who anticipate him swooping in. Yet, as he lands on a subway platform and lays low a gang of young miscreants, made up Joker-style, who are assaulting an Asian man, the victim is also struck with fear and pleads with the Batman not to hurt him. The Batman describes his uneasy role as an avenger indeed, he says, as vengeance itself in a voice-over that holds out hope that the superhero will be endowed with at least an average level of subjectivity and mental activity. No such luck: that voice-over might as well be a part of the explanatory press notes for all the insight it offers into the protagonist's thoughts. Yet his haphazard thwarting of random street crime in the chaos of Gotham City gets sharply focussed on one criminal, the Riddler (Paul Dano), who, in the opening act of his crime spree, virtually summons him. The Riddler gruesomely murders the mayor of Gotham and tapes to the victim's body a greeting card for the Batman and other clues to his motives and to his next victim to the conspiracy that he has discovered and the perpetrators he's targeting. In taunting the Batman by dosing him with knowledge, the Riddler is also making him an unwilling but inextricable ally, both forcing him to join in the same fight and informing him of the underlying and overarching truth about Gotham, about the social order that the avenging masked man is dedicated to defending and preserving. The Riddler has learned that many of the city's officials, particularly ones involved in law enforcement, have been"
218,XUI_Doc8_The_Batman,XUI_Doc8_The_Batman,XUI,Sci-Fi,Negative,The_Batman,"If nothing else, director Matt Reeves' The Batman is ambitious. Nearly three hours long. Featuring an intricately plotted narrative written by Reeves and Peter Craig (Bad Boys for Life) that comes across like a modern police procedural crossed with a 1970s-style neo-noir more than it does a modern comic book adaptation. Putting extra emphasis on character development and less on showcasing a never-ending stampede of energetic action set pieces. Deadly serious with precious few instances of deliberate humor. It's a lot to take in, and I give Reeves props for convincing Warner Bros. to allow him to go so far out on a potentially audience-unfriendly limb with the studio's most profitable DC superhero. No one is playing it safe, and on rewatch I imagine that on a rewatch, all of the film's stunning highs will make the frustrating lows feel a bit more insignificant than they do right now. But that's not how it feels at the moment. After a spectacular string of success that began with 2008's Cloverfield, continued with 2010's Let Me In, and culminated with the soaring double-whammy of Dawn of the Planet of the Apes in 2014 and War of the Planet of the Apes in 2017, here Reeves has delivered something of a mixed bag. While there's much to love, I cannot say I walked out of The Batman satisfied. It is a motion picture whose parts are more impressive than the whole, and watching it is something of an exhilarating endurance test. It has been two years since billionaire Bruce Wayne (Robert Pattinson) secretly took up the mantle of the vigilante crimefighter known throughout Gotham City as the Batman. His name has become synonymous with the word ""vengeance,"" and every time his signal lights up the sky, criminals stare into darkened alleys wondering if he'll come striding out to inflict unimaginable pain upon them. There's a new threat to the city, one enamored with and emboldened by his antics. They have begun executing many of Gotham's most powerful figures, including the mayor, leaving behind cryptic riddles for the hero to decipher. While Lt. James Gordon (Jeffrey Wright) is open to getting assistance from the vigilante, others in the department aren't happy their boss is allowing the Batman the freedom to investigate free from supervision or restraint. Needless to say, this new bad guy gets tagged with the nickname ""Riddler,"" and, as portrayed by Paul Dano, he is a jittery sparkplug overflowing in rage toward a corrupt political status quo and a citizenry at large, who he feels have been negligent in doing anything to change this. It is a deliciously nasty performance, one that drips in the grimy, unwashed vindictiveness of toxic masculinity left unrestrained. This on its own would be an intriguing take on one of Batman creator Bob Kane's more iconic characters. It's as if Reeves and Craig want their film to be the antithesis to Todd Phillips' Joker. This is no celebration of white male anger. They're trying to start a"
219,XUI_Doc9_The_Batman,XUI_Doc9_The_Batman,XUI,Sci-Fi,Negative,The_Batman,"The comedy highlight of 2014 animation The Lego Movie is when our caped crusader (voiced by Will Arnett) unleashes a staccato rock track that describes the insuperable cliches that have come to define the Batman character. ""Darkness!"" roars the first line. The second? ""No parents!"" Third? ""Continued darkness!"" And on it goes (""Super rich!""), like musical napalm, incinerating the Batman mythos and making the prospect of ever again embracing these ossified traits and tropes almost unthinkable. The makers of The Batman appear not to have seen The Lego Movie. This is a film without a scintilla of irony, and one that might have been preserved in aspic (it certainly looks as though it's shot through it) since the early 1990s. There's Nirvana on the soundtrack, Robert Pattinson in guy-liner, and lots and lots of shadows (""continued darkness""). It's nearly three hours long, and through its sheer size and moody self-importance (""no parents!"") tries to bludgeon the audience into submission and to distract them from how derivative nearly everything on screen is. This Batman (Pattinson) regularly emerges from rain-drenched shadows in silly slow motion (the running time would be two hours at normal speed) while the score from Michael Giacchino remixes Chopin's funeral march and the director Matt Reeves (Cloverfield) reaches in vain for gravitas. Almost every scene is troubled by the threat of tittering idiocy, and the suggestion that a Lego Movie one-liner is hovering there, just out of frame. ""You think I hide in the shadows?"" asks Batman, rhetorically, because no one else cares. He then answers, ""I am the shadows."" Bless. This Batman speaks, yet again, in a Clint Eastwood growl. It's a full-circle thing, as Frank Miller's landmark 1986 comic The Dark Knight Returns was inspired by Eastwood's Dirty Harry. Pattinson's dialogue is a mishmash of hard-boiled corkers that run the gamut from ""He was a cop, he crossed the line"" to ""The city is eating itself"". He begins the film by introducing us to the streets and sights of Gotham City, aka Power Cut Central, aka the only metropolis on the planet with no interior lighting, not even in the intensive-care units of prestige hospitals (""Nurse! Flashlight!""). Gotham is broken. We know this because ghoulish graffiti artists spray the giant word ""broken"" on the front of a deserted building. The city, it transpires, is being terrorised by a mysterious vigilante, the Riddler (Paul Dano), who is killing corrupt officials and bent coppers. But don't worry, because Batman will laboriously tease out the nature of these crimes through his endless meetings (I counted ten of them) with Lieutenant James Gordon (Jeffrey Wright) and Catwoman (Zoe Kravitz)  sometimes together, sometimes separately  on the umpteenth floor of an incomplete skyscraper that gives great views of Gotham and allows for needless scenes of bum-numbing exposition. This entire film, in fact, boasts probably the most egregious examples of exposition overkill in a franchise movie since the Star Wars prequels. Meeting on a ledge to discuss the plot while looking"
220,XUI_Doc10_The_Batman,XUI_Doc10_The_Batman,XUI,Sci-Fi,Negative,The_Batman,"Robert Pattinson gets back to his vampire roots in ""The Batman,"" in which he plays the title character with the same moody, broody intensity he brought to his breakout role in ""Twilight."" ""I'm a nocturnal animal,"" Pattinson's joyless superhero announces in one of several voice-overs, delivered in a hoarse whisper worthy of Clint Eastwood's Harry Callahan. Like Callahan, Pattinson's Batman is a vigilante on a mission to dispatch the hooligans, miscreants and malignant criminals who are leading his hometown of Gotham City to ""eat itself."" He'd probably say something like, ""Make my day,"" except that Gotham seems stuck in a perpetual, rain-streaked nightscape. Even the vagrant rays of sunlight that manage to peek through are shrouded in crepuscular gloom. Welcome to ""The Batman,"" yet another lugubrious, laboriously grim slog masquerading as a fun comic book movie. At almost three hours, director Matt Reeves's latest iteration of the endless Batman cycle seems determined to outdo even the most self-consciously glum visions of Christopher Nolan and, more recently, Todd Phillips. Unfortunately Reeves  best known for ""Cloverfield"" and smart adaptations of the ""Planet of the Apes"" movies  has fully bought into the darker-equals-deeper myth, delivering a film that's as ponderous as it is convoluted and, ultimately, devoid of meaningful stakes. From the pretentious strains of ""Ave Maria"" that accompany its opening scenes, the viewer is put on notice that ""The Batman"" will be taken seriously or bust a cowl trying. It's Halloween in Gotham, and the citizens of a dejected city look like ""Joker"" extras who were too scary to make the final cut; while Batman  sorry, the Batman  is swooping in to pummel a group of subway bullies to a pulp, an even more heinous crime is going down, a murder that will send the Batman to Gotham's sleazy underworld, where criminals and politicians make common cause with such casual frequency that it's impossible to tell who the good guys are. Is it the D.A. played by a skin-headed Peter Sarsgaard? The vaguely mobbed up impresario played by John Turturro? The stylish nightclub waitress played by Zoe Kravitz? Gotham police detective Jim Gordon (Jeffrey Wright)? Granted, most fans know Gordon's on the up and up. But the overarching stench of corruption that suffuses ""The Batman"" eventually engulfs the title character, as he is forced to examine what it meant to grow up as Bruce Wayne, son of wealthy businessman and civic leader Thomas Wayne. He'll make new friends and enemies along the way, including some iconic Batman foes; the plot doesn't thicken so much as congeal, as windy explanatory speeches fill in for compelling or surprising action. Underlit and overlong, ""The Batman"" draws its references from sources as diverse as film noir, Scandinavian death metal and garden-variety serial-killer pulp. Pattinson's performance evokes not just Eastwood but Edward Scissorhands, Kurt Cobain and, in a weird way, Crispin Glover. (Nirvana's ""Something in the Way"" provides a musical motif throughout the film.) Pale and wraithlike, Pattinson's bummer of a Batman slugs"
221,ANK_Doc1_BulletTrain,ANK_Doc1_BulletTrain,ANK,Action,Positive,BulletTrain,"In recent years, action movies have become synonymous with well-established franchises, be they the big spectacles of the Marvel Cinematic Universe or the snappy-paced stories in the Fast and Furious movies. However, every so often, a stand-alone film hits the big screen and delivers on thrills just as well as any of the big IPs. Sony's latest star-studded feature, Bullet Train, proves itself to be one of these modern gems, as we witness Brad Pitt and the rest of the film's A-lister cast embark on the ride of their lives. Directed by David Leitch, whose previous credits include the likes of Deadpool 2, Bullet Train is a fast-paced drama which follows a group of colourful assassins onboard a (drumroll please) bullet train in Japan. The film opens with one simple mission before expanding into a controlled chaos of intertwining narratives, giving us action, intrigue, and entertaining individual character profiles in one go. It begins with the unlucky agent, codename 'Ladybug' (Brad Pitt), who, after another operative drops out, takes on the task of retrieving a mysterious briefcase from a Bullet Train heading for Kyoto. However, as fate would have it, the retrieval mission isn't exactly as easy as it sounds. Shortly after embarking on the train, Ladybug is battling assassins for the case and is thrown into the middle of a deadly conspiracy involving 'The White Death' - aka the world's most dangerous gangster. Besides Ladybug, the lethal forces on the train include the likes of the twins Lemon (Brian Tyree Henry) and Tangerine (Aaron Taylor-Johnson), Hornet (Zazie Beetz), The Wolf (Bad Bunny), and the mysterious Prince (Joey King) who is holding Kimura's (Andrew Koji) son hostage. Usually, a large cast is a red flag for a film, making it feel diluted and unfocused. But, despite the massive influx of separate assassins, Bullet Train is never bogged down, and it is easy to fall in love with each wacky and murderous character we meet. Like how the Bullet Train itself stops for a minute at every station, Leitch gives the audience a quick snapshot into all the character's backstories via breakout scenes. These flashbacks are slotted into the film's otherwise linear narrative and hold enough information without overstaying their welcome. Every assassin is introduced with a title card, a mini montage, and as the film progresses, all their stories begin to interlink. As Ladybug faces each of the deadly agents, the mystery surrounding his mission and the White Death is exposed, resulting in a satisfying and extremely entertaining narrative pay-out. But saying all this, Bullet Train's script isn't without faults. Several jokes in the film follow the same beat, such as fights being interrupted by civilians on the train. While it is hilarious to see Ladybug grapple for his life while smiling at an unknowing bystander at first, these whimsical moments quickly lose their oomph as the film goes on. The repetition of Bullet Train's plot becomes especially noticeable as the number of filler moments increases thanks to the film's"
222,ANK_Doc2_BulletTrain,ANK_Doc2_BulletTrain,ANK,Action,Positive,BulletTrain,"Bullet Train is a laugh-a-minute action romp, packed with fun characters, electric fight choreography, and (on occasion) surprisingly earnest emotion. It's what happens when you cram a dozen of Hollywood's most charming performers into a tight space and arm them with the co-director of John Wick, a biting script, quirky roles, and an array of random objects that double as impromptu weapons. While the movie never debuts a particularly profound message, despite spending significant time ruminating on the nature of luck, fate, and self-determinism, Bullet Train delivers where it counts most - as a stylish and blood-soaked parade of clever sets-up and crowd-pleasing payoffs. At the center of Bullet Train, Ladybug (Brad Pitt) returns to work as a snatch-and-grab criminal-for-hire - after a lengthy sabbatical of soul-searching and anger management interventions. Filling in for a coworker, who was struck sick with a stomach bug, Ladybug is charged with boarding one of Japan's high-speed transport trains to steal a briefcase. Simple enough - until Ladybug discovers he's not the only contracted asset onboard. As the train barrels toward Kyoto, Ladybug stumbles into one altercation after another in an effort to escape and/or learn who picked him, and a cavalcade of underworld lowlifes, to board the same train - and for what purpose. Bullet Train was directed by David Leitch and is based on the 2010 novel Maria Beetle by Kotaro Isaka. Known for helming several of the last decade's most outrageous action films, including John Wick, Deadpool 2, Atomic Blonde, as well as Fast and Furious Presents: Hobbs & Shaw, Leitch is at home with Bullet Train's principle selling points  most notably the memorable action and snappy dialogue. In many respects, the experience is style-over-substance at every turn but, to its credit, Bullet Train is so stylish, that it's easy to ignore that any words coming out of Leitch's characters are designed to sound cool, even when feigning substantive, rather than bothering to reveal something truly penetrating. It's a clear choice, albeit one that creates a pretty stark contrast, given how much time Bullet Train's characters spend talking about how they understanding their lives and choices. As an example, while Ladybug repeatedly ruminates on his efforts at self-betterment, toward the end of the film he's still operating out of a relatively inane understanding of fate (and luck); yet, that doesn't really matter to Leitch because the character has endured a non-stop barrage of over-the-top fights, inter-assassin banter, and hilarious misfortunes. Similarly, Brian Tyree Henry's character, Lemon, has a recurring bit where he psychoanalyzes people based on which Thomas the Tank Engine character they're most like, positing the kid's show was filled with life lessons that informed his worldview. The bit has worthy payoff, but Leitch never slows down to unpack what wisdom the audience (or really anyone outside Lemon) might find in the animated show. For that reason, the gag is another example of clever setup - framed as insightful reflection - without contributing an answer to Bullet Train's various"
223,ANK_Doc3_BulletTrain,ANK_Doc3_BulletTrain,ANK,Action,Positive,BulletTrain,"Snakes on a plane, assassins on a train: Some concepts are so blood simple, they can sell themselves in a sentence fragment. Who needs verbs when you have katanas, Bad Bunny, and Brad Pitt smirking in a bucket hat? (There is, in fact, a snake somewhere on board this Bullet Train, though its venom-tipped slithering must compete with a thousand other ways to die.) The movie, in theaters August 5, largely delivers on the high-speed berserkery of its premise  a manic neon candygram stuffed with cameos and smash-cut chaos, hurtling breathlessly toward its gonzo end. Bullet begins without preamble by throwing a small child off a roof and spends the next two hours stacking up its snazzily soundtracked body count from there, like an Agatha Christie mystery art-directed by Guy Ritchie. It's actually helmed by David Leitch, who made the original John Wick and 2017's underrated Atomic Blonde, and his work undoubtedly owes a debt to Ritchie and many other directors working in the splattery comedic action milieu that has dominated the last two decades. But it also feels looser and more inclusive than many films in the genre, tipping as much toward the lush eye-popping absurdity of Everything Everywhere All at Once as it does the crasser testosterone antics of Kingsmen, The Gentlemen et al. Death  by gun, by sword, by pink anime plushy  is a given; the jokes, and the wasabi peas, are free. The movie stars, though, do not come cheap: Pitt gets probably the most screen time as an affable American hitman code-named Ladybug by his unflappable handler, played by Sandra Bullock (who largely appears as a disembodied voice on his phone). Ladybug has been working on himself, and hopes one day to be a better man; in the meantime he has a lot of self-help koans of the every-wall-is-a-window variety to share, and a problem: The silver briefcase he's been dispatched to collect from a sleek commuter train headed to Kyoto is just... sitting there, unguarded, in a luggage rack. Can it really be that easy? Dear reader, it cannot. There are many would-be contenders scattered throughout the train, including Lemon (Brian Tyree Henry) and Tangerine (Aaron Taylor-Johnson), a pair of Cockney wet-work specialists tasked with chaperoning both the case and the delinquent son (that's Logan Lerman beneath the sullen glare and scribbly cheekbone tattoos) of a crime boss auspiciously named The White Death (Michael Shannon). There's also a pouty sweater-vested schoolgirl (Joey King) who is not what she seems, a homicidal groom bent on revenge (Benito A. Martinez Ocasio, a.k.a. reggaeton god Bad Bunny), a father and son (Andrew Koji and the great, elegant Hiroyuki Sanada) with their own score to settle, and a German assassin with a flair for fatal intoxicants (Zazie Beetz). These characters are helpfully identified by flashing supertitles splashed across the screen, though many of them hardly live long enough to enjoy their fancy signage. There are exceptions: Lemon and Tangerine, who bicker and banter like siblings"
224,ANK_Doc4_BulletTrain,ANK_Doc4_BulletTrain,ANK,Action,Positive,BulletTrain,"As much as I loved the creative and blood-spattered action sequences in David Leitch's wildly entertaining action-comedy ""Bullet Train,"" and as much as I appreciated the star-power lead performance by Brad Pitt as well as the fantastic ensemble work from the greatly talented cast, what dazzled me the most was ... The writing. Hear me out now: Working from the rich and brilliant novel by Kotaro Isaka (published as ""Maria Beetle"" in Japanese and ""Bullet Train"" in English), screenwriter Zak Olkewicz has crafted an exceedingly clever script that manages to create complete story arcs for more than a half-dozen characters, is peppered with zippy and quick one-liners, and is filled with a myriad of darkly funny fantastic surprises right through the closing credits. Unlike so many of the cookie-cutter, wisecracking-assassin movies in recent memory, ""Bullet Train"" acknowledges its outlandishness from the beginning and yet also manages to connect so many dots in creative, gotcha fashion. Brad Pitt's Ladybug is a veteran assassin who has just returned from a hiatus in which he went into therapy and is going back to work with a new, Zen outlook on life. (He has been given the new moniker of ""Ladybug"" because he says he's been plagued by bad luck his entire life and ladybugs supposedly bring good luck.) ""Every job I do, somebody dies,"" laments Ladybug, and yet he always somehow manages to escape unscathed. As Ladybug arrives in Tokyo, wearing a bucket hat and oversized glasses that make him look like a fisherman in search of a wharf, he's on the phone with Sandra Bullock's Maria Beetle, the Obligatory Assassin's Mentor (OAM) who talks him through the job. (In just the last two years, Ellen Barkin, Woody Harrelson, Monica Bellucci and Paul Giamatti, among others, have played OAMs.) Maria tells Ladybug the job is super simple: He'll board a bullet train bound for Kyoto and retrieve a briefcase containing, well, you know how it goes with these movies. Everyone wants that briefcase. Indeed, Ladybug quickly stumbles onto the briefcase and now all he has to do is get off the train and that's when all manner of stuff hits the fan. Turns out there are number of dangerous characters also on the train (or eventually boarding), including:  Brian Tyree Henry's Lemon and Aaron Taylor-Johnson's Tangerine, two notorious assassins who are constantly referred to as ""the twins"" but don't appear to be twins. Lemon is a down-to-earth bloke who gets all of his life's wisdom from ""Thomas the Tank Engine,"" while Tangerine is a flashy sort in a Saville Row suit straight out of a Guy Ritchie movie.  Joey King is the Prince (her parents wanted a boy), who has the innocent looks and dress of a frightened schoolgirl but is in fact heartless and dangerous, and has masterminded much of what transpires on the train.  Then there's The Wolf, played by Benito A. Martinez Ocasio aka Bad Bunny, who blames Ladybug for a horrific tragedy in his past. Also on"
225,ANK_Doc5_BulletTrain,ANK_Doc5_BulletTrain,ANK,Action,Positive,BulletTrain,"The new movie ""Bullet Train"" takes a track similar to the film ""Murder on the Orient Express,"" except, unlike Albert Finney with a mustache, hyperactive ""Bullet"" might send the audience into seizures. The lights are glaring neon and the quirky character flashbacks, a la ""Family Guy,"" arrive rapid-fire. Extended, calming shots come around as often as Halley's Comet. It's sensory overload  in a good way. And director David Leitch's movie proves that, even in 2022, trains are excellent settings for sleazy high jinks. (Bong Joon-Ho's film ""Snowpiercer"" and the musical ""On The Twentieth Century"" are other fine, very different examples.) All types of people ride them, there are clever places to hide and, for long stretches, you're trapped on board. ""Bullet Train"" is a fun flick, to be sure, reminiscent of director Guy Ritchie's better crime comedies such as ""The Gentlemen"" with Hugh Grant. But, as the title suggests, it's louder and faster. And, a warning to the squeamish, there's a swimming pool's worth of blood. Brad Pitt plays a mercenary with the code name Ladybug  so-called for his luck, or lack thereof  tasked with recovering a metal briefcase with unknown contents from a train departing from Tokyo. Little does Ladybug and his handler (Sandra Bullock on the phone, so she probably only had to show up to set for one day) know that more ne'er-do-wells are aboard the locomotive, including Shakespearean clowns Lemon (Brian Tyree Henry) and Tangerine (Aaron Taylor-Johnson), who are in possession of both the briefcase and the son of a Russian crime lord called White Death (Michael Shannon). Also seated in first class is a terrifying young woman called the Prince (Joey King), who has kidnapped a Japanese man (Andrew Koji) who she plans to use to kill the White Death. More gangsters pop into frame, such as Wolf (Bad Bunny) and the Hornet (Zazie Beetz), and criminals are offed at random and with great creativity. The first one comes as a real shock and much of the enjoyment derives from guessing who will be killed next  and how. Leitch, who also helmed the knockabout first ""John Wick"" movie, has assembled a sexy cast that is willing to get weird. Every character is a neurotic eccentric (Lemon is obsessed with Thomas the Tank Engine, for example) and all the actors make them memorable. In this cacophony of activity, some deaths are actually quite sad and serene. Our affection for all of these horrible people really sneaks up on us. King, in particular, has a Veruca Salt witchiness that garners a scrumptious love-hate response. And Pitt's chill character has embraced meditation later in life, and is a good fit for an actor who has relaxed a lot in general. Henry's British accent could use some work, but he's funny anyway. Speaking of ""Murder on the Orient Express,"" Leitch's movie is leagues better than Kenneth Branagh's execrable version of Agatha Christie's ensemble whodunit. There's real energy and life here  not a mausoleum full"
226,ANK_Doc6_BulletTrain,ANK_Doc6_BulletTrain,ANK,Action,Negative,BulletTrain,"The giddily violent bummer ""Bullet Train"" takes place in Japan on a high-speed train that turns into a theater of death. It's watchable  it stars Brad Pitt  jokey, sometimes funny and predictably stupid. Hollywood has long churned out dumb, brutal stories, one difference being that today filmmakers no longer need to rationalize carnage with moralizing or blather about heroic codes. The special effects are better now, too, of course  the splatter looks real good. The story is incidental; the vibe, Looney Tunes Tarantino-esque. Mostly it turns on villains fighting and killing and fighting some more as a loosey-goosey Pitt moves from car to car punching, joking, mugging, scheming and sprinting. His character, an assassin having a crisis of faith, has the cutesy handle Ladybug and is an underworld hireling who takes orders from a smooth talker (Sandra Bullock) who largely remains offscreen. For his new mission he has to steal a briefcase, a job he takes on with anxiety issues, serious skills and a white hat that he soon ditches, letting loose a perfect golden-boy bedhead and much violence. Freely adapted from ""Maria Beetle,"" a page turner by the Japanese author Kotaro Isaka, the movie was directed by David Leitch and written by Zak Olkewicz. As might be expected from a big-ticket studio item, there have been changes in the transition to the screen, including the commercially strategic makeup of the main characters. Most are now Westerners, including Benito Antonio Martinez Ocasio, a.k.a. Bad Bunny, who pops up as a cartel caricature, and Brian Tyree Henry and Aaron Taylor-Johnson, who stick around longer as tag-teaming British assassins. Also onboard are Joey King, Hiroyuki Sanada, Andrew Koji, Zazie Beetz, Michael Shannon and an underused Karen Fukuhara. The likable cast is among the movie's attractions, as is its stunt choreography. Leitch is a former stunt man (he's worked as a stunt double for Pitt) and his background shows throughout ""Bullet Train,"" which takes place largely inside the narrow confines of the train as it races from Tokyo to Kyoto. Leitch does some nice work within these severely circumscribed spaces and one of the wittiest fights finds Ladybug and Henry's character grappling in face-to-face seats across a table, their bodies eventually intertwined as they wrestle and writhe. (They're shushed by a sexist old-biddy cliche who looks like Garth from ""Wayne's World."") If Leitch doesn't always work within the train's tight quarters  each car a separate film set  as imaginatively as he should it's partly because he's too busy juggling the story's many busy churning parts, including a glut of flashbacks. Again and again, the movie cuts away from the main action to fill in one of the characters' backgrounds, which are never as engaging as Pitt et al. running daffily amok. These flashbacks add negligible texture and even less interest. Worse, because he repeatedly blasts back to the past, Leitch never manages to build sustained narrative momentum inside the train, which badly flattens the movie overall. ""Bullet Train"""
227,ANK_Doc7_BulletTrain,ANK_Doc7_BulletTrain,ANK,Action,Negative,BulletTrain,"On a hot August afternoon in the middle of a movie year when the future of film as an art and a business has never felt more uncertain, a part of me resents having to sit down and write about a movie like Bullet Train. This action comedy from Atomic Blonde director and John Wick co-creator David Leitch arrives to fill a hole I hadn't been aware existed in the current entertainment landscape: Did anyone call for a quippy, hyperviolent Guy Ritchie knockoff with thinly developed characters and an off-putting note of misanthropy? Were there requests that the cast be stacked with big Hollywood names and studded with smug cameos from their fellow slumming A-Listers, none of them quite given enough interesting things to do or good lines to say? Who ordered an action comedy in which all the women are either revenge-inspiring dead wives or manipulative eyelash-batting schemers? On a hot August afternoon in the middle of a movie year when the future of film as an art and a business has never felt more uncertain, a part of me resents having to sit down and write about a movie like Bullet Train. This action comedy from Atomic Blonde director and John Wick co-creator David Leitch arrives to fill a hole I hadn't been aware existed in the current entertainment landscape: Did anyone call for a quippy, hyperviolent Guy Ritchie knockoff with thinly developed characters and an off-putting note of misanthropy? Were there requests that the cast be stacked with big Hollywood names and studded with smug cameos from their fellow slumming A-Listers, none of them quite given enough interesting things to do or good lines to say? Who ordered an action comedy in which all the women are either revenge-inspiring dead wives or manipulative eyelash-batting schemers? I suspect Bullet Train's creators, Leitch and screenwriter Zak Olkewicz, sold their idea, based on a 2010 novel by Kotaro Isaka, on the strength of the phrase ""Brad Pitt as an action hero."" That's not a full sentence, let alone a pitch, but the casting of Pitt, and the weathered charm and dry humor he intermittently brings to the role despite the dispiriting poverty of his character as written, are the only novelties this wan would-be caper has to offer. The 58-year-old Pitt is the rare actor of his generation who has never donned a superhero cape, and he has spent precious little time battling gangsters aboard high-speed Japanese locomotives, as is the assignment of his character here, a veteran thief-for-hire known only by his code name, ""Ladybug."" Pitt has played his share of hunky leading roles, comic supporting doofuses, angsty suburban fathers, and ambience-establishing stoners, but he has seldom somersaulted through burning wreckage or body-slammed a carful of would-be assassins the way Ladybug does in Bullet Train. At a moment in his career when Pitt seems to be contemplating how to transition to a third act, it is to be hoped he will consider a different means of transportation next time."
228,ANK_Doc8_BulletTrain,ANK_Doc8_BulletTrain,ANK,Action,Negative,BulletTrain,"Brad Pitt has spent decades trying to tell us that, underneath all that leading man sheen, he's really just a goofball. Think his wonderfully bumbleheaded turns in Burn After Reading, Once Upon a Time in... Hollywood and, hell, even this year's The Lost City. I'm not sure how much audiences have been convinced of this, though. The grandeur of movie stardom can be a hard thing to shake off. And it might be why Bullet Train, a gonzo action flick from the guy who made Deadpool 2, feels so slick with desperation. Pitt's funny here  there's a precise comic timing to the way he shoves a venomous snake down a toilet bowl  but Bullet Train feels so try-hard in its quirky theatrics that it's a little like watching a kid repeatedly calling for their mother's attention before they cartwheel into a brick wall. It's Tarantino-esque at a time when that descriptor is so overused it can only be derogatory. Have we not found something else that white guy directors desperate for a visual style can shamelessly rip off? In fact, that kind of derivativeness feels especially odd from a director like David Leitch  John Wick, which he co-directed with Chad Stahelski, seems to be perpetually spawning copycats these days. Leitch has already made his mark on the pop culture landscape. Could he not have simply borrowed from himself? The fact Bullet Train is an adaptation  of Kotaro Isaka's 2010 novel Maria Beetle  seems to have had little effect. The film's cast is rammed with Western actors, while Japanese and Japanese-American stars like Karen Fukuhara and Masi Oka are handed mere scraps of dialogue. Instead, the film indulges in a kind of cutesy Orientalism. Hitman Ladybug (Pitt), whose code name was decided by his handler (Sandra Bullock, in a largely offscreen role) since he's convinced he's unlucky, is coaxed back into work with what should be a simple job: pick up a briefcase stored on the Shinkansen train from Tokyo to Kyoto and walk away. He spends much of his screentime befuddled by Japanese culture  unable to use a smart toilet, rolling his eyes at the train's costumed mascot, arguing that the public aren't as ""polite"" in Japan as he expected. At certain points, Japanese-language covers of the Bee Gee's ""Stayin' Alive"" and Bonnie Tyler's ""Holding Out for a Hero"" play. It's action cinema as a tourism brochure. Ladybug soon discovers that the train is packed with other deadly assassins, all with their eyes on that mysterious briefcase, and all of them rendered as one-note caricatures. Two Cockney geezers  Tangerine (Aaron Taylor-Johnson, who's genuinely manic here in a way that outclasses his co-stars) and Lemon (Brian Tyree Henry)  bicker about their codenames. ""When's the last time you ate a lemon meringue pie?"" one of them argues, which is odd considering lemon meringue pie is an entirely normal dessert option. Lemon is obsessed with Thomas the Tank Engine, and has built his entire moral"
229,ANK_Doc9_BulletTrain,ANK_Doc9_BulletTrain,ANK,Action,Negative,BulletTrain,"""Bullet Train"" is an action film that could easily have been an animated movie, and often looks and feels like one. The story takes place on a bullet train careening across Japan, but most of the movie was shot on green-screened sets, and the cityscapes and countrysides that the train rides through are mainly miniatures and CGI. Its characters are a touch abstract as well, and knowingly comic-bookish. All are either paid killers or otherwise violent individuals connected with the world of crime, and the majority either have grudges against one of the other characters or are the object of a grudge and trying to escape the consequences of past actions. They tend to have tragic-sentimental backstories or be purely malevolent and inevitably, 30 years after the great Tarantino realignment of the early nineties, most of them are chatterboxes who will monologue at anyone who doesn't point a gun at their head and order them to shut up, and the tone mixes winking black comedy and poker-faced pulp. Brad Pitt stars as Ladybug, a former assassin ordered to board the train, steal a briefcase, and get off. He's replacing another assassin who became unavailable at the last minute, and he refuses his handler's advice to carry a gun because he just got out of anger management and has renounced killing. Ladybug's fellow killers are a bomber crew of homicidal oddballs. Joey King is ""The Prince,"" who poses as an innocent schoolgirl appalled by the cruelty of men, but immediately reveals herself as a clever and ruthless engine of destruction. Brian Tyree Henry and Aaron Taylor-Johnson (who's groomed to look like the evil drunk Begbie from the original ""Trainspotting"") are brothers who have gone from mission to mission racking up a body count seemingly in the triple digits, and now find themselves on the train protecting the briefcase and escorting the depressed twentysomething wastrel son (Logan Lerman) of a terrifying crime boss known as the White Death. The White Death is a Russian who took over a Yakuza family. His face isn't shown until the end of the story (it's more fun for the audience to resist Googling who plays him, because his casting is one of the best surprises in the whole thing). Hiroyuki Sanada is ""The Elder,"" a greying but still lethal assassin connected to the White Death, and Andrew Koji is ""The Father""The Elder's son, obviously; they're out for vengeance because somebody pushed The Elder's grandson off a department store roof, putting him in a coma. They believe the person responsible is on the train, mingling with all the other agents of death. The plot initially seems goal-driven, revolving around the comatose grandson and the metal briefcase. But as the script adds new fighters to the mix, and establishes that they're all tangentially connected, ""Bullet Train"" morphs into a half-assed but sincere statement on fate, luck, and karma and Ladybug's constant (and often humorously annoying) comments on those subjects, voiced in discussions through a handler (Sandra Bullock's Maria Beetle, heard"
230,ANK_Doc10_BulletTrain,ANK_Doc10_BulletTrain,ANK,Action,Negative,BulletTrain,"A high-speed Japanese train full of assassins hits the buffers big time in this doomed star vehicle There are plenty of big, dumb action movies that can deliver thrills without exactly taxing the brain. And then there are films that are so thunderously stupid they bypass guilty-pleasure status and end up as a danger to themselves and all around them. Bullet Train falls into the latter camp. It's so imbecilic, you wouldn't trust it to cross the road unsupervised, let alone negotiate Japan's Shinkansen high-speed rail network. The premise, adapted from Kotaro Isaka's 2010 novel, is simple: Brad Pitt plays a privately contracted operative, codenamed Ladybug, who is hired by unknown clients to execute various shady missions. These could involve assassinations, but since he's re-entering the murky mercenary waters after a period of soul-searching and therapy, his first gig back is theoretically an easy one. He just has to steal a silver briefcase on a bullet train heading to Kyoto. But Ladybug is cursed with appalling luck. And it turns out that the whole train is packed with hired killers, extravagantly armed with guns, swords, grudges and a selection of toxins, all of whom seem intent on knifing each other in the face. Key among the cast are a British duo with a near-fraternal bond: Tangerine (Aaron Taylor-Johnson) and Lemon (Brian Tyree Henry). Taylor-Johnson is a sharp-suited geezer who looks, like so much in this brash, hollow film, as though he could have been transplanted from Matthew Vaughn's obnoxious Kingsman series. Henry, meanwhile, is lumbered with a thankless idiot-savant role. Lemon is obsessed with  I kid you not  the children's book series Thomas the Tank Engine, and claims that it provides a blueprint by which to read a person's core traits. Thus a Henry is essentially decent, but a Diesel is nefarious and slippery. Predictably, the cast of Bullet Train skews towards the Diesel end of the spectrum. Also on board is a schoolgirl who goes by the name of Prince (Joey King), who may be the innocent bystander she claims to be. But as previous Japan-set action movies, notably Quentin Tarantino's Kill Bill: Volume 1, have taught us, schoolgirls are rarely to be trusted. She's the only female character of note  it comes to something when a disposable plastic water bottle gets more of a backstory than the other women in the film. Monumentally dull-witted as it is, it's not only the cloddish plotting that sends this picture to the dunce's corner. Other equally lunkish movies are redeemed by their action sequences. And director David Leitch, the man behind high-octane stabathons such as Atomic Blonde, certainly knows his way around a fight sequence. But the film's gimmick  the train setting  is also a problem. An inventive close-quarters battle on public transport can be a thing of real beauty  just look at the bus sequences in Nobody and Shang-Chi and the Legend of the Ten Rings for two recent examples. But if all the"
231,BXT_Doc1_Pitch_Black,BXT_Doc1_Pitch_Black,BXT,Sci-Fi,Negative,Pitch_Black,"If you ever wondered what it might feel like to be inside a spaceship cracking apart during a violent crash landing, Pitch Black gives you the experience bright and early. The camera jiggles around spasmodically, the actors shout unintelligible gibberish at each other, the sound hammers us. Unfortunately, this describes too much of the rest of the movie, too, without a crash landing as an excuse. Pitch Black is yet another insecure hissy fit of a movie  a thriller without enough confidence in itself or its characters to calm down for two seconds and let the actors speak to each other like human beings. Movies like this copy the who-goes-there thrills of Alien and John Carpenter's The Thing without those films' grubby, everyday, human-scaled group dynamics. Here, the spaceship in question is carrying a motley crew mostly headed for someplace called ""New Mecca""; in addition to the expected Muslims (led by Keith David, of The Thing), there's a geologist, an antiques collector, a morphine-addicted cop, a teenage boy who's not what he seems, and a serial killer. This all smacks of gimmickry  these aren't people, they're conflict units. In Alien and The Thing, the people confined together were allowed personalities which could then flare up. The only people in Pitch Black with anything resembling a personality are the serial killer, Riddick (Vin Diesel), and the ship's pilot, Fry (Radha Mitchell), whose soft features juxtapose nicely with her tough nature. Mostly, the people wander around on the parched, godforsaken rock they've landed on, squabbling over how to escape, while gradually being picked off by slithering monsters who thrive on darkness. Of course, this planet has three suns and thus no darkness, but wouldn't you just know a total eclipse happens to be approaching? Pitch Black does have an imaginative look. Whenever the characters step outside into the alien air, cinematographer David Eggby (Mad Max) bleaches out everything, which makes sense: These are alien suns whose light is passing through an alien atmosphere, so of course things will look different. And I liked how Riddick, whose eyes have been doctored to allow him to see in the dark, emerges as the unlikely hero who alone can see the ravenous monsters. The Riddick's-eye view of the beasts is a neat touch of psychedelia. Problem is, you may wish you could see through Riddick's eyes all the time. Pitch Black, like so many other horror movies in recent years, is too often so dimly lit that you can't tell what's going on. Yes, the latter half unfolds during an eclipse, but a film can be dark and still be visible (perfect example: Carpenter's Halloween). The expensive, computer-generated creatures lurk around in the dark, revealed to us only in teasing flashes  perhaps for the best, considering that what we do see looks heavily indebted to H.R. Giger's Alien/Species designs. And the editing, as usual, is far too jangled; if you don't like a shot, wait two seconds and it'll change. I always"
232,BXT_Doc2_Pitch_Black,BXT_Doc2_Pitch_Black,BXT,Sci-Fi,Positive,Pitch_Black,"To mark it's 20th Anniversary, Pitch Black has been given the 4K remaster treatment by Arrow Video. The first film to feature Vin Diesel in his breakout role of anti-hero Richard B. Riddick, revisiting Pitch Black now Diesel has become as big a star as he is, it's quite refreshing to see how humble the beginnings are for both Diesel's breakout role and the character of Riddick (well, relatively to monster-fighting sci-fi movies). Sure, it may be another in a long line of Alien knock-offs, but at least it's a fun one! The film introduces Riddick aboard a passenger spacecraft on his way to prison, escorted by bounty hunter Johns (Cole Hauser) along with a crew of commercial passengers. When the craft is struck by shards of a comet, it crash lands on a planet with three suns, an impending eclipse, and an eerily abandoned mining facility. When the passengers discover that they're not alone on the planet's surface and are being hunted by a vicious race of aliens who only come out in the dark, they have to trust in the mysterious Riddick, whose enhanced eyesight may be the only key to their survival. As far as 'things that go bump in the night' concepts go, Pitch Black certainly has a doozy. Sure, it's convenient that the convict in chains has the one ability that should prove incredibly useful against creatures that only come out in the dark, but it only adds to the B-movie/John Carpenter-esque spirit of the whole enterprise. This is a fairly low budget sci-fi horror, and it gets decent mileage out of its premise, even if it does take a bit too long for the sun to go down. The opening act is where the film is at its weakest, setting up cliched characters as cannon fodder whilst it sets the stage for carnage to commence, all of which takes a little too long to let rip. The film is distinct in its aesthetic in these moments, with the three suns leading to three very different styles of lighting. As interesting a creative idea as this is, some of the cinematography can be quite harsh to look at, but it does demonstrate a desire to be a little different and have some visual identity that feels more unique, all the while making good use of its Australian Outback locations to develop a convincing alien world. When it comes to the action, director David Twohy clearly has a lot of fun with teasing his creatures in the shadows, which is often for the best as the early 00's CGI never particularly looks convincing enough when they are revealed in full. The film is at its best when it's either combining practical and visual effects, or when it is throwing its characters out into the darkness with only a few flames and lamps to keep them safe. The creature designs may look a little like pale versions of the bugs in Starship Troopers, but there's enough menace"
233,BXT_Doc3_Pitch_Black,BXT_Doc3_Pitch_Black,BXT,Sci-Fi,Positive,Pitch_Black,"Practitioner of guilty pleasure B-movies such as 1996's underrated alien invasion yarn The Arrival director David Twohy made Pitch Black in 2000, and it has since earned a cult following. The last film produced by PolyGram Filmed Entertainment, the production was completed for $23 million, and it more than doubled its returns at the worldwide box office. Its modest performance nonetheless announced the arrival of Vin Diesel's action hero stardom; before this and Boiler Room (released on the same day as Pitch Black), Diesel's notable credits consisted of only a small supporting role in Steven Spielberg's Saving Private Ryan (1998) and voicework on Brad Bird's animated gem The Iron Giant (1999). Twohy's movie didn't make Diesel a household name, but it's something both he and his fans have returned to over the years. Many discovered Pitch Black on home video, while Diesel later teamed with Twohy to continue the adventures of the movie's anti-hero, Riddick. Jim and Ken Wheat wrote the screenplay along with Twohy, and the result derives influence from every notable sci-fi classic of the last fifty years. The movie opens with a spacecraft moving steadily through the blackness of space, recalling those iconic shots from Kubrick's 2001: A Space Odyssey (1968) and later Star Wars (1977). Space debris penetrates the hull, and the craft begins to descend into the atmosphere of a nearby planet. With the captain killed in the chaos, pilot Carolyn Fry (Radha Mitchell) considers jettisoning some forty passengers in cryo-sleep so she might survive. She doesn't, and in the ensuing crash, less than a dozen make it. Among the survivors are the Muslim Imam (Keith David), the would-be cop Johns (Cole Hauser), a boy named Jack (Rhiana Griffith), the antiquities dealer Ogilvie (Lewis Fitz-Gerald), and a detained killer named Richard B. Riddick (Diesel). Stranded on a desert planet that has three suns and perpetual sunlight, the survivors pool their resources and head out into the surrounding nothingness to search for water. But the search becomes secondary after the escape of Riddick, a killer whose murderous ways are confirmed by Johns and never denied in Riddick's monosyllabic retorts. Still, we know he's the hero because he's the one narrating. He's eventually caught after one of the survivors mysteriously dies, although he insists he's not responsible. ""All you people are so scared of me."" Diesel's character rumbles. ""Most days, I'd take that as a compliment. But it ain't me you gotta worry about now."" Indeed, traveling with Riddick as their captive, they come upon a leftover science camp in which they find no signs of human life but they do find large, carnivorous, nocturnal batlike creatures that remain hidden in a web of underground tunnels. Worse, as the camp's former geologists learned, they're about to witness a planetary eclipse that only occurs every 22 years and lasts nearly a month, meaning the dark-dwelling creatures can finally emerge from their slumber to feed. This nonsensical but otherwise intriguing idea comes with plenty of scientific questions, such as how do these"
234,BXT_Doc4_Pitch_Black,BXT_Doc4_Pitch_Black,BXT,Sci-Fi,Negative,Pitch_Black,"Richard B. Riddick (Vin Diesel) can't seem to remain unconscious in cryosleep like the other 40 or more civilians and officers resting stationarily in their chambers aboard a space transport. He's the only prisoner of the group, which prompts him to contemplate the many opportunities for escape that may present themselves over the course of the 41-week journey. When a meteor shower causes excessive damage, causing the crew to be automatically awoken prematurely, Carolyn Fry (Radha Mitchell) inherits a command position after learning that Captain Tom Mitchell has perished. And then a tumultuous crash-landing plunges them all into darkness. With the back half of the ship torn away, it's obvious that the desert planet (boasting three suns) on which they stumbled will be their new home for some time. William Johns (Cole Hauser) is in charge of Riddick, who poses a conundrum, as he'd previously broken out of a maximum-security prison. Blindfolded and gagged, Riddick is additionally chained to a beam; but it's not enough to hold the man forever. A handful of survivors scour the wreckage, gather usable supplies, and hope to locate water  but they have more pressing things to worry about as well, such as the ravenous indigenous life. The sets are instantly amusing, though they're obscured by a precise color scheme that turns the imagery black-and-white with hints of various tints. Shadowy locales are bluish, while sun-scorched sand dunes are yellow; other colors are virtually nonexistent. If it didn't feel as if utilized to hide mediocre special effects, the palette might have been more effective. Distorted images, slow-motion in unnecessary moments, repeated camera angles, and rapid cuts also generate visual curiosities, which numb the effectiveness of the cinematography and action-oriented violence. Nevertheless, the exploration of the planet holds additional intrigue, particularly as the unprepared passengers investigate abandoned outposts and encounter other inhabitants. ""All you people are so scared of me. Most days I take that as a compliment. But it ain't me you gotta worry about now."" ""Pitch Black"" isn't smart sci-fi; instead, it's boilerplate survival horror, preoccupied with death, destruction, and monsters. Likewise, it's the type of thriller that employs a muscular hero and capable female sidekicks with obligatorily bared midriffs. There's also a curious subplot about idolizing Riddick's notoriety, with two teenaged survivors emulating his dress and demeanor  which doesn't quite fit with the rest of the action. Fortunately, this leads to a couple of surprises (chiefly in the order of demises), which proves a certain level of storytelling bravery from writer/director David Twohy. The dependence on CG antagonists, however, is a pity, as they doesn't hold up nearly as well as practical models (plus, inconsistencies abound with the designs, principally when the aliens swarm in the millions yet attack in small groups, perhaps a dozen at a time). This is true of the bloodshed, too, whose creativity suffers from unconvincing executions. The suspense fares better, especially when the characters are hunted down one by one in the inky confines of spaceship"
235,BXT_Doc5_Pitch_Black,BXT_Doc5_Pitch_Black,BXT,Sci-Fi,Positive,Pitch_Black,"Science fiction is often described as ""a genre of ideas"". Science fiction films, on the other hand, speak against this definition. Ideas behind those films are often not particularly original or in any connection with common sense. It is in the way they are presented that make for the quality in science fiction films. PITCH BLACK, 2000 science fiction written and directed by David Twohy, is good example. The plot is set in distant future when a passenger space ship gets hit by meteorites and makes emergency landing on the surface of an unknown desert planet with three suns in the sky. Only a handful of people have survived the crash and Fry (played by Radha Mitchell), pilot who volunteers to become group's leader, has to deal with two problems  lack of water and Riddick (played by Vin Diesel), convicted murderer who was being taken to prison by his guard Johns (played by Cole Hauser) and who took the crash as an opportunity for escape. While Johns tries to talk other survivors in tracking him down, Fry discovers apparently abandoned human colony with conspicuously preserved space ship that could fly after minimal repair. Fry and others will soon discover the reason why there aren't any colonists  a total eclipse, which happens every 22 years, leaves the planet in complete darkness and brings some forms of the local fauna from the underground. The creatures can't stand the light but the darkness allows them brief opportunity to enjoy some exotic food on the surface. After its premiere PITCH BLACK was hailed as the new ALIEN, a SF horror classic in the same category with Ridley Scott's masterpiece. Although such praise wasn't justified, PITCH BLACK deserves to be recommended as a solid piece of genre entertainment. Twohy managed to overcome relatively low budget with ingenuity and good use of Australian locations. But the most important factor is human  Twohy learned a lot from Scott's film. The script allows audience to start caring for the characters and action scenes even allow for some minor glimpses into future world, which is in a way distant reflection of our own, with all of gender, race, religious, social and other differences. There are some interesting plot twists and many characters aren't what they are supposed to be. The acting is, of course, very good. Vin Diesel is very effective in almost iconic role of a ""cool"" but lovable rouge, while Radha Mitchell does nice job as Ripley-like pilot. Keith David, however, steals the show in the role of Muslim pilgrim. The major problem for PITCH BLACK is in this science fiction film, like so many recent Hollywood examples of the genre, not taking ""science"" very seriously. Too many elements of the plot are too convenient to bear serious scrutiny. Most of them deal with the bizarre ecology of the planet that is hard to reconcile with fauna described in the film. On the other hand, those who don't care much about little details are"
236,BXT_Doc6_Pitch_Black,BXT_Doc6_Pitch_Black,BXT,Sci-Fi,Positive,Pitch_Black,"""Pitch Black"" is yet another riff on the old ""Alien"" formula of a group of people walking around in dark places while a monster picks off members of the group one by one. It is better than most of this genre. Actually, the genre goes back farther than that, to the old 1951 sci-fi classic ""The Thing From Another World,"" starring James Arness as the monster, and maybe farther than that. In this version, the survivors of a crew and passengers of a spacecraft crash land on a distant planet only to find, lurking in the shadows, vast quantities of monsters, something like swarms of giant, flying piranha. Thanks to the wonders of digital effects, these things look real, and so does the planet with multiple suns and a giant Saturn-like companion planet whose eclipse allows the monsters to come out and play. The effects are very well done. From the glare of multiple suns to the partial eclipse caused by the ring of the neighboring planet, you get the feeling of being on another world. All the characters are complex, from the devout followers of Mohammed (this is one of those rare films that portrays Islamic characters as normal, not as terrorists) to bounty hunter William J. Johns (played by Cole Hauser of ""The Hi-Lo Country""), who is not at all the person he at first seems to be, and neither is the convicted killer, Riddick (Vin Diesel of ""Saving Private Ryan""). Almost every character has a dual nature, with one side hidden from the rest. It makes for a more interesting story. The science in the science fiction, however, leaves much to be desired. The monsters are such efficient predators, they have killed off nearly every other form of animal life on the planet. With nothing to eat, they have resorted to killing each other off. A predator species with nothing but itself to prey on (and the occasional human) will not last long. What the monsters need to do is send off travel brochures to earth so they will have more humans to eat. Other parts of the story do not bear close scrutiny either, such as the way the crash survivors get caught out in the dark, even though they know the eclipse is coming and they have found a usable spaceship a short distance from their crash site. They also happen to find a complicated model of the solar system which shows how and when the eclipse will occur. Furthermore, this is an old-fashioned (even by today's standards) mechanical model, not a computer model as one would expect in the far future. It works well, however, for purposes of illustrating the plight of the survivors. Despite the scientific and logical lapses, it is a pretty good adventure yarn with some interesting twists and turns. The pace is fast enough to keep one from worrying about small details like I mentioned above. The three-sided battle for control of the group of survivors between Riddick, Johns, and"
237,BXT_Doc7_Pitch_Black,BXT_Doc7_Pitch_Black,BXT,Sci-Fi,Positive,Pitch_Black,"Sometimes, you have to take a movie at face value. They can't all be Casablanca and, shocking as it may sound, not every filmmaker is a genius. Occasionally, we the audience must put our principles aside in order to enjoy the modest pleasures of a given flick. To do otherwise flirts dangerously with art-house snobbiness. If we can lower our sights, however, we may end up enjoying ourselves far more than we have any right to -- turning an otherwise forgettable piece of tripe into a genuinely good time. Case in point: Pitch Black, a small sci-fi film that bears an unsettling resemblance to a much bigger one. The similarities to Alien are obvious to even a cursory glance, and the plot follows the same pattern as a dozen other cheap knock-offs -- an eclectic group of people, trapped in a colorful locale while inhuman monsters hunt them down one by one. This isn't just well-worn territory; it's scraped down to the bedrock. But Pitch Black resolutely sets out to make the most of this old chestnut, and -- wonder of wonders -- actually manages to pull something off. The future. Somewhere in the depths of space, a long-distance transport crashes on a barren world. The survivors find themselves blasted beneath the light of three suns, low on food and supplies, and stalked by one of their own: a convicted killer (Vin Diesel) en route to some prison hell-hole. But the worst is yet to come -- a race of giant fanged nasties lurking in a series of nearby catacombs. Thankfully, the monsters hate the light, and on a planet with three suns, there's never any night. It would take a total eclipse to set them loose on the surface... As I said, the premise is hardly original. But director David Twohy and a talented cast and crew elevate the material beyond its modest beginnings. Twohy and cinematographer David Eggby have taken some interesting steps to make their alien world appear...well, alien. Not through CGI imagery or run-of-the-mill special effects, but from more old-fashioned techniques, such as lighting and film stock. The movie has a grainy, high contrast look that leaves a strong impression. The light appears brighter, while the air has a harsher quality than Earth's. We're never allowed to forget that there are three suns in the sky, or that the nearby planets move differently than ours. Most sci-fi worlds look uncomfortably like Burbank; this one evokes an alien landscape the way few ever have. With that as a back-drop, Twohy keeps the action taunt and intense. While special effects are in abundance, he relies more on character interaction and plot twists to drive the story. It's tough not to jump in places or to get a few goosebumps, even though you know who's going down and when. The characters, too, are more than just cardboard cut-outs, with enough interesting aspects to keep us interested. Radha Mitchell's tough-talking female pilot has all the signs of a Sigourney Weaver"
238,BXT_Doc8_Pitch_Black,BXT_Doc8_Pitch_Black,BXT,Sci-Fi,Negative,Pitch_Black,"""Pitch Black"" is the first movie I've seen that tries to mix elements of a slasher film and an ""Alien"" sequel to get its thrills. It may also be the first film to arrive at the conclusion that, if a planet has three suns in its scope, they can all have simultaneous eclipses every 20 years or so. That certainly doesn't seem like a big deal, but for the characters who discover nocturnal aliens who feed on human flesh, the event is anything but welcomed with anticipation. In a landscape of brightly pale colors and peculiar ancient ruins, survivors of a crashed space vessel must come together and set aside their past differences for survival; once the suns have moved behind a planet circled in rings, the shrieks of alien beings and the crunch of eaten bones will be the only sounds they hear. The movie is a result of peculiar intentions; director David N. Twohy builds up incredible tension during the first hour, only to completely extinguish it by having his characters roam around in the dark like victims of a horror movie. It is a picture that wants to combine formulas for its own benefit, but loses the nerve and abandons all hope once it becomes too dark to see anything clearly. To say the movie could have been great is most accurate; unfortunately, neither the characters nor the story have anywhere to go once the nightfall has settled in. Kudos to the script for trying anyhow (which is something more than I could say for ""Supernova""). Our story opens up in an undisclosed location deep in space, where a space craft carrying several individuals begins experience turbulence as it speeds through a stream of asteroids. One of the vessel attendants, the fetchingly strong-willed Fry (Radha Mitchell), tries to subvert the problems at the main control panel, but the ship enters the atmosphere of a hot planet and crash-lands in the dirt at the cost of a captain and many important supplies. The ship is torn completely apart--even one of the onboard individuals, a killer named Riddick who has been placed under maximum security watch, turns up missing. Seeking out water, and hopefully shelter, the survivors of the ship begin a trek across a wide-open desert that features desolate cemeteries, underground tunnels and three different suns keeping the planet's atmosphere lit up like Las Vegas. Meanwhile, the killer Riddick (Vin Diesel) remains missing; without a dead body, the survivors presume he is hiding somewhere nearby. During their journey, they hope to find some form of life that can help in their journey off of the quiet planet; what they find instead is an abandoned outpost of human space ships, and some sort of hissing alien species that creeps through the ground hiding in shadows. There is no great explanation as to where they came from or why they're there, but their thirst for living blood (as demonstrated by one of them grabbing a human being and dragging him"
239,BXT_Doc9_Pitch_Black,BXT_Doc9_Pitch_Black,BXT,Sci-Fi,Negative,Pitch_Black,"Much imagination can be seen in the science fiction thriller Pitch Black--and I mean ""seen"": in a time where all the far-off worlds in distant galaxies have come to look the same, cinematographer David Eggby has given the film's central planet a look that is distinctly new and alien. But that is the only thing free from the cookie cutter in David Twohy's otherwise derivative action film. The plot is a ripoff of Aliens, with a group of people marooned on a desert planet being hunted down by ravenous alien creatures; these creatures themselves resemble the Alien, with a couple of alterations (the most major one being that some have wings). There is another added wrinkle--they only come out in the dark, and when the planets multiple suns undergo simultaneous eclipse, the humans must band together to survive. Just who are these humans, anyway? There is very little characterization in the script by Twohy and Jim and Ken Wheat. The ostensible lead is fry (Radha Mitchell), a pilot with the requisite personal trauma, which is linked to the crash that placed them on the planet. The other two main characters are just as shallow, but at least they're given some type of memorable characteristic (everyone else isn't). Johns (Cole Hauser) is a lawman who is perhaps even shadier than his prisoner, the murderer Riddick (Vin Diesel), who has special night vision enhanced eyes. Riddick's escape from custody makes for a tedious timekilling subplot before the alien story gets underway; with all the others fearing for their lives while trying to locate him, the film resembles an outer space slasher film. Character is not as important as action and effects in films such as Pitch Black, and while competently done, nothing here breaks any new ground in those departments; the slow-mo and quick cut style Twohy uses is a pale imitation of John Woo. What is fresh, as I had mentioned, is Eggby's sterling cinematography. The early exterior shots on the planet are striking, with all the colors washed out other than garish shades of yellow. Another interesting conceit is that each of the planet's three sons bear a different hue; as such, when in the light of the blue sun, for instance, the image is awash in blue, etc. Nothing extraordinary as the movie follows all along as aliens and no much suspense and excitement. Such striking use of color goes out the window when the key eclipse takes place, and Pitch Black's look matches its title. From that point on, with the action and effects failing to really dazzle, one looks to Twohy to provide something of interest in the story. But no such thing ever comes, and the virtual absence of humor backfires, ironically making the some of the proceedings laughable (the overwrought ""emotional"" moments come off especially ridiculous). Pitch Black may actually please most audiences for capably executing most of its desired task, but it takes something a bit more to make a lasting impression in a"
240,BXT_Doc10_Pitch_Black,BXT_Doc10_Pitch_Black,BXT,Sci-Fi,Negative,Pitch_Black,"This sci-fi horror flick is at its best simulating a hypothetical three sun solar system. Amateur astronomers (myself one) will raise many a deliberating eyebrow at the assumptions we swallow in order to accept this conjectural reality. The film opens with a space vessel transporting a load of commercial passengers (average people, save for the hardened criminal) all enjoying dreams in cryo-sleep (save for the hardened criminal). Suddenly, unknown objects rip through the walls of the vessel awakening all while killing the captain (of course). Now if this is bad luck, just wait ... ""Pitch Black"" defines the meaning of the phrase. The first mate, a sassy blonde, jumps to the pilot seat in time to see the surface of some planet swiftly approaching. In an effort to gain control of the speeding ship she quickly purges large sections of it ... including the payload (the passengers); but something's wrong, the lever sticks and she's forced to land with all on board. This sequence displays perhaps the most exhilarating graphics of the film. Atmospheric debris shatter the windshield into a splash of dust (miraculously, the pilot's pretty face isn't in the slightest marred). But still the menacing rush of dust and wind create a thrilling ride for the audience as the ship slides across the burnt orange surface of an unknown land. You'll sigh in relief when it finally comes to a stop. Looking out on the horizon, survivors quickly conclude that there will be no nightfall due to the multiple suns. Which is a good thing, because the planet is inhabited by ""a lot"" of nasty pterodactyl type aliens that don't like the light. But don't forget the bad luck factor; though the place is devoid of anything else, our travelers quickly stumble across an old mining factory, pick up one sample, instantly evaluate it as the last one, decode its age at 22 years (in unknown planet time, that is), then run over to a rather cool mechanical replica of the current solar system left by the human minors mysteriously killed 22 years back. The sharp unmarred pilot hand-revolves the geared planetary assemblage 22 times back into the solar system's history. The convenient counter clicks backward. Ah-oh, an eclipse! What are the chances of that? These poor kids just happened to be marooned on a planet inhabited by light-hating beasts on the very day of its 22-year cycle eclipse. With an hour's warning, the quickly dwindling troop still isn't prepared as the huge second planet with parallel rings rotating in opposite directions (not sure that's possible) rather swiftly blots out the sun. Despite the potential impossibility, it's a beautiful scene; the second planet's horizon cracking the sun as if to release from it a swarm of bat-like monsters into the honey-golden sky. Of course, just then one passenger finds the necessity to run out into the darkness while the remaining group attempts to determine the duration of this eclipse in order to assess a plan. Given the pilot's"
241,FAT_Doc1_Oblivion,FAT_Doc1_Oblivion,FAT,Sci-Fi,Negative,Oblivion,"For Oblivion, the second feature by Joseph Kosinski, the director uses the same two-parts-style-and-one-part-substance recipe as in his previous feature, TRON: Legacy, but this time the concoction goes down easier. Based on Kosinski's own unpublished graphic novel and written by screenwriters Karl Gajdusek and Michael Arndt, this gorgeous production seems more concerned with producing remarkable images than telling a remarkable story. But what images. Kosinski combines top-notch special FX with the same primordial, Icelandic scenery that Ridley Scott used for his comparable visualist's rendering of Prometheus, and the result is a familiar post-apocalyptic alien invasion tale ripped from the pages of countless (and better) science-fiction stories. Fortunately, the original material has no expectations to meet, unlike Scott's did, leaving the serviceable but nothing more than that story to maintain our interest as the director's awe-inspiring visuals, exciting action sequences, and the ever-watchable star power of Tom Cruise keep the audience rapt. Cruise stars as Jack Harper, a white-clad technician on Earth some 64 years after humanity's devastating battle with invaders from outer space, who first attacked by detonating our Moon. The Earth was rocked with resultant natural disasters and soon irradiated by human nukes in retaliation, the landscape left almost unlivable. Survivors decided to migrate to Saturn's habitable moon, Titan, and now leftover is a massive upside-down pyramid-shaped station called the Tet, which orbits the planet. Below on the surface, enormous engines collect water for Titan, and Harper repairs downed equipment and his team's security drones on missions monitored by the other sole member of his so-called ""mop-up crew"", his controller Victoria (Andrea Riseborough), with whom he shares a bed. Their orders come from a Tet ""mission control"" agent (Melissa Leo) who asks daily, ""Are you an effective team?""leaving us to ponder what happens when the answer is no. That moment comes in due time when Jack finds himself asking questions about his five-year mission, such as why a mandatory ""memory wipe"" was required. Or, why the few surviving alien Scavengers (called Scavs) are trying to trap him? The audience asks their own questions too, like why are Victoria's pupils always dilated? And then there are Jack's visions those vague impressions he gets at night of a woman he has perhaps never seen. What do they mean, and how do they relate to the now-dead prewar world to which Jack feels so close to yet could have never known? His digging puts a strain on his and Victoria's strict mission orders to keep within their designated borders and protect the vital water collectors, all targets for the lingering Scavs inside the perimeter, where beyond is a deadly ""Radiation Zone."" Victoria's conformity and insistent lack of curiosity remain unbending, while Jack's romanticism keeps him going. And when a prewar shuttle containing five cryogenically frozen humans crash lands and is attacked by drones, Jack must also ask why drones would attack humans and why the sole survivor, Julia (Olga Kurylenko), looks exactly like the woman from his dreams. Her presence in the Jack-Victoria relationship becomes"
242,FAT_Doc2_Oblivion,FAT_Doc2_Oblivion,FAT,Sci-Fi,Negative,Oblivion,"Oblivion is a visually stunning film. It's what I've come to expect with the latest sci-fi films. Director Joseph Kosinski continues to bring his strong visual principles from Tron Legacy (a film which I'm a massive fan of) into Oblivion, where Earth is presented as a desolate planet, destroyed by an alien invasion. While familiar world landmarks (e.g. the Empire State Building in New York) are buried/destroyed, it is beautifully contrasted with vehicles and home station towers which are designed to live and travel comfortably whilst preserving security and maintenance that our hero, Jack Harper (Tom Cruise) has to undertake. Notice how the towers and Jack's mode of transport, the bubble ship, are mainly see-through. It suggests to the audience that this clean, modern and futuristic way of living has nothing to hide while it subconsciously suggests a false sense of security and that everything is not all it seems. It's either that or an IKEA designer survived the alien war and business is booming! Joking aside, despite the very epic and strong visuals, I did found this film lacking. The problem I have with Oblivion has nothing to do with Tom Cruise (who I thought was superb) or the rest of the cast who deliver strong and heartfelt performances. The problem sadly lies with the plot. It felt slightly backwards. The first 2/3 of the film sets up the plot nicely. It easily establishes how we find Earth in the aftermath of the invasion. It's introduces the character of Jack Harper as we see his mind constantly battle between two conflicts. The first conflict is his honourable duty to his partner, Victoria (played by Andrea Riseborough) and the mission. Maintain control, fix drones and they get to go home. The second conflict is the dreams he has of another past life and most importantly, another woman. Who was this woman who haunted his dreams and why does he seem to be the only one affected by it? It shouldn't be possible as both Jack and Victoria both had a security memory wipe, which is suppose to keep their memories hidden beneath the surface so they could only focus on the objective. The confliction is handled very well. After everything that has happened to Earth, Jack still regards it as home, and to be honest who would blame him. He doesn't want to leave. He fondly remembers the last Super Bowl game in the same way we would remember the last music concert or the first football game you went to. He hoards collectable items such as old records, books and toys and takes them off grid to a secret location  a cabin that doubles up as a personal museum. It's his heaven, his fortress of solitude where objectives and missions are secondary and Earth's beauty and colour becomes primary. His partner, Victoria doesn't share the same feelings, obviously not hampered by the plaguing memories that Jack suffers. She naturally tries to discourage him at every opportunity. At times"
243,FAT_Doc3_Oblivion,FAT_Doc3_Oblivion,FAT,Sci-Fi,Negative,Oblivion,"All style, no substance is the refrain that ran through my head watching writer/director Joseph Kosinski's latest film, Oblivion. This is also the precise sentiment created by his previous film, Tron: Legacy. Though the Tom Cruise-starring science fiction adventure is breathtaking to look at, there is nothing to the film aside from the visuals. Bland, predictable, and frankly boring, Oblivion is an empty stylistic exercise, and feels like a slick bit of advertising, not a movie. Filmed in IMAX with Sony's new CineAlta F65 camera, Oblivion does look fantastic. Watching drone repairman Jack Harper (Cruise) blast through the wrecked-up wasteland of a post-alien invasion New York City on a futuristic dirt bike, past the strewn carcasses of container ships and submarines, is spectacular. Or when he floats through the ruined world in his bubble ship, the special effects are crisp and clean, and blend seamlessly with the frame. They're so good you don't notice them. But the entire film reminds you of those IMAX movies you saw as a kid, where a helicopter mounted camera sweeps around the rim of an active volcano, or dives into the Grand Canyon. The biggest problem in Oblivion is that it has about as much story, character, and emotional involvement as those clinical, removed IMAX movies. Jack and his partner in both a business and romantic sense Victoria (Andrea Riseborough), are two of the last human beings on the planet. As Jack's heavy-handed voice over tells you at the outset, and as the film explains in great detail again and again throughout, aliens called Scavs destroyed our moon, which threw the planet into geologic upheaval. When chaos was in full bloom, they invaded, and we were forced to use nukes to win the day. So we won the war, but the planet was ruined in the process, and the human race relocated to Jupiter's moon of Titan. All that remains are skeleton crews like Jack and Victoria, tasked with servicing the drones which make sounds like a synthesizer farting that protect the massive rigs that drain seawater to convert into power for the folks on Titan. The whole set up is an obvious attempt to make you consider our own dependence on finite natural resources like oil the docks are set up to look like offshore oil drilling platforms but other than a quick mention that the oceans are almost gone, the metaphor is roundly ignored. Jack and Victoria are stock movie short timers. With just two weeks left before their mission is complete and the can move on to Titan, she just wants to keep her head down, do her job, swim naked with Jack, and abandon this place to memory. He, on the other hand, is wistful, questioning, and still feels that Earth, even after everything, is still his home. You're supposed to feel his yearning when, standing in the middle of the ruins of a football stadium, he waxes poetic about a game he has never seen, but there is so little emotional connection that you can't"
244,FAT_Doc4_Oblivion,FAT_Doc4_Oblivion,FAT,Sci-Fi,Negative,Oblivion,"Joseph Kosinski's dire new sci-fi Oblivion (2013), starring Tom Cruise, was made for an estimated budget of $120 million. Whilst this certainly isn't the pinnacle of filmmaking excess, the gargantuan sums spent on Hollywood blockbusters are often impossible to justify. Occasionally, however, a movie will have just enough redeeming features to make you forget how much money it cost to bring it to the big screen. Oblivion is not one of those examples. Cruise plays Jack Harper, a hardy survivor in a bleak post apocalyptic future, forced to dwell on a floating platform with his co-worker/love interest Victoria (Andrea Riseborough). Jack  like a living, breathing, human Wall-E  spends his monotonous days flying around the now-volcanic surface of the Earth in his sleek shuttle, fixing sensor drones and maintaining the monolithic towers which now harvest the planet's oceanic energy in order to provide fuel for fellow refugees of the devastation  now residing on Titan, on of Saturn's moons. With only two weeks to go before he's due to complete his mission objective, an inquisitive Jack discovers a crashed spacecraft which forces him to question both himself and the high orders provided by sinister superior Sally (Melissa Leo). For a sci-fi premise, though familiar, the aforementioned is a pretty solid one. Any writer with a modicum of talent should have been able to fashion a half-decent screenplay from those raw ingredients. Yet, writer/director Kosinski (2010's Tron: Legacy) has somehow managed to create an emotionally-barren and tediously convoluted film, brimming with risible dialogue and plastic performances. Hollywood royalty Cruise has been around Hollywood for long enough to know when he's signed up for a clanger, but unless the hatchet job done in the editing suite was even more vicious then the sloppy final scene transitions suggest, the Minority Report star must be ruing the day he ever signed up for this dull, drab seance. Some Oblivion apologists may point to the original soundtrack by French electro outfit M83 as a highlight  the same individuals who may also suggest that any film which features Andrea Riseborough's nude silhouette is worth the price of an IMAX ticket alone. Alas, the sad truth is that most cinemagoers with a true love of science fiction cinema will struggle to enjoy this uninspired dud. Why not spend your hard-earned currency on a charity donation instead? Not only will you feel spiritually-enriched, but you'll also be saving the souls of everyone involved in this project; many of whom could rightly struggle to find future gainful employment when Oblivion inevitably goes down like a lead balloon at the UK box office."
245,FAT_Doc5_Oblivion,FAT_Doc5_Oblivion,FAT,Sci-Fi,Negative,Oblivion,"The boisterous space-aged yarn 'Oblivion' is a post-apocalyptic popcorn pleaser that may be met with mixed reception depending on your definition of tolerance for rousing, recycled sci-fi cinema. On one hand, the positive outlook is that 'Oblivion' boasts what moviegoers routinely expect from a typical Tom Cruise vehicle  a flashy actioner with hotshot Tom Terrific pushing the excitable buttons in what amounts to be revved-up flick dipped in radiant shades of vibrancy. Naturally, Cruise is no stranger to the genre of fantasy-filled flamboyant escapism where saving the world from ruination is top priority. As for the less-than-positive vibes that blemish 'Oblivion', the sentiment is such that the futuristic Cruise-control caper never quite captures an imaginative or distinctive tone while running on the straight-forward fumes of other borrowed concepts from current and nostalgic sci-fi fare. Instead of soaking in the whimsical wonderment of 'Oblivion's surrealistic scope one finds the need to recognise how much the carbon copy material undermines what could have been an intriguing action-adventure with its own sense of style, substance and sensuality. Oblivion... why you run so hard, Tom Cruise? Go, Tom, go! Although opulent, ambitious and populated with fine performers that try to breathe some creative life into the sporadic script, 'Oblivion' is stiff thematically and fails to deliver a premium-plus pulse of twitchy intrigue and surging suspense. Theoretically, 'Oblivion' has all the top-notch zip of a 'Battlestar Galactica' TV re-run from the early 80s. Director Joseph Kosinski ('Tron: Legacy') and screenwriters Karl Gajdusek and Michael Arndt revisit familiar territory here and particularly do not have anything original, impish or introspective to offer beyond the confines of a mechanical sci-fi fable that marches to the beat of other cinematic influences. Shamelessly, 'Oblivio'n taps into such reminiscences of 'Star Wars', 'The Matrix', 'Total Recall', 'The Book Of Eli' and 'Phantasm' (and even Cruise's signature free-wheeling classic 'Top Gun') that one is left wondering why Kosinski's Xerox-coated narrative did not dip into other possible targets for consideration. Cruise plays Jack Harper, a drone-servicing technician whose responsibilities entail that his profession is to ensure the safety of a post-nuclear Earth by preventing the invasion of alien scavengers (or 'scavs' as referred to in the movie). It is the year 2077 and Harper works diligently with his pretty partner Vicca (Andrea Riseborough, 'Welcome To The Punch'). Sixty years ago in 2017, the planet was riddled with war-torn activity and never quite recovered from the planetary destruction. So Harper and Vicca are the only Earth-bound humans as their fellow citizens are residing on the moon Saturn securing their existences there and yes...both Jack and Vicca find some amorous time for some intimate pillow talk. Harper and Vicca answer to their rigid superior Sally (Oscar-winner Melissa Leo), the commander of the space station where her orders are issued. The important factor to consider is that both Harper and Vicca (and countless others for that matter) have had their memories erased completely. The chronic memory losses  at the hands of the nefarious"
246,FAT_Doc6_Oblivion,FAT_Doc6_Oblivion,FAT,Sci-Fi,Positive,Oblivion,"Since his questionable comments and ill advised sofasaults on Oprah, Tom Cruise has become an actor that many people love to hate. But those things are in the past and as wacky as they were they still didn't effect the level of his onscreen work. He's a talented actor who throughout his career has tackled a wide variety of roles in iconic 80's cheesefests, stirring and emotional dramas, big budgeted franchises, and even sci-fi thrillers. Now he returns to the science fiction genre in ""Oblivion"", a much more direct and vast sci-fi picture than Cruise's other efforts. ""Oblivion"" is co-written and directed by Joseph Kosinski, the man behind Disney's $400 million money maker ""Tron: Legacy"". Disney originally purchased the rights to ""Oblivion"" in hopes of repeating Tron's success but later relinquished the rights. It was quickly gobbled up by Universal Studios with Tom Cruise and Jessica Chastain set to star in the picture. Chastain would eventually drop out for ""Zero Dark Thirty"" with Olga Kurylenko replacing her. The movie is based on Kosinski's unpublished graphic novel and was given an ambitious $120 million budget. I have to say I was really excited for ""Oblivion""even though the studio was very cryptic in regards to the film's details. That's a good approach to take because I found that the less you know going in the more effective the story will be. And for me it was quite effective. ""Oblivion"" doesn't fall into the category of a science fiction masterpiece but thanks to its visionary conception, stunning effects, and some strong committed performances it doesn't miss by much. Now there have been three main criticisms hurled at ""Oblivion"". Some have complained about its thin plot. Others took off points for its lack of originality. And yet others have had problems with the lack of any meaningful character development. I certainly don't flippantly dismiss any of these gripes but I don't necessarily agree with them either. There's a lot going on in ""Oblivion"" and while it does borrow from several other sci-fi pictures, the same could be said for most science fiction. As for the lack of character development, that may be true but I found there to be a good and needed reason for it. Like I said the less you know the better so I'm not going to spoil anything by divulging any significant details. The film is set in 2077 during the aftermath of a war with an alien species known as the Scavengers. The Scavs (as they're affectionally called) destroyed our moon which sent Earth into a series of natural and environmental convulsions. A full invasion of Earth followed. The humans won the war but the planet was left ravaged and in disrepair. The surviving population now inhabit one of Saturn's moons called Titan. Now if a sci-fi movie wants to score points with me just give me a futuristic world that's not only visually impressive but that I can get lost in. That certainly happened here and even if"
247,FAT_Doc7_Oblivion,FAT_Doc7_Oblivion,FAT,Sci-Fi,Positive,Oblivion,"Film genres have their boom years and their bust years. Every genre has a big hit here and a big hit there every year, but, every now and then, a single year will have multiple watershed films that transcend and extend the genre. In the realm of science fiction, the years of 1968 (2001: A Space Odyssey and Planet of the Apes), 1977 (Close Encounters of the Third Kind and Star Wars), and 1997 (Gattaca, Contact, The Fifth Element, Men in Black, and Starship Troopers) really stand out historically as years were multiple films made a significant impact to the genre and not just the box office. Time will tell, but we may have just had one go by in 2011 (Source Code, Rise of the Planet of the Apes, Another Earth, Melancholia, Paul, Real Steel, X-Men: First Class, and, to a lesser degree, Transformers: Dark of the Moon). In this critics opinion, the very best year for science fiction in film history was easily 1982, boasting E.T. the Extra Terrestrial, Blade Runner, Star Trek II: The Wrath of Khan, Tron, and The Thing. All have gone on to be considered classics, groundbreakers, and trendsetters in their own right. Once we finish 2013, there's a good chance this year might join that group and maybe even rival 1982. The ambitious (on paper anyways) science fiction slate coming in 2013 includes Star Trek Into Darkness, Iron Man 3, Thor: The Dark World, Vin Diesel returning to Riddick, Will Smith and Jaden Smith in After Earth, the March flop The Host, the indie flick Upside Down, Neill Blomkamp's District 9 follow-up Elysium, Alfonso Cuaran's Children of Men follow-up Gravity, the summer slugfest Pacific Rim, the zombie blockbuster World War Z, and the hotly anticipated novel adaptations of Ender's Game and The Hunger Games: Catching Fire. ""Loaded"" is an understatement and one more of those headliners is out this weekend. The first really legitimate film that gets this year of science fiction started is Oblivion. From the producers of Rise of the Planet of the Apes and Joseph Kosinski, the kinetic director of Tron: Legacy (a movie I loved), Tom Cruise returns to science fiction for the first time in eight years since 2005's Spielberg juggernaut War of the Worlds. Oblivion, against recent trend, actually moved its release date earlier from a summer release this July to late April, while some of its peers like Jack the Giant Slayer and G.I. Joe: Retribution experienced nearly year-long delays to be here in the spring of 2013. Filled with amazing post-apocalyptic spectacle, dazzling action sequences, and a heady story of twists and turns, the challenge of Oblivion is whether or not you, as the audience, can allow the strong visuals to make up for the weak narrative. This film will not go down as a 1982-level classic and borrows too many elements from other movies including The Matrix, Planet of the Apes, WALL-E, Tarkovsky and Soderbergh's takes on Solaris, Duncan Jones's under-seen Moon, and even a"
248,FAT_Doc8_Oblivion,FAT_Doc8_Oblivion,FAT,Sci-Fi,Positive,Oblivion,"Oblivion"" is a competently made sci-fi action movie  something that can't be said about the majority of the genre. Though many of the prominent futurism themes can be linked back to earlier films, and a few loose ends might not be tied up with the sturdiest of knots, the structure and plot twists keep the intrigue high while the action paces itself nicely alongside the unfolding mystery. Tom Cruise makes a compelling hero and the setup is a savvy blend of dystopian invention and amnesia-induced identity loss. The list of films ""Oblivion"" borrows from is a long one, but the concepts are all executed cleverly and proficiently, resulting in an epic space opus that presents far more moments of awe than head-scratching queries. The year is 2077 and Earth has been left nearly uninhabitable after a brutal war against an invading alien species known as ""Scavengers."" While the remnants of humanity have been gathered aboard the Tet, an enormous pyramidal space station that will eventually carry the survivors to a new home on one of Saturn's moons, technician Jack Harper (Tom Cruise) and his partner Victoria (Andrea Riseborough) remain on Earth to monitor and perform maintenance on giant hydro-rigs and the protective, heavily armed robot drones that guard them. When a spaceship crash-lands nearby and Jack investigates, he rescues from the wreckage Julia (Olga Kurylenko), a mysterious woman whose appearance sets into motion the discovery of a massive conspiracy that will place the very fate of mankind in Jack's hands. ""Oblivion"" is heady, weighty, and cerebral science-fiction, foregoing the little green man angle for a much more sinister and complex alien incursion. In terms of postapocalyptic, futuristic thrillers, borrowing randomly from ""The Road Warrior,"" ""2001: A Space Odyssey,"" ""Moon,"" ""The Matrix,"" and ""Total Recall,"" it's a highly ambitious and largely successful twist, toying with existential and deterministic viewpoints while smartly avoiding depressing bouts of violence or sacrifice. Its focus on altering or interfering with memories is augmented perfectly by the heavily synthesized soundtrack, itself lending to the dreamlike qualities of Jack's remembrances. An engaging mystery, ""Oblivion"" forces viewers to wait nearly two hours before giving up any secrets; but to the film's credit, the protracted anticipation is delightful. Mind-boggling and artistically visionary, the many answers it finally grapples with will probably raise further investigations into the various aspects less examined, but the climactic conclusion is pleasantly resolute  even if specific details can be rationalized with the term ""gaping plot holes."" An exemplary fit for IMAX screens, ""Oblivion"" boasts outstanding visuals that add tremendously to the scope of the project. Immense exterior shots and sets introduce the audience to a uniquely fascinating world, with unfriendly terrain, monumental wreckage, and obscured paradises. The interior designs are just as spectacular, though used much more sparingly. The obvious budget for special effects definitely helps establish and stabilize the pioneering perspective; visual wizardry occasionally substitutes for inchoate plot points. But perhaps most impressive of all is the origins of the story, starting as"
249,FAT_Doc9_Oblivion,FAT_Doc9_Oblivion,FAT,Sci-Fi,Positive,Oblivion,"Jack Harper (Tom Cruise) is nobody special. On Earth in 2077, he and his colleague/girlfriend Victoria (Andrea Riseborough) are the clean-up crew of a dead planet. (You might, distantly, be reminded of Wall-E.) An alien war destroyed the moon, which spreads like a smashed boulder across the sky; the parts of the planet not already destroyed by the war were subject to earthquakes and tsunamis. Now, giant machines suck up what's left of the ocean, creating power for human colonies in space. Jack fixes drones and fends off ""Scavs,"" the remnants of the alien race that ruined everything. With just two weeks left in their assignment (this isn't Oblivion's only similarity to Moon), Victoria is cautious, anxious to rejoin the rest of humanity. But Jack is troubled by dreams of an earlier Earth, and when a ship crashes and he rescues a mysterious woman (Olga Kurylenko) from the rubble, everything, naturally, goes sideways. Director Joseph Kosinski (last responsible for the soulless Tron: Legacy) takes his time building up the drama. Why rush, when you have so many gorgeous Icelandic landscapes to film, and stunning sets on which cinematographer Claudio Miranda (Life of Pi) can linger? Kosinski shot on location and built sets and props, like Jack's cool dragonfly of a ship, whenever possible, and it shows: Oblivion's ruined Earth, and Jack's presence in it, boasts a physicality that so many big-budget movies lack. If this one doesn't have a ton to say  it flirts with thematic ideas about power and lies, loneliness and connection, and is a little overwrought about memory  it also doesn't waste your time with Prometheus-level self-important nonsense. If you are tired of Cruise, Oblivion might help; while he does rely too much on one very serious squint, he fits into the film's plot like hand in glove, his bland familiarity almost a character trait. The movie's preview invited speculation, and if you had theories about what it all meant, all that vagueness and Morgan Freeman with his huge cigar, chances are good that at least one of those theories will bear fruit in the course of Oblivion's slightly overlong runtime. Trying to work out what's really going on makes for an unexpectedly satisfying game, and Kosinski and his fellow screenwriters (including Michael Arndt) aim for a balance between spelling everything out (like a typical spectacle flick) and leaving things up to your imagination (like an artier sort of film might). Oblivion has a few plot wibbles, but nothing worse than those fans of Star Trek (myself included) chose to overlook. There's something sturdy and likable about the way Kosinski tells his big story  which cherry-picks from sci-fi classics that are almost spoilery to name  around just a few characters, drawn together across an empty planet. Don't jack your expectations too high, but don't write this one off entirely  and keep an eye on Kosinski."
250,FAT_Doc10_Oblivion,FAT_Doc10_Oblivion,FAT,Sci-Fi,Positive,Oblivion,"""Oblivion"" centers on a drone technician, Jack Harper (Tom Cruise, ""Mission Impossible III: Ghost Protocol), who flies a Bubble Ship (a hybrid of a fighter spaceship and helicopter) and is tasked to fix downed drones on earth in 2077. He lives in a sleek dig high above the clouds together with his partner, Victoria (Andrea Riseborough), who also serves as his communication officer. She monitors his safety from their base in space and dutifully reports to their superior, Sally (Melissa Leo) through a sophisticated system. Before embarking on their five-year service, Jack and Victoria had their memories wiped to maintain the security of their mission. 60 years ago, earth was invaded by aliens, called 'scavs' (scavengers). The scavs shattered the moon, and without the moon, the earth destablized, resulting in earthquakes and tsunamis that destroyed half of the planet. Humans launched nukes to stave off the scavs and eventually won the war. However, the earth became mostly inhabitable and the surviving humans moved to Titan, one of the moons of the Saturn ring. The drones are used to man fusion reactors that drain seawater and convert into energy. They also patrol the earth's surface to shoot down any remaining scavs. Jack and Victoria are nearing the end of their mission; in two weeks, they will conclude their service and join the rest of the humans in Titan. While Victoria is looking forward to it, Jack has doubts and oddly feels that earth would always be his home. He's traveled far and wide and found unspoiled swaths on earth, including a remote cabin by the lake, a calming oasis. His uncertainty is confounded by recurring dreams of a woman (Olga Kurylenko) and flashes of life in New York, which strangely feels like a memory of a past than a fantasy. When a spaceship crash lands on earth, Jack finds that it's filled with several pods of humans in hyper-sleep state. And inside one of the pods, is the woman in his dreams, who later wakes up and mentions that her name is Julia. Jack and Julia are discovered and captured by a group of rebels (led by Morgan Freeman and Nikolaj Coster-Waldau), human survivors. The events that transpire, followed with fierce flying and firefights, make Jack realize that his life is not what it seems to be and that he's not what he thinks he is. He may just unknowingly holds the fate of mankind on his hands. Director Joseph Kosinski (""Tron Legacy"") executes his vision with excellence. Cruise plays his part with sincerity, connects with both of his leading ladies and the higher mission he's entrusted with. With a straightforward story and humanity, ""Oblivion"" is captivating from the start. Part of the appeal is the mystery, which unfurls easily piece by piece and takes us along through each discovery and ultimate truth. A bigger appeal is the phenomenal visual, reminiscent of last year's ""Prometheus,"" elevated by an electronica beat, along the same vein of ""Tron Legacy"" and ""Hanna."" Oscar-winning cinematographer"
251,MTH_Doc1_The_Lost_City,MTH_Doc1_The_Lost_City,MTH,Comedy,Positive,The_Lost_City,"It doesn't take much to convince me to see a comedy. Comedies truly are my comfort movie genre when I'm looking for a little rest and relaxation to either kick-off or end my weekend. Comedies are the type of movies that can be viewed as going to a fast food restaurant. The food is easy to digest, they are loved by the people, and there is always something new on the menu to try. Let's just say I took a trip to my favorite theater and ordered The Lost City special and I can't get enough. They say laughter is good for the soul and I wholeheartedly agree. I went in blind when I went to see this movie and I'm glad that I did. I loosely knew the concept of the movie prior, but at the time it didn't look interesting to me. I thought this was one of your standard, generic comedies that somehow got approved by Hollywood. I didn't give this movie a second thought after viewing the trailer, but I decided to give it a chance anyway. I'm not sure if it was the plot or the fact that this movie was filled with talented actors such as Daniel Radcliffe, Sandra Bullock, and Channing Tatum, but something drew me to this film and I'm glad it did. The plot of this film is very straightforward and tells you exactly what the story of the movie will be. Loretta (Bullock) gets tangled up with her cover model Alan (Tatum) on a quest to find the lost treasure of an ancient city led by the antagonist of the film Abigail Fairfax (Radcliffe). When it comes to comedies, I feel as though a lot of the plot can get lost in translation and bogged down by too many jokes but with The Lost City, I found that it was easy to follow along and the line delivery was hitting on every level. It felt as if this movie was tailor-made for me. Every joke landed so well and I found myself falling in love with dialogue. The script was snappy, witty, and quippy and made me chuckle more than a few times. I was thoroughly surprised by a few of the performances of The Lost City. It has been some time since I've seen Daniel Radcliffe on screen, but I think that the comedy scene is right up his alley. I know it's hard to associate him with anything else outside of Harry Potter. However, I think this type of role could work for him in future projects. Channing Tatum's character was pegged as the ""attractive dumb one"" but he always brought a smile to my face. I believe that this is one of my favorite performances by him in ages. As much as I enjoyed him in the Jumpstreet films, this is probably his best performance by far. And I have to give a special shoutout to Jack Trainer (Brad Pitt). Although he's only in the movie for"
252,MTH_Doc2_The_Lost_City,MTH_Doc2_The_Lost_City,MTH,Comedy,Negative,The_Lost_City,"Splashy studio rom-coms are back! Or at least the funny bits are, as the emotionally underwhelming but deliciously silly Sandra Bullock vehicle The Lost City proves with the kind of studio luster that comes with big stars, exotic locations, proudly overblown special effects, and a healthy lack of self-seriousness. Too bad the studio's marketing mohels clipped off the tip of film's original title, The Lost City of D, even though it's the name of the romance novel that drives the film's plot. ""It's D for dick, right?' says a randy Q&A moderator played by SNL mvp Bowen Yang. Absolutely! More D, please! This $75 million vamp on Romancing the Stone casts the sassy-sweet Oscar-winner as jaded scribe Loretta Sage, author of a wildly popular series of lady-fantasy adventures starring Angela Lovemore and her generously maned paramour, shiny long-haired Dash McMahon. Only problem is that she's sick of her hack success. Not so Alan Caprison (Channing Tatum), the widely celebrated personification of Dash ever since Loretta's publisher made him the cover-model Fabio for all of her books. She's full of contempt for the golden-goose softcore smut that provides her posh life, and especially for thick-as-a-brick Alan, who talks about Dash with unearned authority while secretly crushing on Loretta. ""She opens her mouth and an encyclopedia of beautifulness comes out,"" he whines with intellectual impotence. Quick backstory: Loretta's archeologist husband died years ago, which means that her jaded sense of love and muted vulnerability are only rivaled by her impressive amateur skills in ancient anthropology. All that's missing is a damsel-in-distress situation so Alan can prove his worth. Luckily, nefarious billionaire scion and Lovemore superfan Abigail Fox (Daniel Radcliffe) serves one up when he kidnaps Loretta to help him find legendary treasures from the real-life City of D. Turns out his secret team of minions have unearthed it on the small Atlantic island called Isla Hundida, home to ancient ruins along with an active volcano that threatens them all. Loretta, book-promotion-ready in a sequined magenta jumpsuit, isn't equipped for rugged escapades; and neither is Alan, who literally calls in a favor by phoning ex-SEAL Team mercenary Jack Trainer (Brad Pitt). Jack's a preposterously impeccable operative, Alan is all thumbs, and between the two of them they snatch Loretta from Abigail's clutches long enough to start looking for that ancient wealth themselves. The Lost City is at its best during its initial over-the-top set-up and Jack's mock-perfect extraction mission. Once Brad Pitt's work is done, and his mega-wattage extended cameo wraps up, the film's giddy-romp momentum palpably slows. Loretta's sourpuss smarts clash genially with Alan's good-hearted bumbling, but sparks hardly fly despite all the awkward jungle-survival peril. Even the flesh-baring sight of Tatum's bare butt covered in leeches wears thin after its initial gag-worthy sight gag. The film's peripheral talent, potential secret weapons in better filmmaking hands, just become threadbare during the mayhem. Da'Vine Joy Randolph plays Loretta's no-nonsense publisher, a glib hoot at the outset who devolves into a forgettable back-up rescuer. Radcliffe, a"
253,MTH_Doc3_The_Lost_City,MTH_Doc3_The_Lost_City,MTH,Comedy,Negative,The_Lost_City,"Curiosity rarely kills the movie watcher; the worst it can lead to is disappointment. Aaron and Adam Nee's The Lost City, involves a treasure hunt. So I will admit: the film held my attention far longer than I expected it to. Who does not like a good old big-screen Legends of the Hidden Temple-style chase through mountains and caves in the quest for some elusive prize once in a while? All I had to do was adjust to the persistent sense of deja vu I had all through watching it. (Please note, I do not use the word 'persistent' lightly.) There is a Channing Tatum taking his shirt off. There is a wise-ass Sandra Bullock in a crisis. Bullock has literally made a wise-ass film called Our Brand Is Crisis (2015), and I believe her. Throw in a journey to a mysterious island. Has there been a movie about a Journey 2 some Mysterious Island before? I do not know, you tell me. I was almost certain a Rock would show up. (Chris or The - take your pick.) Let me deja vu you some more. Bullock plays Loretta Sage, an author who is forced by a mysterious rich fellow into an adventure-filled quest because her latest book contains symbols that indicate she might be able to translate a treasure map. Unlike Robert Langdon, Loretta has no real interest in such pursuits. She would rather just sort her mid-life crisis out. Unfortunately, just like the deja vu, the wealthy tyke is persistent. Daniel Radcliffe walks straight out of Now You See Me 2, and into this film to play this particularly smarmy character with daddy issues. Surely, Michael Caine is in this treasure island movie as well? Did he play Nicholas Cage's father in one of the National Treasure films? No, I think that was some other old white man. Who played Jumanji in The Da Vinci Code? Okay, I exaggerate. But I kid you not, The Lost City had me cross-fading between moving images from across decades nearly throughout its 114-minute runtime. Still, the Brothers Nee were clearly aware of what this kind of fairy-tale action comedy demanded. It does not instantly have the gravitas of a clever spoof, but it is not meant to be taken seriously either. The author at the centre of it writes out her own fantasies, and they turn out to be blockbusters. Romance, erotica, adventure, the works. She is done with this particular franchise of fantasy though. She is bored of the same pretty boy (Tatum) featuring on the cover of her novels. Perhaps age has something to do with it. In this cul-de-sac she finds herself in, she needs some new magic to carve her way out. Sensuousness and romance are non-negotiable on this journey for her. So are innuendo and woke-bait. At one point, Channing Tatum's Alan tries to explain to Loretta why it is possible that a woman could mansplain to a man. Tatum's puppy eyes do not sell the"
254,MTH_Doc4_The_Lost_City,MTH_Doc4_The_Lost_City,MTH,Comedy,Positive,The_Lost_City,"Romantic comedies, better known as rom-coms, are a genre I've grown to appreciate more and more. As an advocate that all kinds of stories are necessary for a more complete film education, the comfort of being able to watch a light, fun flick, even if it's not innovative, is a positive feeling that can often transform a dull day into a joyful one. Depending on the taste of each viewer, some prefer more romance, some prefer more comedy, but in the end, what matters the most is the movie delivering enough entertainment and inspiring lessons. Add an adventure component, and the results are films like The Lost City. No viewer enters the theater to watch a rom-com expecting to witness the most impressive narrative ever. Predictably, The Lost City follows the usual formula of the genre: two protagonists who couldn't be more different and/or hate each other have to face an unexpected situation, getting closer and truly getting to know each other, ultimately creating a deep bond that results in passion and love. This work from brothers Aaron and Adam Nee (Band of Robbers) doesn't escape the admittedly cliche structure, but their screenplay  co-written with Oren Uziel (Escape Room: Tournament of Champions) and Dana Fox (Cruella)  has enough variations of the generic elements to create a very entertaining movie. With a particular focus on deceptive appearances, The Lost City offers two main characters with relatable motivations and distinct personalities that combine hilariously well. Alan, a seemingly goofy cover model, and Loretta, the depressed author of the most popular romantic novel franchise, are brilliantly portrayed by Channing Tatum (Dog) and Sandra Bullock (The Unforgivable). The actors share a lot of chemistry in roles that force them to have moments where they need to be immensely comfortable with their co-star, and both show extraordinary ease, in addition to superb comic performances. The main plot may lack imagination, but care wasn't lacking in the treatment of the protagonists nor in the comedic adventure sequences. Genuine laughter hits double digits primarily due to the unexpected conclusions of certain scenes. However, the biggest surprise of The Lost City turns out to be the excellent development given to the arcs of Alan and Loretta that, in fact, convinces the audience of the eventual evolution of their relationship. When it comes to the rest of the cast and respective storylines, only Brad Pitt (Ad Astra) stands out in a positive manner. Despite the short screen time and the clear objective of simply showing up to perform an action sequence, the actor is truly hilarious in his few minutes of presence. On the other hand, everything secondary in The Lost City lacks appeal and entertainment value. Daniel Radcliffe (Guns Akimbo) is too talented to be hanging around like a cartoonish villain who strangely disappears during the second act after providing the obligatory cheap exposition for the audience to immediately understand where the film is headed. As much as I was incredibly pleased to see Oscar Nunez"
255,MTH_Doc5_The_Lost_City,MTH_Doc5_The_Lost_City,MTH,Comedy,Negative,The_Lost_City,"Prolific and reclusive romance novelist Loretta Sage (Sandra Bullock) has hit a wall. She's trying to finish her latest book, but she's been in a rut since her husband's death five years ago. Loretta's romance novels all have a treasure hunting and archaeological aspect to them because that was a passion she shared with her husband. Her publicist, Beth (Da'Vine Joy Randolph), calls her multiple times a day to remind Loretta that she needs to find an ending quickly. Beth has planned a last-ditch book tour to make Loretta relevant again. She doesn't believe Loretta can handle the pressure of a book tour on her own, so she brings along Alan, the books' cover model (Channing Tatum). Alan believes he really is the fictional adventure hero he's portraying, but in actuality, he has no skills that would help save the day for anyone. Also interested in Loretta's latest book is eccentric billionaire Abigail Fairfax (Daniel Radcliffe), who has been passed over in his family's mega-media conglomerate. Abigail is consumed with having something all his own, and believes the key to the treasure he's chasing is in Loretta's latest book. He kidnaps her and plans to force her to tell him where the treasure is. Alan sees the kidnapping as his moment to live up to his fictional counterpart and calls real-life hero Jack Trainer (Brad Pitt) to aid in the rescue mission. So much of The Lost City ultimately feels flat, as if the life has been sucked out of every scene. Part of the blame falls on the over-utilization of Additional Dialogue Recording (ADR). When used sparingly, it's difficult to notice ADR mixed in with the rest of the dialogue. In The Lost City, ADR was used too frequently, usually as a way to punch up the scene with attempts at jokes. It's very noticeable throughout the film, but occurs most frequently in scenes with Loretta and Alan. Often, it's as though Bullock and Tatum are reacting to entirely different lines and situations in the scene. Through no fault of their own, they are completely out of place as random snippets of dialogue are dropped ungracefully around them. The movie truly shines where it spends almost none of its time: with Patti Harrison's dimwitted social media manager, Allison. She was in 2021's Together, Together, which was a critical darling on the indie festival circuit, but Harrison is not a household name. However, if nothing else, her tiny role steals the show. Similarly, Randolph's Beth brings an electric energy to the screen. Perhaps the better movie here would have been the misadventures of Beth and Allison attempting to rescue Alan and Loretta. Sure, Beth makes an attempt to save Alan and Loretta, but bringing Allison along for the ride would have elevated this movie. Despite billing itself as a return to the entertaining adventure-romance movies of the '80s (it's impossible not to think of Romancing the Stone), The Lost City was afraid to lose itself in eccentricity. The actors are"
256,MTH_Doc6_The_Lost_City,MTH_Doc6_The_Lost_City,MTH,Comedy,Positive,The_Lost_City,"The Lost City is every bit the romantic adventure we didn't know we needed and then some. It's fun and hilarious, and its on-the-nose praise of the romance genre is something we'll never tire of exploring. In the height of series like Bridgerton taking Netflix viewerships by storm, the romance genre is rightfully earning its respect among people without much familiarity. We haven't broken all the stigmas around it quite yet. Still, we're getting there, and a film like The Lost City gaining well-received reception also plays a part in paving a better road for embracing feel-good and heartwarming adventures that end with a happily ever after. While The Lost City is more in line with films like The Mummy or Jungle Cruise in recent years, its careful attention to detailing a romance novelist's importance is where it succeeds beyond Sandra Bullock and Channing Tatum's ridiculously joyful chemistry. There's a specific scene where Tatum's character Alan, the cover model for Bullock's Loretta Sage's novels, mentions how he was ashamed of the position at first but realized he should embrace it after seeing the amount of happiness the stories bring to the readers. It remains a tragic truth that romance readers have long hidden their books and love for the genre in various social spheres. It is also still very much not as renowned as a genre in scholarly studies either. And for the longest time, happy endings have been deemed cliches that should not be considered ""good writing"" despite the detail that it's one of the top-selling genres yearly. Thereby, Alan's decision to embrace the genre and everything that comes with it beautifully encapsulates the shift that's been taking place lately, with more fans showing off their favorite novels with pride than shame. Removing words like ""trash"" from our discourse and loving these books openly as opposed to telling people they should ""read (or in this case, watch) something more realistic."" The Lost City is far from a real adventure, but it made people laugh out loud countless times in the theater while allowing them to leave feeling a little bit better than when they walked in. And what this line in particular does is it openly enables a man to embrace a genre that's predominantly read and embraced by women. A film like The Lost City isn't going to change everyone's mind. No, that would be unrealistic to believe, but what it can do is be an exhibition of the fact that the romance genre can be honored more often than not. We can walk into theaters expecting silly adventures that'll fill us with joy and find ourselves thoroughly impressed with the outright decision to praise romance. If nothing else, the film attempts to ensure that both readers and writers know that they should be proud of the joy that comes from consuming content that's wholesome. As one of the queens of romantic comedies, Bullock's role as a romance novelist feels especially fitting. To have the character embody what"
257,MTH_Doc7_The_Lost_City,MTH_Doc7_The_Lost_City,MTH,Comedy,Negative,The_Lost_City,"If you squint, you might recognise a slew of better films that the creators of ""The Lost City"" may have had in mind as they worked on developing Sandra Bullock's latest 'action, romantic comedy'. Certainly, the film is rarely romantic, only fleetingly comedic and its action set-pieces are underwhelming. But you can make out some faint glimmer of what it might be attempting. For a film with four credited script-writers and an additional fifth person with a ""story by"" credit, most of what ""The Lost City"" could or might be, is eclipsed by the aggressive nothingness of what it is  an incredibly tepid film experience. A writer in her late-fifties finds herself thrust into an unlikely romance with a younger man. That's actually the plot for Nancy Meyer's ""Something's Gotta Give"", where Diane Keaton finds herself navigating potential romance with a younger Keanu Reeves and an older Jack Nicholson. But it did occur to me while watching, ""The Lost City"" where Sandra Bullock plays Loretta, a late-fifties writer who finds herself in an unlikely potential romance with a younger man (played by Channing Tatum) how different romance, or the illusion of it, looks like when a movie actually has something to say. And it's anyone's guess what, if anything, ""The Lost City"" has to say. The bones of the plot are straightforward enough  Loretta is a widow who writes romance novels and is on a book tour when she's kidnapped by Abigail Fairfax, a nefarious billionaire looking for a lost city with an allegedly priceless treasure. Loretta's historical research with her deceased archaeologist husband has Fairfax convinced she can help him locate the treasure. In an attempt to convince Loretta of his devotion, her cover model (Tatum as Alan) embarks on a rescue mission to the remote Atlantic Island. Chaos ensues, then adventure and then romance. If that all sounds like a vaguely clumsy set-up for a film with so many writers, it's not the only case of ""The Lost City"" feeling defined by a general noncommittal energy. It's a perplexing tone for a film that carries a lot of weight. In a 'post-pandemic' world, the question of whether audiences will venture out to cinemas for anything beyond the spectacle of superhero fantasy is a big question. And the intentions of a mid-budget romantic comedy, led by a woman (Bullock also produces this) is a great idea. A world with more romantic comedies on the big-screen is a better world, especially ones that honour women over fifty. Yet, little of anything in ""The Lost City"" feels as exciting, or innovative or engaging as that potential might be. Is it a radical point to say that a film must both be romantic and comedic before it's allowed to market itself as a romantic comedy? Theoretically, it shouldn't, but increasingly the films going by the romcom moniker seem dispossessed of either the 'rom' or the 'com' leaving us with interminable sludges that elicit an ambivalent ""ummm"" more than anything. This"
258,MTH_Doc8_The_Lost_City,MTH_Doc8_The_Lost_City,MTH,Comedy,Negative,The_Lost_City,"Romance author Loretta Sage (Sandra Bullock) is kidnapped at the start of her latest book tour by an eccentric billionaire (Daniel Radcliffe) who believes she knows the location of a lost treasure known as the Crown of Fire. Meanwhile, the cover model of her novels (Channing Tatum) sets off to rescue her with the help of a professional adventurer (Brad Pitt)... 'The Lost City' is not a remake of 'Romancing The Stone' nor its sequel, 'The Jewel of the Nile'. It does, however, try very hard to evoke them in tone and theme. Sandra Bullock's character is a fuddy-duddy writer of romance novels, much like Kathleen Turner's character. Check. There's an exotic location. Check again. There's a priceless treasure waiting for them at the end of this journey. There's romance, adventure, lots of freewheeling comedy, and there's good chemistry between the two leads and it's clocking in just shy of an hour and a half. Check and check again. About three-quarters of the movie is Sandra Bullock and Channing Tatum working their way through a relatively plodding script, pausing every once in a while for a highly structured comedic beat with some ad-lib moments interspersed throughout. Daniel Radcliffe, meanwhile, is acting out through his eyes and seems to be in constant danger of bursting a vein out of his head. Da'Vine Joy Randolph and Patti Harrison, both of whom play the agent and social media coordinator for Sandra Bullock's author, are left back in the city to try and figure out what they can do to rescue her, while Brad Pitt has an extended cameo as a competent rescuer who exits in the most cack-handed fashion - not on purpose, mind, but by the mere fact of sloppy and inept writing. What you find throughout 'The Lost City' is a movie that is trying very, very hard to be something better. It wants to call back to all those lighthearted romantic comedy adventures of the '80s, the kind that Goldie Hawn et al excelled at, but the whole thing comes off like an average cover of a good song. It's completely fine, everyone involved is competent and knows what they're doing, and the intentions are honourable. Who doesn't love an action-comedy with romance thrown into the middle of it? Yet, 'The Lost City' just doesn't live up to the movies it's so ardently trying to match itself with. It doesn't have the same effortlessness, the comedy doesn't have the same off-the-cuff energy, and even though Channing Tatum are both gifted comedic actors, when put together they don't mix quite as well as you'd hope. It's not that one is trying to outdo the other, as they're both capable of ceding to one another if it'll make things funnier, but it's simply that their very presence together feels off. Sure, you've got a role reversal in that Sandra Bullock is quite competent and knows what she's doing while Channing Tatum is the ditsy damsel in distress, but that's not enough. Sandra"
259,MTH_Doc9_The_Lost_City,MTH_Doc9_The_Lost_City,MTH,Comedy,Positive,The_Lost_City,"As superhero films strengthened their grip on the industry, one of the first genres for studios to no longer deem a ""theatrical necessity"" was the romantic comedy. Nowadays, most people get their romcom fix from Netflix (Set it Up, Always Be My Maybe, etc.) but there was a time  not so long ago  when movies like My Big Fat Greek Wedding, Hitch, and Pretty Woman could pair a couple of movie stars (Will Smith, Julia Roberts, etc.) with a creative concept and make nearly $200 million at the domestic box office, packing in crowds like a Marvel movie. Cut to 2022 and, extraordinary exceptions like 2018's Crazy Rich Asians aside, most romcoms simply can't compete with the IP-driven titles that have theaters in a chokehold; despite being critically acclaimed, 2017's The Big Sick and 2019's Long Shot, for instance, barely registered with average audiences. However, that doesn't mean some romcom aficionados aren't still trying to keep the genre alive. Just this February, we saw the release of the Jennifer Lopez's Marry Me (co-starring Loki's Owen Wilson as her mismatched love interest), and the multihyphenate even has another due for June  Shotgun Wedding, co-starring Transformers' Josh Duhamel. But, before that, this month brings us the long-awaited The Lost City, which not only gives Sandra Bullock yet another starring role in one of the genres she's most famous for (While You Were Sleeping, The Proposal, you know the rest) but also, along with last month's Dog, serves as co-star Channing Tatum's triumphant return to live-action cinema, having been absent since 2017's Kingsman: The Golden Circle. On paper, The Lost City looks like the kind of thing that used to be Hollywood's bread-and-butter  a old-fashioned ""movie movie"" based around an original idea and led by two mega stars with clearly defined public personas who lure in audiences despite the lack of IP. And, in execution, it's every bit the exuberant big-screen entertainment you'd expect it to be. We start on Loretta Sage (Bullock), a dissatisfied, middle-aged author who, following the death of her husband and her inability to publish a book on their archeological findings, turned to writing romance-adventure novels centered around a beautiful and brooding fictional hero named Dash (who is given a vibrant visage by clueless cover model Alan Caprison, played by Tatum). But now, Loretta's found herself in a rut; aside from rarely (if ever) leaving her house, she's grown disenchanted with the series as a whole, and she wants this latest book  which she's about to leave for a book tour on  to be her last. That doesn't sit well with Alan (who relies on this job since he can't really do anything else) and her brassy publicist Beth (Da'Vine Joy Randolph, of Dolemite Is My Name and Office Christmas Party), but before they can voice too many frustrations, Loretta is kidnapped by Abigail Fairfax (Harry Potter's Daniel Radcliffe), a bizarre billionaire who believes that the lost city in her new book is"
260,MTH_Doc10_The_Lost_City,MTH_Doc10_The_Lost_City,MTH,Comedy,Positive,The_Lost_City,"Some viewers might find adventure rom-com The Lost City smarmy and off-putting, while others will sink into its warm bath of tropes with pleasure and relief. But the film is about that same tension. It's been widely hailed as a retread of Romancing the Stone (itself a riff on The African Queen and Raiders of the Lost Ark), but I think a better comparison is the recent Jumanji reboot, which sets a group of stock characters in search of an exotic McGuffin, but which explicitly frames its cartoonish action as video gameplay, and its characters as players whose familiarity with the game clashes with the incongruity of their underlying 'real selves'. Similarly, The Lost City begins with a delightful sequence lampooning romantic adventure storytelling, which turns out to be the projected imagination of jaded romance author Loretta Sage (Sandra Bullock), who's stuck on the ending of her latest novel, The Lost City of D. If that cheap joke doesn't raise a smirk, this film probably isn't for you  but I saw it in a cinema filled with women who'd been enjoying free cocktails in the foyer, which is the right and proper viewing experience. The Lost City is a story about the vicarious pleasures of romance fiction, and about the folly of either dismissing them as stupid or of taking them too seriously. The film amiably indulges corny tropes  forced proximity! Tending wounds! A hardened heart learns to love again! There's only one hammock!  while also incorporating its audience's resistance to them. And it tests, and resolves, the story's conflicts between brains and body, reality and fantasy, and contempt and respect, using the personas its stars have both honed over long, successful careers. So, if you feel romance fiction is beneath you, here's Bullock as Loretta, a self-professed 'sapiosexual' whose escapist novels star a brilliant female archaeologist and her hunky sidekick, Dash  whom the Fabio-esque hunk Alan (Channing Tatum) portrays on her book covers. Still mourning her archaeologist husband, Loretta dismisses her books as trash and despises her rapturously horny female fans, who wish they could feel the fictitious Dash beneath them. Her latest book tour stop, at a romance convention, is going as awkwardly as expected, despite the best efforts of her publicist Beth (Da'Vine Joy Randolph) and social media manager Allison (Patti Harrison), who push Loretta onstage in a sequined fuchsia jumpsuit that's memorable enough to get its own plotline. Loretta storms out, and Alan follows her to declare his longstanding crush ... only to witness hired goons bundling her into a black SUV. Her kidnapper is Abigail Fairfax (Daniel Radcliffe)  'it's a gender-neutral name!'  a scion of a billionaire family who's still seething that the company was passed to his brother. Unlike most of Loretta's fans, Abigail has read her novel The Lost City of D with a nerd's eye. He's convinced that the city is real, that it hides a priceless jewelled crown buried in a grieving queen's tomb, and"
261,WSY_Doc1_MeanGirls,WSY_Doc1_MeanGirls,WSY,Comedy,Positive,Mean Girls,"In a wasteland of dumb movies about teenagers, ""Mean Girls"" is a smart and funny one. It even contains some wisdom, although I hesitate to mention that lest I scare off its target audience. The TV ads, which show Lindsay Lohan landing ass over teakettle in a garbage can, are probably right on the money; since that scene is nothing at all like the rest of the movie, was it filmed specifically to use in the commercials? Lohan stars as Cady Heron, a high school junior who was home-schooled in Africa while her parents worked there as anthropologists. She is therefore the smartest girl in school when her dad is hired by Northwestern and she enrolls in Evanston Township High School which, like all American high schools in the movies, is physically located in Toronto. What she's not smart about are the ways cliques work in high school, and how you're categorized and stereotyped by who you hang with and how you dress. Cady makes two friends right away: Janis (Lizzy Caplan), a semi-goth whose own anthropology includes an analysis of who sits where in the cafeteria, and why; and Damian (Daniel Franzese), Janis' best friend, described as ""too gay to function."" They clue her in: The three most popular girls in the junior class are the Plastics, so-called because they bear an uncanny resemblance to Barbie. They're led by Regina George (Rachel McAdams), a skilled manipulator whose mother's boob job has defined her values in life. Her sidekicks are Gretchen (Lacey Chabert) and Karen (Amanda Seyfried). Janis and Damian warn Cady against the girls from hell. But when Regina invites Cady to join their table, Janis urges her to: She can be a spy and get inside information for their campaign to destroy Regina. And she can recommend an obscure brand of Swedish ""diet bar"" actually used by athletes to gain weight, so that slim Regina with her flawless complexion can find out how it feels to be chubby and spotty. ""Mean Girls"" dissects high school society with a lot of observant detail, which seems surprisingly well-informed. The screenplay by ""Saturday Night Live's"" Tina Fey is both a comic and a sociological achievement, and no wonder; it's inspired not on a novel but on a nonfiction book by Rosalind Wiseman. Its full title more or less summarizes the movie: Queen Bees and Wannabes: Helping Your Daughter Survive Cliques, Gossip, Boyfriends, and Other Realities of Adolescence. The mothers in the movie are not much help, however, and Fey's screenplay wisely uses comedy as a learning tool. Fey also plays a math teacher named Ms. Norbury, who is more plausible and likable than most high school teachers in the movies, and also kind of lovable, especially in the vicinity of the school principal, Mr. Duvall (Tim Meadows, a former ""SNL"" star). Although many of producer Lorne Michaels' movies with ""SNL"" cast members have been broad, dumb and obvious, this one has a light and infectious touch, and it's a revelation to"
262,WSY_Doc2_MeanGirls,WSY_Doc2_MeanGirls,WSY,Comedy,Positive,Mean Girls,"I also love Lindsay Lohan, but in a different way. Lohan portrays Cady Heron (pronounced ""Katie Heron""), a rather unique girl who is entering Evanston Township High School as a junior after being home-schooled all her life, which was mostly spent in Africa. Her parents are anthropologists and raised her in the wild, but now her dad's job has brought them to America and it's time for Cady to get indoctrinated into American society through high school. As you might guess, it's pretty rough for Cady on that first day, since she's used to wild animals but not as wild as American teenagers. Thankfully, Cady is portrayed by Lohan, who is smokin' hot, and right after she makes two friends from the outcast crowd Cady gets an ultra-rare invite to lunch with the Plastics, who are the 2004 model of the Heathers, with much more money and an appeal to a wider demographic that includes young children (no suicides or games of strip croquet in Mean Girls, sorry to say). Cady isn't sure that she wants to go Plastic but her outcast-y friends Janis (Lizzy Caplan) and Damian (Daniel Franzese) decide they can destroy the Plastics from within if Cady will serve as a double-agent, so Cady agrees to go Plastic for nefarious purposes. But being a Plastic means power and prestige, and that may lure Cady over to the dark side and away from the wholesome home-schooled girl she was before. Meanwhile, adult males who get dragged to Mean Girls but are strong enough to resist the charms of cinematic nubile teenagers get a double entertainment whammy from Tina Fey's charmingly fun yet wittily caustic script. As Roger Ebert noted, Mean Girls is exceptional in the way it hits all the plot points you'd expect (Cady throws a little get-together at her house that blows up out-of-hand, Cady falls for a forbidden guy, the teachers and principal have to get involved in turmoil that occurs) but doesn't necessarily go overboard on selling those formula points as the film's strengths. Mean Girls progresses along as you might expect, but with a couple curveballs and a resistance to the black-and-white judgments that almost always color high school movies. Friends get betrayed, but they weren't perfect friends to begin with. Lessons are learned and karmic comeuppance is dished out, but it's all organically evolved from the plot and much closer to real world occurrences than the usual cinematic staging where a bad guy gets a pie-in-the-face humiliation while everyone laughs and uplifting music plays. Maybe nowadays everyone, even kids in high school, know that high school isn't and shouldn't be the highlight of your life (unless you're a really attractive high school quarterback or cheerleader!) so high school movies don't have to present themselves as treatises on life. It's just four years that usually occur during the transition from childhood to adulthood, where a lot of stuff is changing and everyone is trying to find their identity in an atmosphere that seems"
263,WSY_Doc3_MeanGirls,WSY_Doc3_MeanGirls,WSY,Comedy,Positive,Mean Girls,"I rented Mean Girls one afternoon recently with my sister when we decided we were more than overdue for a girly movie extravaganza. There are certain movies we both, as card-carrying, non-girly girls, are loath to admit we actually want to see. Thusly, about twice a year, we scurry to the video store in clever disguises and hang our heads in shame while the hipster indie video store clerk, who usually can't stand the sight of us anyway, works double time not to actually spit on us for having such bad taste. You should have seen him the time we stumbled in after getting our courage up with a couple of margaritas to try and rent Dirty Dancing. I was sick AND on vacation last week (such GREAT timing) so my sister and I convened and determined that the only thing that would make me feel better was girls-only cheesy movie day and a lot of leftovers from Thanksgiving. We rented Mean Girls, 13 Going on 30 and Before Sunset. I've rented Before Sunset four times now on various occasions and have yet to actually watch it. I think I've finally come to terms with the fact that I clearly don't really want to see it. We got 13 Going on 30 because I love Mark Ruffalo and because, well, we've both been 13 before and I'm about to be 30, so what the hell? Mark Ruffalo was superb. The rest of the movie? Not so much. But we rented Mean Girls because we'd actually both heard from a couple of different places (including Kyle's surprisingly glowing review here) that, for a teen movie about popular high school girls, it wasn't altogether that horrible. And when I found out that Tina Fey (who I love on Saturday Night Live) wrote the screenplay based on a book about the horror of being a teenaged girl that's actually written for parents, we threw caution to the wind and picked it up. I remember being a teenager. And I can't imagine it's gotten anything other than MORE horrifying since my time in high school. I think if I were still a teenaged girl I would have really loved this movie. Because it speaks to some really heinous crap that we (the women folk that is) put each other through year after arduous high school year. I certainly won't pretend I was somehow more evolved than my classmates at the time I was experiencing all the insecurities and horrendous self doubt that goes along with puberty and dating and grades and whatever other drama one might have thrown at them in those years. I wasn't popular by any stretch. But I still hated other girls. And still talked about them with my friends. Even though I hated that they were doing the EXACT SAME THING to me. It's a vicious cycle I tell you. And one that appears to be inevitable. So it was certainly refreshing to see the entire phenomenon broken down and"
264,WSY_Doc4_MeanGirls,WSY_Doc4_MeanGirls,WSY,Comedy,Positive,Mean Girls,"Wednesday, April 30th isn't just any other Wednesday, it's a day to celebrate the early 2000s coming-of-age comedy Mean Girls. This is a film that has held onto my life since the moment it was released with its quotable catchphrases, of the times fashion, and its relatable growing pains for young women. A quintessential movie that is not only filled with legendary performances from the geeks to the plastics but also captures how hard it truly is to be a teenage girl finding your place in the world. It's easy to root for a character like Cady, especially when she is played by Lindsay Lohan, an icon of the times. She's a fish out of water coming from an entirely different country and culture that she inevitably finds out is far from that at North Shore High School. Cady is representative of all girls who are wandering through new surroundings trying to find their place. High school is hard enough with its cliques and the constant pressure girls have that come from all fronts, but Cady coming in as a new student from another country makes her stick out even more. As she enters school, she's true to herself and her style, wearing her bright red hair in a ponytail and clothes that she's comfortable in that lack the ""in"" style that the other girls at her new school are sporting. Lohan gives Cady a naive spirit that shines, especially in the first few acts of the film, showing how girls' youth is often short-lived as we grow into our bodies and minds, and society doesn't allow us to be young for long. As the film progresses and she enters the world of The Plastics, the Cady we connected with in the beginning starts to fade as she dons new clothes and sheds her intelligence to fit in with those who want to change her. Mean Girls works as well as it does thanks to Tina Fey's script that is equal parts hilarious comedy and social commentary on how absolutely dreadful high school is. Her inspiration for the film comes from her own lived experience as a teenager growing up and going to numerous different high schools in her formative years. She also credits Rosalind Wiseman's book titled Queen Bees and Wannabes as a large inspiration for her Mean Girls script. What makes her script so refreshing is that it feels so organically real. Her ability to inject the film with moments we've all experienced while capturing all those uncomfortable feelings makes each scene that much better. Wading through a lunchroom of your peers desperate to find a spot to sit that won't ruin your social standing or sitting through sex education class and hearing all about how sex will kill you while hormones rip through your body. Fey fully fleshes out each character of the film, whether they are main characters like Cady or secondary characters that pop up here and there in the film, such as Kevin G"
265,WSY_Doc5_MeanGirls,WSY_Doc5_MeanGirls,WSY,Comedy,Positive,Mean Girls,"Like Heathers and Clueless, the 2004 Mean Girls turns out to be that rare teen flick that refuses to be pigeonholed as a teen flick. Even more remarkably, it also turns out to be that rare Saturday Night Live-sanctioned comedy that's actually funny. The guiding light behind this project is Tina Fey: She elected to bring Rosalind Wiseman's best-selling Queen Bees and Wannabes: Helping Your Daughter Survive Cliques, Gossip, Boyfriends and Other Realities of Adolescence to the screen, along the way turning a nonfiction book into a fictional screenplay spiced up with her own pithy, piercing observations. Lindsay Lohan (at the height of her popularity) stars as Cady Heron, a naive teen who makes her public school debut after a lifetime of being home-schooled in Africa; a cultural and social blank slate, she finds herself befriended on one side by the outcasts Janis (Lizzy Caplan) and the ""too gay to function"" Damian (Daniel Franzese) and on the other by the bitch-goddesses collectively known as The Plastics (the perfectly cast trio of Rachel McAdams, Amanda Seyfried, and Lacey Chabert). Besides penning the knowing script, Fey also appears as Cady's math teacher; other SNL vets include Amy Poehler, outrageously over-the-top as a shallow mom, and, in a performance that unexpectedly stirred memories of Nipsey Russell, Tim Meadows as the school principal. High school is a jungle in Mean Girls. That's certainly what Cady Heron, a grounded teenager who has been raised in the wilds of Africa by zoologist parents (Ana Gasteyer and Neil Flynn), discovers when the family returns stateside. Back in suburbia, Cady enters high school and finds the social jungle of hormonally charged teenagers and ruthlessly enforced social classes are far trickier to navigate. Or to resist. This is Lindsay Lohan from her Disney features like Confessions of a Teenage Drama Queen and the remake of Freaky Friday with Jamie Lee Curtis, when she was a rising star with a squeaky clean image. That image is central to her character, an open, welcoming young woman who treats everyone with the same acceptance. The breakout star of the film, however, was Rachel McAdams, who practically steals the film as Regina, the head of the snotty Plastics clique of reigning beautiful girls. Cady is appalled at her casual cruelty so she decides to infiltrate the group (Lacey Chabert and Amanda Seyfried are her much-abused sidekicks) and take down the queen bitch of the school. Yet she can't seem to resist the allure of popularity. Think of Cady as a test subject in a study of learned behavior as she transforms into all of those things she hates in her ruthless rival. Tina Fey wrote the comedy based on the nonfiction book Queen Bees and Wannabes, adapting the analyses of teenage girl behavior and the roles they play into a teen social satire, and she has a supporting role as an earnest teacher. Lizzy Caplan costars with Fey and her fellow SNL alumnus Tim Meadows and Mark Waters directs. Though not what you"
266,WSY_Doc6_MeanGirls,WSY_Doc6_MeanGirls,WSY,Comedy,Negative,Mean Girls,"Although Mean Girls is likely to be frequently compared to Heathers, and perhaps occasionally to Election, the movie it most strongly reminds me of is 1999's Jawbreaker. All four of these films offer a darkly satirical perspective of high school and popularity, but, while Heathers and Election follow things through to the bitter end, Mean Girls, like Jawbreaker, loses its comic momentum before the closing credits roll. In this case, the ending is more sappy than happy and gives us the sense that the screenplay betrays its origins in order to avoid an unsettling denouement. As a result, Mean Girls works for its first three-quarters, then implodes as it approaches the finish line. In high school, more than at any other time in life, you are judged by your friends. There's a clique for almost every type of student - even the loners have their exclusive group. In the lunchroom, you are where you sit, and, if you don't fit in, you're not invited. The high school pecking order, which favors good looks and brawn over brains and glasses, dictates that jocks, cheerleaders, and would-be models are royalty, while members of the chess club are to be avoided as if they carry a social plague. Most students eventually happily settle into their niche, but even the most anti-establishment would be lying if they claimed never to toy with thoughts of what it might like to be popular. Because popularity means power, friends, dates, and favors, and when you're a teenager, what could be better? Mean Girls introduces us to Cady Heron (Linday Lohan), a 16-year old girl who is going to high school for the first time. After being home schooled for most of her life by parents who traveled all around the world, Cady is finally getting a chance to enter a suburban Illinois hell of peer pressure and hormones. Her first day is a disaster - the only one to pay any attention to her is her math teacher, Ms. Norbury (Tina Fey). But, on day two, a couple of outsiders befriend her. One is a goth girl named Janis (Lizzy Caplan) and the other is an overweight gay guy named Damian (Daniel Franzese). They teach her the ways of the school jungle, which, as it turns out, isn't that different from the African jungle where Cady spent some of her life. Then, unexpectedly, Cady is invited to sit at the table of the three ""plastics"" - the high school's queen and two princesses. Their leader, Regina (Rachel McAdams), isn't only the prettiest and most popular girl in school, she's also the biggest bitch on campus. She is served by her two handmaidens, shallow Gretchen (Lacey Chabert) and dumb Karen (Amanda Seyfried). For reasons of their own, the plastics decide to induct Cady into their small group. She's not interested, but at the urging of Janis and Damian, she goes along with it so she can sew the seeds of dissention from within. Meanwhile, Cady falls for tall,"
267,WSY_Doc7_MeanGirls,WSY_Doc7_MeanGirls,WSY,Comedy,Negative,Mean Girls,"When 16-year-old Cady (Lindsay Lohan) first arrives at her new school after ten years of homeschooling, she is a kind, sweet girl. But don't think that there's any positive statement here about homeschooling. Cady herself goes out of her way to tell us that typical homeschoolers are either dysfunctional geek freaks or fundamentalist bigot nutcases. Thus begins Mean Girls' lesson in tolerance and compassion. At school, Cady is befriended by two social outcasts: an artsy girl named Janis (Lizzy Caplan) with an all-black goth look, and her sidekick Damian (Daniel Franzese), whom Janis describes as ""almost too gay to function."" She is also befriended by the clique of popular girls (dubbed ""the Plastics"" by Janis), queened by Regina (Rachel McAdams), who think Cady pretty enough to be their friend despite her ignorance of proper social rules for high-school ""success."" Janis and Damian think it's a scream that Cady is accepted into the inner circle of ""the Plastics,"" and tell her to pretend to be friends with them in order to spy on them, perhaps learning something which can be used against them. Cady, however, is genuinely nice to everyone, not having learned the nasty socialization of high school that she has been lacking in her education. She doesn't remain innocent for long. Cady is quickly swept into their world and begins to become one of them - dressing to their standards (i.e., like a slut), lying and back-stabbing, gossiping about and putting down the rest of the world. In the end, when this behavior has alienated her from absolutely everyone, even those from whom she learned this behavior, she decides that ""calling someone fat doesn't make you thinner, and calling someone dumb doesn't make you smarter."" Now there's some wisdom for you. Mean Girls, written by ""Saturday Night Live"" alum Tina Fey (who also plays math teacher Ms. Norbury), was loosely inspired by a non-fiction self-help book by Rosalind Wiseman called Queen Bees and Wannabes: Helping Your Daughter Survive Cliques, Gossip, Boyfriends, and Other Realities of Adolescence. I don't know what lessons Wiseman's book imparts, but as far as I can tell here are the lessons of Mean Girls: High-school girls are basically back-stabbing, lying gossipers at heart. Everyone who is not a total loser is having sex in high school. Being mean to other people won't ultimately make you happy. And, of course, homeschoolers are ordinarily loser freaks, unless they are really hot like Lindsay Lohan and become properly ""socialized."" In the end, no one has really learned their lesson (despite Regina's unfortunate accident with a school bus), though everyone can get along now - ever since ""the Plastics"" broke up and each joined other cliques. It's nice to see some respectable authority figures. Cady's parents are caring and smart (even if her father doesn't know what ""grounded"" means). The principal knows how to take charge effectively, and doesn't take sadistic glee in lording his authority over students like some movie principals. Ms. Norbury is a kind, tough teacher"
268,WSY_Doc8_MeanGirls,WSY_Doc8_MeanGirls,WSY,Comedy,Negative,Mean Girls,"Based on the novel which is not a narrative story yet a text book/survival guide, writer Tina Fey really pulls off a feat here. ""Mean Girls"" is a basic analyses of how women are like animals, which is accurate within the context of the events that unfold for Cady Heron. Directed by Mark Waters, ""Mean Girls"" centers on Cady Heron, a young girl who moved from Africa with her family and is now introduced in to the high school mainstream, another jungle with students whom act like wildlife, hunting in packs and basically attacking one another. Cady is exposed to the main clique in school, The Plastics. What ""Mean Girls"" has going for it above all of the other high school comedies is the talent behind it. Tina Fey adapts from the book, translating it in to an utterly witty and clever film that is often times funny as hell. There were many times where I was surprisingly laughing out loud, but that's due mainly to the SNL veterans that have roles throughout the film. Tim Meadows is a sheer highlight as the principal of the school, who has to deal with the pandemonium going on with the students, and his dead pan delivery of the sharp one-liners are utterly entertaining. Amy Poehler plays a mom struggling to stay young alongside her daughter with fake breasts that are described as ""hard"", along with Tina Fey who has a small standout role as a math teacher who has a sense of inside with the teens. Along with the comedic performances there are Lizzy Caplan and Daniel Franzese whom are hilarious as Cady's friends, and ""The Plastics"" that aren't really that bad of people, when the narrative begins exploring them in a different perspective. There's Amanda Seyfried, Rachel McAdams, and Lacey Chabert respectively as the trio of catty alpha females, all of which are pretty fascinating and interesting characters when forced in to their own consequences and forms of punishment. Chabert is the most interesting as Gretchen Weiners; she's such a desperate clinging follower, you can almost picture her as an over bearing mom in the suburbs seeking a place in the upper echelons of the status quo. Chabert gives the best performance here. Then there's Amanda Seyfried, playing the doe eyed ditzy blonde often dismissed as simple minded. Rachel McAdams is always good, and gives a very good performance as Regina George, the prima-donna alpha female of The Plastics who is pure phoniness in a beautiful package and really holds her own against the other cast, respectively. The film never truly convinces us these villainesses are being anything but women, and that's the ultimate moral in the end. Fey's character gives a very interesting scene where she tests the girls to see who has actually talked about a girl and the results are not that surprising. Basically, they're bitches and evil because they're women being women? I didn't buy it, and Fey's script never bothered to make them an exception. Sadly,"
269,WSY_Doc9_MeanGirls,WSY_Doc9_MeanGirls,WSY,Comedy,Negative,Mean Girls,"Alessandra Stanley noted recently in the New York Times that teen-targeted TV shows often bear little resemblance to reality. They portray teenagers not as they are, but as they would like to be; teens in these shows are licentious and conniving. While ""Mean Girls"" is a far cry from soap-operatic fare like ""The O.C."" its characters do engage in their fair share of backstabbing. Their tactics are far-fetched, and their dialogue is too snappy to be termed realistic, letting fly comebacks and catchphrases like nobody's business. If you want to hear how teenagers actually talk to one another, see ""Elephant."" In this respect, the script from SNL head writer Tina Fey is too smart for its own good. Still, it is precisely this intelligence, and Fey's refusal to talk down to her audience, that elevates ""Mean Girls"" above most other teen movies out there. The titular mean girls, Gretchen, Karen, and queen bee Regina, are known by their high school peers as the Plastics, an ultra-elite clique whose common qualities seem to be fashion sense and scorn for those without it. Cady (pronounced Katie), played by Lindsay Lohan, is a worldly teen who grew up with her anthropologist parents in the African savanna. When the Plastics recruit her into their ranks, Cady learns that navigating ""girl world"" might not be so different from the cutthroat wilds of the jungle. Fey's script, witty to the point of overwhelming its humor, is light years ahead of its competition. After the obligatory party-run-amok scene, Cady's mom discovers that a ritual tribal vase has been misplaced. She asks if the priceless artifact means anything to the teenage girl, to which Cady replies it doesn't. ""Who are you?"" her mom asks, truly dumbfounded. If Lohan, who held her own opposite one of the best comedic performances of last year (that would be Jamie Lee Curtis in ""Freaky Friday""), continues picking projects like these, she will easily assure her place as one of the best teen actors out there today. As the school's principal, Mr. Duvall, Tim Meadows brings alive a character that could easily have been a cardboard cutout. Duvall has a personality beyond, and sometimes in conflict with, his job. At the school talent show, he loosens up, coaxing the assembled parents and students, ""Let me hear you make some noise!"" After a few seconds of applause, Duvall seems to get nervous, his position as principal resuming control. ""All right, settle down,"" he tells them. Later, when the whispered secrets and vicious rumors of the school's girls are made public, a tremendous catfight ensues, enveloping the school in chaos. A teacher runs into Duvall's office, exclaiming, ""The girls have gone wild!"" Duvall springs into action, tearing off his tie and blazer, grabbing a baseball bat, and marching to the hallway to take care of business. When Cady's math teacher, Ms. Norbury (Fey, in an inspired bit of casting), rounds up the misbehaving girls for group counseling, the movie itself begins to feel like a"
270,WSY_Doc10_MeanGirls,WSY_Doc10_MeanGirls,WSY,Comedy,Negative,Mean Girls,"You have to give Hollywood credit. In a time of raised expectations in productivity all across the American economy, they don't disappoint - they consistently churn out the same mediocre product year after year. Occasionally, though, a gear slips and somehow a film squeaks through that is lively or subversive enough to reinvigorate a tired formula. Is Mean Girls this movie? Well, it's at least very close. Mean Girls re-teams Mark Waters and the charming Lindsay Lohan, the director and star of last summer's Freaky Friday. This is a very good start. The two worked well together in that film; Waters expertly hit all the requisite comic and sappy notes while showcasing remarkable performances by Lohan and Jamie Lee Curtis. Lohan has a remarkable range for an actor of her age, and Waters knows how to use it. In Mean Girls, she shows several new sides. Her Cady Heron starts off sweet and guileless, a naive girl who is attending public school for the first time, having previously been home-schooled by her parents, both research zoologists. After 12 years in Africa, the Herons are taking teaching positions at Chicago University and have decided Cady needs to be with other kids her age. Great idea, folks. She's first befriended by the school's artsy outcasts, Janis (Janis Ian, to be exact, a well-chosen inside joke) a goth-girl who may be a lesbian, and Damian, a teddy bear of a guy who's ""almost too gay to function."" Though Damien is standard gay stereotype, Daniel Franzese invests the character with so much warmth and humor that you can't help but like him. Constrained by his height and his stocky build, Franzese was relegated to standard big-dumb-guy roles in Bully and Party Monster, so it's nice to see him doing something different, and doing it well. Still, Damian is yet another neutered gay male, the one character who is never given a love interest. Despite her initial awkwardness, Cady's girl-next-door beauty attracts the attention of the Plastics, Regina (Rachel McAdams), Gretchen (Lacey Chabert), and Karen (Amanda Seyfried), vapid, selfish ""teen royalty"" who offer Cady a Pygmalion makeover and a chance to join them at the top of the social totem pole. Cady's not interested, but Janis, who wants revenge for an old hurt, persuades her to infiltrate the Plastics so that she, Cady, and Damian can mock them. Eager to please her new friends, Cady becomes a double-agent, eventually playing her role so well it becomes unclear even to her which is her true self. The basic story elements are familiar from such films as Clueless, Jawbreaker, and Heathers (which was written by Waters' brother Daniel), as well as every afterschool special about the pitfalls of teens trading their souls for popularity. The screenplay here, by ""Saturday Night Live""'s Tina Fey, strikes a balance between the candy sweetness of Clueless and the black humor of Jawbreaker and Heathers, focusing less on the girls' milieu and over-plotted reversals of fortune and more on the psychology of"
271,CPG_Doc1_The_Conjuring_2,CPG_Doc1_The_Conjuring_2,CPG,Horror,Positive,The Conjuring 2,"The Conjuring 2 is the kind of sequel that reminds me why studio horror can still feel cinematic when it is made with patience and control. From its opening stretch onward, the film announces a confidence in mood and visual storytelling that many franchise entries only imitate. James Wan's direction creates tension through camera movement, blocking, and patient buildup instead of relying only on loud shocks. That point became more noticeable to me the longer the film went on, because it shaped not only individual scenes but also my overall reaction to the movie. The Enfield setting gives the sequel a broader identity, with cramped rooms, hallways, staircases, and rainy streets all contributing to atmosphere. That point became more noticeable to me the longer the film went on, because it shaped not only individual scenes but also my overall reaction to the movie. Vera Farmiga and Patrick Wilson make Ed and Lorraine Warren feel grounded, affectionate, and emotionally credible in a way that lifts the material. That point became more noticeable to me the longer the film went on, because it shaped not only individual scenes but also my overall reaction to the movie. The film's sound design, from knocks to distorted voices to silence, turns ordinary domestic spaces into threats. That point became more noticeable to me the longer the film went on, because it shaped not only individual scenes but also my overall reaction to the movie. Even at a long runtime, the story keeps finding ways to vary the scares through possession, investigation, and family drama. That point became more noticeable to me the longer the film went on, because it shaped not only individual scenes but also my overall reaction to the movie. The nun imagery is memorable enough that it lingers beyond the individual set pieces. That point became more noticeable to me the longer the film went on, because it shaped not only individual scenes but also my overall reaction to the movie. The movie balances crowd-pleasing horror mechanics with sincere character work rather than treating the family as disposable victims. That point became more noticeable to me the longer the film went on, because it shaped not only individual scenes but also my overall reaction to the movie. One reason that matters is that haunted-house movies live or die by whether the audience believes the spaces on screen have a history. Here, the furniture, wallpaper, narrow bedrooms, and cluttered common rooms all seem lived in enough that the disturbances register as violations of daily life rather than just genre business. The film repeatedly returns to basic household routines sleeping, eating, arguing, caring for siblings and that repetition creates a baseline the supernatural can disrupt. That point became more noticeable to me the longer the film went on, because it shaped not only individual scenes but also my overall reaction to the movie. I also think the sequel benefits from understanding that reaction shots are part of horror grammar. The movie does not simply reveal a"
272,CPG_Doc2_The_Conjuring_2,CPG_Doc2_The_Conjuring_2,CPG,Horror,Positive,The Conjuring 2,"Watching The Conjuring 2 again, I was struck by how confidently it builds atmosphere before it cashes in on the scares. From its opening stretch onward, the film announces a confidence in mood and visual storytelling that many franchise entries only imitate. What stands out most is the craftsmanship: transitions, framing, and pacing all feel controlled and deliberate. That point became more noticeable to me the longer the film went on, because it shaped not only individual scenes but also my overall reaction to the movie. The sequel understands that a haunted-house film works best when the house itself becomes readable, almost like a map of fear. That point became more noticeable to me the longer the film went on, because it shaped not only individual scenes but also my overall reaction to the movie. The children and mother at the center of the Enfield case are given enough time that the danger feels personal instead of abstract. That point became more noticeable to me the longer the film went on, because it shaped not only individual scenes but also my overall reaction to the movie. Farmiga especially brings warmth and vulnerability that make Lorraine more than a stock clairvoyant figure. That point became more noticeable to me the longer the film went on, because it shaped not only individual scenes but also my overall reaction to the movie. The movie remembers to be entertaining, but it also knows when to slow down and let anxiety spread across a quiet scene. That point became more noticeable to me the longer the film went on, because it shaped not only individual scenes but also my overall reaction to the movie. Its visual motifs religious imagery, shadows, reflective surfaces, and doorwaysgive the film a consistent language. That point became more noticeable to me the longer the film went on, because it shaped not only individual scenes but also my overall reaction to the movie. For a studio horror sequel, it is unusually polished and emotionally invested. That point became more noticeable to me the longer the film went on, because it shaped not only individual scenes but also my overall reaction to the movie. One reason that matters is that haunted-house movies live or die by whether the audience believes the spaces on screen have a history. Here, the furniture, wallpaper, narrow bedrooms, and cluttered common rooms all seem lived in enough that the disturbances register as violations of daily life rather than just genre business. The film repeatedly returns to basic household routines sleeping, eating, arguing, caring for siblings and that repetition creates a baseline the supernatural can disrupt. That point became more noticeable to me the longer the film went on, because it shaped not only individual scenes but also my overall reaction to the movie. I also think the sequel benefits from understanding that reaction shots are part of horror grammar. The movie does not simply reveal a figure in the corner and move on. It watches faces, bodies, hesitation, and disbelief."
273,CPG_Doc3_The_Conjuring_2,CPG_Doc3_The_Conjuring_2,CPG,Horror,Positive,The Conjuring 2,"What impressed me most about The Conjuring 2 is that it does not treat the haunted-house formula as something to rush through. From its opening stretch onward, the film announces a confidence in mood and visual storytelling that many franchise entries only imitate. The Conjuring 2 succeeds because it treats setup as a strength rather than a chore. That point became more noticeable to me the longer the film went on, because it shaped not only individual scenes but also my overall reaction to the movie. Instead of rushing from scare to scare, it lays out family routines, personalities, and room geography so later disruptions hit harder. That point became more noticeable to me the longer the film went on, because it shaped not only individual scenes but also my overall reaction to the movie. Patrick Wilson gives Ed a steadiness that keeps the movie from drifting into pure spectacle. That point became more noticeable to me the longer the film went on, because it shaped not only individual scenes but also my overall reaction to the movie. The London period details help the world feel lived-in without overwhelming the central conflict. That point became more noticeable to me the longer the film went on, because it shaped not only individual scenes but also my overall reaction to the movie. Several sequences earn their impact through timing and spatial logic, which is more satisfying than random jump cuts. That point became more noticeable to me the longer the film went on, because it shaped not only individual scenes but also my overall reaction to the movie. The movie also benefits from having a villain image that is simple, iconic, and easy to recall. That point became more noticeable to me the longer the film went on, because it shaped not only individual scenes but also my overall reaction to the movie. Its sentimentality will not work for everyone, but here it supports the story's emphasis on protection and faith. That point became more noticeable to me the longer the film went on, because it shaped not only individual scenes but also my overall reaction to the movie. One reason that matters is that haunted-house movies live or die by whether the audience believes the spaces on screen have a history. Here, the furniture, wallpaper, narrow bedrooms, and cluttered common rooms all seem lived in enough that the disturbances register as violations of daily life rather than just genre business. The film repeatedly returns to basic household routines sleeping, eating, arguing, caring for siblings and that repetition creates a baseline the supernatural can disrupt. That point became more noticeable to me the longer the film went on, because it shaped not only individual scenes but also my overall reaction to the movie. I also think the sequel benefits from understanding that reaction shots are part of horror grammar. The movie does not simply reveal a figure in the corner and move on. It watches faces, bodies, hesitation, and disbelief. Those beats extend tension"
274,CPG_Doc4_The_Conjuring_2,CPG_Doc4_The_Conjuring_2,CPG,Horror,Positive,The Conjuring 2,"The Conjuring 2 works for me because it understands that fear grows out of space, rhythm, and emotional investment. From its opening stretch onward, the film announces a confidence in mood and visual storytelling that many franchise entries only imitate. This is the kind of sequel that understands what audiences liked about the original and expands it carefully. That point became more noticeable to me the longer the film went on, because it shaped not only individual scenes but also my overall reaction to the movie. There is more scale, more mythology, and more movement, yet the best scenes still come from a bedroom, a hallway, or a frightened conversation. That point became more noticeable to me the longer the film went on, because it shaped not only individual scenes but also my overall reaction to the movie. Wan stages fear as a process: a suggestion, a sound, a reaction, and only then a reveal. That point became more noticeable to me the longer the film went on, because it shaped not only individual scenes but also my overall reaction to the movie. That method gives the film rhythm and confidence. That point became more noticeable to me the longer the film went on, because it shaped not only individual scenes but also my overall reaction to the movie. The performers playing the Hodgson family keep the emotions from becoming mechanical. That point became more noticeable to me the longer the film went on, because it shaped not only individual scenes but also my overall reaction to the movie. I also appreciated how the movie frames the Warrens as a married team rather than generic experts delivering exposition. That point became more noticeable to me the longer the film went on, because it shaped not only individual scenes but also my overall reaction to the movie. Because of that, the final act has genuine emotional stakes in addition to horror payoffs. That point became more noticeable to me the longer the film went on, because it shaped not only individual scenes but also my overall reaction to the movie. One reason that matters is that haunted-house movies live or die by whether the audience believes the spaces on screen have a history. Here, the furniture, wallpaper, narrow bedrooms, and cluttered common rooms all seem lived in enough that the disturbances register as violations of daily life rather than just genre business. The film repeatedly returns to basic household routines sleeping, eating, arguing, caring for siblings and that repetition creates a baseline the supernatural can disrupt. That point became more noticeable to me the longer the film went on, because it shaped not only individual scenes but also my overall reaction to the movie. I also think the sequel benefits from understanding that reaction shots are part of horror grammar. The movie does not simply reveal a figure in the corner and move on. It watches faces, bodies, hesitation, and disbelief. Those beats extend tension because they make the haunting social. Fear spreads"
275,CPG_Doc5_The_Conjuring_2,CPG_Doc5_The_Conjuring_2,CPG,Horror,Positive,The Conjuring 2,"Among mainstream horror sequels, The Conjuring 2 stands out because it feels designed rather than merely assembled. From its opening stretch onward, the film announces a confidence in mood and visual storytelling that many franchise entries only imitate. A lot of modern horror feels interchangeable, but this one has identity. That point became more noticeable to me the longer the film went on, because it shaped not only individual scenes but also my overall reaction to the movie. It is glossy without becoming empty and reverent toward older haunted-house traditions without feeling dusty. That point became more noticeable to me the longer the film went on, because it shaped not only individual scenes but also my overall reaction to the movie. The film's visual control is obvious in the way scenes are composed around corners, mirrors, stair rails, and half-open doors. That point became more noticeable to me the longer the film went on, because it shaped not only individual scenes but also my overall reaction to the movie. The editing gives the scares breathing room, which makes the eruptions more effective. That point became more noticeable to me the longer the film went on, because it shaped not only individual scenes but also my overall reaction to the movie. There is also a generosity toward supporting characters that helps the possession plot feel tied to a real household. That point became more noticeable to me the longer the film went on, because it shaped not only individual scenes but also my overall reaction to the movie. By the time the investigation deepens, the audience has enough attachment to care about outcomes rather than just waiting for the next shock. That point became more noticeable to me the longer the film went on, because it shaped not only individual scenes but also my overall reaction to the movie. That combination of craft, accessibility, and character is why the movie works so well. That point became more noticeable to me the longer the film went on, because it shaped not only individual scenes but also my overall reaction to the movie. One reason that matters is that haunted-house movies live or die by whether the audience believes the spaces on screen have a history. Here, the furniture, wallpaper, narrow bedrooms, and cluttered common rooms all seem lived in enough that the disturbances register as violations of daily life rather than just genre business. The film repeatedly returns to basic household routines sleeping, eating, arguing, caring for siblings and that repetition creates a baseline the supernatural can disrupt. That point became more noticeable to me the longer the film went on, because it shaped not only individual scenes but also my overall reaction to the movie. I also think the sequel benefits from understanding that reaction shots are part of horror grammar. The movie does not simply reveal a figure in the corner and move on. It watches faces, bodies, hesitation, and disbelief. Those beats extend tension because they make the haunting social. Fear"
276,CPG_Doc6_The_Conjuring_2,CPG_Doc6_The_Conjuring_2,CPG,Horror,Negative,The Conjuring 2,"The Conjuring 2 is often praised as one of the stronger modern horror sequels, but watching it closely left me more impressed than genuinely disturbed. From its opening stretch onward, the film announces a confidence in mood and visual storytelling that many franchise entries only imitate. For all of its polish, the sequel often feels like a larger but less surprising replay of the first film. That point became more noticeable to me the longer the film went on, because it shaped not only individual scenes but also my overall reaction to the movie. James Wan can still stage a scare, yet the underlying structure is familiar enough that many scenes feel pre-solved. That point became more noticeable to me the longer the film went on, because it shaped not only individual scenes but also my overall reaction to the movie. The long runtime gives the movie room to sprawl rather than intensify. That point became more noticeable to me the longer the film went on, because it shaped not only individual scenes but also my overall reaction to the movie. Instead of sharpening the central haunting, the script keeps adding backstory, side mythology, and dramatic padding. That point became more noticeable to me the longer the film went on, because it shaped not only individual scenes but also my overall reaction to the movie. That expansion makes the film seem important without actually deepening its ideas. That point became more noticeable to me the longer the film went on, because it shaped not only individual scenes but also my overall reaction to the movie. The Warrens remain watchable because of the actors, but the screenplay flatters them so much that they lose complexity. That point became more noticeable to me the longer the film went on, because it shaped not only individual scenes but also my overall reaction to the movie. By the climax, spectacle replaces ambiguity and the movie becomes more exhausting than frightening. That point became more noticeable to me the longer the film went on, because it shaped not only individual scenes but also my overall reaction to the movie. Part of my frustration is that the film mistakes accumulation for complexity. It keeps layering new signs of evil and new pieces of explanatory mythology, yet those additions rarely change the emotional meaning of what we are watching. They simply restate that the threat is severe. After a while, that repetition dulls the effect. The movie grows louder and busier at exactly the moment it should be growing stranger. That point became more noticeable to me the longer the film went on, because it shaped not only individual scenes but also my overall reaction to the movie. I also found the dramatic structure flattening over time. Scenes begin to feel interchangeable: a period of uneasy calm, a signal that something is wrong, a jolt, a reaction, and then a regrouping before the next escalation. That cycle can work for a while, but over this runtime it"
277,CPG_Doc7_The_Conjuring_2,CPG_Doc7_The_Conjuring_2,CPG,Horror,Negative,The Conjuring 2,"I can understand why many viewers enjoy The Conjuring 2, yet the movie never quite justified its reputation for me. From its opening stretch onward, the film announces a confidence in mood and visual storytelling that many franchise entries only imitate. The Conjuring 2 is technically accomplished, but technique is not the same thing as genuine dread. That point became more noticeable to me the longer the film went on, because it shaped not only individual scenes but also my overall reaction to the movie. The film repeatedly announces how scary it is going to be, then delivers another polished variation on a hallway fake-out, a loud sting, or an ominous painting. That point became more noticeable to me the longer the film went on, because it shaped not only individual scenes but also my overall reaction to the movie. What should feel uncanny instead feels overdesigned. That point became more noticeable to me the longer the film went on, because it shaped not only individual scenes but also my overall reaction to the movie. The movie also leans hard on sentimental domesticity, and for me that undercuts the terror rather than enriching it. That point became more noticeable to me the longer the film went on, because it shaped not only individual scenes but also my overall reaction to the movie. The emotional beats are telegraphed so clearly that they start to resemble manipulation. That point became more noticeable to me the longer the film went on, because it shaped not only individual scenes but also my overall reaction to the movie. Even the memorable nun imagery feels imported for franchise building instead of arising naturally from the Enfield story. That point became more noticeable to me the longer the film went on, because it shaped not only individual scenes but also my overall reaction to the movie. The result is competent, handsome, and rarely surprising. That point became more noticeable to me the longer the film went on, because it shaped not only individual scenes but also my overall reaction to the movie. Part of my frustration is that the film mistakes accumulation for complexity. It keeps layering new signs of evil and new pieces of explanatory mythology, yet those additions rarely change the emotional meaning of what we are watching. They simply restate that the threat is severe. After a while, that repetition dulls the effect. The movie grows louder and busier at exactly the moment it should be growing stranger. That point became more noticeable to me the longer the film went on, because it shaped not only individual scenes but also my overall reaction to the movie. I also found the dramatic structure flattening over time. Scenes begin to feel interchangeable: a period of uneasy calm, a signal that something is wrong, a jolt, a reaction, and then a regrouping before the next escalation. That cycle can work for a while, but over this runtime it becomes visible as a system. Once I could see"
278,CPG_Doc8_The_Conjuring_2,CPG_Doc8_The_Conjuring_2,CPG,Horror,Negative,The Conjuring 2,"There is no question that The Conjuring 2 is professionally made, but professionalism alone does not make a horror film truly effective. From its opening stretch onward, the film announces a confidence in mood and visual storytelling that many franchise entries only imitate. I admired parts of the craft, but the movie kept pushing me away with its self-importance. That point became more noticeable to me the longer the film went on, because it shaped not only individual scenes but also my overall reaction to the movie. A haunted-house sequel does not need to be minimalist, yet this one mistakes length and intensity for depth. That point became more noticeable to me the longer the film went on, because it shaped not only individual scenes but also my overall reaction to the movie. The plot circles the same ideas belief, family, doubt, evil without saying much that is new. That point became more noticeable to me the longer the film went on, because it shaped not only individual scenes but also my overall reaction to the movie. Scenes that should be terrifying are often overlit, overexplained, or undercut by obvious musical cues. That point became more noticeable to me the longer the film went on, because it shaped not only individual scenes but also my overall reaction to the movie. The family at the center is sympathetic, but the film never fully trusts their perspective because it keeps returning to the franchise mythology. That point became more noticeable to me the longer the film went on, because it shaped not only individual scenes but also my overall reaction to the movie. That shift makes the possession feel less immediate and more like another episode in an expanding brand. That point became more noticeable to me the longer the film went on, because it shaped not only individual scenes but also my overall reaction to the movie. There are impressive shots here, but not enough fresh insight to justify the scale. That point became more noticeable to me the longer the film went on, because it shaped not only individual scenes but also my overall reaction to the movie. Part of my frustration is that the film mistakes accumulation for complexity. It keeps layering new signs of evil and new pieces of explanatory mythology, yet those additions rarely change the emotional meaning of what we are watching. They simply restate that the threat is severe. After a while, that repetition dulls the effect. The movie grows louder and busier at exactly the moment it should be growing stranger. That point became more noticeable to me the longer the film went on, because it shaped not only individual scenes but also my overall reaction to the movie. I also found the dramatic structure flattening over time. Scenes begin to feel interchangeable: a period of uneasy calm, a signal that something is wrong, a jolt, a reaction, and then a regrouping before the next escalation. That cycle can work for a while, but over this"
279,CPG_Doc9_The_Conjuring_2,CPG_Doc9_The_Conjuring_2,CPG,Horror,Negative,The Conjuring 2,"The Conjuring 2 has scale, polish, and strong performers, but I kept feeling the machinery behind every scare. From its opening stretch onward, the film announces a confidence in mood and visual storytelling that many franchise entries only imitate. My main issue is that the movie feels engineered for admiration. That point became more noticeable to me the longer the film went on, because it shaped not only individual scenes but also my overall reaction to the movie. Every camera move seems designed to make viewers notice the control behind it, which can be impressive but also distancing. That point became more noticeable to me the longer the film went on, because it shaped not only individual scenes but also my overall reaction to the movie. Rather than letting fear emerge organically, the film keeps arranging moments to be appreciated as horror set pieces. That point became more noticeable to me the longer the film went on, because it shaped not only individual scenes but also my overall reaction to the movie. That turns suspense into a kind of showcase. That point became more noticeable to me the longer the film went on, because it shaped not only individual scenes but also my overall reaction to the movie. The Ed and Lorraine material is earnest, yet almost too reverential to generate friction. That point became more noticeable to me the longer the film went on, because it shaped not only individual scenes but also my overall reaction to the movie. Because the couple is presented as spiritually heroic from the start, conflict becomes procedural rather than dramatic. That point became more noticeable to me the longer the film went on, because it shaped not only individual scenes but also my overall reaction to the movie. The sequel is never incompetent, but I found it more dutifully entertaining than haunting. That point became more noticeable to me the longer the film went on, because it shaped not only individual scenes but also my overall reaction to the movie. Part of my frustration is that the film mistakes accumulation for complexity. It keeps layering new signs of evil and new pieces of explanatory mythology, yet those additions rarely change the emotional meaning of what we are watching. They simply restate that the threat is severe. After a while, that repetition dulls the effect. The movie grows louder and busier at exactly the moment it should be growing stranger. That point became more noticeable to me the longer the film went on, because it shaped not only individual scenes but also my overall reaction to the movie. I also found the dramatic structure flattening over time. Scenes begin to feel interchangeable: a period of uneasy calm, a signal that something is wrong, a jolt, a reaction, and then a regrouping before the next escalation. That cycle can work for a while, but over this runtime it becomes visible as a system. Once I could see the system clearly, the fear largely disappeared. That"
280,CPG_Doc10_The_Conjuring_2,CPG_Doc10_The_Conjuring_2,CPG,Horror,Negative,The Conjuring 2,"For long stretches, The Conjuring 2 feels like a sequel that knows exactly what people want and delivers it too obediently. From its opening stretch onward, the film announces a confidence in mood and visual storytelling that many franchise entries only imitate. This sequel has all the ingredients of an effective studio horror movie, and that may be exactly the problem. That point became more noticeable to me the longer the film went on, because it shaped not only individual scenes but also my overall reaction to the movie. It is assembled with so much professional assurance that very little feels unstable or dangerous. That point became more noticeable to me the longer the film went on, because it shaped not only individual scenes but also my overall reaction to the movie. The scares are timed well, the performances are solid, and the period design is attractive, but the movie rarely escapes formula. That point became more noticeable to me the longer the film went on, because it shaped not only individual scenes but also my overall reaction to the movie. Its biggest swings arrive as mythology, iconography, and declarations of evil instead of discoveries. That point became more noticeable to me the longer the film went on, because it shaped not only individual scenes but also my overall reaction to the movie. I wanted more uncertainty, more strangeness, and less confidence that the franchise already knew what audiences came to see. That point became more noticeable to me the longer the film went on, because it shaped not only individual scenes but also my overall reaction to the movie. By the end, the film seemed less interested in haunting the viewer than in confirming its own brand identity. That point became more noticeable to me the longer the film went on, because it shaped not only individual scenes but also my overall reaction to the movie. That makes it decent entertainment, not memorable horror. That point became more noticeable to me the longer the film went on, because it shaped not only individual scenes but also my overall reaction to the movie. Part of my frustration is that the film mistakes accumulation for complexity. It keeps layering new signs of evil and new pieces of explanatory mythology, yet those additions rarely change the emotional meaning of what we are watching. They simply restate that the threat is severe. After a while, that repetition dulls the effect. The movie grows louder and busier at exactly the moment it should be growing stranger. That point became more noticeable to me the longer the film went on, because it shaped not only individual scenes but also my overall reaction to the movie. I also found the dramatic structure flattening over time. Scenes begin to feel interchangeable: a period of uneasy calm, a signal that something is wrong, a jolt, a reaction, and then a regrouping before the next escalation. That cycle can work for a while, but over this runtime it becomes"
281,JHH_Doc1_The_Others,JHH_Doc1_The_Others,JHH,Horror,Positive,The_Others,"There's a slightly chill, studied quality to Nicole Kidman's screen presence that invites admiration rather than affection  an effect quite the reverse of that associated with her ex-spouse. But as exec producer of ""The Others,"" Tom Cruise has handed Kidman the most generous divorce settlement any working-thesp wife could ask for. ""The Others"" is a luxuriously old-fashioned star vehicle custom-fit to its topliner's strengths, which come across to sensational effect. Drawing on two forgotten 1940s subgenres  the woman-in-jeopardy U.S. noir and the British Gothic romance  first English-language feature by Chilean-born hyphenate Alejandro Amenabar is a delicious goose-pimpler that could become the late summer's sleeper. Related Stories Harry Potter HBO Boss Casey Bloys Says 'Harry Potter' Season 2 Is Being Written 'Now': 'Our Goal Is to Not Have a Huge Gap' Draco Malfoy Lox Pratt Tom Felton Has Reached Out to New Draco Malfoy in 'Harry Potter' Series: 'Here's My Phone Number ... If You Need a Word of Encouragement, I'm There' Popular on Variety The video player is currently playing an ad. Only major obstacle to that prospect is a vaguely literary, costume-drama sheen auds may assume signals Merchant-Ivory terrain. More apt comparison would be last year's surprise smash ""What Lies Beneath,"" which similarly let a skillful, seldom fully tapped actress electrify retro-thriller mechanics with her own neurotic ambiguity. ""The Others"" may strike a more rarefied chord, but grownups eager for suspense sans explosions should find rewards here. ADVERTISEMENT Genteel yet macabre tenor is established in a neat opening-credit seg that sets archaic ""penny dreadful"" illustrations against the clipped tones of Kidman reading a not-so-restful children's bedtime story. A title pegs the time and place  post-armistice 1945, remote Jersey Island off England's southern coast  as three working-class transients knock on an imposing rural manse's front door. They're greeted by Grace (Kidman), an astringent young mother living alone with two children. Her husband was killed in the war and the last batch of servants disappeared a week earlier. How fortunate, then, that these uninvited visitors  dithering old gardener Mr. Tuttle (Eric Sykes), cheerful housekeeper Mrs. Mills (Fionnula Flanagan) and mute young cook Lydia (Elaine Cassidy)  not only came looking for domestic work, but once were employed at this very site. ADVERTISEMENT ADVERTISEMENT Hired on the spot, the servants soon glean why their immediate predecessors left. Grace is a terse, high-strung mistress, exacting in her demands. Claiming her children have a rare allergy to sunlight, she requires drapes be drawn all the time, and each door passed through must be left locked. The prepubescent kids are shut in cavernous, barely furnished rooms with exposed candle flames for hours on end. Lack of telephone or radio access renders the prison-like isolation queasily complete. Grace's overprotectiveness has left kindergarten-aged Nicholas (James Bentley) a clinging fraidy-cat, while elder sis Anne (Alakina Mann) is beginning to rebel against this severe regime. ADVERTISEMENT Grace at first blames the new help when a series of minor poltergeist-style disturbances  doors left"
282,JHH_Doc2_The_Others,JHH_Doc2_The_Others,JHH,Horror,Positive,The_Others,"The Others (2001) Director: Alejandro Amenabar Screenwriter: Alejandro Amenabar Starring: Nicole Kidman, Christopher Eccleston, Fionnula Flanagan, Alakina Mann, James Bentley, Eric Sykes, Elaine Cassidy The horror genre is always in flux, constantly reinventing itself with each new generation. Whether it's breathing new life into tired tropes or rewriting the rules of the genre itself, horror never fails to find a way to terrify and delight us. More than any other genre, horror shows us what we're afraid of, what keeps us awake at night. As our fears evolve and change, so do the stories we tell, but there are some fears that never go away. Written and directed by Alejandro Amenabar and released in 2001, The Others is a gothic thriller that explores those primal fears. With breathtaking visuals, a singular performance from Nicole Kidman, and a twist so obvious you won't see it coming, The Others is still captivating and frightening today, nearly two decades after its release. The year is 1945. The war is over and the Nazi occupation of the Channel Islands has ended. Grace Stewart (Nicole Kidman) lives with her two children in relative isolation in a grand manor house, hoping and praying that her husband (Christopher Eccleston) will return home from the front. Because her children suffer from a severe allergy to light, Grace lives her life in perpetual darkness, desperately clinging to her faith. But when three servants show up unexpectedly, strange things begin to take place. Things Grace cannot explain. It's not long before she begins to suspect that something  or someone  is haunting her home. The Others owes a lot to the films of Alfred Hitchcock, and other suspense thrillers from the 40s and 50s. It's apparent what kind of film Amenabar is trying to emulate and he has a firm grasp on what made those films so thrilling and unnerving. It's an old fashioned ghost story, a return to form. In an age where spectacle and special effects films dominate the industry, The Others is proof that old techniques still work. There is no blood and gore  there are hardly any jump scares. What's scary about The Others is what we don't see, what's lurking in the shadows. Footsteps on the stairs, a piano that plays by itself. Amenabar plays on our fears of the unknown, making us feel like children again, grasping in the darkness to turn on the light. But the light cannot save you in The Others. Because of the children's allergy to light, the daytime is harsh and cold  unforgiving. It allows for one of the most terrifying moments of the film, when Grace awakens and finds every single curtain in the house taken down. Sunlight pours through the large windows as Grace frantically moves through the house, her children hiding underneath her robe. In The Others, you cannot simply turn on the light or wait until morning, the anxiety is an undercurrent throughout the film. Cinematographer Javier Aguirresarobe paints The Others in"
283,JHH_Doc3_The_Others,JHH_Doc3_The_Others,JHH,Horror,Positive,The_Others,"Grace (Nicole Kidman) has been waiting for her husband to return from war. She has chosen a beautiful but desolate feeling Jersey mansion to retire with her 2 young photosensitive children. The children are unique in that they can't be in the sunlight for very long without being hurt. This rare disease might seem directly related to vampirism, but this is no vampire movie. The children simply had the unfortunate luck of contracting a rare form of ailment. Though due to this the children must restrict themselves to a rudimentary life filled with a set of strict rules they have to abide by. The-Others-2011-movie-8-450x315 As Grace gets acquainted with the new residence, it becomes apparent that she can't take care of the kids AND a mansion sized home all on her own. She hires on a small group of servants. They consist of Mrs. Bertha Mills (Fionnula Flanagan), Edmund Tuttle (Eric Sykes), and Lydia (Elaine Cassidy). Though shortly after Grace begins to experience a number of unexplainable circumstances. As she enters a room, doors slam, noises are heard above without cause, and things like the curtains disappearing begin to convince Grace that perhaps the house is haunted. The-Others-2011-movie-7-450x318 As the film progresses it becomes clear that alot of things going on are stranger than one would expect. In fact, it might seem like the story is suffering from too many holes, and moments that don't add up. Though as they say ...all will be revealed in time. Nicole Kidman gives one of her best performances, which also has received accolades in her role as Grace Stewart. Her often snide and prudish persona seems to fit comfortably within the framework of this unique haunting tale. The-Others-2011-movie-5-450x301 What works in this movie is its ability to stack clues and hints of something not yet revealed building carefully on tension and driving us to the finale. The element of horror is kept very cautious and subtle but yet still builds upon the fears of the supernatural while doing so. Alot of the unseen and audio ques help to elevate this notion bringing on a believable fear within Kidman's character. The-Others-2011-movie-1-450x298 The movie was inspired by the novel The Turn of the Screw, and a re- adjustment of the 1961 film 'The Innocents'. Though for some reason, I vaguely remember another old black and white movie that also ends on the same twist. At the moment I cant place it, but I distinctly remember watching it several times when I was younger. The ending which is the punch line to the whole premise has been compared to ""The Sixth Sense"" at least in a similar M. Night Shyamalan fashion. Though my connection was Amenabar's sense of building his story on previous events that come full circle ein reveal. The-Others-2011-movie-4 This movie has often been praised for its sensitivity and representation of the after life. Amenabar has really given this film some thought which shows in the overwhelming response it has received from the horror"
284,JHH_Doc4_The_Others,JHH_Doc4_The_Others,JHH,Horror,Positive,The_Others,"I reviewed ""The Others"" back in 2012my 18th overall review. That was at a time when my thirst for horror had yet to kick in. I liked the movie for its scares and twist ending but didn't have the tools to fully digest what I watched. I decided that an updated viewing with my now honed critical skills and appreciation for the horror genre was in order. Released in 2001, ""The Others"" came during the horror renaissance of the late '90s and early '00s. A time when films like ""The Sixth Sense"" and ""The Ring"" were walking the line of horror and cinema with A-list cast in leading roles and blockbuster feel with score and effects. To land an actress like Nicole Kidman in a starring role is almost unheard of for horror. The result is an unheralded classic for the genre. Perfect Horror Ambiance Set in 1945, ""The Others"" takes place in a colossal mansion enshrouded in an endless fog. Grace Stewart (Nicole Kidman) resides in said mansion with her two creepy kids. There's ambiguity from the start. A trio of servants arrives to replace ones that mysteriously vanished. Grace's husband left for WWII and has not been heard from since. She has a set of bizarre rules everyone must follow inside the haunted house. Fionnula Flanagan and Christopher Eccleston in ""The Others."" (Photo: Cruise/Wagner Productions, 2001). Nicole Kidman is the star of the film and demonstrates how excellent a horror movie can be when top talent is involved. Kidman displays a range required for a scary film. Grace Stewart is an emotional character. A strict disciplinarian, she keeps her kids (Alakina Mann and James Bentley) in proper form. Nicole Kidman is as big a name as there is, and she has the chops to run the gauntlet of strong to terrified as the mystery unfolds. True Terror Filmmaker Alejandro Amenabar wrote and directed. The horror scenes are some of the best you will find on film. There's tension at the onset. A mystery. A spooky locale. The arrival of ominous servants (Fionnula Flanagan and Christopher Eccleston) make us uneasy as we watch. It opens with one of the strongest jump scares I have ever experienced. Several scenes throughout are a terrifying blend with perfect chills that are never overdone. Nicole Kidman stars in ""The Others."" (Photo: Cruise/Wagner Productions, 2001). At 105 minutes, the film doesn't overstay its welcome. There's not a wasted scene or editing misstep. The twist ending belongs up there with ""The Sixth Sense"" or ""The Usual Suspects"" as one of the best of all time. What's great is that the story isn't a standard haunted house affair. There's a mystery element that weaves through the plot from beginning to end. Fear not, there are paranormal elements to keep the goosebumps fresh. ""The Others"" proves to be a true modern era horror classic. I'm surprised it doesn't land on more top movies of the genre lists. Excellent acting, directing, and filmmaking team up for a great"
285,JHH_Doc5_The_Others,JHH_Doc5_The_Others,JHH,Horror,Positive,The_Others,"Nicole Kidman has saved the summer of 2001  it is now official. In what would have been deemed a pit of mediocrity and nightmares consisting of Angelina Jolie as some raider of tombs or Marky Mark making dough-eyes at attractive apes, has now been bookended by two terrific Kidman films. First Moulin Rouge ushered us in and now The Others is leading us the way out. The Others is the tale of Grace (Kidman) trying to take care of her two ailing young children shortly after the end of World War II. Kidman is waiting for the return of her husband from the war and is all alone in a giant Gothic mansion. Her two children suffer from a rare allergy to sunlight that is so severe that if exposed long enough their bodies will develop markings and they will asphyxiate to death. To accommodate this illness the entire Kidman household is in the dark and grounded in stern rules. No door is to be unlocked without locking the last, like trapping water in compartments of a sinking ship. Grace discovers that she does need help and accepts three mysterious strangers that have said they were caretakers to this house once before. Before long the children start reporting odd events occurring that resemble ghosts; a door is opened when it shouldn't be, someone is making noise where there is no one, and the children report having interaction with otherworldly spirits. Grace scoffs at any notion of the paranormal and goes back to instructing her children with the Bible and its accounts of penance and hell. The incidences begin to build further and further until The Others becomes a full-fledged ghost spectacle. Spanish writer/director Alejandro Amenabar's first English feature film is one of carefully textured craft and effective mood. The Others follows the points of ghost stories closely from dark hallways to the creepy and slightly dilapidated house closely. Every move, though, is so well in tune that they are highly effective in creating actual suspense and spookiness. One may have seen the same items numerous times before, however The Others utilizes them so gracefully that it achieves the full desired impact each can bring. Amenabar has created a ghost story that is genuinely creepy and at times scary. Kidman shines as the dutiful and determined mother. Her performance is one of great dedication and she just consumes whole-heartedly the distress, confusion, and fear of this lonely mother. She is a true anchor for a film. Watching every moment of her on screen is amazing as well as invigorating. This role may lead to possible Oscar buzz come the end of the year but that is just speculation for now. The rest of the acting is very thorough and well handled by the few other cast members. James Bentley and Alakina Mann portray Kidman's afflicted children and have much of the movie hinging on their performances. Not to worry, these two excel and give credence to being two of the"
286,JHH_Doc6_The_Others,JHH_Doc6_The_Others,JHH,Horror,Negative,The_Others,"""The Others"" is a haunted house mystery from which you assume, trained by recent movies, that it is filled with flashy special effects, violent shocks, blood-curdling apparitions, undulating staircases, telescoping corridors, graves opening in the basement, doors that will not lock or will not open, and dialogue like ""There's something in this house! Something . . . diabolic!"" You would be right about the dialogue. This is a haunted house movie, dark and atmospheric, but it's quiet and brooding. It has less in common with, say, ""The House on Haunted Hill"" than with ""The Sixth Sense"" or a story by Oliver Onions. It's not a freak show but a waiting game, in which an atmosphere of dread slowly envelops the characters too slowly. Comparing this movie with ""The Sixth Sense,"" we feel a renewed admiration for the way M. Night Shyamalan was able to maintain tension through little things that were happening, instead of (this film's strategy) big things that seem about to happen. The film takes place in an isolated manor on the island of Jersey, off the British coast. In this house lives Grace (Nicole Kidman) and her two children, the tremulous Nicholas (James Bentley) and the cheeky Anne (Alakina Mann). To the house one day come three servants, who are responding, or say they are responding, to Grace's advertisement for domestic help. There are vacancies because the previous servants decamped in the middle of the night without a word of notice. The three new applicants have the advantage of being familiar with the house. It is a sound tradition of British fiction that servants do not leave a house only to later return and be rehired (the sole exception is George Wellbeloved, Lord Emsworth's pig-keeper at Blandings Castle). But these are the days immediately after World War II, which claimed, or seems to have claimed, Grace's husband in battle, and so perhaps help is hard to find. She hires them: Mrs. Mills (Fionnula Flanagan), the middle-aged Irish woman with the know-it-all nods, the young mute girl Lydia (Elaine Cassidy), and the gardener Mr. Tuttle (Eric Sykes), who is so ancient that for him planting a seed is an act of wild optimism. There are odd rules in the house. Each of the 50 doors must be locked before another can be opened. The curtains must always be drawn. These measures are necessary, Grace explains, because Anne and Nicholas are so allergic to the sunlight that they might die if exposed to it. The film's events are such that I must not describe them. Even a hint might give away the game. Of course they are elusive and mysterious, reported by some, not seen by others, explained first one way and then another. By the time we arrive at the line ""there's something in this house!"" we are not only prepared to agree, but to suspect that in supernatural terms, it's as crowded as the Smithsonian's attic. The director, Alejandro Amenabar, has the patience to create a languorous, dreamy atmosphere,"
287,JHH_Doc7_The_Others,JHH_Doc7_The_Others,JHH,Horror,Negative,The_Others,"Take M. Night Shyamalan's great ghost story The Sixth Sense, with its restraint, deliberate pacing, puzzle-box structure, and striking architectural context. Take away its likable, sympathetic main characters  Haley Joel Osment, Bruce Willis, Toni Collette  who anchored the story to reality; and replace them with a cast of unsettlingly strange characters who could only exist in a ghost story. Buy at Amazon.com 2001, Dimension. Directed by Alejandro Amenabar. Nicole Kidman, Christopher Eccleston, Fionnula Flanagan, Elaine Cassidy, Eric Sykes, Alakina Mann, James Bentley. Artistic/Entertainment Value Moral/Spiritual Value -2 Age Appropriateness Teens & Up* MPAA Rating PG-13 Caveat Spectator Pervasive ominous mood and scenes of creepy dread and menace; unsettling parent-child interactions; brief violence; fleeting marital sensuality; mixed depictions of Catholic faith and practice. About These Ratings Then re-anchor the story to reality by asking whether there are really any ghosts at all  whether apparently spectral manifestations might not in fact be no more than an unstable woman's imaginings, or the cruel pranks of a spiteful child, or the malicious work of mysterious servants with unguessable motives. Bear in mind that moviegoers are increasingly wise to Sixth-Sense style tricks, and will carefully analyze each of these characters in turn, trying to figure out what might not be as it seems. Make the story scarier and more unnerving than The Sixth Sense  but do it without any gory or gross imagery; almost without special effects. At the same time, don't try for the touchingly human side of the earlier film. Tell a creepy ghost story, and tell it well. Put Nicole Kidman, a compelling actress who creates a bond with audiences even when she's playing an off-puttingly unsympathetic character (cf. To Die For; Malice), at the center of the film. Finally, where Indian writer-director Shyamalan's film was devoid of religious references, suffuse the story with Catholic belief and practice. When one character suggests that ""Sometimes the world of the dead gets mixed up with the world of the living,"" have another character point out that ""The Lord would never allow such an abberation""  even if the only allowable reply to a declaration like that in a ghost story is: ""There isn't always an answer for everything."" That, not quite in a nutshell, is what Chilean writer-director Alejandro Amenabar has done in The Others, a chillingly effective haunted-house thriller that combines the spooky with the spiritual, ghostly phenomena with philosophical musings about religion, Henry James (The Turn of the Screw) with William James (The Will to Believe). This combination doesn't always work; more particularly, the religious stuff doesn't ultimately pay off. As a spine-tingling ghost story, though, The Others is a superior film. Watch it, and see what was wrong with the Zemeckis/Ford/Pfeiffer flop What Lies Beneath. Rules and clues ""Rules and Clues"" is the name of a bonus feature in the special-edition VHS/DVD release of The Sixth Sense. The Others has rules and clues, too. The story is set in a fog-shrouded manor home on the Isle of"
288,JHH_Doc8_The_Others,JHH_Doc8_The_Others,JHH,Horror,Negative,The_Others,"The Others Movie Review The Others is a 2001 horror film directed by Alejandro Amenabar and starring Nicole Kidman. It is a pretty good, but flawed effort. .......................................................... ""Sometimes the world of the living gets mixed up with the world of the dead"" .......................................................... The Others Movie Review .......................................................... Now obviously this film is a very interesting horror experiment which I admired, but also did not really love. Its double twist ending I did not see coming and it pleasantly surprised me. It was a worthy pay-off to an otherwise dull and uninvolving picture. That ending made it somewhat original and definitely unforgettable, but it also heavily relied on that twist which is so obviously influenced by 'The Sixth Sense'. It also made the entire movie implausible. The protagonists turned out to have been dead all along and thus the reveal that ""the intruders"" are the only living people in the house is fun, but doesn't make any sense whatsoever. Why then would they have not seen them before? They are living in the house so they should have been there all along. It rendered the movie totally unbelievable and full of plot holes. .......................................................... The Others Movie Review .......................................................... But I still did like The Others, do not get me wrong. I just think that it could have easily been great with a couple of tweaks here and there, but ended up being just good. It is one of those serious horror films and it utilizes on its haunted house trope as best as it could. Certainly the first half is overly slow and frankly even dull at some points, but it has its moments and the second half was worth the huge build-up in my opinion. Nicole Kidman is excellent here. She obviously was trying too hard with her British accent, but her performance is still terrific per usual. The others are also fine. I liked her character and she was very well established. I found the entire part with her husband sort of unnecessary, but at least the kids are very memorable and cute and I liked their dynamic. And of course Bertha and the others are terrific and the highlights here. .......................................................... The Others Movie Review .......................................................... The Others is very well shot and I liked the house, but did not love it. Some scenes were terrific such as that sheet sequence and of course the entire third act. To me the film worked best in the ghost sequences while it was too slow in non-ghost ones. I loved the score as it was so great and atmospheric and the film is very well directed by Amenabar, though weakly paced. The Others is a good horror film, but far from a great one. It looks and sounds good with a great score, Nicole Kidman is very good in the main role and the film features an interesting story that utilizes on its haunted house trope well. But the first half is way too slow and frankly"
289,JHH_Doc9_The_Others,JHH_Doc9_The_Others,JHH,Horror,Negative,The_Others,"Horror fans will enjoy our review of The Others (2001), where we cover its story, scares, and how it ranks among modern horror classics. The Others (2001), directed by Alejandro Amenabar, is one of those movies that sticks with you, and not just because of the shocking twist at the end. It's intensely atmospheric, an understated horror that sends chills up your spine without ever needing to resort to cheap scares, monsters or even a clear villain. We're never sure what to be afraid of, only that something sinister is surely going on. The Others is essentially a haunted house movie, but this isn't your traditional haunted house. The film takes place entirely in a stunning countryside mansion. No cobwebs, gargoyles or spooky portraits here. The mansion is, however, perpetually shrouded in a thick fog  which is one of the film's most striking visuals. Nicole Kidman plays an uptight and deeply religious mother of two, whose husband went to war long ago and never returned. Her young children have a rare and fatal allergy to sunlight. Because of their condition, the interior of the mansion home is always dark  the curtains are drawn in every room to prevent the daylight from entering  and the inhabitants must find their way around using only candle light. It's an ingenious story device that not only moves the plot forward, but also enhances the unsettling atmosphere. How many times have you watched a horror film and wondered why the characters don't just turn on the lights? In this film, the light itself is one of the threats. The story begins with Kidman's character, Grace, waking in bed with a scream, as if from a terrible dream. Soon afterward, three old locals arrive at the mansion looking to fill the open position for house and grounds keepers. Nicole shows the three of them around the sprawling residence, sternly enumerating the house rules  notably that every door must be locked before the next one is opened. The house is like a maze, and it's inhabitants are locked inside, both literally and figuratively. Things start to get even stranger quickly. Grace's daughter starts to speak of a boy and his family living in the house that no one else can see. Grace is fed up with her daughter's lies at first, but it's not long before she herself starts to feel the presence of the ""intruders,"" as she calls them. She never wants to use the word ""ghosts""  the concept of the spirits of the dead still walking the Earth conflicts with her religious beliefs. The film builds the suspense slowly, revealing detail after detail that makes us question what is in the house, what connection they have to the characters, and what the new housekeepers have to do with it all. The atmosphere becomes increasingly foreboding and tensions rise between Kidman and the housekeepers, her children, and even herself and her beliefs. The surprising ending masterfully brings together all the little"
290,JHH_Doc10_The_Others,JHH_Doc10_The_Others,JHH,Horror,Negative,The_Others,"Ghost stories are probably the oldest tales in the world. The first homo sapiens with the capacity for speech probably spooked his fellow hunter-gatherers around the campfire at night with yarns about spirits in the wind making the leaves rustle. The Egyptian Book of the Dead is full of ghost stories; so is the Bible. Shakespeare wrote ghost stories; so did Dickens and Conan Doyle. And now we've had a century of cinema. Search for ""ghost"" in the plots listed at the IMDB, and you get more than 400 hits. You'd think by this point, there wouldn't be a new ghost story to tell  I thought so, anyway. But Alejandro Amenabar found a new one. This young Spanish screenwriter/director knows his ghost stories. He sets us up right as The Others opens, letting us know that he has studied the art of scare tactics. On Jersey in the Channel Islands, in 1945, there sits a spooky, mist-shrouded manor  the fog never lifts, and you half expect some old coot to warn you ominously, ""Dinna go on the moors!"" How cliche is it? The servants have run off in a fright, leaving Grace (Nicole Kidman, who, between this subtly steely performance and her terrific turn in Moulin Rouge, is shaping up into a genuine movie star this year) and her young children, Anne (Alakina Mann) and Nicholas (James Bentley) all alone in the rambling house. But this is Amenabar playing with us. If this is what most people imagine a haunted house to look like, if this is how many would describe the boundary where the world of the living meets the world of the dead... well, good. If we were to move right in and set up house in our own personal hell on earth, this would be it, right? Why would we do that? Because we love to torture ourselves, don't we, with memories of better days? Is that why people in movies don't just move out of those haunted houses? But I'm getting ahead of myself. New locals show up at the house, hoping for employment, and Grace hires them on the spot: Mrs. Mills (Fionnula Flanagan), as housekeeper, cook, and nursemaid to the children; Lydia (Elaine Cassidy), as a maid; and Mr. Tuttle (Eric Sykes), as the gardener. Will the three newcomers be scared off, too? Grace, it must be said, for all her elegance, is a little... odd  she has some unusual housekeeping habits that seem more obsessive-compulsive than anything else, at least initially. The children hint at something bad that happened, but they won't talk about what Mommy did. On top of it all, Anne insists she is seeing a ghost boy she calls Victor. Then again, maybe the new help will thoroughly creep Grace out. Mrs. Mills, with her kindly granny eyes and gentle granny voice, accepts Anne's tale of spirits far too casually for Grace's strict Christian tastes. And Grace, for all that she puts the fear of God and"
291,KSF_Doc1_Prometheus,KSF_Doc1_Prometheus,KSF,Sci-Fi,Positive,Prometheus,"I have fervently loved only one film from Ridley Scott's irrepressible output""Thelma & Louise"" (1991), with its beautiful women on the lam, its casual mayhem, sex, and giddy exhilaration. But Scott has made good movies in many genres. He has had a long career as a superlative craftsman of violent spectacle, including the stomach-piercing and (for the audience) stomach-churning science-fiction horror story ""Alien"" (1979); the rain-soaked, velvety, darkly mysterious ""Blade Runner"" (1982); the whirling, clangorous ""Gladiator"" (2000); the war film ""Black Hawk Down"" (2001), with its continuous lines of spatially connected action; and ""American Gangster"" (2007), a knowing portrait of Harlem crime bosses forging their way through the murderous ups and downs of the drug trade. Among commercially successful, big-time directors, perhaps only Steven Spielberg has produced a greater number of memorable images and sequences. Scott's new movie, ""Prometheus,"" in 3-D, is his first sci-fi project since ""Blade Runner,"" and it certainly has a look it's grand, sombre, and gray, like some region of Hell that Dante never got around to mapping. Scott chooses his palette and sticks to it; he's not a director who throws color or digital uproar or meaningless airborne collisions across the screen. He's not out to charm or tease. The action is weighted and scary, the opposite of glib. He wants to impress us; he wants to scare the hell out of us. ""Prometheus"" begins aeons ago, in a frigid, magnificently drab region of the earth, next to a waterfall, where a circular spaceship silently looms and deposits a humanoid creature: a phosphorescent, bald, naked fellow. He cracks apart and disintegrates, and his DNA-laden chromosomes sink into the water. The screenplay, by Jon Spaihts and Damon Lindelof, has an epic scope: from these fragments the human race will eventually be born. The movie then jumps ahead to 2089, when two archeologists, Shaw (Noomi Rapace) and her boyfriend, Holloway (Logan Marshall-Green), discover some cave paintings with figures pointing to a planet or a moon. It's an invitation to visit, Shaw reasons. A few years later, the couple are part of the crew of a trillion-dollar spaceship, Prometheus, embarking on a two-year journey to the planet on which, they believe, the gods who created us live. Shaw uneasily wears a cross around her neck; she can't give up the God of the Bible, even if he may not exist. The Prometheus expedition, despite its grandiose ambitions, is a corporate endeavor, headed by Meredith Vickers, who is played by a distant, short-tempered Charlize Theron, looking sleeker than ever in a silver-gray mohair suit the epitome of outer-space chic. Vickers and the rest of the crew have been suspended in pods for the journey, and tended by David (Michael Fassbender), an elegant blond android who amuses himself during the voyage by bicycling around the ship and shooting baskets. ""Lawrence of Arabia"" is his favorite movie; in his spare time, he preens, dyeing and brushing his hair until it's golden and shiny, like Peter O'Toole's. As the ship is about to land,"
292,KSF_Doc2_Prometheus,KSF_Doc2_Prometheus,KSF,Sci-Fi,Positive,Prometheus,"Prequels may be Hollywood's latest gimmick to repackage old franchises as new movies, but they have one definite advantage over traditional sequels. Whereas parts two, three, four, etc., of a series usually find the filmmakers coming up with plots that move further and further away from the story (and the spirit) of the first movie, a prequel is actually driving toward that original inspiration, which forces everyone involved to honor its memory rather than tarnish it. The Alien prequel Prometheus works best for that exact reason: Rather than trying to reinvent the franchise with new tricks (which is what Alien 3, Alien Resurrection, and those Alien Vs. Predator movies tried to do), Prometheus wants to return us to that uncertain terror that loomed over the 1979 original, when none of us knew what was about to come slithering out of John Hurt's stomach. Prometheus takes place in the late 21st century as a team (led by Noomi Rapace's scientist Elizabeth Shaw and Charlize Theron's ice-cold corporate executive Meredith Vickers) journey to a distant world where the secret to humanity's creation might be found. The third integral member of the group is David (Michael Fassbender), an emotionally passive android who's quite capable of revealing a sense of superiority when Elizabeth's husband Charlie (Tom Hardy lookalike Logan Marshall-Green) treats him like a second-class citizen. To the surprise of no one, their expedition goes badly, but director Ridley Scott (who also directed Alien) doesn't rush us to that inevitable showdown between humans and extraterrestrials. Instead, he lets the mystery build of how that initial encounter transpired, immersing us first in the world of the spaceship Prometheus and its crew. By doing this, Scott gets to remake the basic setup of Alien, which started off as a character drama aboard the Nostromo before the crew responded to that fateful distress signal, sending the film into horror-thriller territory. Audiences just wanting Prometheus to be wall-to-wall action will be disappointed, but I savored every second of the film's drawn-out opening. Because this is a Ridley Scott film, it looks astounding, but more than that, it has the same chilly dispassion that his Alien had. Never mind the fact that the budget is exponentially higher and the vision far grander this time around Prometheus retains Alien's human-scaled drama that gives everything an emotional anchor. If you're going to Prometheus, it's in part because you know horrible things are going to happen to the characters, but the beauty of a horror prequel at least one that's done well is that you can change up how the scares will occur. Simply not having Sigourney Weaver's Ripley around goes a long way toward disorienting usfor the first Alien movie in more than 20 years, we're not entirely sure who's going to make it out alive, if anyone. And while the horror framework isn't radically different this time around as a rule of thumb, it's always bad when an alien goes inside you there's a whole lot less of the relentless chase-chase-chase that started making the"
293,KSF_Doc3_Prometheus,KSF_Doc3_Prometheus,KSF,Sci-Fi,Positive,Prometheus,"Back in 1979, the ground breaking movie ""Alien,"" as directed by Ridley Scott, coined a new genre hybrid; sci-fi space horror. Decades later, that franchise abated and a prequel was planned and abandoned. A new stand-alone film emerged, with vestiges of alien-ish elements, dubbed ""Prometheus."" In its glory, and with some imperfections, this new visceral ode to the ""meaning of life"" underlines Scott's artistic genius once again. Scientists/archeologists Elizabeth Shaw (Noomi Rapace) and Charlie Holloway (Logan Marshall-Green) discover ancient cave drawings that depict humans reaching out to beings from outer space. Segue to the corporate-sponsored spacecraft Prometheus gliding to the edge of the universe manned by a blonde Aryan-like robot named David (Michael Fassbender). He helps crewmembers emerge from hyper-sleep chambers: Shaw, Holloway, steely corporate executive Meredith Vickers (Charlize Theron), the amiable blue-collarish captain Janek (Idris Elba) and assorted worker bees. Janek guides the craft to a distant, barren, brown-earth planet, where odd sightings, large domes and a suspicious-looking straight road come into view. As one excited crewmember puts it, ""God doesn't make things in straight lines."" A contingent explores the planet, not knowing what to expect, but hoping to discover traces of life. They find more than they bargained for in a catacomb filled with cylinders, carvings and evil apparitions. With poise and great artistry, Scott crafts a world that combines high-tech science, primal beginnings, human frailty and sheer horror. The visuals, with supreme aid by cinematographer Dariusz Wolski (""Pirates of the Caribbean"" series) and countless art directors, are jaw-droppingly beautiful. From three-dimensional holograph charts on the spacecraft, to the haunting tunnels in the catacomb, to haunting, porcelain white extraterrestrials, this is pure eye candy. The colors, textures and shapes are magnificent. The flaw in Scott's direction is in his pacing and the absence of any engaging action scenes until the film hits the 50-minute mark. Sci-fi geeks won't care. Others will have their patience tested. And oh, the serpent-looking looking alien creatures, they're ho-hum. The script by Jon Spaihts and Damon Lindelof is fairly refreshing as it steers away from the ""Alien"" allegory and more towards imperfect wretches looking for the essence of mankind. Still, what you miss from the old franchise is a take-charge fighter, ala Ripley (Sigourney Weaver), a decisive leader willing and able to battle the unknown. Most of the crew in this epic react to stimuli and don't create any. The exception is the droid David, who is on a sneaky mission and lacks a conscience. He may be the only, truly compelling character in the film, and he is unsympathetic though deliciously devious. Fassbender, arguably today's most chameleon-like actor, finds the nuances in his robotic persona and plays him cool and cunning. Theron, who in trailers seems like she might play the central character, is a sideshow-an evil capitalist. Elba gives the cast a human side, a normal, everyman both congenial and brave. Guy Pearce has a short part as the corporate elder. The supporting cast is strong but not stellar. Noomi Rapace"
294,KSF_Doc4_Prometheus,KSF_Doc4_Prometheus,KSF,Sci-Fi,Positive,Prometheus,"Ridley Scott has counter-evolved his 1979 classic Alien into something more grandiose, more elaborate  but less interesting. In place of scariness there is wonderment; in place of tension there is hugely ambitious design; in place of unforgettable shocks there are reminders of the original's unforgettable shocks. There are also some shrewd and witty touches, and one terrifically creepy performance from Michael Fassbender, who steals the film with the chilling, parasitic relentlessness of that first gut-bound alien. The original took place in space, where no one can hear you scream; in this film, no one can hear you scream above the deafening, kettle drum-bothering orchestral score. The freaky-dystopian conspiracy spirit of 1970s sci-fi survives, sort of. At one point, someone produces a squeeze-box allegedly once owned by Stephen Stills, but doesn't actually play anything on it. But the subversive spirit has now been melded with the blander aesthetic of the top-dollar multiplex event movie. First time around, the ship was a claustrophobic confine whose crew would look tense and unwell in that stark uplight that seemed to beam off every work surface. Now, the characters are forever making excursions outside the ship into a colossal CGI alien landscape, a digital universe unavailable to Scott 30-odd years ago; although this world has a classical look, like the photorealist cover designs of strange crystalline worlds on SF paperbacks. Prometheus is part prequel, part variation on a theme: the object is ostensibly to explain the presence in Alien of a strange humanoid-corpse with a hole blasted open in his stomach. This the film does get round to explaining, after many intestinal convolutions. What it also does is return us to the world of Erich von Daniken's 1968 bestseller Chariots of the Gods, about humankind being bred on Earth aeons ago by spaceman-aliens. The crew of the spacecraft Prometheus are basically on a mission in 2094 to establish this; no one mentions Von Daniken, perhaps not surprising as he has been pretty much forgotten even in 2012. Noomi Rapace is well cast as Dr Elizabeth Shaw, an intense and driven scientist who nonetheless has absorbed a calm religious faith from her father and always wears a cross around her neck. Her creationist views are never seriously challenged  except for one perfunctory complaint that she is going against ""centuries of Darwinism""  and she is galvanised when, with her colleague and lover Dr Charlie Holloway (Logan Marshall-Green), she discovers ancient cave paintings in the Isle of Skye showing humans worshipping a specific star-constellation. Other cave paintings in the world duplicate this; astronomers find the constellation in question and soon, Dr Shaw and Dr Holloway are on board a spacecraft heading there, a mission bankrolled, in the time-honoured manner, by a shadowy corporation. Charlize Theron is the icy, black jumpsuit-clad corporate commander Meredith Vickers; Idris Elba is the rebellious captain, and there are some feisty, low-level tech guys. Upstaging everyone is Fassbender, who provides the film's real glint of steel, while decentring its dramatic focus."
295,KSF_Doc5_Prometheus,KSF_Doc5_Prometheus,KSF,Sci-Fi,Positive,Prometheus,"Thirty years ago, on the basis of ""Alien"" and ""Blade Runner,"" Ridley Scott looked as if he might become the most important sci-fi director of his time. No matter that Harrison Ford played Rick Deckard in ""Blade Runner,"" the way Scott made that picture it was as if ""Star Wars"" never happened. Of course ""Blade Runner"" flopped on its initial theatrical release, and ever since Scott has restricted his time-travelling to the other direction: period epics like ""Gladiator,"" ""Kingdom of Heaven"" and ""Robin Hood."" Until now that is, when the 74-year-old has decided to go back to the future, with a movie that's a prequel, sort of, to his first big hit ""Alien."" Ironically ""Prometheus"" starts in the far-distant past, and though the opening shots look like another world it turns out we're seeing a primordial Isle of Skye, a remote outcrop off the coast of Scotland. Flash forward several millennia, 77 years from today. Cave paintings discovered at this location convince an aging businessman to bankroll a wildly ambitious interstellar mission. It's said that ""Star Trek"" creator Gene Roddenberry only ever had one story idea, the one where Kirk and crew met their maker. It's giving nothing away to say that Roddenberry would have liked ""Prometheus."" So too Erich von Daniken, whose ""Chariots of the Gods"" is an obvious influence. As in ""Alien,"" a small crew wakes up from cryogenic sleep. The ship has been tended by a humanoid robot, David (Michael Fassbender), who's been boning up on ancient languages and rewatching ""Lawrence of Arabia"" during transit. If he models his forelock on Peter O'Toole, it seems like a good bet he's modulated his soft, impassive vocal pattern on HAL, the ship computer in ""2001."" You may not believe it, but next to nothing happens in the movie's first hour and more. And this is probably the most effective and impressive part of the ride. The slow, atmospheric ascent to the top of the roller coaster as scientist Elizabeth Shaw (Noomi Rapace) and colleagues (they include Sean Harris, Kate Dickie, Idris Elba and Charlize Theron) explore the mysterious planet LV-223. Not many filmmakers have the nerve to make us wait these days, but Scott knows his audience is primed for exploding chests and toothy extraterrestrials, and he enjoys playing on our trepidation while showing off the stunning production design. Even so, before long the movie feels rushed. When things start to slide for Shaw and her partner (Logan Marshall-Green) it's like watching a drag racer spinning its wheels, kicking up dust to hit the checkered flag at 90 miles per hour. Screenwriters Jon Spaihts and Damon Lindelof have devised some ingeniously nasty set pieces, but after that deliberate build-up it's disappointing that it still feels like corners are being cut. There is nothing to match the shocking biological horror that erupted in ""Alien,"" but you couldn't accuse them of giving up without a fight. Scott has assembled an engagingly rough and ready, workmanlike cast, but doesn't give them anything"
296,KSF_Doc6_Prometheus,KSF_Doc6_Prometheus,KSF,Sci-Fi,Negative,Prometheus,"So here we are, after all the hype, the leaked scripts, the rumours  is it an 'Alien' prequel? Ridley says no, everyone else says yes  the viral clips, the teasers, the trailers, the teasers-for-trailers, the press conferences, the wild anticipation, and 'Prometheus' turns out to be... well, just another monsters-in-space movie. That's not the whole story, of course  as sci-fi horror movies go, this is a pretty expensive, epic, ideas-heavy example of the genre. But it's far from the game-changer some had hoped for, and it may in fact leave some viewers entirely baffled. If you've seen the trailers, you'll know the basic plot: in the year 2089, archaeologists Elizabeth Shaw (Noomi Rapace) and Charlie Holloway (Logan Marshall-Green) stumble across a pictogram hidden in a cave on the Isle of Skye. Matching it with etchings found across the globe, they conclude that the drawings constitute a star map. And when dying multi-billionaire (Guy Pearce) agrees to fund a mission, the two doctors head out into the cosmos aboard the starship Prometheus to find, they hope, an answer to the questions of life, the universe and everything. What they find is, of course, far slimier and less friendly. Arriving on a distant rocky moon in the company of android David (Michael Fassbender), hard-ass corporate stooge Vickers (Charlize Theron), cigar-chomping ship's captain Janek (Idris Elba) and sundry other scantily characterised and wholly expendable shipmates, they stumble across a giant structure buried in the soil. Could this hold the key to mankind's origins? There's plenty to recommend in 'Prometheus': the photography is pleasingly crisp and the design is stunning, nicely redolent of 'Alien' and its sequels. There is a small handful of truly bracing set pieces  one scene inside a medical pod is without doubt the most heart-poundingly memorable moment of the blockbuster season so far. But its flaws are impossible to ignore. The script feels flat  a few pleasing nods to the original movies aside, the dialogue is lazy, while the plot, though crammed with striking concepts, simply fails to coalesce. After an enjoyable setup, the central act is baggy, confusing and, in places, slightly boring, while the climax has flash and fireworks but no real momentum. There just doesn't seem to be much logic at work here. Some events  such as one crew member going tonto on his shipmates  seem to happen because its expected from the genre, not because they make much sense. And fans of 'Alien' will feel shortchanged: the script makes no real effort to pre-empt that film, and in fact is happy to ignore it altogether while at the same time eagerly exploiting its beautiful HR Giger spaceship design. The ending is left wide open for a sequel, which may close some of the bigger story holes, but there's still a frustrating lack of care being taken here. Perhaps more than any other film, 'Prometheus' is reminiscent of Chris Nolan's 'Inception': it's slick, gorgeously designed and scattered with intriguing concepts."
297,KSF_Doc7_Prometheus,KSF_Doc7_Prometheus,KSF,Sci-Fi,Negative,Prometheus,"A mission to uncover the origins of human life yields familiar images of death and devastation in ""Prometheus."" Elaborately conceived from a visual standpoint, Ridley Scott's first sci-fier in the three decades since ""Blade Runner"" remains earthbound in narrative terms, forever hinting at the existence of a higher intelligence without evincing much of its own. Fox's midsummer tentpole has generated considerable excitement since it was announced the film would share some story DNA with Scott's 1979 horror landmark, ""Alien,"" and a marketing push promising comparable levels of gore and tension should ensure that ""Prometheus"" catches B.O. fire. Establishing its intertwined themes of creation and destruction from the outset, the picture opens with eerily beautiful shots of a planet seemingly in the early stages of an evolutionary renaissance, then cuts to the grim sight of a pale-skinned humanoid ingesting a fatal toxin. Some time later, specifically December 2093, scientist couple Elizabeth Shaw (Noomi Rapace) and Charlie Holloway (Logan Marshall-Green) are aboard the spaceship Prometheus, leading a crew that hopes to make contact with the alien beings that initiated life on Earth. Holloway is something of a skeptic, which naturally means he may as well have ""dead meat"" embroidered on his spacesuit. Shaw, however, is a true believer, someone who's ""willing to discount three centuries of Darwinism,"" as one colleague snorts, and who pointedly wears a cross necklace under her lab coat. Having studied recurring patterns in ancient cave paintings the world over, she's convinced the primitive images contain a message from the alien beings that created mankind, inviting people of Earth to meet their makers. This unfortunately turns out to be true in every sense. Also along for the ride are a dryly efficient captain (Idris Elba); a corporate ball-buster (Charlize Theron) who challenges Shaw and Holloway's authority at every step; and, most intriguingly, David (Michael Fassbender), a super-intelligent android who nonetheless possesses a dangerously childlike curiosity. Landing in a parched-looking valley on an unfamiliar planet, the scientists venture into an underground cavern whose malevolent contents immediately bring ""Alien"" to mind, and it seems at first that ""Prometheus"" will follow a similar outline, as the crew unwisely decides to bring specimens back to the ship. Yet a key difference between this film and its predecessor is one of volume. Incongruously backed by an orchestral surge of a score, the film conspicuously lacks the long, drawn-out silences and sense of menace in close quarters that made ""Alien"" so elegantly unnerving. Prometheus is one chatty vessel, populated by stock wise-guy types who spout tired one-liners when they're not either cynically debunking or earnestly defending belief in a superior power. The picture's very structure serves to disperse rather than build tension, cross-cutting regularly between the underground chamber, where two geologists (Sean Harris, Rafe Spall) meet an ugly end, and the ship, where efforts to contain the threat are thwarted by the increasingly uncertain chain of command. Scott and his production crew compensate to some degree with an intricate, immersive visual design that doesn't skimp"
298,KSF_Doc8_Prometheus,KSF_Doc8_Prometheus,KSF,Sci-Fi,Negative,Prometheus,"When it arrived on multiplex screens last year, Matthis van Heijningen Jr.'s remake of The Thing proved a modest, mostly middling, popcorn flick. A box-office disappointment, it nonetheless proved an interesting case study. With his Thing, van Heijningen fused the beats of John Carpenter's superb 1982 Antarctic-set actioner (itself a remake of Howard Hawks and Christian Nyby's The Thing From Another World) onto an ostensibly ""original"" story that dutifully laid the scene for Carpenter's filma deft, if ungainly, synthesis befitting the source material. Whatever its faults, van Heijningen's film operated loyally, and effectively in places, in the shadow of Carpenter's, minting a handy connect-the-dots boilerplate for how to make this kind of movie in the process. With Prometheus, Ridley Scott attempts to pull off the same trick. The filmmaker isn't as concerned with matching the clockwork pacing or clinical tension of 1979's Alien, a movie holding the double distinction as being one of the most perfectly constructed horror pictures in the history of the medium and, with apologies to Blade Runner (and his Orwellian Macintosh computer commercial), quite obviously the best film Ridley Scott has ever made. The decision to start from the beginning is telling. Since 1979, Alien has hatched all manner of adjacent properties en route to establishing itself as a franchise, with H.R. Giger's acid-spitting extra-terrestrials being co-opted as stand-in adversarial variables, fit to pit against one or another comparably bankable franchise figure in comic books, video games, and spin-off films (most notably the otherworldly big-game hunter Predator in the Alien Vs. Predator movies, but also Superman, Green Lantern, Judge Dredd, Batman, Terminator, and even you yes, you in the Australian ""laser skirmish"" theme-park attraction AVPX: Alien vs. Predator vs. You). It's not only that the licensed, canonized Alien film sequels paled in comparison to Scott's original, it's that the alien itself has been sold off like a breakfast-cereal mascot, diluting the taut perfection of that 1979 film with each subsequent relicensing. Prometheus seems conceived as a remedy to this, an attempt to extricate the franchise from its intractable outgrowths, an effort to deflate its bloat. Yet it unfolds like more of a knee-jerk rejoinder, a mawkishly brainy overreaction. Prometheus opens with Scott's camera heli-tracking across some wild and windy moor, where a bleached, muscular humanoid of presumably extraterrestrial origin disrobes, acknowledges a disc hovering in the atmosphere, then consumes a viscous black fluid that ravages its body, sending it disintegrating into a river below. However many eons later, circa C.E. 2089, paramour archeologists Elizabeth Shaw (Noomi Rapace) and Charlie Holloway (Logan Marshall-Green) discover a cave etching depicting a human figure pointing toward a cluster of stars. The constellation's formation matches a number of others indexed across ancient human civilization, constituting sufficient evidence to justify aging zillionaire Peter Weylan (Guy Pearce, heavily augmented by prosthetics, and likely some CGI) sending a team of scientists to the far reaches of the galaxy, trailing the origins of human life on a hunch. The crew of the titular rocket ship is rounded"
299,KSF_Doc9_Prometheus,KSF_Doc9_Prometheus,KSF,Sci-Fi,Negative,Prometheus,"If ever there was a movie that is equal parts fascinating and frustrating, it is Prometheus. It opens almost 33 years to the day after Alien was unleashed. It brings Ridley Scott back to the helm, after three movies in which Ripley battled aliens under less gifted directors. She is not in this movie. She can't be, as Prometheus takes place before the events of Alien. That may be the movie's biggest mistake, a fundamental misunderstanding of what audiences took from the first film. Prometheus tackles some of the big mysteries of the first movie, but in a way that does not quite clarify. Alien geeks all over the world will be scratching their goatees. It delivers enough in terms of terror and spectacle to leave you sated and stimulated - and there is one truly frightful scene that no one will forget - but the list of the film's bad choices is as long as it was short in the original. And I don't count shooting it in 3D; it looks terrific. The most damaging of these is that the characters are largely dull. Scott spends almost no time establishing who they are. They do what they must in the service of plot then die, or they don't. Some are so dull they don't die soon enough. Why they do some of the things they do is inexplicable, such that the film feels over-edited. At 124 minutes, it is actually too short to carry the meaning of the story. Just one example: Guy Pearce plays Peter Weyland, whose corporation funds the expedition into space that makes up most of the film (aboard a ship called Prometheus). We see Pearce only in the make-up of an ancient patriarch who wants to live forever. He looks like a cross between Howard Hughes at the end of his life, and a turtle. One of the teasers for the film showed Weyland as a young man giving a lecture in which he described the evolution of technology, from the story of Prometheus - the titan cast out of Olympus by Zeus for giving humans the gift of fire - to T.E. Lawrence holding his hand over an open flame in David Lean's film, Lawrence of Arabia. Scott uses that clip from Lawrence in Prometheus, but nothing of the young Weyland. I got more of the intellectual framework of the movie from that lecture than I did from the final film. The harsh economy of the editing has made the film more obscure, not less. In Alien, the crew of the Nostromo were woken early to investigate a strange signal from an obscure planetoid. They found a derelict spaceship shaped like a horseshoe and a strange dead figure, sitting behind what looked like a giant telescope. This huge ''space jockey'', as he was known in the script, was bio-mechanical, his body fused to the chair. He was one of H.R. Giger's most intriguing designs, along with the alien itself. Something had exploded from his"
300,KSF_Doc10_Prometheus,KSF_Doc10_Prometheus,KSF,Sci-Fi,Negative,Prometheus,"Howard Hawks famously said that a great movie is composed of three great scenes and no bad scenes. Prometheus gets the first part right. What we have here is less a bad film than a genuinely maddening one, which has sequences of tremendous skill and moments of keen promise. But it's such a mess. The characterizations are laughable, the plotting is befuddling, and the pseudo-intellectual posturing is window dressing--and shabby window dressing at that. Above all, director Ridley Scott's coy ""it's not really a prequel to Alien, but maybe it is"" doubletalk hides that it's the worst kind of rip-off, one which trades in the original (and far superior) 1979 picture's iconography while holding no responsibility to actually do anything compelling with it. After an opening credit sequence of mountains and waterfalls that amounts to little more than a 3D show reel, we travel to Scotland, circa 2089. A pair of scientists, Elizabeth Shaw (Noomi Rapace) and Charlie Holloway (Logan Marshall-Green, doing his best Tom Hardy) discover a cave etching that is eerily similar to others they've found, all of which (they believe) are star maps pointing to an alien civilization that predated--and created--our own. Jump ahead four years, as the scientific exploratory vessel Prometheus is carrying the scientists and a crew to a possible origination point, under the watchful eye of Meredith Vickers (Charlize Theron), who works for the company that's bankrolling the expedition. There are other characters, and because some of them are played by people we know--like Idris Elba, who plays the ship's captain, or Michael Fassbender, who is the android David--we can safely assume that they will make it further into the narrative than the unknowns who've been cast as the crew grunts. The ship lands on the alien planet, the crew goes exploring, and sure enough, a couple of bit players wander off on their own, to be quickly dispatched by scary, oogy alien beings (the picture shares the series' fascination with the ewy-gooey). Scott stages this fist big kill as a giant whammy, with shock effects and pure genre thrills. It's a terrific, startling sequence, and there are a couple of others sprinkled throughout the film; Rapace has a solo scene in a piece of medical machinery that's both a killer set piece and a remarkable chunk of all-out acting bravado. But Scott is as impatient to get to those showcase sequences as his audience is; recall the leisurely opening passages of his Alien, of how much time was spent on the crew talking shit and blowing off steam, so that when their grisly demises arrived, we had some sense of who they were (and, thus, a reason to care). There's little of that here; we get some sense of Rapace's Shaw, but her scientist beau's characterization is fuzzy at best--I still haven't quite figured out why he suddenly turns into the ship's biggest asshole--and as talented an actor as Charlize Theron is, it's dubious that anyone could make anything out a character as"