Doc_ID,DSI_Title,Submission File Name,Student Name,Genre of Movie,Review Type (pos or neg),Movie Title,Text
101,AKT_Doc1_TheOthers,AKT_Doc1_TheOthers,AKT,Horror,Negative,TheOthers,"This movie is garbage. Seriously, *The Others* is not even close to being scary. I don't know what people were expecting, but this is about as far from a horror film as you can get. There was zero tension, zero jump scares, and I was never nervous. I sat through this whole movie completely uninterested in what was happening on screen. The pacing is so slow that it honestly feels like it's dragging you through mud. It felt like one of the longest movies I've ever seen, and I almost turned it off several times, but I stuck with it, hoping that the payoff at the end would make it worth the painful journey. Spoiler alert: it didn't. The film spends a lot of time trying to build some sort of creepy atmosphere with its dark, isolated setting, but it just never lands. The pacing is so slow that even the few moments that are supposed to be suspenseful feel like they're happening in slow motion. It's like the filmmakers were trying to create tension by doing absolutely nothing for long stretches, and it backfired horribly. I didn't feel an ounce of fear, and by the time the so-called ""scary"" moments arrived, I was too bored to care. The characters, especially the protagonist Grace, are one-dimensional and hard to connect with. Nicole Kidman tries her best to portray a mother who is losing her grip on reality, but the character doesn't have enough depth to make me care about her. Grace is supposed to be a tortured soul, but instead, she just comes across as whiny and annoying. Her children are no better, either. They're not even remotely interesting characters, and their performances are forgettable at best. The worst part about this movie is how it constantly teases horror without ever delivering. There are these moments where something strange happens, and you're led to believe that the house is haunted. You're waiting for something terrifying to happen, but it never does. I sat there thinking, ""Is this it? Is this supposed to be scary?"" I can't count how many times I thought a jump scare was coming, only to be left disappointed. The movie just takes too long to build up to anything remotely engaging, and by the time something starts to happen, I couldn't have cared less. *SPOILERS AHEAD:* The only reason I didn't give this film a half-star is because of the twist at the end. The twist, while not mind-blowing, was clever enough to keep me from completely hating the film. The idea is interestingimagine *Insidious*, but instead of the family being haunted by the past and performing a trance to communicate with the ghosts, the story is told from the perspective of the ghosts themselves. The ""intruders"" in the house are not the spirits haunting the place, but the people in the present day who live there and experience strange occurrences caused by the ghosts. It's a neat concept, and if the rest of the film"
102,AKT_Doc2_TheOthers,AKT_Doc2_TheOthers,AKT,Horror,Negative,TheOthers,"Despite its attempts to build suspense and intrigue, The Others falls far short of delivering a truly compelling horror experience. The film, directed by Alejandro Amenabar, has the potential to be a psychological thriller, but its slow pacing and lack of significant plot developments make it more of a tedious watch than a gripping one. The atmosphere, although dark and mysterious, fails to generate the level of tension that is necessary for a film in the horror genre. While the eerie, isolated mansion and the seemingly supernatural events unfolding within it should evoke fear and suspense, they instead result in a feeling of frustration as the film meanders without any meaningful payoff. One of the film's biggest flaws is its pacing. The first half of the movie is drawn out and devoid of any real action or developments that would keep viewers engaged. There are long, dragging moments where very little happens, and the film's sluggish pace contributes to a sense of disconnect. It's not that the film doesn't try to build tension  it does. But every moment of suspense is undercut by a lack of progression in the story. This results in a film that feels stagnant, where viewers are left waiting for something, anything, to happen. By the time the film finally reaches its twist ending, it feels less like a revelation and more like a rushed attempt to give the film some semblance of meaning. Speaking of the twist, while it is indeed unexpected, it doesn't hold enough weight to salvage the rest of the film. A twist should elevate a movie and give it new meaning, but here it simply serves as a fleeting gimmick that doesn't make the journey worth it. The twist feels more like an afterthought, tacked on to a film that has spent the previous hour and a half doing little to endear itself to the audience. Instead of being an exciting payoff, it feels like a weak conclusion to a film that never truly captured its audience in the first place. The performances, particularly that of Nicole Kidman, are often cited as one of the film's few strengths. Kidman, known for her versatility, gives a strong performance as Grace Stewart, a mother trying to protect her children from a growing supernatural threat. However, even strong acting cannot fully compensate for a script that fails to maintain a consistent tone or pace. Kidman's portrayal of a grieving, emotionally frail mother is believable, but the character itself lacks depth. As a result, it's difficult for the audience to connect with her or feel any genuine sympathy for her plight. Her performance, though commendable, cannot mask the film's broader narrative flaws. The film's attempt to blend psychological drama with traditional horror is an admirable one, but ultimately, the mix feels forced. The first half of the movie is so focused on building an emotional connection with the protagonist and her children that the horror elements seem secondary. The film tries to convey an"
103,AKT_Doc3_TheOthers,AKT_Doc3_TheOthers,AKT,Horror,Negative,TheOthers,"While The Others has been praised for its atmospheric setting and Nicole Kidman's performance, it has also faced significant criticism for its pacing and the lack of genuine scares. Despite its attempts to create an eerie, haunted atmosphere within the walls of a dark, isolated mansion, the film struggles to deliver on its promise of horror. Instead of being a chilling experience, the slow build-up and the lack of tangible threats ultimately leave viewers feeling disengaged and frustrated. The film's reliance on atmosphere over actual scares feels more like a missed opportunity than a success. The tension that's supposed to build over time often seems to drag without much reward, and as the plot progresses, it becomes more of a chore to watch than an exciting ride. The slow pacing is one of the most glaring issues with The Others. For much of the movie, very little happens, and this lack of movement causes the film to feel like it's standing still. The long stretches without any significant plot developments force viewers to wait through seemingly endless, drawn-out sequences that don't serve much purpose other than to build atmosphere. While it's clear the filmmakers were trying to create a feeling of unease, they do so at the cost of dragging out what could have been a much more engaging experience. By the time anything truly exciting or frightening occurs, it feels like the viewer has already been exhausted by the lack of progress. Nicole Kidman's performance as Grace Stewart, a mother protecting her children from what she believes are supernatural forces, is undeniably strong. She plays the role with great emotional depth, and her ability to convey the fear and vulnerability of her character adds a layer of seriousness to the film. However, even Kidman's powerful performance can't make up for the lack of meaningful development in the plot. The character of Grace is compelling, but she is not enough to carry the weight of a slow-moving story that seems to spend too much time circling the same narrative points without advancing much. Her struggle to protect her children from the mysterious happenings in their home is at the heart of the film, but without the proper pacing or structure to engage the audience, even the best performances feel lost in a sea of nothingness. The twist ending, though unexpected, is another area of contention. It attempts to give the film a shock factor, but in the context of the film, it doesn't feel earned. The twist, which revolves around the revelation of who the ""intruders"" really are, may surprise some viewers, but it doesn't necessarily add anything significant to the film's overall impact. The twist feels tacked on in an attempt to give the film more depth and a sense of purpose, but it does little to redeem the slow, meandering story that preceded it. By the time the twist is revealed, the film has already lost much of its emotional grip, leaving the viewer feeling more confused than"
104,AKT_Doc4_TheOthers,AKT_Doc4_TheOthers,AKT,Horror,Negative,TheOthers,"The Others (2001) is a film that undoubtedly has its strengths, particularly in its visual and sound design. The cinematography is meticulously crafted, and the film makes great use of its dark, atmospheric setting. The sound design complements the visuals well, creating an eerie ambiance that adds to the film's tension. However, despite these technical achievements, the film ultimately falls short in many ways, leaving much to be desired in terms of both narrative and emotional impact. While the film looks good on screen, its over-reliance on dark greys and browns makes the entire experience feel drab and uninspired. It's not that the aesthetics are poorly executedfar from itbut the color palette feels heavy and oppressive, and not in a way that enhances the horror. Instead, it feels like an artistic choice that becomes tiresome after a while, making it difficult to fully immerse oneself in the atmosphere. While this might be intentional to reflect the somber mood of the story, it contributes to the film feeling overly bleak without providing the necessary contrast to elevate the suspense or fear. The film's premise is reminiscent of The Sixth Sense (1999), another supernatural thriller that gained widespread acclaim. The Others shares some similarities, particularly in its setup and the presence of a major twist toward the end. However, while The Sixth Sense managed to deliver a memorable and impactful story, The Others struggles to match its predecessor in terms of emotional engagement and overall effectiveness. The narrative feels like it's treading familiar ground, attempting to evoke similar feelings of suspense and shock but never quite reaching the same level of emotional depth or satisfaction. There are indeed some genuinely creepy moments throughout the film, and a few of the scares are effective. However, these moments are not consistent enough to make The Others a standout horror experience. The scares are fleeting, and once the novelty wears off, the film becomes more about atmosphere than true horror. It's not a particularly terrifying filmat least, not in the way that other horror films of the time, such as The Sixth Sense or The Ring (2002), managed to achieve. There is a certain sense of dread, but it's not sustained long enough to make a lasting impact. One of the biggest issues with The Others is its inability to fully commit to being either a truly scary horror film or a more subtle, psychological thriller. It lands somewhere in the middle, making it neither as emotionally engaging as the best thrillers nor as effectively chilling as true horror films. While there are certainly moments that could make you jump, they feel more like cheap thrills than organic scares that grow out of the film's atmosphere or narrative. The reliance on the twist endingwhile it may have surprised some viewersis not enough to redeem the film's lack of substance in the buildup. Another factor that detracts from the film is its setting. The story takes place in a post-World War II environment, with a house"
105,AKT_Doc5_TheOthers,AKT_Doc5_TheOthers,AKT,Horror,Negative,TheOthers,"Nonsensically awful pseudo-Gothic horror story that promises much but goes nowhere at all. From the very start, The Others presents itself as a spooky, atmospheric horror film full of fog, darkness, grimaces, and innuendo, yet it ultimately falls flat in every way that matters. While it attempts to create a sense of mystery and dread, it fails to build any real suspense or tension, leaving the viewer with nothing but frustration and boredom. The atmosphere, which could have been the film's saving grace, feels forced and overdone, as though the filmmakers were trying too hard to create an eerie environment but forgot to include any actual horror. The movie presents us with a mansion, cloaked in mist and shadows, promising a traditional haunted house tale. But instead of feeling foreboding, it's more like an exercise in waiting for somethinganythingto happen. The mansion is as foggy and obscure as the plot itself, and the buildup, which seems to stretch on forever, does little to maintain any real intrigue. The film's pace is sluggish, to say the least. Instead of drawing the viewer deeper into the mystery, it lingers on unimportant details, never delivering on the sense of terror it seems to promise. Nicole Kidman tries her best to make something out of the material she's given. She plays Grace Stewart, an overbearing Christian mother who seems to be spiraling into madness. Her performance is undoubtedly solid, but even the best acting cannot save a script that is as vague and muddled as the foggy mansion setting. Kidman's portrayal of a woman who is both protective and unhinged is fine, but it's not enough to make her characterlet alone the filmcompelling. Her performance feels like a desperate attempt to add gravitas to a story that doesn't know what it's trying to say. At its core, The Others commits the worst sin imaginable for a horror flick: it's boring. Despite the eerie setting, the film fails to generate a single moment of true fright. The pacing drags endlessly, with scenes of people staring into the distance or walking through dark hallways that don't lead anywhere meaningful. The long stretches of nothingness take away from whatever tension the filmmakers might have been trying to build. Instead of keeping the audience on edge, the film lulls viewers into a state of apathy, where you simply stop caring about the fate of the characters. The plot itself is nonsensical and lacks direction. What starts as a story about a haunted house with strange happenings quickly devolves into a muddled mess. The film introduces elements that seem like they should be part of a larger narrative but then abandons them without any explanation. The story's supposed twistwhile somewhat unexpectedfeels more like an afterthought than a shocking revelation. It's a cheap gimmick that comes too late to salvage a film already weighed down by its own inconsistencies. In the end, The Others feels like a failed attempt at crafting a Gothic horror story. It tries to evoke a"
106,AKT_Doc6_TheOthers,AKT_Doc6_TheOthers,AKT,Horror,Positive,TheOthers,"The Others (2001), directed by Alejandro Amenabar, stands as a shining example of how supernatural horror can be both chilling and intelligent without relying on cheap jump scares or over-the-top special effects. The film masterfully builds tension and suspense through a combination of compelling storytelling, a hauntingly effective score, and exceptional cinematography. At its heart, the film is about grief, isolation, and a mother's struggle to protect her children, all set within the eerie confines of a fog-shrouded mansion on the coast of England. Set during World War II, the story centers on Grace Stewart (Nicole Kidman), a devout Catholic woman whose husband is away fighting in the war. Grace is left to raise her two children, Anne (Alakina Mann) and Nicholas (James Bentley), in the isolated mansion they call home. However, the children suffer from a rare photosensitivity, requiring the house to be kept in constant darkness. This atmosphere of confinement and isolation is palpable throughout the film, as Grace's life becomes increasingly oppressive, both physically and emotionally. The tension in The Others is expertly crafted, with Amenabar choosing to focus on slow-building dread rather than overt scares. The film avoids the typical horror tropes of loud noises and sudden shocks, instead allowing the eerie atmosphere to seep into every scene. This decision is all the more effective because it keeps the viewer on edge, unsure of whether the supernatural events are truly happening or if Grace is losing her sanity due to the intense isolation she faces. The film's cinematography by Javier Aguirresarobe is nothing short of stunning. The mansion, with its shadowy corridors, dark rooms, and antique furnishings, becomes almost a character in itself, adding to the sense of entrapment and unease. The camera lingers on empty hallways and dimly lit corners, making every inch of the house feel like a potential threat. The film's somber color palette of muted browns and greys adds to the feeling of emotional and physical confinement, drawing the viewer deeper into Grace's disturbed world. Nicole Kidman delivers an outstanding performance as Grace, perfectly capturing her descent into paranoia and despair. Kidman's portrayal of a woman who is both fiercely protective of her children and vulnerable in the face of mounting terror is nuanced and compelling. Her performance grounds the film, and the audience becomes invested in her plight, despite the supernatural events unfolding around her. The supporting cast is equally impressive. Fionnula Flanagan, Eric Sykes, and Elaine Cassidy all provide subtle yet effective performances, adding to the eerie atmosphere and contributing to the film's overall sense of mystery and dread. The way their characters interact with Grace, at first appearing helpful and kind, only to slowly reveal their true nature, adds to the creeping sense of dread. One of the most notable aspects of The Others is its ability to pull off a couple of truly ingenious twists toward the end of the film. While these twists may not hold up under scrutiny on a second viewing, they are nonetheless masterfully"
107,AKT_Doc7_TheOthers,AKT_Doc7_TheOthers,AKT,Horror,Positive,TheOthers,"No one can make us leave this house."" Ah, that cringe-worthy line we've all heard in countless horror movies. Yet, in Alejandro Amenabar's The Others (2001), this line doesn't feel cliche. Instead, it introduces a film filled with suspense, intrigue, and an unsettling sense of dread. With a plot that twists and turns, The Others keeps you on the edge of your seat from start to finish. The story follows Grace (Nicole Kidman), a single mother who has been left to raise her two children alone after her husband departs for war. The family lives in a large, old house on the isolated island of Jersey, where Grace cares for her photosensitive children, Anne (Alakina Mann) and Nicholas (James Bentley). The house is dark, shrouded in shadows to protect her children from the harmful effects of sunlight. Grace is portrayed as an overprotective, possessive, and yet deeply loving mother who will stop at nothing to shield her children from harm. The suspense begins when three new servantsMrs. Bertha Mills (Fionnula Flanagan), Lydia (Elaine Cassidy), and Mr. Edmund Tuttle (Eric Sykes)arrive at the house to assist Grace. However, it is soon revealed that these servants have worked at the house before, and something sinister is at play. The mansion, seemingly abandoned by all but Grace and her children, is indeed a haunted house, a place where people are known to leave in fear. Grace, despite her devout Catholic faith and her unwavering belief in God, dismisses her daughter Anne's claims about strange occurrences in the house. Anne insists that there is another child, a boy named Victor, with whom she plays. Grace believes Anne's stories are just figments of her imaginationsomething that Anne often does to entertain herself. Grace also sees Anne as a rebellious child who enjoys teasing her younger brother by calling him a coward. However, Grace's belief system begins to crumble as the supernatural events escalate. While the children are afraid of their mother's temperparticularly after an incident where she almost harmed Anne during a moment of stressthey soon realize that something far more terrifying than their mother's outbursts is lurking within the house. Grace's disbelief turns to horror when she encounters an old, terrifying woman in the house, which drives her to a violent breaking point. At this moment, Grace begins to question everything she knows about her home, her family, and her own sanity. The movie's true brilliance comes in its mind-bending ending. As the story unfolds, the truth behind the three servants and the existence of Anne and her children is revealed in a shocking twist. The story is told from the perspective of the ghosts who haunt the house, rather than the living. This revelation is both stunning and emotional, flipping the entire narrative on its head and forcing the viewer to reconsider every scene they've witnessed up until that point. For me, The Others can feel monotonous at times due to its slow, building suspense, which can be a bit draining for some"
108,AKT_Doc8_TheOthers,AKT_Doc8_TheOthers,AKT,Horror,Positive,TheOthers,"The Others (2001), directed by Alejandro Amenabar, is widely regarded as one of the best and most original ghost stories in the haunted house genre. Set in 1945 on the remote Jersey Island in the English Channel, the film follows the life of Grace Stewart (Nicole Kidman), a widow who lives in a secluded, dilapidated mansion with her two children, Anne (Alakina Mann) and Nicholas (James Bentley). Grace, having lost her husband, Charles (Christopher Eccleston), during World War II, has made it her mission to protect her children at all costs, especially since they suffer from photosensitivity, meaning they cannot be exposed to sunlight. To keep them safe, she maintains strict control over their environment, keeping the curtains drawn and the doors tightly shut. Grace raises her children with an unwavering sense of discipline and religious conviction. Her strict household is further complicated when she hires three mysterious servants: the housekeeper Mrs. Bertha Mills (Fionnula Flanagan), the mute maid Lydia (Elaine Cassidy), and the gardener Mr. Edmund Tuttle (Eric Sykes). The trio seems a bit unusual, but Grace hires them without much thought. However, things soon begin to take a dark turn. Strange and unexplained events start occurring within the mansion, and Anne begins to claim that a boy named Viktor visits them, further unsettling her mother. Grace is initially skeptical, brushing off the strange occurrences as figments of Anne's imagination. But as the supernatural events grow more intense, Grace is forced to confront the terrifying possibility that there are otherworldly intruders within the house. She embarks on a desperate search to uncover the truth behind the eerie happenings, only to be struck with a shocking revelation that redefines everything she believes about the house and its inhabitants. The Others stands out as one of the most well-crafted ghost stories in cinematic history, with a narrative that deftly combines suspense, mystery, and supernatural horror. The film's atmosphere is thick with tension, thanks to Amenabar's exceptional direction and writing, as well as his hauntingly beautiful musical score. The slow-building tension culminates in one of the most memorable twists in film history. Without giving away too much, the film's conclusion is a brilliant revelation that not only shocks the audience but forces them to rethink everything they have just witnessed. Nicole Kidman delivers a standout performance as Grace, a woman slowly unraveling as she becomes more desperate to protect her children. This performance is even more impressive when you consider that this film was made before Kidman's plastic surgery and she is at the peak of her beauty and acting prowess. Her portrayal of Grace is both fragile and strong, capturing the emotional depth of a mother trying to keep her family safe while grappling with the eerie reality of her haunted surroundings. In addition to Kidman, the supporting cast is also remarkable, particularly Fionnula Flanagan as Mrs. Mills, whose quiet menace adds an unsettling layer to the film. The atmosphere of the mansion, with its dark corridors and dimly lit rooms,"
109,AKT_Doc9_TheOthers,AKT_Doc9_TheOthers,AKT,Horror,Positive,TheOthers,"Set in 1945, shortly after the end of World War II, The Others (2001), directed by Alejandro Amenabar, presents a chilling and atmospheric ghost story with a deeply emotional core. The film opens on the recently liberated island of Jersey in the Channel Islands, where the aftermath of Nazi occupation still hangs heavily in the air. Grace Stewart (Nicole Kidman), a Catholic and neurotic woman, feels completely isolated from the world around her. Her husband, Charles (Christopher Eccleston), has not returned from the war, and she is left to care for her two young children, Anne (Alakina Mann) and Nicholas (James Bentley), in a grand, fog-covered mansion that feels more like a prison than a home. The house is shrouded in darkness due to the children's extreme photosensitivity, which forces Grace to keep the curtains tightly closed and the doors sealed at all times. The oppressive atmosphere of the mansion, combined with Grace's migraines, demands an environment of quiet and solitude. However, Grace's isolation is soon interrupted by the arrival of three new servants to tend to the houseMrs. Bertha Mills (Fionnula Flanagan), the mute maid Lydia (Elaine Cassidy), and the gardener Mr. Edmund Tuttle (Eric Sykes). Despite their assistance, the servants' arrival coincides with an increase in strange and unsettling supernatural occurrences within the house, setting the stage for a terrifying revelation. Alejandro Amenabar's fifth feature film combines the eerie elements of a classic Gothic horror story with a unique and unsettling perspective. The film plays out in a post-war, post-traumatic haze, with the haunted house serving as a metaphor for both the personal grief that Grace feels over the loss of her husband and the broader societal trauma of the war. The supernatural occurrences are presented in such a way that they could be interpreted as manifestations of Grace's disturbed mind, heightened by her isolation, grief, and the oppressive silence of her surroundings. What makes The Others so effective is its slow-burn approach to horror. The haunting feels less like a series of ghostly encounters and more like a gradual collapse of Grace's understanding of reality. The film is steeped in a sense of dread and foreboding, as Grace's desperate attempts to maintain control over her worldher children, her house, and her sanityare thwarted by forces she cannot comprehend. The haunted house, with its stuffy, oppressive interiors, becomes a symbol of the repression and isolation that Grace and her family have endured, both emotionally and physically. The film's true brilliance lies in its ability to subvert the audience's expectations. While it initially appears to be a traditional ghost story, Amenabar slowly unravels a much deeper, more complex narrative that deals with themes of grief, guilt, and acceptance. The twist that the film delivers is one of the best in cinematic history, redefining everything that has come before it and leaving the viewer questioning the very nature of what they've witnessed. Nicole Kidman's performance as Grace is a standout, demonstrating her range as she portrays a woman on the"
110,AKT_Doc10_TheOthers,AKT_Doc10_TheOthers,AKT,Horror,Positive,TheOthers,"We knew it would only be a matter of time before the studios tried to capitalize on the recent success of M. Night Shyamalan's ""The Sixth Sense"" and start bringing haunted house mysteries and metaphysical thrillers a-la-Hitchock our way. Unfortunately for us, the timing is sooner rather than later. Set in 1945 on Jersey, one of the Channel Islands situated between Britain and France, World War II is over. A pasty, clammy-looking young woman named Grace lives with her two small children on a large estate in a manor house shrouded in darkness and fog. Her husband, who had gone off ""to fight the baddies"" in the war, has not yet returned home and Grace anxiously awaits his return despite his being presumed dead for the past 1 12 years. Her children, young Nicholas who is scared of his own shadow, and his sister, the precocious, inquisitive Anne, suffer from such a sensitivity to light that should they be exposed to anything above a dim oil lamp or candle flicker, they will die. Over-the-top, Bible-obsessed Christian that she is, Grace home schools the children in what appears to be their only subject  religion  in anticipation of Anne's First Communion and the life hereafter with all of its various hells. Servants engaged by Grace mysteriously vanish during the night, the most recent set of which left the preceding week with such suddenness they failed to even collect their wages. In response to an advertisement for a new staff, a grandmotherly Irish woman named Mrs. Mills, her apparent gentleman friend Mr. Tuttle and the young mute Lydia appear at the door seeking employment just as suddenly as the old servants disappeared. Interestingly, the advertisement has yet to even be mailed to the paper for publication. After sending Mr. Tuttle off to commence gardening, Grace escorts Mrs. Mills and Lydia throughout the house, explaining ""the rules"" as they go. When entering or exiting a room, each door must be locked before another may be opened. There is, of course, a key for each of the 50 doors in the house. Curtains must always be drawn  not due just to the children's light sensitivity, but as a measure to ease Grace's migraines. There is to be no noise. And above all, one must not believe any ""stories"" told by the children. Anne, it seems, believes in ghosts and ""the others"" that she claims reside in the house, using this belief to both petrify her whiney little brother and drive her non-believing tightly wound mother to the very edge of madness. Writer/Director Alejandro Amenabar does an adequate job creating the eeriness and creepiness of a haunted house, giving us the requisite piano playing in the middle of the night, tromping and clomping of footsteps on the upper floors, opening and closing of locked doors, noises in the middle of the night (although in the dark house it could be the middle of the day for all we know), cluttered attics, seances and"
111,ARH_Doc1_ItChapterTwo,ARH_Doc1_ItChapterTwo,ARH,Horror,Positive,ItChapterTwo,"At around two hours and 49 minutes, ""It Chapter Two"" is among the longest Hollywood horror movies in history. (Ari Aster's director's cut of ""Midsommar"" is two minutes longer.) The length is both a setback and asset, as it allows plenty of time for the characters to come to life. It is a requirement to have seen 2017's ""It"" before venturing into this one, though intimate knowledge of Stephen King's 1986 novel or the 1990 TV movie might make a passable substitute. ""It"" focused on seven main characters as kids, dealing with the threat of Pennywise the Dancing Clown (Bill Skarsgard) during a scary summertime adventure in Derry, Maine in 1989. Pennywise is said to reappear every 27 years; at the end of ""It,"" the middle-schoolers make a pact that they will return, should the terror rise again. It does. Mike (Isaiah Mustafa), the only one who remained in Derry, calls the others, one by one, and they answer. Bill (James McAvoy) is a screenwriter in Hollywood, Bev (Jessica Chastain) is in an abusive relationship, Richie (Bill Hader) is a stand-up comedian, Eddie (James Ransone) is a risk-assessment insurance guy, and Ben (Jay Ryan) lost his adolescent weight to become a chiseled architect. Stanley (Andy Bean) is a no-show. Besides its length, the movie's other flaw is that it doesn't immediately draw a clear line between the kid and adult versions of the characters. It takes awhile to nail down who's who, even though Richie and Eddie are obvious, due to spot-on casting, and Bev is the only female. The issue could be solved with a few well-placed flashbacks. McAvoy, even though he's a terrific actor, doesn't quite seem like Jaeden Martell's Bill from the first movie; the equally terrific Chastain doesn't quite capture Sophia Lillis' playfully puckish Bev. After an alcohol-aided reunion at a Chinese restaurant, the plot requires each character to find a token, a personal object that ties to the summer 27 years ago, to perform a ritual. These searches, shown one at a time, each with a flashback and scary Pennywise encounter, take up a large middle section. The showdown also occupies a huge amount of celluloid real estate, though, of course, the less said, the better. ""It,"" only 135 minutes, kept its characters mostly together, concentrating on truly affecting scares. After all, the movie wasn't simply about ghosts or monsters, but things that haunt the deepest, darkest corners in all humans. ""It Chapter Two"" is less scary; like early ""Evil Dead"" films and other 1980s horrors, its crazy creatures inspire surprised laughter more than terror. Much like the horrifying carotid angiography sequence that peaked ""The Exorcist,"" the most frightening moments here stem from real cruelties  hate crimes, spousal abuse and suicide  rather than supernatural forces. Weirdly, the movie is also funny, with belly laughs coming from Hader's loony one-liners and hilariously bratty bickering with Ransone. Mostly, ""It Chapter Two"" is committed to bringing the characters together again as a messed-up family. After their"
112,ARH_Doc2_ItChapterTwo,ARH_Doc2_ItChapterTwo,ARH,Horror,Positive,ItChapterTwo,"Enter It  the big-screen adaptation of Stephen King's classic 1986 novel. Largely indebted to the iconic '90s TV two-parter, It was a box office smash, traumatising a new generation of horror fans while raking in more money than ever before. The inevitable sequel was soon confirmed, It Chapter Two. But with two years to get over the fad and new movie Joker stealing all the headlines, has Pennywise let rip that throaty cackle for the last time? Set 27 years after the events of It, It Chapter Two finds the gang getting on with their lives. Most notably, Bill writes bestselling novels and funnyman Richie is now a famous comedian. The Losers' Club may have outgrown its moniker, but each character is haunted by their past. Eddie's new wife resembles his overbearing mother, Beverly's husband is a copy of her abusive father and now-hunky Ben can't escape his formative years as a chubby target for bullies. Eventually, a devastating phone call threatens to pull them back to Derry where Pennywise awaits. Played by Bill Skarsgard, the clown prince of mime is on top form here. Stuffed with deliciously creepy scenes, the film's mid-section follows each character as they revisit their most terrifying encounters with Pennywise. By the time we reach the epic climax, we've met baby-faced crab-wasps, mouldy decapitated heads which sing in a fish tank and a dead friend's noggin suspended by huge, furry spider's legs. Director Andres Muschietti has been given full license to spook in this sequel  and It Chapter Two works best in its weirdest, most off-the-wall moments. Elsewhere, it's a smorgasbord of genres, packing in nods to history's greatest slasher, psychological, gross-out and zombie horrors. Love The Shining? You'll want to pay attention. There's even a hilarious Stephen King cameo, where the world's scariest writer plays a sassy antiques dealer in a Neil Young t-shirt. It's a horror nut's dream. Cast-wise, the film's famous stars don't always live up to their reputations. James McAvoy and Jessica Chastain are fine individually, but Bill and Beverly share little chemistry. At the same time, Isaiah Mustafa is unconvincing as Mike and James Ransome's quirky take on hypochondriac Eddie sometimes feels like an impression. Fortunately, none of this matters because Bill Hader is a revelation. Funny, compelling and often moving, the Superbad star steals every scene he's in  which is most of them. When Hader's on screen, the movie zips along with a levity that's missing in the drawn-out opening. At two hours and fifty minutes, It Chapter Two is unreasonably long. But it's hard to know what to take out and every section is loaded with memorable action moments. There are some missteps, such as the film's anticlimactic ending, but at least the writers tried to fix the miniseries' biggest problem  even if halfheartedly. For the most part, Muschietti's sequel is a tightly-constructed potboiler that balances humour and horror in a satisfying way. As a bonus, Derry's bloodthirsty harlequin has a hinted-at backstory that's"
113,ARH_Doc3_ItChapterTwo,ARH_Doc3_ItChapterTwo,ARH,Horror,Positive,ItChapterTwo,"Two years ago, we met a group of kids from 1989. Six boys and one girl. They were outcasts, picked on by bullies, shunned by the cliques. In short, they were losers. Somehow, these seven found each other, became tight friends and formed a sort of club. Not only did they stand together to face off against those trying to hurt them or keep them down, they also combined their strengths, their bond of friendship, and used it to defeat an ancient supernatural being, known by many names, but often simply referred to as It. Yet, their story didn't end there. Little did those kids know, they would eventually have to take part in Chapter Two of this tale. Twenty-seven years after their confrontation with the entity known as Pennywise the Clown (Bill Skarsgard), Mike Hanlon (Isaiah Mustafa) is the only member of the Losers Club to have stayed in Derry, Maine. He has become the town's librarian, keeping journals and researching the history, looking for some answer on how to defeat Pennywise for good, should he return. When mutilated bodies begin to appear, Mike knows it's time to bring the Losers back to Derry. Everyone else has moved away and become successful in their careers. Bill Denbrough (James McAvoy) is a novelist and screenwriter. Beverly Marsh (Jessica Chastain) is a fashion designer. Richie Tozier (Bill Hader) is a stand-up comedian. Ben Hanscom (Jay Ryan, the recent TV version of Beauty & the Beast) has lost all his weight and is a world renowned architect. Eddie Kaspbrak (James Ransone, season 2 of The Wire, both Sinister films) is an insurance risk analyst. Stanley Uris (Andy Bean, DC Universe's Swamp Thing) is an accountant. Yet, with all their success, they each have problems, linked in some part to their childhoods. Not just the battle against Pennywise, but their own personal demons, as well. They've also all forgotten everything about where they came from until Mike's fateful call breaks through the walls. Will their deep-seated issues and the flood of memories hurt or help in their latest encounter with Derry's devil? It Chapter Two is a perfectly crafted sequel, continuing the terror of the original while introducing new elements. It also achieves the nearly difficult feat of being a long film that doesn't feel long, clocking in at 169 minutes. It's paced well, pays service to fans of both Chapter One and the novel and even fixes some past issues. Adults in peril, even from a shapeshifting supernatural entity, and no matter how well done, can't compare to pitting children against the same creature. Granted, the act is what Pennywise does best, but to graphically portray it rather than cut away or insinuate is a bold choice. It succeeds in its intentions, which are to shock the audience and add that extra layer to an already menacing and disturbing villain. That villain is once again played brilliantly by Skarsgard. He brings such a creepily playful and innocent malevolence to Pennywise. The other"
114,ARH_Doc4_ItChapterTwo,ARH_Doc4_ItChapterTwo,ARH,Horror,Positive,ItChapterTwo,"Twenty-seven years after a group of children ventured into the sewers of Derry, Maine, to defeat a mysterious shapeshifting killer, a new spate of murders reveals that what they thought was dead has returned: and a promise to come home and finish the job re-unites Beverly (Jessica Chastain), Bill (James MacAvoy), Richie Tozier (Bill Hader), Mike (Isaiah Mustafa), Ben (Jay Ryan), and Eddie (James Ransone) one final time. Andy Muschietti's first It film was a huge commercial success, but made quite a few changes from the novel that did not entirely satisfy. Its take on the demonic clown Pennywise, a character still dominated by Tim Curry's theatrical performance in the 1990 miniseries, was rather too horrific and bleak, while a shift in setting from the 1950s to the 1980s felt a poor fit for Stephen King's original novel. A reduction in Mike's role in the narrative also hurt the film somewhat, weakening the story's sole person of colour for no easily justifiable reason. It: Chapter Two is set in the present day, and adapts the second half of King's lengthy novel. ""It"" has returned, and as the last remaining member of the Losers Club still living in Derry, Mike calls and begs his childhood friends to return. This sequel did not gain the popular audience or acclaim that its predecessor did, but personally I find it a much stronger film. With the benefit of age the protagonists have much more depth to them, and a strong cast of actors do an exceptional job of fleshing them out and showing how each has changed and developed in the intervening years. Particularly strong is Jessica Chastain  one of the USA's best contemporary actors  as Beverly: still a victim, but still fighting to escape a legacy of violence. Bill Skarsgard brings a much more comfortable and light tone to Pennywise, warming up the character to an extent and in doing so pulling away from the relentless horrors that made him difficult to believe in last time around. Clowns are naturally creepy characters  more so in the 1980s than the 1950s  and a screaming demonic monster as a clown made a mockery of the idea it could ever tempt a child into harm's way. This revised iteration is funnier, and more subtle where it counts: finally a temptation for which you can believe a child would fall. Stylishly shot, well paced, and overall very satisfying, It: Chapter Two feels like a strong improvement, and a solid slice of commercially-minded populist horror. It is imperfect in places  the climax struggles a little, and an early scene of two homosexual men being assaulted feels tonally misjudged  but overall it satisfies in a manner that the original film did not quite manage. Still, as a two-part re-opening of the Stephen King adaptation for business  there have been six new Stephen King film adaptations since It with 10 in development  it acquits itself remarkably well."
115,ARH_Doc5_ItChapterTwo,ARH_Doc5_ItChapterTwo,ARH,Horror,Positive,ItChapterTwo,"It Chapter Two kicks off twenty-seven years after the events of the first film. The majority of the Losers club have left Derry and made lives for themselves elsewhere, except for Mike (Isaiah Mustafa), who has stayed behind to keep an eye on the impending threat of Pennywise (Bill Skarsgard). Sure enough, he reappears to feed off the fear and hate within the town of Derry. After a truly unsettling, and downright real hate crime that opens the film, Mike realises that he needs to get the Losers club back together to defeat Pennywise once and for all. The only trouble is, while the other Losers have been away from Derry, their memories of the events that changed their lives have faded away. I like to think I'm a seasoned horror film watcher. I've sat through some fairly brutal films and come out with just a scratch or three on the other side. I've trudged through Cannibal Holocaust, I've eeked my way through Martyrs, I've witnessed Thriller: A Cruel Picture. All of those films were nasty, cruel, horrific affairs. But, none of them matches the horror within It Chapter Two. Now, before I get ahead of myself, let me clarify my point. It Chapter Two is fairly run of the mill horror stuff. The frights are routine, the gore is surprising, and the amplification of fear is a little excessive. As the continuation of the story of Pennywise, the murderous clown-alien-spider-thing from outer space, this is a pretty stock standard sequel. It rinses and repeats much of what made the first film work, and adds a bit of paprika and a bonus fortune cookie or ten to the mix. So, as a balls to the wall, keep you up late at night horror film, it misses the mark. But saying that means that I'm only focusing on the obvious horror on display. Yes, there's a wealth of hand-itching, spine-tingling fright sequences, and director Andy Muschietti certainly knows how to make the tension as taut as a piano wire, but it's what lies underneath these horror moments that makes It Chapter Two a wonderfully impactful affair. It Chapter Two somehow makes a solid case for ignoring the first film completely and just watching this one by itself. The reasoning for this is that the format of the book  swapping between the young Losers club and the adult Losers club  is applied here, making the transition from youth to adult more understandable and coherent. The trauma that the kids suffer is greater realised in their adult versions when you see the two side by side. As with the first film, the decision to split everyone up mildly hampers the narrative drive. The reflections of a past long gone, the echoes of pain that ring through our lives, the forgotten memories coming back to life, all of these elements strike with alarming brutality in this film."
116,ARH_Doc6_ItChapterTwo,ARH_Doc6_ItChapterTwo,ARH,Horror,Negative,ItChapterTwo,"Even before Tim Curry donned the Pennywise persona for the 1990 mini-series, Stephen King's It was always going to be tough to adapt. As well as being such a colossal story, its ideas and setups are as haunting as they are thematically rich. Andy Muschietti's second diving into the It narrative struggles to fully do them justice. There's plenty to admire, but its individual segments are better than its whole. Following the second half of King's novel, It Chapter Two takes place 27 years after the first. The losers club have all grown and gone their separate ways. The only one who remains in Derry is Mike (Isaiah Mustafa), who discovers that Pennywise the Clown (Bill Skarsgard), an entity who haunted the losers club as children, has returned. He calls everyone from the losers club, including Bill (James McAvoy), Beverly (Jessica Chastain), and Ritchie (Bill Hader), and summons them back to Derry, where they will all face Pennywise for a second, and hopefully final, time. It Chapter Two is a film with a lot on its plate  so much in fact that it doesn't really know what to do with it all. But there are elements of substance to its somewhat messy presentation. A fruitful theme that can be derived is that of past trauma and coming to terms with it. All of the losers club members who have left Derry each return with amnesia, having forgotten Pennywise and his horrors, their memories being hazier the further away they have gotten from Derry. Mike is the only one who remembers clearly, acting as a guide through their past experiences. As such, these characters are forced to confront their dark pasts both directly and suddenly. One could argue that conquering your fears is a trait of the genre, regardless of age, but because we're dealing with fairly experienced adults instead of naive children, the film at times feels more like a trip through an obnoxious carnival hall than journeys of personal growth. All of the actors work with the material well too. On top of being perfectly cast as aged versions of the actors from the previous film (in spite of some uncomfortable de-aging CGI on the child actors), each one feels committed to the ideas the film seems to inhabit. McAvoy and Chastain both encompass their characters' shared and individual horrors excellently, as does James Ransone as Eddie, resulting in vulnerable portrayals of broken people. But, much like Finn Wolfhard before him, Bill Hader steals the show as Ritchie. Both very funny, and very sincere, Hader creates maybe the most intricate character of the film. His performance is articulate and layered, achieving tension and even heartbreak. Unfortunately, the film sacrifices the coming-of-age element that made the first one so distinct. Two of my friends and I were in the pub the other day, and we were discussing how accomplished Stephen King is as a coming-of-age writer. The Body (aka Stand by Me) is a perfect example, and even earlier"
117,ARH_Doc7_ItChapterTwo,ARH_Doc7_ItChapterTwo,ARH,Horror,Negative,ItChapterTwo,"When we last left the not-so-cozy little town of Derry, Maine it was 1989 and the seven friends who make up ""The Losers Club"" had vanquished the sinister child-chomping clown Pennywise (Bill Skarsgard). Knowing the possibility that he could return in 27 years, the group vows to come back to Derry if Pennywise every resurfaces. If that doesn't scream sequel nothing does. To be fair Stephen King's best-selling novel made a clear that a sequel was all but guaranteed. And it's not like the filmmakers weren't saying as much before the first ""It"" even hit theaters. And I'm sure Warner Bros. didn't mind making another film considering the first one brought in over $700 million against a modest $35 million budget. ""It: Chapter Two"" deals with the inevitable return of Pennywise after 27 years in hibernation. A new cast plays the all grown up ""Losers"" while the original cast returns playing their younger selves in numerous flashbacks. Mike (Isaiah Mustafa) ends up being the only one who stayed in Derry and when he sees signs of the killer clown's return he contacts the ""Losers"" to fulfill their oath. Strangely, with the exception of Mike, the group have forgotten key details of their friendship and their time in Derry. Turns out the further you get away from the town the less you remember. Bill (James McAvoy), Beverly (Jessica Chastain), Richie (Bill Hader), Ben (Jay Ryan), Eddie (James Ransone), and Stanley (Andy Bean) receive calls from Mike beginning their slow drip of returning memories. It also begins the film's overly long and cumbersome task of getting these characters from Point A to Point B while checking off a lot of boxes along the way. Navigating the unwieldy plot is just one of the problems effecting this overstuffed and wildly uneven sequel. The first film proved that these characters were at their best when they were together. ""Chapter Two"" fails to tap into that by keeping them apart for far too long. Take a long middle segment where each person goes out on their own to find their ""artifact"" hidden somewhere in Derry. It's meant to show them facing and overcoming a buried fear from their past, but it plays out like one staged horror set piece after another some. A couple are good including Beverly's despite it being completely spoiled in the trailers. Some are more interested in the grotesque while others are just ridiculous. A couple of moments do hit home particularly when the group discovers their old underground clubhouse. The scene blends together sequences of the young and old in a way that makes their friendships seem authentic and tangible. There is also a tender emotional tug from the movie's final few minutes that you can't help but be effected by despite the bumpy road to get there."
118,ARH_Doc8_ItChapterTwo,ARH_Doc8_ItChapterTwo,ARH,Horror,Negative,ItChapterTwo,"Andy Muschietti returns to direct the film, which takes place 27 years after the original. As we see in the first 45 minutes, each member of the self-proclaimed ""Losers Club"" have gone on to achieve relatively normal lives despite the trauma they experienced in their youth. As Mike (Isaiah Mustafa as an adult and Chosen Jacobs as a teen), who never left the town of Derry, Maine, tells them, the further you get from the town the more the memories fade away. But he remembers what happened to them  and it's happening again. The first part of the movie is dedicated to Mike getting the gang back together, which includes Bill, his love interest Beverly (Jessica Chastain and Sophia Lillis), fouled-mouth jokester Richie (Bill Hader and Finn Wolfhard), former fat kid (and now hot) Ben (Jay Ryan and Jeremy Ray Taylor), hypochondriac Eddie (James Ransone and Jack Dylan Grazer), and Andy Bean and Wyatt Oleff as Stanley. While it's all fun and games at first, Pennywise (Bill Skarsgard) quickly starts up his old tricks to torment the gang as they try to figure out how to defeat him. Old memories are rehashed and wounds are reopened as each of the ""Losers"" face their pasts. Each of them gets their moment. However, the movie doesn't really explain why each of them needs one. Yes, they all have chips on their shoulder, but each character vignette feels more like a way of letting the starry cast each have their turn in the spotlight. It feels more like filler than an actual plot  which explains the unnecessarily bloated 169-minute runtime. Rather than adding onto and complementing the first movie, Chapter Two feels bogged down by it. Muschietti and screenwriter Gary Dauberman try to make the movie funnier, scarier, more intense, and more emotional. As a result, it's none of those things. I liked the first movie quite a bit. Though it isn't perfect, the plot is more focused and intentional, which makes each scene (and scare) more effective. Chapter Two returns to the playbook that made many of the set pieces in the first work and doubles down on each of those elements, which seems instinctive, but instead, it just means each scene is predictable. That coupled with the overreliance on CGI makes the movie completely devoid of horror. Because the middle section drags so much, the plot is stuffed into the first and last 45 minutes. However, there is so much plot  and so much exposition  that we never get a chance to reform the emotional bond with the characters that makes the first so successful. The end of Chapter Two, which should feel triumphant and bittersweet instead feels hollow."
119,ARH_Doc9_ItChapterTwo,ARH_Doc9_ItChapterTwo,ARH,Horror,Negative,ItChapterTwo,"It Chapter Two is 169 minutes long and feels like seven or eight episodes of an ""It"" television series crammed into one overstuffed package. When you crack It open this time around, you find more blood, more violence, and more intricate set-ups on how Pennywise (Bill Skarsgard) infiltrates the lives of those trying to stop him, and a convoluted understanding of just what is actually going on here. And yes, I understand. A horror movie about a dimension-traveling demon, masquerading as a menacing clown and able to take the form of anything it wants to, at anytime it chooses, every 27 years, doesn't inherently make logical sense. It's literally a movie, Mike. Come on already. Sure, but whereas It initially doubled down on world building and allowed us a chance to understand the ramifications and motivations around how this group of seven ""Losers"" came together and found each other, things are different this time around. At the outset of Chapter Two, we see Pennywise has returned, 27 years after the events of the first film, to ransack Derry, a small Maine community, where the clown feasts on children to remain viable. After 27 years, Mike finds that amnesia or selective memory loss has affected his fellow Losers. They remember Mike (though amusingly some do not at first), and while none of them apparently have spoken since the blood oath (which is frankly hard to believe), everyone but Stanley makes it back home for a makeshift reunion. All of them leave these lives behind to meet Mike and realize that he has spent pretty much all their time apart preparing to defeat Pennywise upon his eventual return. Once Mike comes clean, and shares why everyone is actually back together, a reunion dinner at a Chinese restaurant is taken over by a fortune cookie plate turned into a horrific post-meal experience that reminds everyone just what they are up against. Fair enough. Very quickly though nothing seems consistent with how things worked in the first film. Complicating matters, we have Bowers (Teach Grant | Nicholas Hoffman), the first film's unrelenting bully, commissioned by Pennywise (via a singular floating red balloon) to do his bidding. He breaks out from a mental hospital, pairing up with Hockstetter (Owen Teague), a zombie-like accomplice. None of this goes anywhere. There is a Native American tribal ritual that is introduced in such a convoluted way that Mike's explanation to his fellow Losers was absolutely lost on me. The ""Ritual of Chud"" proves important, as it requires each of the Losers to return to a moment from their youth and grab an artifact, symbolic of the terror they experienced from Pennywise. Over the course of 169 minutes though, we should have ample time to really explore the pain, suffering, and anguish these people have experienced. After all, your villain supposedly feeds off of that. Your characters are victimized by it - both literally and figuratively!"
120,ARH_Doc10_ItChapterTwo,ARH_Doc10_ItChapterTwo,ARH,Horror,Negative,ItChapterTwo,"It's an uphill battle for Andy Muschietti's It Chapter Two to even match its predecessor. It, which Muschietti shaped into an endearing and nostalgia-fueled fable of prepubescent outcasts battling bullies and demons, is that rare charmer that elegantly blended adventure, horror and budding romance in a coming-of-age tale that hits most of the right notes. Chapter Two is comparably a lot less focused and vastly more distracted effort, with Muschietti clearly having difficulties in cohering all of his film's scary parts to tackle his daring take on trauma. It ends with the members of the Losers' Club making a pact to return to the cursed town of Derry should Pennywise (Bill Skarsgard), the shape-shifting monster that preys on children, ever return. Chapter Two is set several decades after with Mike (Isaiah Mustafa), the only member of the Losers' Club who stayed in Derry, calling all of his former friends to return to Derry after a series of murders that he believes is attributable to Pennywise. Adulthood has changed the Losers, with almost all of them having hazy memories of their childhood heroism. Bill (James McAvoy), the stuttering boy whose brother is a victim of the villainous clown, is now a famous writer. Richie (Bill Hader), once bespectacled and abrasive, is a successful comic. Beverly (Jessica Chastain), the only girl in the group, is a battered wife. Ben (Jay Ryan), the fat kid who secretly adores Beverly, is no longer obese but still harbors the same feelings for his childhood crush. What is clear from the get-go is that Chapter Two is a totally different animal. It attempts to approach its horror not from the perspective of wide-eyed children forced into the margins by an oppressive society but from the purview of adults who are forced to forget the glaring sins of the past because the present is fine and dandy. The sequel's wonderful opening, where a gay couple is mauled by a gang of bigots before being massacred by Pennywise, sets the discourse in motion, with horror in all its forms and sizes never really disappearing even with the comforts and safeties afforded by maturity and adulthood. Sadly, Chapter Two is stricken by incoherence. Muschietti struggles to unite horror and humor. He has difficulties in echoing his pertinent point, with his adult characters, who are supposedly in a mission to rid their home town of the monstrous Pennywise by facing their respective difficult pasts. They mostly fail to present themselves as traumatized individuals as opposed to how the characters as children are so efficient in depicting themselves as unlikely heroes, as outsiders in a community who are driven together by a camaraderie dealt by the necessity of companionship. What Chapter Two really lacks is a driver, that single character whose narrative and motivations become the core of what the film is trying to impart. As a result, Chapter Two feels more like a staggered collection of fairly tense horror set-pieces. Muschietti is still able to assemble terrific sequences, still making"
121,BHR_Doc1_TheBatman,BHR_Doc1_TheBatman,BHR,Sci-Fi,Positive,The_Batman,"You can hear the ghosts of cinema vigilantes past banging around in the pipes of Matt Reeves’ new epic, The Batman. And by invoking those ghosts, the film creates an alluring combination of the familiar and the fresh. Robert Pattinson cuts an impressive figure as the terse and anguished Bruce Wayne, keeping a scribbled diary reminiscent of Taxi Driver’s Travis Bickle – another lonesome self-appointed avenger who regards his city with detachment and disgust.  The Batman’s rain-slicked, nocturnal Gotham is also redolent of the torrentially grim city stalked by a serial killer in David Fincher’s Seven. Here, our superhero is fully-formed when we meet him – we are mercifully spared another retelling of his origin story, and instead we delve right into a noirish mystery which turns the caped crusader into a part-time PI.  The man he’s hunting is also a serial killer – known as The Riddler (Paul Dano). A mysterious weirdo with deep knowledge of police and political corruption at the highest level of the city, he draws Batman into following a series of disturbing murders and twisted clues, right to heart of the city’s rot.  This is not a cartoonish Batman, to be sure. With its often disturbing violence and a sinister, booming soundtrack, it provides a certain elegant sleaze to proceedings.  Zoë Kravitz is perfectly cast as the slinky Selina Kyle (aka Catwoman), tiny but mighty, and Jeffrey Wright telegraphs stalwart decency as Detective Gordon; and while everyone might be talking about Dano as The Riddler or an unrecognisable Colin Farrell as local wiseguy The Penguin, the quiet performance given by John Turturro as another Gotham mobster may be the finest of the heel turns.  The Batman’s action set-pieces are thrillingly executed. From a roaring car chase down a steamy, orange-lit highway at night, or a close-range gun battle in a blackout, lit in flashes by exploding bullets in the dark (like a Hong Kong movie on steroids), there is a real sense of spatial intelligence on Reeves’ part vis-a-vis where to put the camera and precisely when to cut.  With its distinctive look, its intriguing mystery plot, and its pitching of Batman as a symbol fraught with contradictory meaning, The Batman should honestly be a blow-your-hair-back hit. And there’s a good chance it will be.  But it also ties itself up in knots of its own making by the second half of the story, over-explaining and padding out the narrative and its themes until it loses the punch it began with. Reeves’ film plays with ideas about institutional corruption before tossing them to the side in service of a bombastic conclusion (there have to be some good cops, it assumes), and the clunky voice-over toward the last section really raises eyebrows (“The city is angry and scarred, like me,” Pattinson offers to us at one point.)  It’s a shame for the film to go out on such a tepid note, because the parts that are compelling are superb: the whiff of sadomasochistic sexual frisson between the bat and the cat, encased in their"
122,BHR_Doc2_TheBatman,BHR_Doc2_TheBatman,BHR,Sci-Fi,Positive,The_Batman,"Matt Reeves wowed audiences with his grounded interpretation of the caped crusader. The film was gritty, suspenseful and incredibly shot, and possibly one of the best live-action stories we’ve seen yet. The film does a great job displaying Bruce’s detective skills as the film is shot like a gruesome crime mystery reminiscent of the film Seven. The Batman perfectly captures the essence of Gotham and its overall dark corruption. The film puts a heavier emphasis on the criminal underworld and its connections to the elite. This is where the film perfectly encapsulates the world of Gotham.   The film stars Robert Pattinson as a young inexperienced Bruce Wayne, who ventures into Gotham City’s underworld to track down a sadistic killer leaving behind cryptic clues and a trail of bodies. Batman partners with the most trustworthy cop Lt. Jim Gordon (Jeffrey Wright) and an unlikely ally Selina Kyle (Zoë Kravitz), to gather evidence and unmask the culprit while bringing justice to the corrupt streets plaguing Gotham. The entire cast is phenomenal, with standout performances by villains The Penguin (Colin Farrell) and the main antagonist Riddler (Paul Dano). Zoe oozes Selina Kyle, and Robert Pattinson proves to fans that he is worthy of the cowl. But is this movie the best iteration of Batman?   The Batman hands down features the best story-telling we’ve seen yet in a live-action Batman film. It is the best contained Gotham story as threats were just limited to Gotham City with Batman earning his rank as Gotham’s protector. This isn’t an origin story, or even an established Batman yet, as it takes place only two years into Bruce donning the cape. It is heavily focused on Bruce’s early career as the Bat as he is still learning who he is inside and outside of the cape. The film draws inspiration from numerous Batman comics and media, as you can tell Reeves studied his source material. The movie highlights a young and unrefined Batman, similar to the PS3 game Arkham Origins as it takes place before the rise of Gotham City’s most dangerous criminals and it centers on his early days as a crime fighter, meeting many key characters on his path to becoming the Dark Knight.   Pattinson gave a stellar performance as an unhinged and inexperienced Batman. His Batman was gritty, real and sorrowful. He was full of rage, and always ready to let loose, but what ultimately stood out was his fear. We saw real fear on his face when he was hesitant to jump off the Police Department roof. This is a version of Batman we haven’t really seen on screen. He also injured himself numerous times and got manhandled throughout the film. One can argue there was no distinction between his portrayal of Bruce and Batman, but isn’t that what made this film work? He hasn’t come into his full Bruce Wayne “persona” yet either. We could potentially see this addressed later as his character develops. In a sequel we may see a much more refined,"
123,BHR_Doc3_TheBatman,BHR_Doc3_TheBatman,BHR,Sci-Fi,Positive,The_Batman,"More of a police thriller than a superhero movie, The Batman (2022) is a psychological thriller that reimagines the Dark Knight as a detective trapped in an intense and oppressive film noir.  Robert Pattinson plays the character with the energy of a cursed rock star. Far removed from the playboys of other generations, Bruce Wayne seems as disturbed as the villains who haunt Gotham: sleepless, alienated, self-destructive. He's been stalking alleys at night for the past couple of years as Batman, violently imitating the rain Travis Bickle longed for in Taxi Driver (1976) and keeping obsessive diary entries that, if found, would likely land him in Arkham Asylum.    Everything changes when Lieutenant Gordon (Jeffrey Wright) calls him to a brutal crime scene. It's the first of many. A serial killer is on the loose, targeting the city's political elite and leaving clues in Batman's name in the form of riddles and sadistic videos. Played with intimidating intensity by Paul Dano, the Riddler is a conspiracy-minded extremist cultivated in the most sociopathic corners of the internet, and while the character's physical presence is somewhat lacking for much of the film, he clearly commands it.   Adopting the pace and procedure of a detective story but with the poise of the most grim film noir , each new crime redirects the investigation within Gotham's seedy underworld. Thus, Batman crosses paths with his own femme fatale , Selina Kyle (a sexy Zoë Kravitz), the grotesque Penguin (an unrecognizable Colin Farrell), and mobster Carmine Falcone (a menacing John Turturro). It's tempting to call them ""realistic"" versions of their comic book counterparts, and while they're certainly less stylized than Tim Burton's Grand Guignol or Joel Schumacher's kitsch , the film noir register allows them to be grounded without losing their spark or their iconicity.   The story's structure is its worst enemy. It's not the nearly three-hour running time that slows the film down towards the second act, but rather its obsession with filling it with episodes that seem to begin, develop, and conclude without advancing the main plot much. Nor is it an action-packed film, which is likely to alienate some audiences. What is there is violent and fleeting, but (except for one chase) hardly spectacular, an extension of the hero's pragmatism.  The atmosphere is excellently achieved, alluding to the story's sinister ramifications without betraying its PG-13 rating. Cinematographer Greg Fraser crafts Gotham as a claustrophobic city, consumed by shadows and surreal lighting, with a vivid and striking mise-en-scène. If he doesn't win an Oscar for his work on Dune (2021), he's guaranteed revenge here. Michael Giacchino also composes an insidious, funereal soundtrack that contributes to the story's nightmarish tone.  The film's great triumph is injecting new life into a character who has been overexposed in countless projects and crossovers that have tired of retelling, recreating, and parodying everything audiences already know about him. Matt Reeves' film mostly skips all of this, recapturing Batman's personal journey with a worthy epic poem. Starting with an original vision for the hero, it features"
124,BHR_Doc4_TheBatman,BHR_Doc4_TheBatman,BHR,Sci-Fi,Positive,The_Batman,"The Batman begins unlike most superhero films.  We're thrust into the point-of-view of someone looking through binoculars to spy on a powerful political figure. No context is provided, it’s plain voyeurism and foreboding all at once. What immediately comes to mind is the eerie suspense of Rear Window or Jake Gittes' own binocular surveillance in Chinatown.  Shortly after, we’re introduced to an unhinged and demented Riddler (played maniacally by Paul Dano, who is not a stranger to psychotic performances, i.e., Prisoners) in one of the most chilling Batman scenes to date. Later on, a narration is heard from a rugged and tempest-tossed voice that seems familiar yet nothing like we’ve heard before.  It’s the Caped Crusader we’ve known for many years (played with care and vindictiveness by Robert Pattinson), but there’s a gruffness to his cadence and a timbre of anxiety that places him closer to a neo-noir protagonist than a crime-fighting hero.   The femme fatale, Selina Kyle, a.k.a. Catwoman (played by the wonderful Zoe Kravitz), acts as both ally and foil to the bat while wrestling with her own demons. Both leads have a more than satisfying rapport together, but the film glosses over the part where their professional relationship becomes a more intimate one (Also like noir, which usually fast-tracks this part).  Oswald Cobblepot (played by Colin Farrell in near-indistinguishable makeup), the gentlemanly club owner and friend of mobsters better known as Penguin, is plucked straight from the bat's colorful rogues gallery. Alongside him is Carmine Falcone (played by the raffish John Turturro), the infamous crime boss who has a stranglehold on every nook and cranny of Gotham City’s political systems.  These noir elements certainly belong to a Batman film, but they play out in numerous genres to create a grimy and desolate environment that inhales fear and exhales vengeance.  Despite the disparity in genre interests, director Matt Reeves strikes a worthy balance. It’s a part-serial killer mystery, part-superhero adventure, and part-crime drama stuffed in a 3-hour runtime that can feel loaded but never dull.    Gone are the otherworldly features, intergalactic warlords, and flying mosquito aliens. The Batman harshly rips off the bandaid, and in its place are spreads of duct tape along with their uneven textures and angular divides. It’s grounded in realism but leveled with sharp reds and oranges as well as harsh shadows that viciously saturate the screen. It’s a beautiful-looking film and, without a doubt, the most visually arresting Batman film to date.  The mystery simmering underneath the dark underbelly of Gotham centers on cryptic messages and methodical murders. James Gordon (played by Jeffrey Wright) coalesces with Batman, who gets to do some detective work this time, to solve riddles aimed at exposing the city's secret corruption à la The Court of Owls.  Since this is the Dark Knight’s second year, there’s a palpable familiarity between him and the lieutenant, instantly apparent in their illicit sleuthing. Alfred Pennyworth (played by an underrated Andy Serkis) involves himself in code-cracking to a very convenient degree. Most of the riddles hardly pose a challenge, and"
125,BHR_Doc5_TheBatman,BHR_Doc5_TheBatman,BHR,Sci-Fi,Positive,The_Batman,"Batman (Robert Pattinson) ventures into Gotham City's underworld when a sadistic killer leaves behind a trail of cryptic clues. As the evidence begins to lead closer to home and the scale of the perpetrator's plans become clear, he must forge new relationships, unmask the culprit and bring justice to the abuse of power and corruption that has long plagued the metropolis.   It's impossible to start a review of a blockbuster from this genre and of this dimension without first clarifying my position concerning other works, as well as the expectations for The Batman. Any fan of the superhero genre looks to Christopher Nolan (Tenet) and Christian Bale's (Ford v Ferrari) trilogy as an outstanding example of how to adapt comic book characters and stories for the big screen. Along with the two films directed by Tim Burton (Dumbo) and starring Michael Keaton (Spider-Man: Homecoming), these two different sagas remain in my memory as versions of Batman that I'm thrilled to have watched.  However, since the rise of social media, this comparison process has become unbearably toxic. Instead of simply discussing personal preferences in a healthy manner, constant attacks and insults emerge just because a fan considers a particular actor or film superior to another as if cinema wasn't a subjective art. Furthermore, instead of defending what they really love, they trash what they don't like that much. Whether people want to admit it or not, The Batman will receive numerous viewers with a pre-set mind. It doesn't matter if it's designated to love it or hate it unconditionally. Many have a clear idea of ​​""their"" Batman, and any detail that's even slightly altered, even if completely irrelevant, is capable of ruining an entire movie for such audience members.  Fortunately, I'm a cinephile who can genuinely state, without rankings or condescending comparisons, that I love the films from Burton, Nolan... and Matt Reeves (War for the Planet of the Apes). The Batman deserves all the hype generated since its announcement. As one of my favorite filmmakers - never made a bad flick - Reeves obviously exudes a tremendous sense of confidence for everyone who has followed his career, so personal expectations were very high. The truth is that The Dark Knight Rises was released ten years ago, and since then, Bruce Wayne and his batsuit have only been seen in cinematic universes alongside other superheroes, so there was much more enthusiasm and curiosity with this isolated adaptation.    Add to that names like Greig Fraser (director of photography, Dune), Michael Giacchino (composer, Spider-Man: No Way Home), or even James Chinlund (production designer, Dawn of the Planet of the Apes), The Batman had everything to be a technically impressive film... and, unquestionably, all these components create the best-looking Batman movie of all-time. From the absolutely stunning cinematography to the addictive score, not to mention the incredibly dark and eerily realistic atmosphere, never has a Batman film looked and sounded so good.  There was no doubt that Fraser is a talented cinematographer, and in The Batman, he manages to"
126,BHR_Doc6_TheBatman,BHR_Doc6_TheBatman,BHR,Sci-Fi,Negative,The_Batman,"The Batman is longer than Pulp Fiction. It’s longer than Heat, it’s longer than The Godfather, it’s longer than 2001: A Space Odyssey. True, there have been some great movies that are longer — Apocalypse Now, Braveheart, The Godfather Part II — but one important distinction here is that none of those were about Batman. Most importantly, this one feels long.  You know that scene where the Joker sits in an interrogation room and describes his evil plans, and Batman punches the bulletproof glass and screams that he’s a madman? In The Batman, that scene (in this case featuring The Riddler, played by Paul Dano) takes place more than 90 minutes into the movie.  This bloat would be a lot easier to explain if The Batman was your typical lynchpin in an expanded universe, a movie responsible for staging meet-ups for 10 other superheroes while establishing storylines for three other villains — á la one of the Avengers movies, which I definitely wouldn’t want to sit through again either. But The Batman isn’t even part of the DCEU. This was supposed to be a weird, stand-alone take on Batman, like Joker (which lots of people hated but I mostly loved).  At times it does feel like Matt Reeves is attempting something admirably bold here, an angsty film noir that happens to have Batman in it, a Gotham-based Chinatown or a Seven (two movies 40 or 50 minutes shorter than The Batman, incidentally). Reeves’s Gotham certainly rains a lot. But for all its self-consciously hard-boiled pretensions, The Batman still manages to feel like 10 pounds of shit stuffed into a five-pound sock.  Your mileage, so it should go without saying, may vary. Just as in his Planet of the Apes movies (Reeves directed Dawn Of The Planet Of The Apes and War For The Planet Of The Apes) there’s a lot to love about Reeves’ stylish compositions and obvious high level of craft. For me, it’s hard to get past the fact that Warner Brothers seems to have found the only blockbuster director with even less of a sense of humor than Christopher Nolan. And Reeves’ work seems to lack Nolan’s vulnerability. Tim Burton’s Batman movies were emo. Christian Bale growled and brooded. This version seems joyless, lacking any sense of playfulness that would’ve made the potboiler truly engaging.  We don’t have to watch Batman’s parents get murdered this time around, which I suppose is nice. Reeves, with a script co-written by Peter Craig (The Hunger Games, 12 Strong), skips straight to Bruce Wayne as a reclusive, brooding orphan, cooped up in a weird old house with his surrogate father, Alfred, played enjoyably here by Andy Serkis, who brings a chavvy muscularity to the role. The plot turns on the murder of Gotham City’s mayor by The Riddler, a Zodiac-esque serial killer who leaves cryptic ciphers addressed to Batman at the scenes of his crimes, as well as creepy vlogs where he screams into a voice modulator until it distorts.  The main thing setting him apart from"
127,BHR_Doc7_TheBatman,BHR_Doc7_TheBatman,BHR,Sci-Fi,Negative,The_Batman,"From the gritty 1970s era look to hints that our hero may suffer from some sort of psychosis, it seems fairly clear that writer/director Matt Reeves wants his Batman reboot to be viewed in the same vein as last year’s brilliant but polarizing “Joker.” The problem is, unlike the latter film, “The Batman” has no artistic courage. It allows mumbled references to “white privilege” and vague allusions to dismantling structures to stand in for a real point of view.  Unlike previous Dark Knight franchises, this movie assumes we know the origin story. Thus, we catch up with the action in medias res, with Bruce Wayne growling that “he can’t be everywhere” before deciding which of Gotham’s criminal elements he will target on a bleak, rainy night. Or the next bleak, rainy night. Or the night after that. This version of Gotham exists in a strange weather vortex in which all nights are bleak and rainy.   But while Batman is hunting small-time hoods, a serial killer is targeting the city’s ruling class, including the mayor, the district attorney, and the chief of police, leaving a riddle calling card for our hero at each of his grisly murder scenes. As Bruce tracks down the clues, he’s drawn into the darkest corners of Gotham’s underbelly, crossing paths with a waitress in a gangster’s nightclub who knows more about the criminal connections of the political elite than she’s willing to admit.  From there, the movie mostly unfolds like a police procedural as Batman and Lieutenant Gordon (Jeffrey Wright) dog their killer’s steps, trying to prevent him from striking again. Eventually, we get to the superhero staple where our bad guy plots to destroy the city, but it’s a long (really long—three hours long) circuitous route. And most of the stops along it never rises above the level of mediocre.  Robert Pattinson proved he can do great work in films like “The Lighthouse” and “Tenet,” but here it feels like broody Edward Cullen put on a bat costume and started issuing husky, monotone romantic overtures to Selina Kyle (Zoe Kravitz) instead of Bella Swan. His emotional pain is evidenced by his disinterest in brushing aside the dripping bangs which constantly hang in his eyes.    But Pattinson’s one-note performance, which may have aging “Twilight” moms swooning but will leave everyone else bored, isn’t the fundamental problem of the film. The problem is that it attempts to embody the current leftist ethos of deconstructing systems we once believed represented the common good — and that includes the superhero system that created Batman.  Conservative viewers will appreciate the irony that a government-run charitable program eventually becomes a haven for racketeering and money laundering. But at its root, this plot point, too, simply highlights that all things created by the winners of our meritocratic system are eventually tainted by corruption.  As Bruce goes about unraveling Riddler’s mysteries, he also begins unraveling his own identity. This is something different than the fascinating populist issues Christopher Nolan’s trilogy sharply explored, though that factors in. Here, he begins questioning"
128,BHR_Doc8_TheBatman,BHR_Doc8_TheBatman,BHR,Sci-Fi,Negative,The_Batman,"Every generation gets the Batman it deserves.  The 60s brought us the Bang! Pow! pop art attitude of Adam West. Tim Burton gave us a Gotham both gothic and gorgeous with Michael Keaton's iconic take in 1989. In 2005 Christopher Nolan erased the excesses of the Joel Schumacher era with his terse, growling Dark Knight series.  But Batman may have finally met his match with Matt Reeves' ponderous and posturing take on the crime fighter.     The Batman stars Robert Pattinson as a young man trudging forward on his mission of vengeance.  Not quite an origin story, the film finds Batman in his second year on the job. Bruce Wayne is practically hollow, emptied out by grief over his dead parents, grimly focused on balancing the scales.    Channeling his rage into a mission of vengeance, Robert Pattinson serves up a different kind of Bruce Wayne — less a rich playboy, more a grief-stricken son. (Warner Bros. Entertainment Inc. ) Noir ambitions fall short Director and co-writer Reeves created a thrilling series with his two Planet of the Apes films, populated by intelligent beasts who wrestled with their all-too-human ambitions. But as Batman, Pattinson is little more than a cartoon.   In a dark and dingy Gotham where the sun never rises, the film is littered with hard-boiled dialogue, Batman whisper-muttering in his opening narration, ""The city is eating itself, but I have to try.""   In interviews, Reeves has hinted that his interpretation of Batman is more a film noir, more of a detective story than the typical comic book blockbuster.  Nolan, who directed The Dark Knight series, has also talked about the influence of noir in his work. Part of what Nolan admires about the genre is how characters reveal themselves by their actions.  The problem with this Batman is, he does more reacting than revealing. And for all the clues he's given, he's actually a dismal detective.     Some detectives use corkboards and string. Others supercomputers. Here Bruce Wayne lays out the clues of the Riddler's reign of terror on his dining room floor. (Warner Bros. ) PG rating tempers Riddler's reign of terror The main agent of action here is the Riddler, Paul Dano as a giggling masked maniac who is terrorizing Gotham's upper crust as he traps and murders them. With his cryptic notes and cargo jacket, the Riddler comes off as the Unabomber updated as a Twitch streamer.   Again, so much of this is about shock value rather than anything actually scary, since The Batman is handcuffed by its family-friendly PG rating, the result being something like a Saw movie made for Disney+.  As the body count builds, Batman joins forces with Lt. James Gordon — Jeffrey Wright as Gotham's one good cop who has a partnership of sorts with the mopey crime fighter.    While Wayne wears his trauma on his sleeve (next to his grappling hooks), there are other angels in Gotham.  Back from Planet of the Apes, Andy Serkis upgrades from Caesar the chimp to Alfred the butler. Unfortunately, Alfred's customary dry humour has been surgically"
129,BHR_Doc9_TheBatman,BHR_Doc9_TheBatman,BHR,Sci-Fi,Negative,The_Batman,"Many adjectives have been used over the years to describe movies in the Batman franchise — powerful, intense, compelling, campy, silly and even ridiculous.  One word I have not encountered is tedious. But that is the perfect description of “The Batman,” cowriter-director Matt Reeves’ nearly three-hour take on the nighttime vigilante. Reeves’ movie plays like a rehash of themes and situations from earlier Batman entries — most notably, those by Christopher Nolan.  And Reeves spends more time on mood and atmosphere than advancing his story.  “The Batman” is dark — it is at least 90 percent nocturnal — and very rainy; Gotham City must have relocated to some tropical venue as daily downpours seem to inundate the city.  Another problem is Robert Pattinson’s performance as Batman and as Bruce Wayne. In both personas, he speaks in a hushed monotone, making him indecipherable at times. And as Wayne, Pattinson seems to be acting either as a sulking teenager or as a young man suffering from PTSD.  He fails to give either of his identities any personality. At least Christian Bale gave his Bruce Wayne some public panache to separate his dual personality.  “The Batman” is an exposition-heavy enterprise; everything is explained to the audience, even what is so obvious that the dimmest filmgoer can understand.  The movie’s major offense is that Reeves, instead of creating his own Bat world, seems to rely on audience members’ memories of the Nolan trilogy to gain acceptance for his creation.  Reeves is aiming for a film noir-like Batman story, but the Dark Knight, supposedly the world’s greatest detective, does very little detecting of his own — mostly relying on others to unearth clues and pass them on to him. Reeves’ reliance on an inky mood and setting to carry the movie fails terribly.  It’s like watching a stare-down contest in slow motion; you know someone is going to blink, and you grow impatient waiting.  Alas, the cast lacks chemistry. Even though Reeves tries to instill some sexual tension between Pattinson’s Batman and Zoë Kravitz’s Selina Kyle/Catwoman — who appears to be the only spark of life in the movie — the results are nil; Bruce Wayne’s relationship with Andy Sirkis’ Alfred does not gel because Sirkis receives very little screen time; and the partnership between Batman and Police Lt. Jim Gordon (a wonderfully gruff Jeffrey Wright) is never explained, simply taken for granted. It is one of the factors borrowed from the Nolan films with Reeves hoping that the audience will fill in the gaps.  Even Paul Dano’s Riddler — and the mystery surrounding his actions — are ill-defined and make little sense in the scheme of the movie.  The cast also includes John Turturro as mob boss Carmine Falcone and an unrecognizable Colin Farrell as The Penguin, who in his few minutes brings some zest to the movie.  “The Batman” is a major disappointment that will leave fans of the Dark Knight and the entire franchise dissatisfied.  So, we will end on a riddle: What’s dark, dank, long and forgettable. “The Batman.”"
130,BHR_Doc10_TheBatman,BHR_Doc10_TheBatman,BHR,Sci-Fi,Negative,The_Batman,"Coming out of the new film from DC and Warner Bros, The Batman, those around me were full of strong opinions. Some were very vocal about their dislike of the film, saying they hated it, and others seemed to really enjoy it. Then there is me with the hardest opinion of all, decidedly mixed…   Let’s talk about the positives. To begin with, director Matt Reeves and cinematographer Greig Fraser have made a good-looking film that leans into the crime noir aspects of the Batman mythology. This is a gritty, brooding, Batman that is actually putting clues together as he spies on the lowlifes of Gotham.  The cast is also impressive, as is the makeup and costuming. Colin Farrell is practically unrecognizable as a mafia kingpin version of The Penguin. Paul Dano is chilling as a serial killer version of The Riddler, and Jeffrey Wright is a terrific James Gordon.  As for our Dark Knight, Robert Pattinson does a good job with what he is given. This is a brooding, quiet, outcast, reclusive version of Bruce Wayne and who’s father seems to have had all the people-pleasing skills of the family.     This is, however, where we get into our problems. The way they have written Bruce in the story doesn’t give Pattinson much to work with. The character is stagnant and does more meaningful staring than actual growth. It’s almost episodic in feel despite it being nearly 3 hours. He starts out as Batman, and he works on solving the case of the Riddler, and that’s it.  And that’s the main issue with this film, the script. The story is extremely one note and doesn’t develop characters we care about or become emotionally invested in. They put the pieces together for the case, but that’s fairly predictable and bland. If this was just a generic detective movie without the iconic IP, I don’t think there would be much interest in the story or characters.  The last 30 minutes do put together some impressive set pieces and like I said Dano makes for a chilling villain, but I wish they had taken the time to develop Bruce as a real person with feelings and emotions. Even in a dark and brooding film noir, there still should be moments where the characters breathe and connect.   The closest we get to any of that is the relationship between Zoë Kravitz’s Selina Kyle (Catwoman) and Bruce, but even that is mostly putting the pieces together on the case and not a real romance.  Perhaps I am coming across like I hated The Batman, which again, I did not. It has too many impressive pieces to hate, but I think it could have been much better with a more nuanced and engaging script. If you love it, I understand why. If you hate it, I understand why. For me, I’m very meh on it. But I have to pick a side… 5 out of 10"
131,HQZ_Doc1_Barbie,HQZ_Doc1_Barbie,HQZ,Comedy,Positive,Barbie,"Be still my heart: droll, gorgeously retro, and frequently hilarious, Greta Gerwig's Barbie is exactly the movie that I hoped it would be. With all its hyper-femme, world-domination-style marketing  not to mention its star Margot Robbie's press tour, featuring jaw-dropping designer getups that directly copycat original Barbie looks throughout history  one could be forgiven for raising an eyebrow at this pinkwashing of the summer movie landscape. But I'm here to report back: Barbie has brains within its beauty, remaining a movie by and for the girly-girls, allowing us a fuchsia blast of prettified joy, and maintaining the feminist credentials to enjoy all the frippery guilt-free. In other words: Barbie fights the patriarchy in high heels and it's glorious. In the pastel artificiality of Barbieland, replete with dream-houses and blue-skied beaches, Margot Robbie is Stereotypical Barbie. She is perfect, blonde, ridiculously pretty, and endlessly having the Best Day Ever with her girlfriends and Ken, played by an irrepressibly funny Ryan Gosling as her desperate tag-along boyfriend. Her world is populated by every Barbie and Ken ever manufactured, from Doctor Barbie to President Barbie to Pregnant Barbie (Midge, discontinued, thanks), all lovingly recreated by Gerwig and her team. But suddenly, Barbie starts to have strange, unnervingly human things happen to her: morning breath, flat feet, cellulite, and thoughts of her own mortality. She soon learns that she's unwillingly merging with her real-life woman creator, and must find that unhappy soul (America Ferrera) in the ""Real World"" to fix the problem. Unfortunately, Ken also visits the ""Real World"" and gets some ideas about how men rule everything, returning back to Barbieland armed with the idea that it will be Ken, not Barbie, who gets to be the main character. In one of my favourite sequences in the film, the Barbies pretend to humour the Kens by acting like they've never seen The Godfather or encouraging them to play Matchbox Twenty on guitar for them. Barbie is a camp, wacky, unmitigated delight, from full-on musical sequences to jokes about Barbie's lack of genitals, to Ken, a himbo par excellence, learning ""masculinity"" from a montage heavily featuring the work of Sylvester Stallone. And its two lead performances are by turns adorably earnest (Robbie) and uproariously wink-and-nod (Gosling, who is having so much fun flexing his biceps and singing to camera here that it's impossible not to love him): these are two bonafide Movie Stars at work. Visually, perhaps, Barbie looks like a few things we've seen before: director Greta Gerwig has spoken before about the cinematic influences on the heightened artificiality and pastels of the film, and she pays saccharine-sweet homage to everything from Singin' in the Rain's dream dance sequences to the candy coloured swirl of Jacques Demy musicals of the 60s. And yet: I have never seen anything quite like Barbie. It blazes its way into a strange and bold future where adapting a film from a corporate toy franchise doesn't immediately feel ugly and anti-art: instead it is vibrant, tongue-in-cheek,"
132,HQZ_Doc2_Barbie,HQZ_Doc2_Barbie,HQZ,Comedy,Negative,Barbie,"Barbie, a film made by intelligent people, has a clever idea about how to use the plastic world of Barbie dolls to argue that misogynistic patriarchy is an absurdity that crumbles under logic. This argument is successfully made in the opening couple of scenes and then repeated for the remainder of the film's 114 minutes. There is really just one joke, varied slightly throughout. Some of those variations are funnyKen's confusion over the masculine place of horses in the world outside the matriarchal Barbieland, the way women must endure the mansplaining of The Godfatherbut even the good gags are buried by the drumbeat of repetition. The film is the phenomenon of the summer of 2023, which frankly needed a good phenomenon, and as such things go, I'm fine with it. It assumes its audience is smart (but still in need of the occasional lecture), it's on the right side of history, it will almost certainly build a better-informed citizenry. People are apparently seeing it more than once, maybe for the feeling of being part of a happening, maybe for the arch songs and garish colors and inside jokes about Barbie lore. I can't imagine seeing it a second time, because everything is right there on the surface (except for the Mattel Easter eggs, I guess), easy to grasp and easy enough to enjoy. And that's it. Yes, Ryan Gosling's Ken has many throwaway pouts to savor, but beyond that there isn't much to get. Take Allan, a sidekick doll to Ken, played by Michael Cera. In the film's pre-release publicity, the photographs of Cerahilariously decked out in loud and sexually ambiguous beachwearsuggested a high point in the movie itself, especially with this inventive actor. But then you watch Barbie, and there's Allan and his beachwear, and although he pops up a handful of times in the action (as though somebody realized we've got to get Allan involved somewhere, which I guess is very Allan), that's the extent of it. This is moviemaking, circa 2023, and the movie's success suggests there is no fighting it. Believe me, I am aware of my wet-blanketness when I ask if this is really all there is to Barbie, especially when there are Tik Tok commentators who are so much more upbeat about the movie, and about every movie, apparently. Anyway. I have found Greta Gerwig's work as a director to contain legitimately wonderful things, and will make just a couple of observations here about directing style before standing aside and allowing the zeitgeist to roll over me. Gerwig's method of composing (the film is shot by Rodrigo Prieto) has a few notable strategies; for instance, proscenium-like compositions that approximate looking at a toy diorama such as Barbie's Dreamhouse, thus placing the film in the unlikely tradition of Jerry Lewis's The Ladies Man and Jean-Luc Godard's Tout va bien. In Barbie, this visual style extends beyond the depiction of these cut-away sets; so, for instance, the scenes in which Margot Robbie's doll passes between Barbieland"
133,HQZ_Doc3_Barbie,HQZ_Doc3_Barbie,HQZ,Comedy,Positive,Barbie,"There's a moment in Barbie where Ken (Ryan Gosling), having recently learned about patriarchy, tells a businessman who's informed him that they mostly hire women now that they aren't doing patriarchy very well. The man chuckles and assures him that they are, in fact, doing it very well; they've just become better at hiding it. It's a good joke because it's so true; the only problem is that it's also exactly what Barbie is doing. The film takes explicit aim at patriarchy, advertising as entertainment, and IP-mining, but is also set to be the first in a series of toy-based movies from Mattel. At one point, a character comments on the cognitive dissonance required to be a woman in the real world (well, the United States). But there's no awareness from the film that this scene speaks to the film's own cognitive dissonance. It's a story about the evils of a greedy corporation owned and operated by men that simultaneously functions as a real-world (meaning our world) celebration of that corporation and the first step in its plan to conquer another lucrative medium. What makes that cognitive dissonance all the more sinister (and possible) is that Barbie is one of the most glorious motion pictures Hollywood has produced in years. Barbie begins in Barbieland, where the Barbies, Kens, and one Allan (Michael Cera) believe that the many capable, accomplished, and successful Barbie toys fixed all of the real world's problems of sexism. They go about their perfect days led by a Black woman President Barbie (Issa Rae), cared for by a trans woman doctor Barbie (Hari Nef), and generally living perfect lives where all people are accepted and loved. It's a joke that works because it's poking fun at the rampant hollow representation in current media, albeit without ever actually addressing Blackness or transness. It's also a perfect example of a film having its cake and eating it. The plot is set in motion when Stereotypical Barbie (Margot Robbie) begins to have thoughts of death and learns that she must go on a quest to the real world to help the girl playing with her. That girl's sad thoughts and feelings are bleeding into Barbie's life, giving Barbie an existential crisis and, even worse, flat feet. When Barbie and Ken make it to the real world, there are surprisingly explicit jokes about the violence of men's gazes, the toys' lack of genitals, and Barbie's legacy as a sexist ideal of womanhood. But all of that edginess about sexism, representation, and consumerism begins to fade as the film continues. Its multiple targets are narrowed to sexism and the difficulties of being a woman without considering race, class, sexuality, or any other aspects of identity that might impact how women exist in the real world. The jokes about the surreptitiousness of patriarchy's function give way to undeniably hilarious but far less cutting jokes about men's egos and stereotypical interests. And by the end, the film feels like a prime example of consumer"
134,HQZ_Doc4_Barbie,HQZ_Doc4_Barbie,HQZ,Comedy,Negative,Barbie,"Of all the major toys of the last several decades, you would think Barbie would've been one that would've gotten a live-action movie a lot sooner than it did, especially with her creation having come over 60 years ago. However, the idea has finally come to pass, bringing with it some remarkably unexpected talent in the form of three-time Oscar nominee Greta Gerwig as director/co-writer, as well as three-time Oscar nominee Noah Baumbach as her fellow co-writer. It's certainly a tall order to deliver a movie based on a toy doll that will appeal to viewers of all ages, one that any filmmaker would find daunting, but these two have put their heads together and given it their best shot, and the result is a curious one, to say the least. The film opens in ""Barbieland,"" where we find Stereotypical Barbie (Margot Robbie) living her normal, everyday life among all the various types of Barbies and Kens. Her particular Ken (Ryan Gosling) is trying to get her attention as always, but never seems to get very far, with Barbie preferring to spend time with the other Barbies. One day, Barbie finds herself occupied with thoughts of death, on top of having flat feet and cellulite, causing her to visit ""Weird"" Barbie (Kate McKinnon), a deformed outcast who was played too hard with in the real world. She informs Barbie that she must visit this real world in order to find who's playing with her and to fix her problems. She sets off to do so, unexpectedly joined by Ken, starting them on a journey that will change everything. As mentioned, trying to make a live-action Barbie movie presents a number of challenges for any filmmaker, with perhaps the most primary of those being the simple question: What does that world even look like? Well, as an answer, Gerwig and co. dove into decades of material to give Barbieland the very plastic-looking aesthetic that you'd expect from a world of dolls, complete with dream homes (all in pink, naturally), various iterations of both Barbie and Ken, and, of course, a multitude of flashy outfits. The production design may seem a tad gaudy and over-the-top, but would you expect anything less for a project as peculiar as this? Another one of those challenges comes in the portrayal of the leads, an intriguing challenge that both Margot Robbie and Ryan Gosling (both multiple Oscar nominees as well) were up to. Robbie and Gosling give their respective dolls just the right touch of naivete, which transforms as their characters go along on their journey, a journey that does indeed cause some big changes within both of them. Leave it to talented actors like this to breathe life into characters that most know simply as emotionless, inanimate toys. The look and the performances are one thing, but what ends up being the single biggest challenge of all is how to put it all together into a compelling storyline that will entertain and delight audiences, without"
135,HQZ_Doc5_Barbie,HQZ_Doc5_Barbie,HQZ,Comedy,Positive,Barbie,"After earning six Oscar nominations for ""Little Women,"" Greta Gerwig turns her attention to littler women in ""Barbie,"" a story based on those iconic 11.5-inch, perfectly proportional polyurethane playthings. In directing a script co-written with her partner, Noah Baumbach, Gerwig presents a ""girls-can-do-anything"" tale that kicks toxic masculinity in the balls. But, please, don't call it male-hating. The movie is so subversive and clever in its takedown of ""the patriarchy"" that it can't be reduced to a mere battle of the sexes. Both genders get their comeuppance. There's plenty of ""Kenergy"" to go around. If you've seen her on the red carpet at the movie's premiere, you know Margot Robbie is the perfect Barbie. Yes, she looks like a living doll, but her performance is far from plastic. Robbie brings out her character's humanity, hitting a range of emotions, jumping from frivolous fun to existential crisis without scuffing a pink pump. Barbie lives in Barbieland with all other versions of the doll, such as doctor, news reporter, scientist, lawyer, veterinarian, even a president Barbie, played by Issa Rae. Barbie's friends Skipper and Midge, who's pregnant and ""discontinued,"" also show up. The Barbies run their world, but the Kens steal the movie. Namely, Ryan Gosling, all bleach-blonde and spray-tanned. Ken's job is ""Beach."" Not lifeguard, surfer, or diver, just ""Beach."" He does ""Beach Offs,"" too. Ken is ga-ga for Barbie, fending off competition from a rival Ken played by a terrific Simu Liu (""Shang-Chi and the Legend of the Ten Rings""). Gosling's best moment (among many) is the musical number ""Just Ken,"" a sad-boy power ballad (""I'm just a Ken, anywhere else I'd be a 10""). Shortlist it, Oscars. Ditto for set decorators Katie Spencer and Sarah Greenwood, whose Barbieland is a visual feast of eye-popping color, populated with life-sized recreations of the doll's cars and Dream Houses. The latter is nicely outfitted in hot-pink spiral slides and heart-shaped beds. Every night is girls' night; every day is the ""best ever,"" full of songs and smiles. Until it's not. Something happens in the ""real world,"" and Barbie must fix the ""rip"" between the two realms, or else she'll be saddled with cellulite and flat feet. The script sends her to Los Angeles with Ken tagging along. While there, she connects with a teenager (Ariana Greenblatt) and her mother (America Ferrera), an assistant to the head honcho of Mattel, played by a game-for-anything Will Ferrell. When he gets wind that there's a rogue Barbie, he sends the goon squad to put her back in the box. Except, no one puts Baby in the corner, right? That's a reference to a different movie, but the same thinking applies here. No one boxes up Barbie. She's a woman on a mission. Meanwhile, Ken gets schooled in the manly pursuits of the ""real world,"" unleashing a new world order when he returns to Barbieland. Suddenly, it's Ken-dom, a ""bro-culture"" haven teeming with Foosball tables and ""brewski beers"" served by beautiful Barbies, resigned to watch ""The"
136,HQZ_Doc6_Barbie,HQZ_Doc6_Barbie,HQZ,Comedy,Negative,Barbie,"I'm a Barbie girl. I grew up playing with them, a bit longer than was acceptable, like director of the big screen imagining, Greta Gerwig, and for the most part found it an enriching and empowering experience. Barbie taught me I could be anything, and though I didn't realise it at the time, or until very recently, to be honest, that meant being a child-free, independent woman. This ethos is very much at the centre of Barbie, or at least Barbieland, the fantastical matriarchal society in which it's girls night every night and Kens are superfluous, preening themselves on the beach trying to get noticed by Barbie (Margot Robbie), Barbie (Issa Rae), Barbie (Hari Nef) and lots of other Barbies as they go about their blissful lives where ""all problems of feminism gender inequality have been fixed."" If Barbie were made fifteen or even ten years ago I would have eaten it up like a perfectly toasted waffle with a dollop of cream. Instead, being feministsplained about the patriarchy and gender inequality every five minutes soured me to Barbie like a burnt, curdled morning meal to start a day of existential dread. The basis of a good, even great, movie is there: the attention to detail in Barbieland is stunning, Barbie swatting Ken away like an annoying fly is perfection, and much of the gender commentary works. But when we have Barbie's objectification explained to us, not like every majority-female moviegoer watching this hasn't palpably felt what it's like to be ogled in public makes the audience feel as stupid as people think Barbie is, despite her missives on gender relations and geopolitics. Barbie could have benefitted from a few more rounds of workshopping. More to the point, it feels like Mattel's red pen edits were left on the final copy of the script, with Barbie's first tear feeling ""achy, but good""  again, not like we all haven't cried before, indeed, some watching this very movie!  as she tells us instead of letting Robbie's acting speak for itself. Either way, it's clear that the man who wrote Marriage Story, the echoes of which reverberate through Barbieland, also wrote Barbie. Because, ultimately and unfortunately, Barbie is a movie about Ken. Even Allan gets a more fleshed out journey than every Barbie apart from Robbie's and, indeed, his female counterpart, Midge. (Let's talk about Michael Cera's scene-stealing performance...) If the roles were flipped like they are in Barbieland, I would have no criticism of a story about a man ultimately being about women, like Fleishman is in Trouble or the recent trend in crime novels that center on the people left behind, and in a way you could say Barbie is a meta flip on that, but ultimately I don't think it's that deep. A smarter movie could have been, but alas. Instead we get at least half if not more of the movie devoted to Ken's emancipation from Barbie, being red pilled in the real world and bringing his"
137,HQZ_Doc7_Barbie,HQZ_Doc7_Barbie,HQZ,Comedy,Positive,Barbie,"In Barbra Streisand's rendition of Stephen Sondheim's ""Putting It Together,"" the artist finds herself going back-and-forth with her producers about the work she's put into her art. It comes at the top of The Broadway Album, something these faux producers argue is ""just not commercial."" To that, she challenges: What is commercial? This is the kind of question that has plagued any number of individuals when both creating and consuming art. What, exactly, defines a commercial product? Is simply being popular enough to categorize something as such? Does something have to be specifically designed as such to be void of artistry? Is the inclusion of a popular brand, regardless of any attempts at subversion within the art, enough to consider a work ""commercial?"" And what of artists who manage to straddle the line between ""commercial"" and ""art""? If Twitter were to be believed, there would be absolutely no realm in which one could ""sell out"" and still create a great film. In an era where most independent filmmakers are being hired to helm hack work at Disney or any given streamer  under the watchful eye of producers who have no interest in any distinct vision beyond their bottom line  the question of whether or not artistry can exist within a commercial art piece has become all the more pressing and understandable. An inherent wariness at the mere concept of engaging with an established brand is not unwarranted, but there's worth in actually dissecting whether or not those works still work successfully as art in spite of their commercial success (or their ability to push a brand). Greta Gerwig's Barbie is the latest to fall victim to the hyperbole of the internet's fear at an artist selling out. Depending on who you ask, Barbie is either a testament to artistry and distinct vision surviving in spite of brand interference or a warning that even the most distinct artist will get lost under the weight of capitalism. The truth, in reality, is somewhere between these two opposing poles (and far closer to the former). Gerwig's film is, ultimately, about a doll. As one might imagine, this comes with all the benefits (its appealing color palette, an expansive cast of existing characters to play with in a sandbox) and drawbacks (an arguably incessant need to engage with the products it features, a devotion to an existing ""brand"") of any work designed to promote a brand. But that delicate balance between the two is where Barbie flourishes as a work of art. It's less an advertisement for a company than it is a surprisingly dense text about just what exactly Barbie means to multiple generations of women, mining the absurd history of Mattel and the Barbie brand to both winking and sincere effect. As noted, Barbie is about a doll: Her name is Barbie. Or, more specifically, Stereotypical Barbie. She is, as narrator Helen Mirren notes, everything one imagines when they think about Barbie. She lives in Barbieland. She has a dream"
138,HQZ_Doc8_Barbie,HQZ_Doc8_Barbie,HQZ,Comedy,Negative,Barbie,"Around 15 mins into Greta Gerwig's Barbie, we're watching a song sequence, Dua Lipa's Dance the night away. There's something familiar about the song  the retro flavour in the dance and set design is gnawing at me. After the film ended, it took me a few hours to realise that it reminded me of a similar piece in Student of The Year (2013) featuring a recreated version of Nazia Hassan's Disco Deewane. Apart from the elegant new disco beats, it occurred to me why it reminded me of a Karan Johar film, where he tried to conjure something out of nothing. That's because even Gerwig's film has a similar cloudy texture, where everything seems too spruced up even for a fantasy. It's obviously not a bad thing. There are enough films focusing on materialistic excesses, only to surprise us with moments of insight. Unfortunately, Barbie doesn't emerge as a film compellingly subversive or original, and it's a shame because it seems sincere and earnest for the large part. Opening with a hilarious 2001: A Space Odyssey gag, something that would have felt funnier had the marketing executives not led with it for the film's promotions, Gerwig's film establishes the difference between the real world and 'Barbie land'  an alternate world where the dolls live. Barbie (Margot Robbie)  we'll later find out that she's called the stereotypical Barbie  wakes up in her palatial doll house. She wakes up with perfect hair, uses a slide to get to her kitchen, and floats her way into the driver's seat of a car. Gerwig sets the rules of her world  where Barbies run this realm  as presidents, academics, scientists and writers. The men in this world  called Ken  are entrusted with menial work, like standing on the beach, sporting lush hair and perfect abs. Gerwig's film focuses on Robbie's Barbie  who starts 'malfunctioning', after she wakes up with bad breath, and begins to have thoughts of death. We're also introduced to Ken (Ryan Gosling), who lives only to get Barbie's attention. When Barbie realises the only way to rectify the cellulite on her skin (and the 'weird' thoughts she's having), is to go to the real world and meet the person playing with her, to fix the 'space-time' continuum between Barbie Land and the real world, Ken accompanies her  an act of reckless, selfless kindness. Gosling, who has spent a quarter of a century in the film business hearing about his 'Ken doll' looks, is disarmingly sincere here. The duo reach Los Angeles, California, which is also which is the headquarters of Mattel, the company manufacturing Barbie and Ken. It's in this section of the film when it scores its highest. Both Barbie and Ken are coming to realise that the real world might be just a little different from what they'd imagined. Gerwig keeps the tone light even as both Barbie and Ken try to navigate the absolute opposite notions of the genders"
139,HQZ_Doc9_Barbie,HQZ_Doc9_Barbie,HQZ,Comedy,Positive,Barbie,"At one point in BARBIE, Greta Gerwig's pink-plastic jab at the patriarchy, America Ferrara, as Gloria, an ordinary woman, gives an impassioned precis on exactly what women face in the current social climate. It is a clarion call that should reverberate through the ages and one that will, like the film in which it appears, forever change the way we think about the iconic doll. It is nothing short of revolutionary. Then again, as the homage to Kubrick's 2001: A SPACE ODESSEY that provides the prologue, Barbie as a little girl's plaything was pretty revolutionary itself. We open in Barbie Land, where everything is perfect and every day is the best day ever. For the Barbies, that is. That part of population, representing all shapes, sizes, and ethnicities, hold all the positions of power, having their own money, houses, and careers. The Kens, similarly, diverse, only have good days when their Barbies favor them with their gaze. When they have a career at all, it's nebulous. For stereotypical blonde Barbie's (Margot Robbie) Ken (Ryan Gosling), that would be stereotypical blonde Ken, is is the job of ""beach"". Just beach. It's enough for him, even though the constant mocking some other Kens make his life less that perfect, even with the occasional gaze from his Barbie. This is a place where the Kens engage in petty bickering, and the Barbies do great things. And when they are recognized for their greatness with awards, they acknowledge that they deserve them, All is bright, sunny, and perfectly choreographed until Barbie, during girl's night (and every night is girl's night) suddenly wonders aloud about death, stunning the party into silence. It gets worse the next day, as her waffles burn, her milk sours, and the morning leap into her convertible results in a splat. When her feet suddenly flatten from their high-heel ready pose, she's advised by the other Barbies to seek out Weird Barbie (Kate McKinnon in the role for which she was put on this planet). She lives on a hill in a Cubist version of the Barbie Dream House, shunned by the other Barbies for being less than perfect. The visit reveals that Barbie's owner has been playing with her too hard, and that she much cross the membrane into the real world, seek out the little girl with dark thoughts and rough playing skills, and bring the sunshine back to her. If she fails, she's doomed to a life of existential crisis and rampant cellulite. Thus, with Ken and his rollerblades in tow, Barbie sets off brimming with optimism and the certainty that all the women in the real world will want to give her a hug for bringing equal rights and feminism to them. Illusions die hard, and so it is with Barbie's when Sasha, (Ariana Greenblatt) the moody tween she sought out, calls her a fascist of sexualized capitalism, and Ken gets a whiff of the patriarchy. And he likes what he smells. What ensues is a hellzapoppin"
140,HQZ_Doc10_Barbie,HQZ_Doc10_Barbie,HQZ,Comedy,Negative,Barbie,"It is the film that has the whole world talking right now  Barbie. In the lead up nobody really knew what to expect, except a lot of pink, was it going to be something serious aimed for adults or was it going to be funny and aimed at children? It seems though it wasn't only the cinema going audience asking those questions, they were questions that the filmmakers themselves may have been confused about because the result is a film that seems to awkwardly sit in the middle. Directed by Greta Gerwig (Lady Bird) Barbie is a film that actually features a lot of different Barbies and Kens. In the beginning they all live in BarbieLand where the main Barbie (Margot Robbie  The Wolf Of Wall Street) wakes up every day to a perfect day of fun in the sun with her friends. And when the sun sets it is time for her to party. That Barbie also has her Ken (Ryan Gosling  La La Land) who is always doting after her and competing with other Kens for her affection. But sadly, for Ken it is also obvious that his feelings for Barbie are a lot stronger than hers for him. But then one day everything changes. Barbie's life starts to get less perfect  something is beginning to go wrong. The only person with any answers is the one referred to as Strange Barbie (Kate McKinnon  Ghostbusters) who quickly tells Barbie that the issues that the person playing with her in the real world is starting to project onto her. The only way she can solve it is by travelling to the real world and trying to help her 'human.' So, with Ken in tow Barbie makes her way to the real world where she soon meets Gloria (America Ferrera  Superstore) and her daughter, Sasha (Ariana Greenblatt  65). But before Barbie can help them the news of her arrival reaches the Mattel CEO (Will Ferrell  Anchorman) who decides that Barbie needs to be put back in her box before there is an incident. Meanwhile Ken begins to realise that men can also be leaders and decides to head back to BarbieLand and change things around so it can become his Kengdom which leaves Barbie having to fix problems both there and in the real world. Barbie is kind of a difficult film to review. Not only in this the kind of film that is guaranteed to divide an audience the film almost being split in two halves causes issues of its own. The way Gerwig introduces the audience to BarbieLand is amazing. The characters are set up amazingly well, the dance sequences are stunning and the laughs come thick and fast. The then something terrible happens with the film. Even when Barbie and Ken first arrive in the real world the film works but once we see inside the Mattel offices a cheesiness washes over the film that completely ruins it. Gone"
141,IXE_Doc1_Furious_7,IXE_Doc1_Furious_7,IXE,Action,Positive,Furious_7,"No film in the series ever has or surely ever will be faced with a challenge as seemingly insurmountable as Furious 7, which had to make narrative and logistical sense of Paul Walker's sudden mid-production death while still delivering an escapist thrill-ride that didn't feel entirely like a downcast eulogy. Add to this the fact that Justin Lin opted not to return for the movie, being replaced with the blockbuster-untested James Wan (Saw, The Conjuring), and it would've surprised few fans if this installment was the messiest of the lot. That the film exists in such a coherent and entertaining form, then, is no minor miracle on the part of Wan and the cast and crew, but the fact that it's also ultimately the best film in the series is a testament to the clear heart and passion that went into getting it right. To get the obvious concern out of the way first, Walker's reintegration into the film is about as seamless as one could realistically ask for. There are obvious tells and slightly plastic-y CGI faces in some scenes, but for the most part the effects work from the wizards at Weta Digital is a phenomenal achievement that should've received major awards consideration. Beyond this, the other major fear of Wan's involvement was clearly nothing to worry about, with the horror filmmaker rising to the occasion and beyond, his penchant for adventurous, roving camerawork lending the film a slyly unique aesthetic compared to Justin Lin, if perhaps not quite as smoothly controlled. Furious 7 takes the quasi-superheroism of the previous film and aggressively one-ups it with some of the series' most creatively ridiculous set-pieces  particularly the parachuting cars and that delirious dive through the Etihad Towers. The plot is as daft as ever, focused on the whatever God's Eye trinket, though Morgan's script, however it was recalibrated following Walker's death, impressively spins a lot of plates without ever letting the melodrama overcome the action. Some excellent cast additions don't hurt; Jason Statham enters the fold in earnest as the series' best villain Deckard Shaw  who inevitably turns heroic in the next installment  while Kurt Russell is a hoot as the Belgian ale-loving spook Mr. Nobody, Tony Jaa kicks ass in a few inspired battles opposite Paul Walker, and Nathalie Emanuel's hacker Ramsey adds a welcome distaff presence to the testosterone-engorged roster. Lucas Black's brief cameo also amuses, albeit largely because he's clearly in his 30s by this point yet is still playing the teenage Tokyo Drift-era version of Sean. There are a few undeniable casting disappointments, though; Dwayne Johnson spends the bulk of the movie hospitalised  due to scheduling conflicts with Hercules  and though he's pure electric every time he is on screen, it's not nearly enough. Djimon Hounsou is also wasted in the thankless role of secondary villain Mose Jakande, and the less said about Ronda Rousey's performance as a bodyguard in Abu Dhabi, the better. Yet more than any other film"
142,IXE_Doc2_Furious_7,IXE_Doc2_Furious_7,IXE,Action,Positive,Furious_7,"Fast and Furious movies have always had a charming, cheesy bravado. And, muscled-up and oafishly macho as they may begrunting with almost Dada levels of male performancethe films, beginning with The Fast and the Furious in 2001, have never been afraid of a little tough-guy heart. (Vin Diesel's character loves to gravel on about the importance of family.) But they've never really had any poignancy to them, have never provoked much emotion beyond a giddy feeling of excitement and, let's be honest, no small amount of arousal. (All that vroom-vroom, all that shake-shake, all that flex-flex? Come on!) Until Furious 7, that is. The latest film, which opens Friday, can't help but take on some deeper meaning, as the death of main cast member Paul Walker, killed in a car accident in late 2013, looms large throughout. But it doesn't overwhelmFurious 7 is respectful, even solemn, when it needs to be, but is still, thank God, plenty of crazy fun. We'll get to the serious stuff, but first let's appreciate what a dopey, joyous wonder this film franchise has become. What began almost quaintly small-scale in the first filmdrag racing SoCal rough riders who stage nighttime raids on freight truckshas ballooned into a never-ending global melee. Diesel's Dominic Toretto and his crew, which includes Walker's Brian O'Conner and Michelle Rodriguez's Letty Ortiz, among many others, have become international mercenaries of a sort, a family that works for itself but is inevitably swept up in some kind of larger intrigue. Why a gang of gearheads from the wilds of Los Angeles would be so routinely involved in, and capable of navigating, such high-stakes adventures isn't worth thinking about. The F&F movies long ago skipped the realm of plausibility, or reason. Which, really, is when they began to soar. Around Fast Five, when the crew became immune to the laws of physics, invincible to innumerable car crashes and severe beatings (among other traumas), these movies transcended to a plane of delirious nonsense. It's such sublime absurdity that it's easy to overlook, or slyly enjoy, all the clunky writing, to embrace the series's odd conservatism, forgive all its sleazy leering. Turning these people and their roaring machines into impossibly acrobatic angels of destruction, the films have found a riotous sense of invention, a whirring imagination that dreams up one wildly staged action sequence after another. These mad operas of motor and metal are thrilling, gleeful, laugh-out-loud ridiculous, and always knowing. The movies' insane macho posturing has become something endearing, instead of, y'know, embarrassing. (The posturing it has inspired in its rabid audiences is always a little of both. A friend has a wonderful story about going to see the first movie at a theater in tony suburban Connecticut, and then, in the parking lot afterward, seeing a bunch of teenage boys burn rubber in their parents' Volvo station wagons.) Furious 7, directed with panache by James Wan, features two eye-popping set pieces. The first unfolds on a mountain road in Azerbaijan, and involves"
143,IXE_Doc3_Furious_7,IXE_Doc3_Furious_7,IXE,Action,Positive,Furious_7,"The James Wan-directed Furious 7 is all that you can ask for in an action flick that's hyped up on heavy doses of loud engines, stunning scenery and explosions  and then some. The seventh installment of what's become the most popular (non-superhero) action series this century is easily the best one yet. When Vin Diesel made an early prediction that Furious 7 would win ""Best Picture"" at the 2016 Academy Awards, anyone with half an understanding of how the movie industry works knows he couldn't have been serious. Right? After seeing Furious 7, I kind of wish it wasn't such an outlandish idea. I don't actually want it to win ""Best Picture,"" but I do feel it's deserving of some kind of recognition (besides a historic run at the box office). Before going into what makes this film so enjoyable, let's take a step back and acknowledge something first. This is an action movie that comes with a relative set of expectations. If you're looking for some kind of mind-bending twist or an expose on the human psyche, you should go back and watch Birdman again. It's great, trust me. Furious 7 takes all of the best attributes from the past films and magnifies them. For those that love the cars and seeing what new things they can do, there's plenty. For those that appreciate the most recent direction of the series, focusing on a loyal group of daredevils that can defy the basic laws of physics, you'll also be more than satisfied. It all gets better. The motivation of the plot was well-established in the post-credits scene of Furious 6, when it was revealed Deckard Shaw (Jason Statham), a highly trained assassin, is responsible for the death of Han Seoul-oh in The Fast and Furious: Tokyo Drift and is on a revenge mission for the hospitalization of his younger brother, Owen. After making things very personal, Dominic Toretto and crew decide that they need to take care of Deckard before he gets to them first. As a fan of team-up flicks, I enjoyed seeing everyone get their moments to shine and show how they've grown since we first met them years ago. At this point, the cast can play these roles in their sleep. And it shows. You genuinely believe that they're all friends as a result of their chemistry. But there was one thought constantly ticking in the back of my mind while I watched Furious 7. The death of Paul Walker, who portrays Brian O'Conner, was something many were concerned about in regards to how it would affect the film. Given that he passed before the movie was finished filming, I was specifically looking to see how they'd manage to make it work around his partial absence. I have to say, I imagine that anyone who was unaware of Walker's premature passing wouldn't even know it happened. As for his heartwarming tribute, they'll probably just view it as a part of the plot. But for myself,"
144,IXE_Doc4_Furious_7,IXE_Doc4_Furious_7,IXE,Action,Positive,Furious_7,"Walking into a theater to see the latest Fast & Furious episode is like saying hello to an old friend. Great and familiar cast, excellent script, superb production values and the direction is tight as a drum. Can't say this is the best film of the franchise, because so many of them have been excellent. But it's easily the most daring. Fasten your seat belts and test the airbags. This one accelerates real fast. Deckard Shaw (Jason Statham), a British black ops assassin, has a bug up his ass. Dominic Toretto (Vin Diesel) and his crew killed his brother and he is out for revenge. First stop is the office of CIA agent Luke Hobbs (Dwayne Johnson), where Shaw and Hobbs get into a fight that leaves the hulky agent broken. Next, Shaw sends his blessings in the guise of a bomb to Dominic, his pal Brian (Paul Walker), his lady Mia (Jordana Brewster) and their kid. Kaboom! Dom seeks answers. A government operative (Kurt Russell) has a plan. If Dom and his ""family"" hunt down a beta device called a God's Eye, which is capable of tracking down anybody through aggregated surveillance cameras and audio feeds, even from cell phones, he'll let them use it to catch Shaw. Says the operative: ""It's like a tracking device on steroids."" Says its inventor, Ramsey (Nathalie Emmanuel): ""It uses every camera eye and audio device in this hemisphere."" And off they go into battle. Dom and his crew and their vehicles head to the mountains of Eastern Europe, Japan, the Middle East and L.A. Director James Wan (Saw and The Conjuring) steps up to the camera alongside cinematographers Marc Spicer and Stephen F. Windon (Fast & Furious 6) and displays an exceptional dexterity for car chases, fistfights and brawls. He uses a lot of close-ups, and that filmmaking strategy drags you into the characters, their actions and the movie. With the aid of editors Leigh Folsom Boyd, Dylan Highsmith, Kirk M. Morri and Christian Wagner, Wan assembles adrenalin-pumping footage that is near perfectly paced for 140 minutes. The action sequences are spellbinding. Cars jump out of planes, roll down mountains, are pummeled by missiles and skid through buildings. The car crew jumps out of moving trucks onto cars, drives supercharged classic cars and evades gunshots. Punches are thrown, tire irons swung and machine guns are wielded around like toys. There is a precision to the proceedings that is astounding, invigorating and over-the top. Screenwriter Chris Morgan, who penned four previous chapters, knows the drill. Personal drama (there are some awkward sentimental moments that linger too long), romance (Diesel and Michelle Rodriguez rekindle the love story between Dom and Letty), intrigue, revenge, evil doings, retribution and the final fight and chase scenes. He doesn't let the characters evolve much, compared to the original one conjured by Gary Scott Thompson back in 2001. He's more faithful to their personalities, relationships and group dynamics. There are millions of fans waiting for whiney Roman (Tyrese Gibson)"
145,IXE_Doc5_Furious_7,IXE_Doc5_Furious_7,IXE,Action,Positive,Furious_7,"Dom (Vin Diesel) and Brian (Paul Walker), the heroes of Furious 7, gaze upon an exotic, expensive demon of a car whose owner has stashed it in a Abu Dhabi skyscraper. Dom's eyes glimmer with sadness. ""There's nothing sadder than locking a beast in a cage,"" he says. It's one of just a few quiet scenes in the film. (It's almost immediately followed by explosions and the car flying from skyscraper to skyscraper.) But it's an important one, because it crystallizes the Fast & Furious franchise's credo: these movies don't believe in cages of modesty. They're beasts, every second filled with kinetic, hulking action. Furious 7 is the ultimate realization of this. Set in the aftermath of 2013's Fast & Furious 6, Furious 7 introduces Deckard Shaw (Jason Statham), the franchise's most lethal villain yet. The meaner older sibling of the sixth installment's villain, Deckard has his sights set on the people responsible for putting his baby brother in the hospital. Dom and his friends have to find him to save their own lives. Furious 7 is all flash, a mindless exercise in grandeur and spectacle. The writing is flabby and disposable in parts. Many scenes consist of quick cuts between tense facial expressions, pedals being stomped, and levers being flicked. And the acting is silly at several points. But it's perhaps the most fun I've had, and possibly will have, at the movies in 2015. The film's greatest achievement is recognizing the cultural niche the franchise has created for itself  a sweet spot that exists between camp and destruction porn. Director James Wan and his cast know that people don't come to Fast & Furious movies for nuance. Audiences want to be bludgeoned with action sequences, silly lines, and strangely stereotypical but highly stylized representations of other countries. Furious 7 delivers. Start with the film's globetrotting ways. The Middle East features camels and women strutting around to bumping, vaguely Arabic trap music. Tokyo is all neon glow and women strutting around to bumping, vaguely Asian trap music. There's not much the world can agree on in Furious 7, except for trap music. Every line is crafted as a nod to the ridiculousness of the franchise. In an early scene, Dom explains how he grew a racing festival from scratch. Naturally, the racing event is called ""Race Wars"" and features a cameo from rapper Iggy Azalea. Race wars, Iggy Azalea, and Vin Diesel  this is all in the film's first 20 minutes. Every actor's personality is hyper-amplified. Hobbs (Dwayne Johnson) is 500 pounds of muscle in a 200-pound body, constantly flexing. Letty (Michelle Rodriguez) is always emotionally torn, her face permanently sharpened into a pensive pout. Deckard is an unstoppable, stoic villain whose punches break bones. Roman (Tyrese Gibson) and Tej (Ludacris) are only around to make jokes. Each actor knows his or her role, and executes it clinically. And the chemistry the cast members have suggests they really enjoy one another's company. It genuinely seems like everyone"
146,IXE_Doc6_Furious_7,IXE_Doc6_Furious_7,IXE,Action,Negative,Furious_7,"Something about the Fast/Furious series awakens my inner feminist. Each entry thus far has relegated women to one of three roles: sex object, homemaker, or butch brute. The latest movie, Furious 7, is no exception. Within the first ten minutes alone, countless young women are objectified before the camera. Barely dressed, they bend over cars and present their hindquarters for the camera, or they spray each other with hoses in a car wash water fight that plays like a softcore tease. Shot like a music video, the camera trails behind scantily clad babes or pauses with a pair of breasts framed in the foreground, while the action takes place in the background. The movie even manages to turn its resident female computer hacker (Nathalie Emmanuel) into a sex object. Or take how Jordana Brewster's character remains at home watching over her child, her dialogue reduced to concerned wife lines. And then there's Michelle Rogriguez's sexy badass, who epitomizes the tough-girl persona; here, she goes a few rounds with MMA fighter Ronda Rousey. Then again, none of these women are fawned over as much as the movie's inventory of supped-up automobiles, which are filmed like erotic pinup models, making the women onscreen superfluous. But rather than dwell on the limited roles for women in Furious 7, let's look at how this Universal Pictures franchise treats men, all of whom are one-note constructions. Characters like Vin Diesel's Dominic Toretto and Dwayne Johnson's Agent Hobbs look so beefed up that their steroid pushers can now probably afford to take a vacation, at least until Part 8 comes along. Meanwhile, Paul Walker's Brian O'Conner, the FBI-agent-turned-crook-turned-dad, tries to do ""the father thing"" but admits he really ""misses the bullets."" If not for Roman (Tyrese Gibson) and Tej (Chris ""Ludacris"" Bridges), the respective comic relief and brains of their operation, the degree of manliness onscreen might be enough to give male viewers some serious inadequacy issues. Worse, if you put them all together, you might have a two-dimensional character. At least they each stick to their guiding principle: family is everything. So they shouldn't be surprised when Deckard Shaw (Jason Statham) wages war on their makeshift family to avenge his brother, Owen (Luke Evan), who Dom and crew took down in Fast & Furious 6. Another franchise standard is convoluted plotting, and Furious 7 has that in abundance. When Deckard vows to wipe out Dom's crew, Dom is approached by a mysterious man-in-black named Mr. Nobody (Kurt Russell, who has more personality in his pinky than the rest of the cast in their entirety). Full of swagger and charm, Mr. Nobody offers Dom a deal: If he can rescue the aforementioned hacker, named Ramsey, and recover her all-seeing ""God's Eye"" surveillance device to prevent it from getting into terrorist hands, then Dom can use the device to find and stop Shaw. (Nevermind why Mr. Nobody thinks Dom's band of monosyllabic gearheads is more capable than his own black ops outfit.) This mission takes them from"
147,IXE_Doc7_Furious_7,IXE_Doc7_Furious_7,IXE,Action,Negative,Furious_7,"At some point during the series of ""The Fast and the Furious"" films, gravity, physics, and mortality stopped being acknowledged. In this seventh tale of wild vehicular escapism, these concepts are completely nonexistent; but the tragedy is not the death of realism, as the franchise rarely abided by such limitations. The true shame is that, despite zero constraints on the magnitude of potential action sequences (surely the budget can accommodate just about anything), few of the extravagant set pieces actually contain anything conceptually new. More cars, more scantily clad women, and more explosions will probably equal more box office dollars, but it's terrifying to think that that an increase in bullets, babes, and bombs is all that interests the target audience  and that an intensification of those factors negates the need for even moderate creativity. When vengeful madman Deckard Shaw (Jason Statham) attempts to murder Dominic Toretto (Vin Diesel), his sister Mia (Jordana Brewster), and his best friend Brian O'Conner (Paul Walker), the former street racer will stop at nothing to eliminate the threat to his family. But catching the elusive assassin proves difficult without the aid of advanced weaponry and technology, prompting Dominic to accept an offer from shadowy secret agent ""Mr. Nobody"" (Kurt Russell). In exchange for retrieving the ""God's Eye,"" a highly adaptive tracking program, Dominic will be allowed to use the device to pinpoint Shaw's exact location. Gathering together his regular crew, including hacker Tej (Chris ""Ludacris"" Bridges), wild card Roman (Tyrese Gibson), and his amnesic wife Letty (Michelle Rodriguez), the embattled driver embarks on a succession of perilous, globe-spanning missions that will test the limits of his entire team. Or, debatably, they won't test any measurable limits. To justify a seventh feature, something new has to be brought to the table. Unfortunately, ""Furious Seven"" (not to be confused in any way with a project of the caliber to rip off ""Seven Samurai"" or its Western counterpart ""The Magnificent Seven"") can't present any sequences that haven't been seen before in this very series. It also borrows heavily from ""Ocean's Eleven,"" ""Mission: Impossible,"" and the adventures of James Bond (and, embarrassingly, ""Sex and the City 2,"" with its attention to fashion, lavish parties, excessive wealth, romance, and Abu Dhabi), but this isn't the first time these properties have been tapped for inspiration. Feeling more and more like ""The Expendables,"" ""The A-Team,"" or ""G.I. Joe,"" the filmmakers have apparently completely exhausted themselves of all ingenuity  and the down-to-earth yet high-stakes premise of Los Angeles street races. ""I can't believe we pulled that off."" Although the sustained level of utter nonsense and gravity-defying stunts quickly become dull, the fantastical action scenes are never really the problem. Instead, it's the overbearing sense of imperviousness to injury or death, the total emotional detachment from the characters, and the tragically bland dependence on nameless governmental agencies (providing unlimited funds and tech and weapons and rides) to propel the story that drag the project down. The repetitiveness in action choreography and"
148,IXE_Doc8_Furious_7,IXE_Doc8_Furious_7,IXE,Action,Negative,Furious_7,"There's something about this series that's transcended any intellectual discussion about cinema. How else does a lamely derivative version of Point Break substituting waves with cars spawn six sequels in fifteen years? 2 Fast 2 Furious was so bad that star Vin Diesel turned down a twenty-five million dollar payday to be in it. Then the third entry threw everything out the window but horsepower and took things international across the Pacific. This is where the taste of its potential began, seeds of a blue collar Ocean's 11 with muscles and sex appeal. The studio gave Diesel a piece of the creative pie to be ""story czar"" with screenwriter Chris Morgan and Justin Lin honed the movies' visual style en route to box office juggernaut status. And somewhere along the line I became a fan. If there's one thing the franchise falters with most, however, it's the transitions. I know people love Fast & Furious (Part 4) because it got the old band back together, but that necessity is exactly what makes it a bit of a mess. The filmmakers try so hard to bridge the gapreintroducing Diesel and Paul Walker, breathing new life into Sung Kang's Han, etc.that cohesive, consistent storytelling falls by the wayside. The same can unfortunately be said for Furious 7 in the opposite direction. With the tragedy of Walker's untimely death during production and the installment's promise to finally move beyond Tokyo Drift's chronological fast-forward, the moment arrives to bid the arc we've enjoyed despite (because of) its physics-defying stunts adieu. While that goodbye is heartfelt and important, it hurts the film's standalone capability. I'll credit Morgan for doing his damnedest to throw in everything but the kitchen sink, hoping to wrap us up in the hundred or so story forks to forget they're all flashy vignettes loosely tied together. You'd think his killing off Han and Gal Gadot's Gisele would free some space for the already sprawling cast, but he just adds more to take their place. Not only does the brother of Owen Shaw (Jason Statham's Deckard) arrive as Bad Guy Number One, but in comes arms race heavy Jakande (Djimon Hounsou) as Bad Guy Number Two. And despite Dwayne Johnson's Hobbs and Elsa Pataky's Elena taking a backseat this go-round in the support forum, say hello to black ops commander Mr. Nobody (Kurt Russell) and hacker with a heart of gold Ramsey (Nathalie Emmanuel). How there's enough room for Roman's ego, I don't know. Luckily there is, though, since Tyrese Gibson's fast-talking bundle of anxiety transformed from obnoxious loudmouth in 2 Fast 2 Furious into the best character of the last three. Just like I'd watch an Ocean's spin-off with Casey Affleck and Scott Caan's Malloy brothers, I'd buy tickets for the Roman and Tej (Chris 'Ludacris' Bridges) show. They may ultimately provide comic relief, but there's also an injection of heart in their loyalty and respect for one another. And that's saying something in a series about brawny men and louds"
149,IXE_Doc9_Furious_7,IXE_Doc9_Furious_7,IXE,Action,Negative,Furious_7,"I'm not exactly sure when my little vroom-vroom, guilty-pleasure, late-summer car racing B-movies blew up into such a massive, critically-adored tentpole, but I'm assuming it was sometime during that scene in Fast Five when The Rock showed up and said, ""put your thunderpants on."" I dig these movies. (Though I think we can all still agree the second one is terrible, no?) I dig the way screenwriter Chris Morgan and director Justin Lin took over during the third installment, rebuilding Universal's silly little franchise cast-off into a sprawling, multicultural crime saga fashioned after 1980's Hong Kong pictures, keying up the maudlin melodrama to match the outsized action while retconning an increasingly insane mythology as the movies grew more successful and budgets blossomed accordingly. They're corny, adorable and spectacular. Fast Five was the high water mark, remaining to this day the best John Woo movie John Woo never made. Fast & Furious 6 was an exercise in escalation, stretching the gargantuan set-pieces (motherfucking tank chase!) and the soap opera flourishes (Letty isn't dead, she just had amnesia!) to one slight millimeter shy of the breaking point. It was as earnest as it was absurd, and a good time was had by all. Furious 7 is where it breaks. I hate to sound like a spoil-sport because the film was finished under conditions most would probably find impossible. For starters, Lin split the series and went off to go make Star Trek 3, replaced here by The Conjuring director James Wan, who has a handle on the nuts and bolts of craft but lacks his predecessor's goony exuberance. More importantly  as I'm sure you've already heard  co-star Paul Walker was killed in a horrible, off-set car crash roughly halfway through filming. Furious 7 shut down for months to find a way to write around a major player's sudden absence, eventually cobbling together shots with Walker's brothers plus an extremely unnerving CGI head digitally scanned in from other films. It's no way to make a movie. This seventh Furious film begins at the end of the sixth, which is also the ending of the third film, Tokyo Drift  for reasons I have no time to explain here right now lest we be up all night. Suffice it to say that the baddie our pals squelched two summers ago turns out to have a big brother played by Jason Statham, and he's none too pleased with this crew. Statham cold-bloodedly murders Sung Kang's Han Seoul-Oh (I still laugh every time I remember that's actually his name) and then sets out for America to kill the rest of our gang. Statham's first step is sidelining everybody's favorite character, Hobbs  the muscularly gifted and perhaps a bit ethically challenged federal agent played by The Rock. (I know we're supposed to call him Dwayne Johnson now. I don't feel like doing that, deal.) So with Hobbs out of the picture our heroes are sitting ducks until they fall in with Kurt Russell's deliciously"
150,IXE_Doc10_Furious_7,IXE_Doc10_Furious_7,IXE,Action,Negative,Furious_7,"There's more of everything in ""Furious 7"" (which is actually called ""Furious Seven"" in the opening titles). More explosions. More destruction. More impossible car stunts. More hair's-breadth escapes. More bone-crunching fistfights. More exotic locations. More ludicrously bad dialogue. More noise. More terrible acting. Fans of the series will eat up the dish director James Wan (hitherto a specialist in the horror genre) has prepared for them, especially in Imax formatthough that screen and sound system may make your eyes and ears throb or, at worst, bleed. The reaction of most people to all the nonsensical hubbub will probably be to speak jovially of how efficiently the carnage is carried off, though in all honesty there are plenty of moments when the action looks CGI-phony. (A couple hundred million dollars still can't make the computer-fabricated look convincingly real.) But in fact the maelstrom of mayhem very quickly becomes an orgy of stupidity, and a remarkably tedious one at that. Except for providing an occasional laugh (most often unintended), ""Furious 7"" is a huge, galumphing bore. For those interested in the series, the picture hearkens back to the third installment, ""Tokyo Drift,"" while taking up from the surprise ending to the last picture. The central element of the plot is the revenge planned against the F&F team by Deckard Shaw (Jason Statham), the older brother of Owen (Luke Evans), who was the villain our heroes took care of in ""F&F 6."" Deckard also happens to be an ex-secret agent with incredible skills. After killing Han (Sung Kang) in Tokyo, he proceeds to Los Angeles, where he targets first Hobbs (Dwayne Johnson), who winds up hospitalized as a result, and then goes after Dom (Vin Diesel), Brian (Paul Walker), and the latter's wife Mia (Jordana Brewster), who of course is also Dom's sister. Eventually the rest of the crewamnesiac Letty (Michelle Rodriguez), Tej (Chris ""Ludacris"" Bridges) and Roman (Tyrese Gibson)will be called back into action as well. Enter a new player, a super-duper secret agent type (Kurt Russell) who offers Dom an alliance: he'll help the F&F crew track down Shaw if they'll first free a computer genius named Ramsey (Nathalie Emmanuel), who's been kidnapped by international terrorist Mose Jakande (Djimon Hounsou). Ramsey's the inventor of a program called ""God's Eye"" that uses all the surveillance cameras in the world to pinpoint the location of anyone, anywhere at any timewith which Dom could quickly trace Shaw. Unfortunately, to free her, the team has to airlift into Azerbaijan while in their cars and attack a convoy along a winding mountain road. The mission includes lots of high-speed action and close shaves andnaturallysucceeds. It turns out, however, that the software has already been sent to Abu Dhabi, where the crew jet to infiltrate a Jordanian prince's penthouse party and steal the muscle car in which it's been installed, a theft that involves the Etihad Towers in some gravity-defying stunts that will require some window repairs. From there (after a firefight with Shaw) it's back to"
151,JPN_Doc1_MinorityReport,JPN_Doc1_MinorityReport,JPN,Sci-Fi,Positive,MinorityReport,"Since my early teens I've been stubbornly clinging to a copy of the October 1953 issue of Galaxy Science Fiction magazine, featuring the first installment of Isaac Asimov's The Caves of Steel, a mystery story set in a vast city of the future. I prize this particular issue not for anything inside but for the cover illustration by ""Emsh,"" the name future filmmaker Ed Emshwiller used to sign his artwork. In the foreground two transparent handsone revealing human bones, the other metal onesare shown in front of the vast reaches of an enclosed cityscape with pedestrians. This encouraged me to consider not only a future city but also how it might look to both a human and a robot detective. No story, by Asimov or anyone else, could do as much for my imagination as that Emsh cover. The only thing that came close was a single sentence by Damon Knight in his review of Asimov's novel, which may have been what led me to the novel and that issue of Galaxy in the first place: ""Asimov has turned a clear, ironic, and compassionate eye on every cranny of the City: the games children play on the moving streets; the legends that have grown up about deserted corridors; the customs and taboos in Section kitchens and men's rooms; the very feel, smell, and texture of those steel caves in which men live and die."" This helped me imagine a future city, though unlike the Emsh cover or A.I. Artificial Intelligence, it taught me nothing about what it might be like to be a robot. I became an SF fan because of such invitations to dream about the future, immense spaces, and one's own origins. Early SF movies like Metropolis (1926) offered all these invitations, and their poetics were later elaborated on by films such as Blade Runner (1982), which borrowed from other diverse sources, including neonoir and Shanghai Express. Less poetic evocations of otherworldly climes, like the original Star Wars, can also create some of this magicprovided their visions are fleeting, on-screen just long enough to tease the imagination; as in soft-core-porn bubble dances, the secret is not to show too much. (The Emsh Galaxy cover may show a lot of one cityscape, but it only suggests a narrative, leaving that mainly to the viewer.) The parallel with porn is more apparent when one reflects that most futuristic, gadget-ridden science fiction is selling something that has more to do with the present than the future: ""investing in the future"" is mostly about buying now, and the hype about ""experiencing the future"" through the latest technology is an invitation to dig into our pockets today. Maybe that's why most SF veers more toward the right than the leftbecause it's usually selling not the fancy trappings but the status quo. Minority Report, Steven Spielberg's enjoyable new thriller set in Washington, D.C., in 2054full of more alluring gadgets than you can shake a stick atperforms its own bubble dance, for good and ill."
152,JPN_Doc2_MinorityReport,JPN_Doc2_MinorityReport,JPN,Sci-Fi,Positive,MinorityReport,"Steven Spielberg's Minority Report realizes the full potential of author Philip K. Dick's science-fiction worldview, a perspective filled with dangerous technology, feverish paranoia, and metaphysical philosophies. Spielberg's complicated, wonderfully stylized approach uses Dick's 1956 short story of the same name as a launching pad. While it captures the author's vision of an imperfect future and the perilous reality that dwells under the alluring surface of futurism, the picture also stands as Spielberg's most extraordinary exhibit of pure filmmaking. Minority Report augments and expands on the source material, concentrating Dick's obsessions about the potential dangers of technology and the author's ongoing existential battle between free will and determinism, especially in regard to the manipulation of time, such as time travel or precognition. Over more than forty novels and several short story collections, Dick's work permeates a sense of fascination and suspicion toward the future. The fascinating prospect of new technologies, exploration of new frontiers, and humanity's evolutionary progression of extra-sensory perceptions consume his output. And yet, he always investigates their inevitable downfalls. His stories feature characters hindered by supposed advancements, thrown into the central conflict by a set of circumstances put into motion by unsound developments. In that tradition, Spielberg's film is a nonstop chase, at once a thriller of epic escapist and intellectual bravado. It amalgamates Hitchcockian suspense, elements of film noir, and Dick's vision of the future, three of the most distinctive and inventive of all storytelling styles, into a single source, resulting in a masterful triumph from a masterful filmmaker. Set in the near-future, Minority Report introduces the concept of Precrime, Washington D.C.'s exploration into a revolutionary form of law enforcement. Founded by Lamar Burgess (Max Von Sydow) and headed by Chief John Anderton (Tom Cruise), Precrime utilizes the ""gifts"" of the Precogs, three clairvoyants who have given up their freedom to support the cause of detecting crimes before they occur. The Precogs' foreseen visions are analyzed by the Precrime unit and verified by a council of judges; a positive mark is identified, and suddenly officers race to prevent a crime from taking place. Impending perpetrators are caught and then booked before ever committing an offense. When the film opens, there hasn't been a murder in the District of Columbia for six years; the existence of Precrime alone virtually eliminates the consideration of murder, so only crimes of passion remain. Though dedicated to the ideology of Precrime, Anderton's personal life is in shambles. Long ago, his young son disappeared at a public pool; now a divorce, he whiffs neural drugs to escape the guilt and painful memories of his former life. On the job, however, he remains professional and composed. In the opening scenes, Justice Department representative Danny Witwer (Colin Farrell) enters the Precrime offices to audit the program for national expansion and meets Anderton, who jealously protects the system he helped build. Witwer's insistence that a human component will ultimately threaten the countrywide growth of Precrime quickly proves true after the Precogs predict that Anderton will commit"
153,JPN_Doc3_MinorityReport,JPN_Doc3_MinorityReport,JPN,Sci-Fi,Positive,MinorityReport,"Minority Report might take place some fifty years after the film was shot but the film's themes are still relevant almost twenty years later. This film marks the first collaboration between Steven Spielberg and Tom Cruise. The film has audiences asking some important questions. What if we knew what was going to happen in the future? After you ask yourself the question, what if the person knowing this found out he was going to kill someone? This is the gist of the film, which is based on the Philip K. Dick short story. Another thing here is that the audience must be able to buy into the science early on in the film. This is key to being able to just sit back and enjoy the ride. If you're watching the film for the first time in 2020, the science is very believable. It's amazing how much of the science is catching up right in front of us. There's something to be said about the eye-dentification. Social media platforms already know our faces. Companies target us online because of internet cookies. One could look at author Philip K. Dick as a prophet in the world of science-fiction. In case you didn't know, Dick is also the man behind Blade Runner. One of the film's main themes is free will vs. determinism. The film handles this so beautifully. If we know our future, could we possibly do something to change it? The Department of PreCrime, at least in what we see on screen, is mostly focusing on preventing murders. This is where the three pre-cognitives are the main focus. Two twin males and one female share a common trait. They see the future and the visions appear on a giant screen. Together, they're able to see the future. They have no interaction with the outside world. The department's agents work to arrest people on the basis of the visions. PreCrime Captain John Anderton (Tom Cruise) has turned to drugs since his son, Sean, disappeared. Anderton is also separated from his wife, Lara (Kathryn Morris). Anderton just happens to have the unfortunate luck of being in the pre-cogs vision when DOJ agent Danny Witwer (Colin Farrell) is visiting the agency. Talk about bad luck! Anderton now goes on the run and PreCrime creator Dr. Iris Hineman (Lois Smith) tells him that Agatha (Samantha Morton) sometimes has a different vision. Dr. Hineman refers to this as a ""minority report."" There's a lot of mystery in the film surrounding the death of Ann Lively (Jessica Harper). She just happens to be Agatha's mother. The further we get into the film, Anderton learns that he's being framed. Meanwhile, Witwer starts studying the available footage and starts to believe the same. Anybody in the right mind would do what he does next. But what Witwer doesn't know is that the director and founder of PreCrime, Lamar Burgess (Max von Sydow), is covering up the murder. Goodbye Witwer! In many aspects, Minority Report falls under the usual"
154,JPN_Doc4_MinorityReport,JPN_Doc4_MinorityReport,JPN,Sci-Fi,Positive,MinorityReport,"Steven Spielberg's Minority Report is a busy film. It fills your eye and ear - and, even rarer, your mind. It speculates on the future and uses what it visualises to commentate on the present. Like its three ""pre-cogs"" - clairvoyant visionaries gifted with the power to foresee future events - it forewarns us of the shape of things to come - some of which are already here. The film's sheer timeliness is a great part of its importance. It's set in Washington DC, a metropolis whose murder rate has dropped to zero. Crimes are prevented before they can be committed - thanks to tapping into the pre-cogs' premonitions. But if the streets are safe, it's because the old watchword about the price of liberty being eternal vigilance has been given a sinister techno-twist. In Spielberg's futureworld, the price of liberty is eternal surveillance. For all its own impressive dystopian design and cyborg melodrama, a comparable film like Ridley Scott's Blade Runner was light on the way the future is already impacting on the here and now. Minority Report, based on a brilliant extrapolation from Philip K Dick's SF novel, pulls together what we see happening already in a world where people have their identities ""stolen"", machines ""judge"" our entitlement to be believed or not, and incarceration is sanctioned on suspicion of what we may do, not what we have done. In A Clockwork Orange, Stanley Kubrick foresaw the day a Minister of the Interior would brainwash criminals into subservience to the state and justify it because ""it works"". Spielberg's movie is the new, improved version of the proto-police state. It begins with what, for this director, is an uncommon kind of overture: sex and violence. Tom Cruise, head of the Pre-Crime Unit, stands on a podium. Before him, like instruments in an orchestra, are screens whose subliminal images, sourced from the clairvoyant pre-cogs, illustrate a crime passionel about to be committed. Like a conductor, Cruise waves his cybergloved hands accelerando in a race against time to pick 'n' mix the visual clues to the scene of the crime-to-be. This sequence alone crosses a new frontier in high-tech cinema. The airborne SWAT team, descending vertically on individual jet-propelled backpacks, make their arrest just before the jealous husband puts the knife in. He's whipped off to eternal hibernation, standing upright, to save space in prison. This prologue demo sets the stripcartoon style and pace of a movie that uses brainpower, not bubbles, to carry its message. Cruise is a flawed hero. His own child was abducted years before. The ""home movies"" he watches in his lonely high-rise home - actually images of ex-wife and lost child who ""materialise"" in his living-room in 3D - have a poignant melancholy suggestive of the loss of other values once real and dear to its citizens. Cruise's loss of his son is what motivates him to fight crime. Not for the first time in a Spielberg film, the violated family echoes the director's own childhood"
155,JPN_Doc5_MinorityReport,JPN_Doc5_MinorityReport,JPN,Sci-Fi,Positive,MinorityReport,"Brilliantly realised, complex and humane, Minority Report is easily on a par with Blade Runner as one of the best adaptations of Philip K Dick's work ever made. There hasn't been a science fiction film this good for 20 years. Forget shiny buildings and action-packed chases - Minority Report has both, but it has so much more, elevating it far above the status of popular pulp. Spielberg has taken Dick's short story and spun it out into a powerful plot which retains the labyrinthine twists of the original and adds a few more, comfortably filling two and a half hours. Here we see a world as detailed and paranoid as the original, yet warmer, more human and very close to home; this only serves to make events as they unfold more chilling. It's certainly timely, but the things which it has to say will probably always be relevant. This isn't science fiction as escapism; it's science fiction as a political tool, as a means of making statements about the human condition. It's science fiction film-making at its very best. This isn't to say that Minority Report is a perfect movie; like any work on such a grand scale, it has its flaws. Sometimes Spielberg's habitual sentimentality creeps in just a little too far, yet this serves well as a counterpoint to the more vicious angles of the plot. Visually it is stunning, often reminiscent of Kubrick. Flashy future technology and architecture have been cleverly interwoven with the familiar, even the old-fashioned, to create a world which we can believe is not too far away from our own; a world which has changed, but not unrecognisably. This is a world where, in the District of Columbia, murder has been done away with thanks to the use of precognitive individuals who can spot crimes before they happen, giving the authorities a chance to intervene. All sorts of questions are raised hereby, to do with free will and whether or not one can be guilty of a crime one never actually committed, but Spielberg has the sense not to linger on them for long, since there are other matters of equal importance to be explored. Perhaps his greatest triumph is that he draws strong performances from all of his actors. A superb script enables several formidable, rounded characters to emerge, by contrast with Dick's own spare characterisation. Tom Cruise is perfect in the central role, eschewing the glamour which many feared might ruin his performance. This is perhaps the best work of his career to date, rivaling Eyes Wide Shut. The supporting cast are all excellent, which is vital to the process of misleading the audience as to just whom one can or can't actually trust. Some of the audience with whom I saw this movie evidently came away disappointed; they'd been expecting trademark Cruise glamour, Spielberg cutesiness and a pulp action plot. What they had been forced to endure instead was something which demanded that they use their brains. Minority Report is"
156,JPN_Doc6_MinorityReport,JPN_Doc6_MinorityReport,JPN,Sci-Fi,Negative,MinorityReport,"Once again this year we are graced with a futuristic sci-fi flick based on a short story by the visionary Philip Dick, this time in the form of ""Minority Report"", which poses the intriguing hypothesis: What if we could see into the future and arrest people before they commit a murder, or any other crime for that matter? Set in the year 2054 in Washington, D.C., Tom Cruise stars as John Anderton, who, having lost his son, now does his best to prevent murders before they happen as Chief of the elite Pre-Crime Division of the Justice Department. Assisting him are three genetically altered precognitives known as ""Pre-Cogs"" who are attached to machines that record their visions of murders which are ""set"" to occur anywhere from a few minutes to four days into the future. With each vision, two wooden balls roll out of the machine attachment, each one bearing the name of the killer and victim. As a result of this ""perfect"" system, Washington, D.C. is now murder free. (Let's face it, given our life and times, Dick should have set this scenario in 3054 to have any plausibility.) Believing the Pre-Cogs infallible, Anderton advocates nationalizing the Pre-Crime system, that is until the Justice Department questions the methods and techniques utilized by the Division and Anderton himself becomes the subject of a Pre-Cog vision seeing him committing a murder. Suddenly questioning the accuracy of the system (since he of course knows he's innocent and will continue to be innocent), Anderton goes on the run, stealing a female Pre-Cog named Agatha, setting us up for what now becomes a routine futuristic chase movie. Directed by Steven Spielberg, ""Minority Report"" reeks of the darker tone and color desaturation found in Spielberg's last futuristic foray, ""A.I."", a technique that works well in this type of film and once again is executed beautifully by long time Spielberg cinematographer Janusz Kaminski. Hand in hand with Kaminski's artistic flair, are some dazzling special effects action sequences, including a chase on a vertical highway that is so impressive, you have to see it to believe it. (Warning  those with severe motion sickness may want to cover their eyes at this part.) Not to be outdone, many scenes which one would believe are special effects, are in fact, the result of elaborately and elegantly choreographed camera maneuvers which are expertly executed and utilized for maximum dramatic effect. Cruise performs admirably as Anderton, using physicality and controlled raw emotion to their best advantage as he manipulates not only his pursuers, but the audience as well. An excellent counterpoint to Cruise's energetic yet psychologically tormented Anderton is Samantha's Moore portrayal of Pre-Cog Agatha  tacit, ethereal and seemingly helpless. Max von Sydow, no stranger to the futuristic and fantastic (""Dune"", ""Judge Dredd"" and ""The Exorcist"") steps in as Anderton's superior, Bureau Director Burgess, exhibiting an almost fatherly pride in his protege Anderton while relative newcomer, Colin Farrell is perfectly cast as the bureaucratic FBI investigator Danny Witwer who"
157,JPN_Doc7_MinorityReport,JPN_Doc7_MinorityReport,JPN,Sci-Fi,Negative,MinorityReport,"Set in the year 2054, Steven Spielberg's Minority Report looks clammy and bleached-out. The oppressiveness, of course, is intentional, but is it necessary? High-concept science-fiction escapades often try to impose new ways of seeing, but Spielberg seems intent on blistering our optic nerves. Like A.I., Minority Report is a movie in furious conflict with itself. Hope is pitted, rather unsuccessfully, against dystopia -- or is it dyspepsia? The result is one of the glummest and most forbidding thrillers ever. Tom Cruise plays John Anderton, who runs the Justice Department's Precrime unit, which acts on evidence provided by three human ""Pre-cogs"" who float in a liquid suspension chamber and can see visions of future murders. The images they transmit are displayed in haphazard fragments on a giant screen before which Anderton stands like a maestro, sorting out the pictures with sweeping waves of his arms. The garish, fractured visuals may cause some in the audience to experience deja vu: Can it be that the Pre-cogs are channeling the credit sequence from Seven? The Precrime cops, tipped by the trio, swoop down and arrest potential murderers, who are contained in a comatose state in long pneumatic tubes while their misdeeds are played out before their eyes. The moral dilemma is that none of the convicted is actually guilty of anything in the present. But because the Pre-cogs are supposed to be infallible, and because the murder rate in Washington, D.C., for the past six years has dropped to zero, the public is enthusiastic, and there is a political initiative pending to make Precrime go national. Then comes the twist: Anderton is implicated in the murder, within 36 hours, of a man he doesn't even know. Believing himself innocent and set up by his enemies, he goes on the lam. Either he is a murderer-to-be or the Pre-cogs are wrong -- which would call into question everything Anderton stands for as a crime fighter. There are some extraordinary sequences in Minority Report, and they are almost always the ones in which Spielberg lets loose his genius for graphic movement. In one scene, Anderton jumps across lanes of magnetic-levitation cars that speed both horizontally and vertically through the automated cityscape. In the film's best set piece, he submerges himself in a bathtub while mechanical spiders try to identify him by scanning his retina. (The action is so astonishingly deft that the pop of a single air bubble caps the scene.) The futurist vision of a consumer society in Minority Report -- which was written by Scott Frank and Jon Cohen and very loosely based on a longish and dullish 1956 Philip K. Dick story -- is alarmingly plausible. By scanning our eyes, companies will track our whereabouts and personalize the hard sell as never before. Malls will be lined with talking billboards on a first-name basis with us. (This is the rare movie where the plethora of product placements actually serves a legitimate dramatic function.) And yet what's alarming to us may not be"
158,JPN_Doc8_MinorityReport,JPN_Doc8_MinorityReport,JPN,Sci-Fi,Negative,MinorityReport,"In Minority Report, a futuristic thriller set in 2054, murder has been eliminated in Washington DC thanks to a division of law enforcement known as Precrime. Tapping into the minds of the Pre-Cogs, a trio of psychics who can foresee the future, Precrime is able to track down and arrest would-be killers before they actually commit their lethal deeds. The system appears to be flawless. But when police chief John Anderton (Tom Cruise), the head of this controversial department, is himself accused of the future murder of a man he hasn't even met, he sets out to prove his innocence, all the while hunted by his fellow officers. Based on a 1956 short story by renowned science fiction writer Philip K. Dick, Minority Report is typical of director Steven Spielberg in how it deftly melds flashy entertainment with critical issues. The movie is made up of three major ingredients: the thrilling action of an innocent man running from the law; the cautionary tale of how good intentions can go astray when not tempered by wisdom (specifically, infringing on people's civil liberties in the name of protecting them); and the old debate of human free will versus pre-ordained destiny. Unfortunately, the movie's philosophical elements take a backseat to John's mundane escape from authorities. Clearly, I understand that the relentless manhunt is more important than a bunch of metaphysical mumbo jumbo to most people. But without the pre-determined fate aspect, Minority Report is really nothing more than your standard crime drama, complete with cliches ranging from the generic framing of an innocent man to the corruption in the ranks of the police. I'm not asking for a stuffy dissertation that bores audiences like the sterile Solaris--just a comfortable balance that gives a little more substantial acknowledgement to the concept of being able to control one's own future. As it is, the film only briefly engages the notion of pre-determination intelligently when John debates Precrime issues with Danny Witwer (Colin Farrell), an agent from the Justice Department who has been ordered to find flaws in the system. John's argument of an absolute future is just about the most interesting and thought-provoking moment of the whole movie, although the scene quickly gives way to nonsense that stretches even the boundaries of science fiction (a claim that the Pre-Cogs can only foresee homicides because ""there's nothing more destructive to the metaphysical fabric that binds us than the untimely murder of one human being by another"" puts an arbitrary importance on human lives). Credibility is further shot when the story dissolves into trite cheerleading that all but says, ""You can do it! You control your destiny! Go, John!"" Cruise's frequent failure to convey emotion makes his character of John Anderton less than interesting. We see none of his conviction in the ideas of justice, none of his sense of betrayal when the system turns on him, and none of his paranoia in a suddenly hostile world. In an attempt to elicit sympathy and establish John's dedication"
159,JPN_Doc9_MinorityReport,JPN_Doc9_MinorityReport,JPN,Sci-Fi,Negative,MinorityReport,"Based on the short story by Philip K. Dick, ""Minority Report"" marks the second futuristic, science-fiction epic Steven Spielberg has made in as many years (after what I believe to be his greatest achievement, ""A.I.: Artificial Intelligence""). For Spielberg, undeniably one of the most influential and visionary filmmakers of his time, the film almost seems tailor-made for his marvelous visual sense and stunning talent for storytelling. For all of its sweeping technical flourishes and seamless visual effects, however, ""Minority Report"" is as shallow and characteristically vacant as ""A.I."" was emotionally resonating and creatively groundbreaking. In other words, though it pains me to conclude, Steven Spielberg's latest opus is one of the weakest films he has made, to date. Set in a surprisingly realistic vision of what Washington, D.C. might look like in 2054, John Anderton (Tom Cruise) is the top detective on the police force's relatively new Pre-Crime Unit. Through three pre-cog oracles whose minds hold the key to the future, the Pre-Crime Force, headed by Director Burgess (Max Von Sydow), is able to stop predestined murders before they occur. The alleged success of the program has cut down on major crimes in D.C. by ninety percent. When the latest murder suspect name comes up, Anderton is dismayed to learn that it is his own. Without never having met the victim before, Anderton is convinced that someonepossibly federal agent Danny Witwer (Colin Farrell), who is after his jobis trying to ruthlessly set him up. With the police suddenly after him, Anderton has no choice but to go on the run. Breaking into the Pre-Crime building, he kidnaps the most talented of the three pre-cogs, Agatha (Samantha Morton), convinced that what she knows about his future is the key to clearing his name and saving his life. The general premise of ""Minority Report"" is a novel one, fascinating in the way the world has developed enough in fifty years that the police force has begun acting, more or less, as God to citizens. The moral implications of such a debatewhether a person's future is predestined or capable of changeare thought-provoking, to be sure, but get lost in a screenplay (credited to Scott Frank and Jon Cohen) more interested in action set-pieces, and a film that chooses style over any form of hard-edged substance. While several of the action scenes are astonishingly executed, including a death-defying jump across cars hovering in the air, and a search for John by electronic spiders sent to check the retinas of an apartment complex's tenants, what surrounds them is a thoroughly unsatisfying emptiness posing as a study of serious-minded issues. Whatever deep-rooted involvement one might have grown to have in John Anderton's dire predicament proves sterile in a sea of blank faces posing as characters. Precious little is ever learned about John, except that he blames himself for his son's kidnapping six years ago, is separated from his wife (Kathryn Morris), and has a secret drug problem, and even fewer reasons are given for why we"
160,JPN_Doc10_MinorityReport,JPN_Doc10_MinorityReport,JPN,Sci-Fi,Negative,MinorityReport,"Most of the hope that I had for Minority Report, Steven Spielberg's adaptation of a classic Phillip K. Dick short story drained away early on, as soon as I saw one overly cute element of the film's set design. In Spielberg's vision of the near future (2054, to be exact), the Precogs, a trio of clairvoyant crack babies, are used to predict murders so they can be stopped before they are committed. To illustrate the process by which their predictions are delivered to the policemen that investigate them, he uses, for no good reason a spiraling glass ramp that delivers colorful balls with the perpetrator and victims' names on them. It's a distinctive touch, to be sure, and its one that could only exist in a child's vision of the future, and it feels entirely out of place among the sterile metal look that dominates the rest of the set. This fragment of his future is indicative of Minority Report's biggest problems, however. Spielberg uses images that could fascinate a child in his designs in hopes that they will appeal to everyone, and the resultant effect is the creation of a science fiction future that feels emotionally familiar and comfortable. While that might be some sort of achievement in itself, it works entirely against the plot of Report, which attempts to show us the dehumanizing effects of the invasion of privacy in its futuristic police state. Unlike Dick, Spielberg's doesn't use science fiction to provide a cautionary and predictive look at the future. It instead fuels childish hope that all wishes will come true and fantasies will be fulfilled if we just have patience (consider ending of A.I. in this light). That's precisely why he's so wrong for this material. He has faith in happy endings even under totalitarianism, even when they make no emotional sense. In Minority Report, Spielberg's characters revert to using old technology (as opposed to the impotent, non-lethal weapons of the future) whenever someone actually dies, and by doing this he's suggesting that the human foibles and flaws that allow murder to happen are outmoded artifacts that will hopefully be phased out soon. This notion completely contradicts the film's ending, which vehemently denounces technology, and embraces those flaws. The way that the film is shot, though, it appears as if all of the color has been desaturated from the future world, leaving a pseudo-black and white wannabe-noir look, and that lack of shading is appropriate considering the sheer simplicity of the film's morality and symbolism. The attempts to push the morality of the characters into gray areas are so obviously going to be overcome by the film's end that they are completely ineffective in making the movie any more complex. The symbolism is even more laughably heavy handed. Early on, one character explicitly points out how goofy the clunky religious symbolism (there's a Holy Trinity, a Temple where humans play God, halos placed on convicts, etc...) that the movie employs is, but Spielberg continues to pile"
161,KBX_Doc1_No_Time_to_Die,KBX_Doc1_No_Time_to_Die,KBX,Action,Negative,No_Time_to_Die,"No time for spoilers: It's a good bet you know by now what happens to Daniel Craig at the end of the 25th James Bond movie. Some people rushed to spread this information online after the film's world premiere screenings in London last week, the Film Twitter equivalent of Homer exiting The Empire Strikes Back on opening night. The statute of limitations on surprises in the social media era is perilously short, but it should still be possible to review No Time to Die without coming out and saying the thing that its marketing, promotion, and coyly morbid title have already implied. For nearly 60 years, the franchise has consolidated its own form of immortality by doubling down, baccarat-style, on the idea that its star attraction Will Returnnever mind whether in the same exact corporeal form. Like any long-standing, ceremonial role of significant cultural importancethe queen of England, commissioner of the National Basketball Association, Dr. WhoJames Bond is at once bigger than the person who inhabits him and malleable enough to fit each host vessel's specifications. He's a designer tuxedo being taken in for alterations, or a vintage Aston Martin receiving periodic tune-ups. In 1983, 12 years after graciously abdicating the part that made him a megastar, Sean Connery reneged on his decision to opt out. Looking considerably older and a bit embarrassed, he top-lined the nonSaltzman-and-Broccoli Thunderball knockoff Never Say Never Again, a film whose title goofed on the actor's noble, broken promise to himself. (The idea for the joke was credited to Connery's wife, an all-time case of spousal trolling.) This one exception aside, there isn't a single Bond entry, good, bad, or Moonraker, that goes out of its way to explicitly acknowledge the identity of its leading man. Nor have there been any teary-eyed curtain calls. At the end of A View to a Kill, instead of riding off into the sunset, Roger Moore hooked up with Tanya Roberts in a shower. In this sense, the valedictory vibe of No Time to Die makes it an outlier. Every element, from the plot to the visual style to the thickly funereal atmosphere, has been calibrated to emphasize its status as a send-off for Craig, whose constant, Connery-like carping about his boredom with the part aligns with his version of the character. There's always been a borderline-misanthropic intensity to James Bond, a cool sense of detachment derived from Ian Fleming's literary description of the character's cold blue eyes and ""cruel"" mouth. Craig took these qualities and ran with them, becoming the first Bond who never seemed to be having any fun. Gloom and doom have been the common denominators of the 21st-century Bonds, with mixed and fascinating results. Like Skyfall and Spectre, No Time to Die is primarily about the bonds and scars etched between parents and children. Bookended by scenes in which little girls are terrorized by psychopaths and featuring multiple sequences in which beloved, long-running characters are forced to contemplate their own mortality, it's a parched, solemn"
162,KBX_Doc2_No_Time_to_Die,KBX_Doc2_No_Time_to_Die,KBX,Action,Negative,No_Time_to_Die,"Let the mourning begin. In No Time to Die, James Bond is dead after 25 installments of the popular series about England's most glamorous secret agentwhich means he will never be backin his present form. This is also Daniel Craig's fifth and final appearance as 007, so enjoy his previously indestructible stoicism for the last time, too. Do this, I hasten to add, only if you are forever dedicated to a fictional action hero who, in your heart of hearts, can do no wrong. In my opinion, he ran out of steam long ago, and now in retirement from Her Majesty's Secret Service, he has no charm, no wit, no sex appeal, no fatal allure for women and he's losing his hair. He dies from stray bullets, deja vu, stale dialogue and mixed reviews. The car chases, the fight sequences (there are two), the helicopter shots, the never-ending guns and exploding warheads have all been done before. This is probably to be expected. You don't go to a James Bond movie to learn anything new. You go to ogle the latest girls, gadgets and exotic locations. The entertainment values are ever apparent, the violence and bloodshed have a certain lift that both defines and defies imagination, and who would have it any other way? You don't always remember what you saw the next day, but you know you had some fun. This time the excitement fades like the popcorn that went with it, and for me, ennui comes on stealthy fingers. No Time to Die may not be the worst James Bond movie ever made, but it's in heavy competition as the dullest one since Octopussy. The film's sole distinction is the fact that it's the James Bond epic that finally manages to make 007 a crashing bore. Directed with more boyish slobber than narrative coherence by Cary Joji Fukunaga from an over-crammed, self-consciously contrived script by no fewer than five writers, No Time to Die hops and stumbles all over the place, but you can still write the plot on the head of a carpet tack. It opens with a flashback to the Italian Alps where a mysterious thug in a white mask plods through the snow to murder a young Madeleine Swann's mother, but young Madeleine narrowly escapes. Cut to the character, all grown up as Lea Seydoux, who may or may not be married to a gooey-eyed, lovesick 007. (The movie is very vague about things that matter.) After some high-speed racing through the mountains in his bulletproof Aston Martin, the two lovers are set upon by agents from the evil crime syndicate SPECTRE in the town square and he dumps Madeleine, thinking she betrayed him. It's the end for Bond and Madeleine, but the movie is just beginning. It helps to know your Ian Fleming history, including Bond's relationship with Vesper Lynd in Casino Royale, as well as the meaning of SPECTRE (you got me there). Cut to Bond trying desperately trying to enjoy his retirement"
163,KBX_Doc3_No_Time_to_Die,KBX_Doc3_No_Time_to_Die,KBX,Action,Negative,No_Time_to_Die,"For those whose cinematic consciousness predates ""Star Wars,"" the James Bond series may be the primordial experience of franchise films, with all the pleasures and limitations that they entail. The appealing predictability of familiar characters and the excitement of seeing variations on their themes has always gone hand in hand with a sense of overmanagementof the strings being pulled by some puppeteer far from the set. The feeling that what's onscreen is inseparable from the demands of the balance sheet has never been absent from the Bond market, and the five entries starring Daniel Craig have only intensified it. Together, the Craig films interconnect to form a sort of Bond cinematic universe whose parts slot all too neatly into a series, with all the dramatic engineering that it implies. The most recent and final Craig film, ""No Time to Die,"" directed by Cary Joji Fukunaga, is in that sense a culmination of the series' necessities, with the boardroom and the writers' room virtually taking the place of any cinematic action. On the other hand, the series' essential virtue was always its extravagant exaggerationsit was gloriously ridiculous and gloriously lacking in self-awareness, its macho ribaldry invested with absurdly high purpose. In the Daniel Craig era, there's no sense of unconscious or excess expressionit has been digitized out along with any intentional humor. The devices that Bond and his compatriots use are hardly a step from Maxwell Smart's shoe phone, as are the switch-operated gizmos of his Aston Martin. Yet their depiction and use are so perfunctory that they're presented as neither silly nor ordinary, just checked off. Craig is a great actor who brings a distinctive affect to Bondclenched, airtight, impenetrable, abraded. He makes Bond's social graces seem like the product of work that's harder than the athleticized superhero business imposed upon the character. Craig's distinctive persona suggests pathos that the series doesn't allow; instead, he's merely used as a Bond-pinata, a straining for an element of realism amid stunts that, in their grandiosity and their excess, preclude it. In ""No Time to Die,"" Bond is launched with mourning and melancholy: he and his new partner, Madeleine Swann (Lea Seydoux), visit the Italian town of Matera, where the tomb of Vesper Lynd (from ""Casino Royale"") is found. Bond visits her tombwhich explodes, as a prelude to a mighty chase and shoot-out. He survives but immediately ends the romance with Madeleine, whom he suspects of setting him up. Five years later, Bond, retired to Jamaica, gets a visit from an old associate, Felix Leiter (Jeffrey Wright), of the C.I.A., along with a smarmy young State Department official named Logan Ash (Billy Magnussen). They want Bond's help in finding a scientist named Valdo Obruchev (David Dencik), who has been kidnapped from a high-security bioweapon facility with a dreadful concoction in hand: a mortal virus-like nanobot, transmitted on contact and engineered to target specific DNA markers, whether of an individual, a family, or an ethnicity. But it takes a visit, that very night, from"
164,KBX_Doc4_No_Time_to_Die,KBX_Doc4_No_Time_to_Die,KBX,Action,Negative,No_Time_to_Die,"Not long into No Time to Die, James Bond (Daniel Craig) makes a trip to Cuba to infiltrate a swanky party thrown by some of the world's most dangerous criminals. This being a Bond movie, his local contact is a gorgeous young woman (Ana de Armas), who greets him wearing a dress slit down to the navel and up to the hip, and, Bond being Bond, he turns on the wolfish charm. There's all of human existence to protect from some imminent, as-yet-undefined threat, but that doesn't mean there's no time for a quickie. She leads him into a small room, shuts the door, and immediately begins to unbutton his shirt, at which point even James Bond can't quite believe his luck. But when his innuendoes turn into overt propositions, the young womanwho, it turns out, is just trying to get him into his tuxedoshoots him a look that says, unmistakably, um, gross. With No Time to Die, Craig becomes the longest-running Bond in the franchise's historyand thanks to a yearlong delay, the movie also achieves the more dubious milestone of equaling the longest gap between it and the previous entry. For reasons other than the doings of randy superspies, 2015's Spectre feels impossibly distant, which makes this one's decision to begin virtually where the last one left off seem almost like an act of magical thinking. (Wouldn't we all like to pretend the last six years never happened?) But after an opening sequence that splits Bond from his leading Spectre lady, Madeleine (Lea Seydoux), the movie jumps forward five years, as if as a reminder that for this particular iteration of the character, time actually does exist. For previous Bonds, years were as interchangeable as women, and as easily forgotten. But Craig's Bond has a past, not just a backstoryalthough lord knows the movies have loaded him down with plenty of thatbut a sense of something that weighs on him. (He's the first Bond since Sean Connery who looks like he's been in a fight, and the only one who looks like the other guy might have got in a few licks.) That means he ages, and that means that he can grow old. As the plot kicks into gear in earnest, Bond has been living off the grid for years, and even his old comrades presume that he's dead. The world has moved on, and the 007 designation has been reassigned to a new agent. When she sees Bond turn up, the new 007, played by Lashana Lynch, is instantly on edge, assuming he'll try to take it back. But not to worry, he reassures her: Like age, the double-O ain't nothing but a number. Making the new 007 a Black woman was reportedly an addition from Fleabag's Phoebe Waller-Bridge, who was brought in to give the script a ""fresh female perspective."" But that perspective has less to do with giving the female characters more to do than it does with the way the movie looks at men:"
165,KBX_Doc5_No_Time_to_Die,KBX_Doc5_No_Time_to_Die,KBX,Action,Negative,No_Time_to_Die,"Perhaps it is only fitting that, at the end of a particularly circuitous journey, one would get a little emotional. There was such sentiment in a video of actor Daniel Craig, choking back tears as he thanked crew members after wrapping on his final James Bond film, No Time to Die. And there it is in Bond himselfand just about everything surrounding himin Cary Joji Fukunaga's 165-minute film, an epic that doesn't so much trot the globe as trudge solemnly across it, laden with loss and life's accumulated weariness. Does that sound fun? The powers that be sure hope it does, as No Time to Die finally arrives in theaters on October 8 after many COVID-related delays. It is perhaps the great theater-exclusive tentpole dream of the fall, that eager audiences wanting to zip off on another suave adventure while also saying goodbye to an entire generation's James Bond will flock to cineplexes and help revive a flagging industry. I'm sure those audiences will indeed show up. What they will make of the film after they've seen it, though, is another question. At such considerable length, No Time to Die has room to be several films in onepart rollicking caper and part character drama of the sort set up in 2012's Skyfall, a film that made a deeper mythological figure out of our Etonian super spy, long admired for merely tossing off a quip or two and getting his daring job done. When Skyfall came out, earning over a billion dollars at the box office, it was to many an exciting reimagining of a creaky character (the fruit of a transformation begun, of course, with 2006's Casino Royale, Craig's first outing in the tux). He was given actual context and history and pathos that felt more in line with the blockbuster mores and customs of the day. But then the trilogy became a quadrilogy with 2015's tiresome, extraneous Spectre, certainly a big hit but not the rumbling cultural event that was Skyfall. Craig couldn't go out on that sour note. Thus we have No Time to Die, the definitivethey swear!conclusion of Craig's run and, presumably, the end of this particular stylistic Bond era. That's a lot of weight to put on one movie's shoulders, and yet No Time to Diewritten by Fukunaga, Neal Purvis, Robert Wade, and Phoebe Waller-Bridgehappily adds even more. We've got existential reckoning, ancient grudges, child endangerment, and death that actually matters. This is very serious stuff, to a definite fault. Roughly the first half of the film is limber and amiable, as a retired (yet again) Bond is dragged back into action to close a loop begun, essentially, in Casino Royale. On his way to doing that, Bond has a motorcycle-cum-car chase in a stunning Italian hill town, a meet-tart with a new 00 agent (Lashana Lynch), and a trip to Cuba for a bit of dapperly-dressed, party-interrupting violence that is the movie at its most appealingly free-wheeling. Ana de Armas makes a bright appearance as"
166,KBX_Doc6_No_Time_to_Die,KBX_Doc6_No_Time_to_Die,KBX,Action,Positive,No_Time_to_Die,"'No Time to Die"" is a bit too long and a bit too complicated, with a villain in the form of Rami Malek's Lyutsifer Safin, whose motivation in seeking a genetically programmable bioweapon that microtargets its victims by DNA is murky, to say the least. It does come in handy, however, as a plot device, particularly at the film's climax. At the same time, Daniel Craig's fifth and final outing as the secret MI6 superagent James Bond is also a fittingly complicated and ultimately perversely satisfying send-off for the actor, whose character as the film gets underway isn't even Agent 007 any more, but a retiree (as Craig is about to become, from this franchise). As the fast-paced, even frenzied film gets underway, we pick up with Bond  can anyone get away with calling him James, other than his lady friends?  on holiday with his honey: Lea Seydoux's sexy psychiatrist Madeleine Swann, whom we met in the last film ""Spectre."" A brief flashback prologue adds a layer of backstory to her dossier, and then ""Die"" really gets rolling, with a bang. Make that several bangs. An explosion  complete with a (preposterous, yet quiet literal) calling card left by the criminal organization Spectre  is rapidly followed by a chase through the cobblestone streets of a quaint Italian village, involving multiple assailants and automatic weapon fire, and culminating in an abrupt leave-taking between Bond and Madeleine. This would appear to be in line with Bond's storied love-'em-and-leave-'em romantic ethos, except that Craig's version of the character has always been a little more of a softy: The emotional magma has always flowed hot and heavy beneath his gruff and grouchy crust. Case in point: The bomb goes off while Bond is visiting the grave of Vesper Lynd (Eva Green), the woman he has been struggling to get over ever since Craig's 2006 debut in ""Casino Royale."" Oh well, we'll see Madeleine again, and ""Spectre's"" Blofeld (Christoph Waltz), who is still pulling some strings, despite being locked up in Belmarsh Prison. But the film, which could easily lose 30 minutes, only gradually narrows its focus. Eventually, it becomes clear that it's about Safin's efforts to acquire the precision biotech known as Heracles  developed in a secret MI6 lab and stolen, along with the one geek (David Dencik) who knows how to use it  and Bond's efforts to stop him. Another old friend from earlier films, CIA handler Felix Leiter (Jeffrey Wright) shows up to help, while Bond's replacement at MI6 (a delightful Lashana Lynch) is briefly our hero's rival. There are a few other surprises, both pleasant and unpleasant, along the way. In the former category: an interlude, set in Cuba, featuring Ana de Armas as Paloma, a green CIA recruit who teams up with the skeptical Bond in pursuit of the Heracles weapon. Paloma turns out to have more skills and seasoning than her three weeks of secret agent training  as she advertises to Bond, with"
167,KBX_Doc7_No_Time_to_Die,KBX_Doc7_No_Time_to_Die,KBX,Action,Positive,No_Time_to_Die,"The movie's called No Time to Die and has a runtime of two hours and 43 minutes. Someone, somewhere, is having a laugh. But not James Bond, who, for as long as Daniel Craig has been playing that iconic Ian Fleming creation (especially in the most recent films of his 15-year tenure) has tended to be a somber sort. Not a stick in the mud or a walking stiff, mind you; even if Craig's era of the franchise has felt slightly stripped of outright camp, it hasn't killed its sense of humor. The movies have simply leaned into what's proven to be surprisingly vulnerable in Craig's incarnation. No Time to Die, his final outing in the role, is no different. This actor's Bond, with his aqua-pura eyes and bulldog strut, has increasingly had something of the wounded animal about him. Yes, he's doing parkour across exotic landscapes and fighting by land, by sea, and by air like a one-man national military. Sure, his commitment to his missions has by and large been beyond question (unless the question is why, exactly, he's been so committed). Yet rarely has he seemed overly excited about the business of being MI6's number one man. Loss, or something like it, seemed to trail him from the start. In a way, from 2006's Casino Royale onward, the movies have been catching up to the performance. This has remained true even as all five of the actor's turns in the role have reveled in the usual pleasure principles of 007 adventures. The globetrotting locales, high-end cars, and spy-craft fetish objects; the gorgeous femme fatales and one-night stands and even genuine loves. Craig once said he would rather ""slash [his] wrists"" than be in another Bond film. That was six years and one movie ago. In the same interview, he also said: ""If I did another Bond movie, it would only be for the money."" It's to Craig's professional credit that his performance in No Time to Die, which comes out on October 8th, bears little sense of that lack of giving a fuck. It wouldn't fit this movie, which, directed by Cary Joji Fukunaga, very much carries the weight of culmination. We all know by now that this is the end of Craig, and wisely, No Time to Die doesn't put up any false pretenses. As a movie, Bond-related or otherwise, it's just fine: sometimes intriguing, sometimes not, sometimes boring, sometimes not. It's a bit more successful if we think of it instead as a tribute to the Craig era, and to the star himself, whose 21st-century Bond will endure as a complicated man along for the ride in the franchise's otherwise formulaic schemes. It's like the movie has this in mind, reviving old characters and tropes, giving Bond devotees a bit of what makes the franchise a familiar comfort, while adding a dash of melancholy and a grimness  down to its visual palette and the journeyman staging of much of its showpiece scenes  that"
168,KBX_Doc8_No_Time_to_Die,KBX_Doc8_No_Time_to_Die,KBX,Action,Positive,No_Time_to_Die,"""No Time to Die"" is a terrific movie: an up-to-the-minute, down-to-the-wire James Bond thriller with a satisfying neoclassical edge. It's an unabashedly conventional Bond film that's been made with high finesse and just the right touch of soul, as well as enough sleek surprise to keep you on edge. Before I go further, though, let me lay my baccarat cards on the table. I thought ""Casino Royale,"" the first film in which Daniel Craig portrayed 007, was the greatest Bond film since the early Sean Connery days, and in many ways the most perfectly realized Bond movie ever. (I've seen it countless times, and it's one of my favorite films of its era.) To me, the trio of Bond films that came after ""Casino Royale"" have added up to one of the most profoundly disappointing follow-throughs of any contemporary film series. ""Quantum of Solace"" was all trumped-up mechanics, ""Spectre"" was an elaborate piece of product that went through the motions  and ""Skyfall,"" though I realize many Bond watchers think it's a masterpiece, was, to me, sodden and overstated, with a meta-hammy megalomaniac performance by Javier Bardem and a backstory to Bond that was maudlin with self-pity. The film was trying to be ""emotional,"" but that poor-little-spy-boy origin story didn't enlarge Bond  it diminished him. The truth is that so many elements of what the Bond films originally brought to cinema have been incorporated into other film series  the ""Mission: Impossible"" films, the ""Bourne"" films, the ""Fast and Furious"" films  that to create a first-rate Bond adventure, something more is required. You need an ingenious weave of elements: the perfect layered rhythm of brashly timed fights and great escapes and bedazzling chases and delectable quips and cool gadgets and sexy one-upmanship and the ultimate in world-domination stakes. ""No Time to Die,"" at 2 hours and 43 minutes, is the longest Bond film ever, yet it's brisk and heady and sharp. The director, Cary Joji Fukunaga (HBO's ""True Detective""), keeps the elements in balance like an ace juggler. He gets the details right  the split-second leaping-off-the-balcony action scenes, the menace of an assassin with a vagrant mechanical eyeball, the persnickety droll fun of Ben Whishaw's performance as Q. Beyond that, though, there needs to be a touch of mystery to Bond. That's the quality that ""Casino Royale"" brought back to the series through its fantastically tricky dramatization of the relationship between Craig's fast, steely, roughneck Bond and Eva Green's insinuating Vesper Lynd. And ""No Time to Die,"" though it's not the work of art ""Casino Royale"" was, possesses just enough of that quality. Ideally, there's a romance to a James Bond movie  I don't just mean a love story, but a romance to Bond's presence, a grander motive behind the ruthless execution of his every move. ""No Time to Die"" has that. In the introductory sequence, we see Lea Seydoux's Madeleine as a young girl and the cataclysm she endured at the hands of a man"
169,KBX_Doc9_No_Time_to_Die,KBX_Doc9_No_Time_to_Die,KBX,Action,Positive,No_Time_to_Die,"They cheered the MGM lion, and they cheered the pre-credit sequence, and the Billie Eilish theme song and every bike stunt and vertiginous leap. The black-tie, red carpet crowd at the desperately-anticipated world premiere of ""No Time to Die,"" the 25th Bond film, in London's Royal Albert Hall could not have been more excited. Let into a slice of Bond world glamour and, for many, back in a big cinema and big gathering for the first time in many months, they even roared at the end of the National Anthem, played in the presence of Prince Charles and his son and daughter-in-law. Turns out this Bond is also a family affair, with familiar characters returning for a cinematic swan song to Daniel Craig's 16-year tenure in the role and many of the regulars assembling on stage for a mass introduction, led by an emotional Craig and the producer-guardians of the Bond flame, Barbara Broccoli and her half-brother Michael G Wilson. And while this Bond film certainly has all the familiar numbers, explosions, and locations  there's little in movies that can beat the sight of an Aston Martin DB5 careering round a hairpin bend on a Italian hillside  ""No Time to Die"" will be remembered for its emotional impact above all. And, to cap it all, Craig may well have delivered the most complex and layered Bond performance of them all. Much of the film is spent looking back, to past love Vesper Lynd (played by Eva Green in Craig's first Bond outing, 2006's ""Casino Royale"") while trying to move on with new lover Madeleine Swann, played by the returning Lea Seydoux, her character name ushering in a practically Proust-ian Bond movie, one focused on remembering lost time. More traditional 007 fans may wish for the action to move forward with more pace  at 163 minutes, this is the longest Bond in the canon  and each set-piece has certain hermetic quality, like a stand-alone episode, such as that pre-credit sequence in Matera, or the visit to Cuba in which Ana de Armas shines as agent Paloma. What holds it all together is Craig, given some longer speeches and passages of performance the like of which I can't recall a Bond previously delivering. His Bond is wrestling here with mortality and facing the end of his usefulness. ""You're irrelevant,"" says Ralph Fiennes' M, dismissing Bond with icy bluntness. ""And we thank you for your service."" ""No Time To Die"" is very much about relevance, its eventual cinema release after more than 18 months of delays being seen as the first big test of the theatrical model in the post-lockdown era. Will it bring generations back into the cinemas? After all, even Prince William turned up with his Dad to this one. There is a risk that younger viewers seeing their first Bond may well be puzzled by the scientific helix of the plot, which nevertheless gives the always-welcome Ben Whishaw the chance to some hefty Q-splaining. It involves"
170,KBX_Doc10_No_Time_to_Die,KBX_Doc10_No_Time_to_Die,KBX,Action,Positive,No_Time_to_Die,"The standard bearer of British soft power is back, in a film yanked from cinemas back in the time of the toilet roll shortage, based on a literary character conceived when sugar and meat rationing was still in force, and now released as Britons are fighting for petrol on the forecourts. Bond, like Norma Desmond, is once again ready for his closeup  and Daniel Craig once again shows us his handsome-Shrek face and the lovable bat ears, flecked with the scars of yesterday's punch-up, the lips as ever pursed in determination or disgust. And Craig's final film as the diva of British intelligence is an epic barnstormer, with the script from Neal Purvis, Robert Wade and Phoebe Waller-Bridge delivering pathos, drama, camp comedy (Bond will call M ""darling"" in moments of tetchiness), heartbreak, macabre horror, and outrageously silly old-fashioned action in a movie which calls to mind the world of Dr No on his island. Director Cary Fukunaga delivers it with terrific panache, and the film also shows us a romantic Bond, a uxorious Bond, a Bond who is unafraid of showing his feelings, like the old softie he's turned out to be. A queasy and dreamlike prelude hints at a terrible formative trauma in the childhood of Dr Madeleine Swann (a gorgeously reserved Lea Seydoux), that enigmatic figure we saw in the last movie who is now enjoying a romantic getaway with James. But a shocking act of violence destroys their idyll, as we knew it must, and Bond has some spectacular stunts as he hurls himself from a bridge. It all has a lot to do with a sinister biowarfare plan called ""Heracles"" being developed by M (Ralph Fiennes) using a renegade scientist Obruchev (David Dencik)  but both creepy boffin and weapon are stolen in a sequence of preposterous action comedy, incidentally involving a sullen, bickering functionary played in cameo by Hugh Dennis. Both MI6 and the CIA want Obruchev back  but British intelligence does not care to involve Bond who is now in retirement in Jamaica, perhaps in tribute to Ian Fleming's holiday retreat, and M has handed over his 007 status to a new agent Nomi, stylishly played by Lashana Lynch. But the Americans, in the form of his old buddy Felix Leiter (Jeffrey Wright) and an uptight new state department appointee Logan Ash (Billy Magnussen) persuade Bond to take on the job as a freelance, and send him to Cuba, where he liaises with an untrained operative: Paloma  a witty and unworldly turn from Ana de Armas whose rapport with Craig recalls their chemistry in Knives Out. The Cuban nightclub scene has something genuinely bizarre about it, bringing us a henchman with a surreal glass eye. The awful truth is that M has allowed ""Heracles"" to be compromised by the creepy Blofeld (Christoph Waltz) who is being kept by the Brits in Lecter-ish imprisonment, but has managed to direct this new plan from his hi-tech cell, but who is now himself"
171,LGP_Doc1_Heretic,LGP_Doc1_Heretic,LGP,Horror,Positive,Heretic,"The remarkable second act of Hugh Grant's career continues ... or maybe third act, if we include the earlier period in which he appeared to withdraw from the movie romcom-lead frontline to concentrate on making brilliant investments in property and contemporary art, before returning as a lethally outrageous character actor and scene-stealer. Now Grant is making his horror debut (if we don't include his appearance in Ken Russell's The Lair of the White Worm from 1988) and does it with typical insouciance and cheek, starring in a verbose and disturbing chamber piece about religion from writer-directors Scott Beck and Bryan Woods; it feels as if George Bernard Shaw wanted to make a scary movie without songs inspired by The Book of Mormon. Maturity and the chiller genre have added a certain something to Grant's habitual mannerisms, on display as ever here: the sudden mischievous grin and the wide-eyed conspiratorial ""eek!"" grimace of mock dismay. He plays a donnish and bespectacled Brit called Mr Reed living in the US in a remote, eccentrically proportioned house. Like Grant's ageing thespian Phoenix Buchanan in Paddington 2, this man is vain enough to keep a photo of his younger self about the place. Mr Reed has expressed a diffident interest in the Church of Jesus Christ of Latter-day Saints, so the Mormons have sent round two missionaries to discuss this with him; not strapping young men as would normally be the case in non-horror-film real life, but two twentysomething women. These are the innocent Sister Paxton (Chloe East) and the marginally more worldly Sister Barnes (Sophie Thatcher), who in the first scene reacts with unjudging sisterly amusement when Paxton recounts her shock at accidentally watching a porn film and expressing her earnest belief that the female lead's unsimulated expression of despair proves the need to live a godly life. Mr Reed is a model of avuncular kindliness and quizzical hospitality when these two appear on his doorstep; he invites them in, the door clicking firmly shut behind them, and offers blueberry pie. When Paxton and Thatcher politely inform Mr Reed that they cannot be alone with him without another woman present, he suavely offers to bring his wife in from the kitchen. Paxton and Barnes eagerly assent, but there appears to be a strange and disquieting delay in this wife actually appearing. As for Mr Reed, he appears oddly insistent on discussing the various forms of religion with them, his friendliness worryingly starting to wane as the steely glint behind his glasses increases. With various amusing supporting materials from popular culture, Mr Reed discourses on belief systems as iterations or theme-variations on earlier pagan or mythic forms and gets testy and thin-lipped when Barnes contradicts him. With hooded eyes, he asks these impeccably mannered young women if they still believe that his wife really does exist in another room, as he has assured them, and what is it precisely that makes them believe that? A need to survive, perhaps, in this world as well"
172,LGP_Doc2_Heretic,LGP_Doc2_Heretic,LGP,Horror,Negative,Heretic,"So much junk has already been written about the risky change of pace Hugh Grant exhibits in an overrated, undercooked fright flick called Heretic that it seems purposeless to contribute more. I'll simply say he deserves applause, but the question is, ""So what?"" He's a fine actor who should be able to switch from a charming romantic lead to a menacing, diabolical villain with superior ease, and the monster he plays in Heretic is not only skillfully freakish but not altogether without charm, either. It seems like a natural fit. The question: is it scary? In my opinion, the answer is a big, yawning ""No way."" Shaving too fast with an old razor blade, I've had more scares than anything in Heretic from my bathroom mirror. Helmed by Scott Beck and Bryan Woods, the writing-directing-sometimes producing team responsible for B movies like Haunt and The Boogeyman, Heretic has been mistaken as a horror-genre innovator, but there's nothing innovative about it. Instead of horror, Heretic exudes more of a long and tiresome ideological debate about the horror of religion combined with the horrors of bad movies. It could be called a whydunit as opposed to a whodunit. The premise begins with promise. Two lovely Mormon missionaries (Sophie Thatcher and Chloe East) on a mission to convert non-believers to salvation arrive at a creepy, imposing house (in the midst of fog, rain, and a coming snowstorm, natch). The creaking door is opened by a genial, smiling Mr. Reed (Hugh Grant, turning on his customary charm), who invites them in and offers them a slice of blueberry pie freshly baked by his wife, who never appears. But instead of pie, what Mr. Reed provides is a challenging debate about the role of religion through the ages. Whether the women are fundraising or simply hoping to find a friendly soulmate is left to the imagination, although the dark and gloomy manse soon becomes a testament to the host's behavior and his perilous plans for unsuspecting visitors, many of whom turn out to be imprisoned in cages in underground dungeons below. Before you can say, ""Girls in movie peril who saw Psycho should know better than to go out after dark"", the proceedings turn into a screamfest, and the charming Mr. Reed turns into a serial killer who verbally accompanies each of his murders with mumbo jumbo jabberwocky that begins with ominous questions like ""How do you feel about polygamy?"" It should be no surprise when the girls discover the exit doors are locked, the blueberry pie is poison, and there's no wife. As the snowstorm rages outside, the girls flee to the cellar where future victims await their turn for execution. ""Why do you do this?"" asks one of the misguided missionaries in one of the film's unintentional comedy misfires. ""The question,"" answers Mr. Reed with a lethal grin, ""is why do you all let me?"" That's the film's only pointthat there is no point. Heretic has occasional moments of suspense, but nothing is"
173,LGP_Doc3_Heretic,LGP_Doc3_Heretic,LGP,Horror,Positive,Heretic,"""Heretic"" opens with an unusual table setter: Two young missionaries from The Church of Jesus Christ of Latter-day Saints are discussing condoms and why some are labeled as large even though they're all pretty much a standard size. ""What else do we believe because of marketing?"" one asks the other. That line will echo through the movie, a stimulating discussion of religion that emerges from a horror movie wrapper. Despite a second-half slide and feeling unbalanced, this is the rare movie that combines lots of squirting blood and elevated discussion of the ancient Egyptian god Horus. Our two church members  played fiercely by Sophie Thatcher and Chloe East  are wandering around trying to covert souls when they knock on the door of a sweet-looking cottage. Its owner, Mr. Reed, offers a hearty ""Good afternoon!"" He welcomes them in, brings them drinks and promises a blueberry pie. He's also interested in learning more about the church. So far, so good. Mr. Reed is, of course, if you've seen the poster, the baddie and he's played by Hugh Grant, who doesn't go the snarling, dead-eyed Hannibal Lecter route in ""Heretic."" Grant is the slightly bumbling, bashful and self-mocking character we fell in love with in ""Four Weddings and a Funeral,"" but with a smear of menace. He gradually reveals that he actually knows quite a bit about the Mormon religion  and all religions. ""It's good to be religious,"" he says jauntily and promises his wife will join them soon, a requirement for the church. Homey touches in his home include a framed ""Bless This Mess"" needlepoint on a wall, but there are also oddities, like his lights are on a timer and there's metal in the walls and ceilings. Writer-directors Scott Beck and Bryan Wood  who also combined on ""A Quiet Place""  have remarkably set us up for an unexpected theological debate here. Mr. Reed is not unlike an earnest professor of comparative religion set against two naive missionaries armed with talking points who are hiding their own doubts. Mr. Reed knows exactly where the weak points are and thrusts in the philosophical knife. ""How do you feel about awkward questions?"" he asks before tackling the church's stance of polygamy. ""Yeah, it's sketch, for sure,"" East's Sister Paxton finally admits. Soon the discussion turns on which religions are marketed better. Mr. Reed is, after all, facing a pair of walking and talking advertisements for Mormonism. So beautifully constructed and acted in the first half is ""Heretic"" that you won't really notice when it turns into a horror movie. You might be a step ahead of the missionaries, but not by much. Mr. Reed alternates between creepy and funny, well versed in Spider-Man and Voltaire, Radiohead and the Hollies, Wendy's and Taco Bell. Grant has gloriously weaponized his natural charm. Mr. Reed has his own grand theory about religion and you will learn it. And he may or may not have some creepy stuff in his basement. ""It's"
174,LGP_Doc4_Heretic,LGP_Doc4_Heretic,LGP,Horror,Negative,Heretic,"This year, I've finally accepted that recent horror films drastically underestimate the intelligence of their audience. ""Longlegs"" left no ambiguity with its explanatory third act. ""MaXXXine"" guided the audience to the killer reveal so mildly that there was no room for any shock. One could even argue that the more accoladed ""The Substance"" spoon-fed its content to ensure the audience grasped the themes of sexism in Hollywood. While A24's newest horror flick, ""Heretic,"" delivers enticing themes and hauntingly eerie set design, it similarly falls short with its script and delivery. The film follows two Mormon girls, Sister Barnes (Sophie Thatcher) and Sister Paxton (Chloe East), canvassing the town to spread their faith. Their journey takes them to the comically conniving Mr. Reed's (Hugh Grant) house, and the pair soon realize that his interest in the Mormon faith is a facade. The two girls get trapped in the dark basement of Mr. Reed's house, all while questioning their faith as the man insists that religion is nothing but iterations of past stories. After a number of near-death experiences, the film concludes with Sister Paxton emerging as the sole survivor of the lead trio, ultimately reaffirming her faith despite being faced with doubt. Although the film's vision is compelling, much of the dialogue felt forced as characters provided lengthy explanations for every hidden metaphor and mystery. In the middle of the film, Mr. Reed spends well over a minute explaining his analogy about monotheistic religions and board games, although the sentiment could've been understood with a few lines. The same issue occurs when characters verbally reiterate previous plot points to inform the audience of the sneaky clues they missed. In most cases, if you were even halfway paying attention, you would have caught them without needing additional clarification. Multiple plot points are constantly referred to throughout the film. A lengthy monologue in the film's third act has Sister Paxton explain verbatim what she believed Mr. Reed's evil intentions to be, tied in with a classic flashback montage of events that happened previously as if the audience didn't remember. The real lack of faith in this film is the directors' disbelief in their own audience's intelligence  the dragging two-hour runtime could've easily been shortened if such unnecessary explanations were omitted. While much of the script was mediocre at best, other aspects of the film proved refreshing. The premise of ""Heretic"" focuses on a gripping moral dilemma, exploring the root of religion and how we choose to believe in certain faiths. That is where the central point succeeds. Mr. Reed eventually proclaims that the only real religion is control  a notion proven wrong as he is ultimately killed by Sister Paxton  yet still remains an intriguing introspection nonetheless. The film also passes the difficult test of tasteful modernity, incorporating references to Lana Del Rey and Star Wars that felt fun rather than forced. Hugh Grant even sings a snippet of Radiohead's ""Creep,"" effectively cracking up the audience at the sheer ridiculousness"
175,LGP_Doc5_Heretic,LGP_Doc5_Heretic,LGP,Horror,Positive,Heretic,"One of the great benefits of watching too many movies are all the life lessons they impart. For instance, if your host mentions that the walls of his house happened to be lined with metal, you should immediately feign a headache and split before he closes the front door. If the windows in his house look too small even for a child to squeeze through, you should also exit. And if there's also a framed image of hell on a wall, you should definitely conk him on his head and run. That said, if the host is played by Hugh Grant, you may want to stick around. From the moment that the two young women in ""Heretic"" introduce themselves to Mr. Reed  played by a wily, exuberantly vamping Grant  it's obvious that the smart thing would be for them to say, oops and sorry, wrong address. They don't, of course, because they're delectably juicy bait, and the horror genre demands at least a pound or two of ravaged flesh, just like life itself. So, the women enter the house smiling, and they keep on smiling, as if they were asking for the inevitable ultraviolence, the kind of splatter and spurt that can transform an outwardly ordinary home into dangerous ground and, in time, a bloody slaughterhouse. As soon as they appear onscreen, the women, a pair of missionaries from the Church of Jesus Christ of Latter-day Saints, start warming up the movie  and your sympathies  with pleasantly innocuous talk. They're sweet and eager, even if Sister Barnes (Sophie Thatcher) has a wary mien and darting gaze that don't jibe with her more incautious companion, Sister Paxton (Chloe East). Having been called to serve, the two have been wheeling their bikes around Anytown America and head over shortly to Mr. Reed's. He's requested some information about their church so before long they're exchanging pleasantries in his home, a gloomy space with the yellowish, crepuscular lighting of a 1990s David Fincher film. The queasy lighting  like Mr. Reed's oddly small windows and metal-lined walls  would give most sensible women pause, but the writer-directors Scott Beck and Bryan Woods haven't designed Barnes and Paxton to be prudent. The women are prim, proper, outwardly trusting; they're on a mission and true believers. They're also women, so, you know, they're built for niceness. For propriety's sake, they don't want to be alone with Mr. Reed  they politely ask him if his unseen, unheard wife can join them  but because they're committed to teaching the gospel, they stay. Their faith makes them innocent or so they seem, which makes them catnip to Mr. Reed, whose wide smile and wild eyes quickly grow wider and wilder. It's a clever setup that Beck and Woods tease as ""Heretic"" gets down to its scary business. Many of the earlier scenes take place in Mr. Reed's living room, a tight, funereal space that  as he begins courteously, then aggressively to challenge"
176,LGP_Doc6_Heretic,LGP_Doc6_Heretic,LGP,Horror,Positive,Heretic,"What an extraordinary turn by Hugh Grant! In a jaw-dropping bit of contra-casting, the roughish cad, Daniel Cleaver, from Bridget Jones Diary, turns into the calculating Mr Reed in this thriller from Scott Beck and Bryan Woods, the duo behind the post-apocalyptic thriller, A Quiet Place.Heretic is extremely well-written, with each argument following clear logical steps, even when the facts they are built on are dodgy. And the acting makes the words flesh. Grant, whether he is quoting Voltaire or Spider-Man, drawing a line between the Christ child and The Phantom Menace, imitating Jar Jar Binks or singing Radio Head's 'Creep', he fixes you with his glittering eye. Thatcher and East match up to him step for step with their determined faith and intelligence. The final song as the credits roll  Thatcher's mesmeric rendition of Bob Dylan's 'Knockin' on Heavens' Door'  is a reiteration of one of the themes of the movie: that nothing is original, from Monopoly to thoughts, songs or religion. A sly clap on the back for this uber original film.The movie opens with Sisters Barnes (Sophie Thatcher) and Paxton (Chloe East) discussing the power of suggestion and how much we believe because we are told it is so. The two young women are missionaries of the Church of Jesus Christ of Latter-day Saints or Mormons. Barnes is the more assertive of the two while Paxton is diffident. After a bunch of unproductive encounters, the two visit Reed, a middle-aged Englishman, who lives in a lonely house on the top of a hill and who has indicated his interest in Mormon beliefs. The weather turns and as the rain beats down with a threat of snow, the two young women are convinced to accept Reed's hospitality, after he assures them of his wife's presence (baking blueberry pie no less) when they say they cannot enter a man's house unless there is a woman present.Barnes quickly realises there is something wrong and when the two women try to leave, they get drawn into a cat-and-mouse game with Reed who seems hell-bent (pun intended) on showing Barnes and Paxton the one true religion.While horror movie staples including the dank basement, the creepy, solitary house and the scary, smiling man are present, the true terror of Heretic comes from the challenging of beliefs. Reed is the patron saint of the shouty rationalisations of today. Half-truths and vague generalisations are propounded with the weight of truth. It is not chance that the first shot of the movie shows Paxton and Barnes sitting on a bench which has an advertising sign. For a movie with three characters, one set, and a lot of dialogue dealing with abstract concepts including faith, belief, organised religion and control, Heretic effortlessly keeps the tension ratcheted to squirm-worthy levels.The gore is kept intentionally low and so when the violence happens, it is truly shocking. The cinematography is extraordinary  from the young women carrying their bicycles over steps going up and down, to the shot"
177,LGP_Doc7_Heretic,LGP_Doc7_Heretic,LGP,Horror,Positive,Heretic,"Heretic, is the latest offering from A24, is an inventive twist on religious horror, blending philosophical discourse with genre conventions. The creative minds behind A Quiet Place, Scott Beck and Bryan Woods, return with Heretic, a religious horror film that dares to stray from convention. Anchored by sharp performances and a thought-provoking premise, Heretic combines psychological thrills with a pointed exploration of faith, doubt, and the power dynamics underlying belief systems. While its ambition is undeniable, the film doesn't fully sustain its early momentum, resulting in an experience that's compelling but ultimately uneven. What begins as a series of casual discussions about faith, morality, and pop culture escalates into a harrowing psychological battle. Hugh Grant's performance as Mr. Reed is a revelation. Known for his affable, self-effacing roles, Grant turns his persona on its head, delivering a performance that is equal parts charismatic and chilling. His Reed is a master manipulator, pulling the audience into his web of unsettling games as easily as he ensnares his unwitting guests. Reed's charm, tinged with a subtle menace, soon gives way to outright danger, trapping the missionaries in a maze of both physical and intellectual challenges. Thatcher and East hold their own, portraying their characters with vulnerability and resilience, making them compelling protagonists. Their responses to Reed's calculated provocations feel authentic, heightening the tension with each scene. The first half of Heretic is where the film shines brightest. Beck and Woods masterfully build tension, using tight, dialogue-heavy scenes to create a sense of unease. The confined settinga nondescript home with subtle but sinister detailsenhances the claustrophobic atmosphere. The script dives into weighty discussions of theology and morality, posing questions about belief systems in a way that feels both relevant and provocative. The tone is balanced with moments of dark humour, keeping the audience off-guard and engaged. However, Heretic falters as it transitions into its second half. The cerebral tension that drives the first hour gives way to more familiar horror tropes, trading psychological depth for action-oriented scares. While there are still moments of genuine terror, the shift feels jarring and detracts from the film's earlier intellectual edge. The finale, though visceral and visually striking, doesn't fully deliver on the promise of the setup, leaving some narrative threads unresolved. However, Heretic stands out despite its flaws in the modern horror landscape. Its willingness to engage with complex themes and take certain narrative risks sets it apart from more formulaic entries in the genre. While the execution isn't perfect, the film's boldness and strong performances make it a memorable watch"
178,LGP_Doc8_Heretic,LGP_Doc8_Heretic,LGP,Horror,Negative,Heretic,"Since he first popped and fopped into our moviegoing lives in the late '80s, Hugh Grant has been charming, cloying, hilariously funny and sometimes menacing. He managed all four while also playfully sending himself up when he embodied an egotistical actor antagonizing a teddy bear in 2017's Paddington 2, arguably the best film of the last decade. (True or not, it is a fun argument to make.) What he can never be accused of being is dull, even in dull movies.As a housebound sadist menacing a pair of Mormon missionaries in the new horror film Heretic, Grant gives the least engaged and most profoundly joyless performance of his five-decade career. Mansplaining everything from world religions to Radiohead's ""Creep"" while donning convenience store clerk wireframes and a patchwork cardigan, he's less Freddy Krueger or Jason Voorhees than he is the guy in the middle seat of a Southwest flight who won't stop talking while you're trying to read. Written and directed by Scott Beck and Bryan Woodsthe Davenport, Iowa-based filmmakers (they own a movie theater there) who wrote the original script for 2018's A Quiet Placethe film is structured like a Socratic seminar, as Grant tries to unravel the girls' belief system as a prelude to their corporeal destruction. But the speechifying comes off as Bond villain monologues as written by the glibbest person you know on Facebook. Grant's Mr. Reed also peppers the young women with so many questionssome inappropriate, some inanethat he begins to sound like Peter Graves' pilot talking to the boy in the cockpit in 1980's Airplane! (One gem: ""Have you ever played the Parker Brothers game Monopoly?"") The actor never finds the core behind Mr. Reed's unconvincing surfacethere is none to be foundand is forced to rely on playing off his past persona, something he has done to much greater effect in other films.Sophie Thatcher (Yellowjackets) plays the more street-smart of the pair; Chloe East, the more naive and devotional one (she was excellent as the similarly pious love interest in Steven Spielberg's The Fabelmans). Both fair a bit better that Grant, particularly in the early scenes. But when the film goes off the narrative railseven within the generous goalposts of horror movie logicthey (and us) fail to hang on.Heretic draws whatever vivacity it has from its craft elements. Phillip Messina, production designer for the Hunger Games movies, has built a cottage core torture house straight out of our childhood nightmares. The low light camerawork of Chung-hoon Chung (he lensed both Park Chan-wook's Oldboy and Andy Muschietti's It, among many others) is impressively framed and lit, especially when the action movesas it inevitably does in movies like thisto a basement dungeon. At that point, though, there is little of value for the camera to capture. The back-and-forth that generated early tension devolves into laughably implausible character motivation on Grant's side and Scooby-Doo Gang fact-finding on the part of his young captives. Beck and Woods seem to be making a point about how atheists can be as"
179,LGP_Doc9_Heretic,LGP_Doc9_Heretic,LGP,Horror,Negative,Heretic,"The Brits are coming, again! That's the Oscar buzz according to some of the (British) press backing three Englishmen of a certain age to land a nod from the Academy. Ralph Fiennes, 61, probably will win best actor for Conclave. Daniel Craig,56, ought to bag a nomination for his superbly off-character performance in Queer. And then there's Hugh Grant, 64, on the presictions list for playing against type in this horror hokum... Well, I'll boil my hat in witch's blood and eat it if Grant ends up on the shortlist. Grant, to be fair, isn't bad, but a film as unscary and frankly as tedious as this should never get a whiff of one of those golden statuettes. Sophie Thatcher and Chloe East play two young Mormons spreading the faith door-to-door somewhere in North America. When they approach the spooky house in the woods, the door opens to reveal Grant within. Does he put on an American accent? No, it's a familiar ""Helloooo..."" as he greats them in his chirpy, never-changing Four Weddings/Bridget Jones brogue. And as the latch clicks behind the women and Grant's Mr Reed informs them (telegraphing oh-so-obviously to the audience) their phones won't work because of metal in the house's walls and roof, we know we are entering the hackneyed horror realm of male psycho inflicting gleeful torture and terror upon pretty girls. It's a cat and mouse game, with Mr Reed as the dominant, smugly grinning feline. The supposedly ""clever"" take here, which ""some"" people will indeed enjoy, is Mr Reed's smart-ass takedown of Mormonism and all forms of religion, a narrative device which leads to the eventual grand (but sorely underwhelming) pay-off. Besides Grant being a bit too cheerily himself, the religion-bashing is like being cornered by a pub bore armed with a stack of Wikipedia pages. There's a slightly amusing comparison of different religions to varying iterations of the Monopoly board game, but by this point Mr Reed's tedious nattering had rendered my capacity for humour stone dead. More zeitgeisty pop culture references are mined in yet another lecture about how Lana Del Rey plagiarised Radiohead, who in turn had actually (dontcha know) been influenced by The Hollies for their song Creep. Basic Wikipedia stuff, again. It gives Grant the opportunity to open his vocal cords and get his Radiohead head on, but I wasn't in a laughing mood by now. Grant is actually pretty decent but it's a shame he seems to have been asked to simply be ""Hugh Grant"" for most of the story. He's constantly doing the usual pulling his cheeks back to stretch his mouth while twinkling his eyes (try it, it's fun, you'll feel just like Grant yourself). In the end, he does stop quipping and gets his evil grimace on for the big reveal. However, an actor can only work with the material and direction they are given, and here's a clue to the quality on offer in Heretic. Directors Bryan Woods and Scott Beck wrote the"
180,LGP_Doc10_Heretic,LGP_Doc10_Heretic,LGP,Horror,Negative,Heretic,"In the elegant but ultimately empty horror-thriller Heretic, two young Mormon missionaries match wits with a creepy middle-aged man who traps them in his house  although for most of the film's runtime it is unclear if he plans to murder them or merely talk them to death. The latest from writing-directing team Scott Beck and Bryan Woods stars Hugh Grant as the initially pleasant homeowner who engages these missionaries in a debate about religion. But the man's rhetoric isn't merely academic  indeed, he seems to want to teach these young women about the foolishness of their faith, their very lives seemingly hanging in the balance. Premiering as a Toronto Special Presentation, this A24 feature opens in the US on November 15, with a UK release scheduled for the following Friday. Beck and Woods, who last made the 2023 Adam Driver sci-fi film 65 ($61 million worldwide), are probably best known as the original writers on A Quiet Place, so horror fans should take note of Heretic's frighteningly simple premise. And Grant's change-of-pace role as the disturbed tormenter will further boost awareness. Sister Barnes (Sophie Thatcher) and Sister Paxton (Chloe East) are looking to convert some souls in suburban Colorado when they arrive at a house whose owner had made an inquiry with the Church of Jesus Christ of the Latter-day Saints. They introduce themselves to the kindly Mr. Reed (Grant), who invites them into his warm abode so they can get out of the rain. The missionaries are wary  they are not supposed to be in a house alone with a man  but Reed insists his wife is in the other room, and they accept his offer. It will not take audiences (or Barnes and Paxton) long to deduce that Reed has no wife, and he has no desire to seek spiritual enlightenment. Instead, he wants to play an elaborate game with these women in order to debunk their belief system. Insisting that they can leave any time  despite the fact that, for complicated reasons, the front door won't open  Reed always sports a weathered smile, but Barnes and Paxton feel trapped and fearful of what he might do. Heretic means to puncture the foundations of organised religion, with the verbose, haughty Reed incorporating history and philosophy to back up his case. His arguments have a fanciful air, such as when he draws a parallel between how new pop songs borrow from older ones, and the ways that the same stories appear in different faiths. Indeed, Grant's villain might be cinema's most evil mansplainer, considering that much of Heretic consists of Reed lecturing these scared missionaries who are desperate to concede his point so they can escape. But Reed won't let them go that easily  there is something more crucial he wants them to understand about the idiocy of their faith. Realising they cannot walk out the front door, Barnes and Paxton go deeper into the home, and Reed offers them a test"
181,MFP_Doc1_The_Conjuring_2,MFP_Doc1_The_Conjuring_2,MFP,Horror,Positive,The_Conjuring_2,"Nothing else in ""The Conjuring 2"" is as terrifying as the 1977-era floral wallpaper lining the hallways of its dimly lit and plainly haunted North London flat, not to mention the fearsome edge on Patrick Wilson's sideburns. But despite being saddled with 20 minutes it doesn't need, the movie is a consistently nerve-wracking sequel to the even better 2013 haunted-house thriller directed by James Wan (""Saw,"" ""Insidious,"" the forthcoming ""Aquaman""). He is a man who knows how to tee up a jump-scare. The first ""Conjuring"" introduced fictionalized versions of the real-life paranormal investigators Lorraine and Ed Warren, played by Vera Farmiga and the aforementioned Wilson. The setting was a rural Rhode Island farmhouse in 1971, where the ghost of a long-dead witch made life difficult for the current residents. ""The Conjuring 2"" catches up with the ghost chasers six years later. Hot off a notorious case in Amityville, N.Y., the Warrens travel to London at the Catholic Church's behest to see if there's anything to the rumor of the already-infamous Enfield poltergeist. Punk rock's on the rise, Margaret Thatcher's on the telly, and the working-class interiors are decorated in what might be called Brackish Domestic Hell. At first the exhausted but loving mother of four, Peggy Hodgson (Frances O'Connor), has no rational reason to believe her daughter Janet (Madison Wolfe) when she reports strange movements and apparitions in her bedroom. Then the evidence becomes difficult to ignore, and the other children, not to mention a couple of local police officers, see for themselves: chairs scooting across a kitchen floor; a backyard swing swinging on its own; and more demonically, the specter of the house's former tenant (Bob Adrian), who died in the ratty old rocking chair in the living room corner. With stories like this, the phrases ""living room"" and ""dying room"" are more or less interchangeable. There are other spooks and sources of terror, of course. Long before coming to London, Ed puts brush to canvas and paints a vision of a demon nun, who later becomes manifest in various forms (the best image: chalky-white demon fingers reaching out from behind the framed painting). Billy Hodgson's favorite toy, a spinning ""Crooked Man"" zoetrope flashing images of a spindly-legged creep, leaps off the tiny carousel wall and comes to life. The Enfield haunting becomes a wrestling match between the skeptics (Franka Potente of ""Run Lola Run"" plays parapsychologist Anita Gregory) and the believers (Simon McBurney, looking like Inspector Doppler from ""Sleuth,"" as paranormal expert Maurice Grosse). The script by Chad Hayes, Carey W. Hayes, David Leslie Johnson and director Wan packs a lot onto ""The Conjuring 2."" It's plainly too long, and the story rhythm is somewhat odd, taking time out for humanizing passages such as Wilson's Ed serenading the Hodgson clan with ""Can't Help Falling in Love"" on guitar and vocals. Wan's film is, at heart, an uncynical embrace of family values. The marriage at the story's center is a hardy and loving one. As with the first ""Conjuring,"""
182,MFP_Doc2_The_Conjuring_2,MFP_Doc2_The_Conjuring_2,MFP,Horror,Negative,The_Conjuring_2,"Horror movies often rely on a certain amount of naive or foolhardy behavior to keep the plot moving and the tension high. There's a vicarious thrill in watching a sympathetic protagonist (or a deserving schmuck) walking unawares into here-be-monsters territory. But there has to be a limit to dumb, erratic, or unbelievable behavior. ""AHHHH NO WHAT ARE YOU DOING DON'T GO IN THERE AHHHH"" is scary fun the first few times it happens in a film. The third or fourth time around, it starts to wear thin, especially when the characters have already been burned several times but still keep sticking their hands into the fire to see whether it's hot. That's one of the many problems with The Conjuring 2: no matter how many pants-wetting, throat-clenching, hysterical-weeping-under-the-covers moments the main characters have, they're still improbably ready to take slow, tense, solitary walks through the darkened rooms of an extremely haunted house, staring into pitch-black corners, just waiting for something to lunge out and grab them. That willingness to face blithering terror makes sense for paranormal investigators Ed and Lorraine Warren (Patrick Wilson and Vera Farmiga, returning from 2013's The Conjuring). They believe God has called them to help the haunted, and Lorraine's psychic powers don't always let her choose whether to be involved in spooky stuff. But for single mom Peggy Hodgson (Frances O'Connor) and her four kids, who live in a British council house where a malevolent spirit keeps attacking them from every available dark space, the casual approach to nighttime rambles around the house makes no sense. Conjuring 2 tries to keep the audience on edge with horror. It also improbably tries to reset everyone back to normal daily life every few minutes. That's one of a couple of ways the film keeps working against itself. Director James Wan (Saw, Insidious, the first Conjuring) and his co-writers started with a real-life story, and the mundane facts they borrow don't fit well with their horror-movie elaborations. From 1977 to 1979, the real Hodgson family reported a series of poltergeist events in their house: moving furniture, spooky voices, an unseen force levitating the children. The claims attracted considerable press attention and got investigators involved, including police, researchers, skeptics, and the real-life Warrens. Wan and the other writers (Carey and Chad Hayes, who wrote the first Conjuring, and David Johnson, who scripted Orphan) keep some of the timeline and many of the historical names, but ramp the haunting up to a murderous degree. In the real-life case, many of the investigators wrote the whole thing off as a hoax, especially after two of the Hodgson children, Janet and Margaret, were discovered faking incidents. In the film, there's no denying the haunting, not after the ghost smashes the children around the house, destroys furniture, and has lengthy, creepy conversations with the investigators. ""Watching people shrug off terror is not terrifying"" So the fact that the Warrens and the Hodgsons keep behaving as they did historically  the family still living in"
183,MFP_Doc3_The_Conjuring_2,MFP_Doc3_The_Conjuring_2,MFP,Horror,Positive,The_Conjuring_2,"TJames Wan, you motherfucker. I forgot that going to a horror movie alone is risky business because 1) you are literally left SCARED AND ALONE, but 2) when you accidentally let out a scream, you don't have a friend's armpit in which you can burrow your face out of shame. So shit, I yelped, sitting all by myself, and basically spent the rest of the movie with my teeth clenched, afraid I might let out more unfiltered sounds of sheer terror. As the resident horror creep of Complex, I thought I definitely had this in the bag but instead I suffered a series of minor heart attacks, thanks to James Wan's crafty camera tricks. The man knows how to turn an average jump-scare into something you piss your pants over. Instead of overused cuts, he'll often do a long, reactive pan that lets you notice the changed element in the room, whether that be a creepy old man suddenly lurking behind you or a toy fire truck rolling towards you in the middle of the night. It's the kind of scare where you can see it coming but it still makes you jump out of your seat. Wan, who directed Saw, Insidious 1 and 2, and both Conjuring movies, knows a thing or two about scaring his audience, and he uses everything he's learned over the years to make Conjuring 2 this summer's ultimate scream fest. It might also be the ultimate summer date movie. Hear me out: I witnessed a man and woman sitting in front of mewho had only just met at the screeningreach out for each other's hands at a really scary part as the guy whispered, ""Girl, I got you,"" masking his cowardice with chivalry. (I hope they exchanged numbers after the movie.) But sitting in the back row all by myself, I had no one's hands to grab, not even a stranger's. What a mistake. It's because of Wan's tricks that there's an element of freshness to the Conjuring sequel, even when there's nothing much else original to the story. Haunted house, paranormal investigators, possessed young girlyou know the drill. But when you're in a dark room and you can't tell if that demon nun is real or just a painting, it's scary as hell. Advertised as the Amityville of England, this sequel finds a family of fivesingle mother (Frances O'Connor) and her four childrenexperiencing demonic occurrences in their home, with the youngest daughter Janet (Madison Wolfe) being most affected. Eventually, the wicked spirit takes over her body as a vehicle for misdeeds and she starts speaking in a deep, demon-possessed voice (like Linda Blair in The Exorcist), playing ventriloquist's puppet to the disturber, a man named Bill who claims this is his house. The young Wolfe gives one hell of a bleary-eyed performance, switching on and off from Damien-level horrifying to poor little girl who just wants one peaceful night of sleep. Where this film suffers is probably in length. At 134 minutes, it"
184,MFP_Doc4_The_Conjuring_2,MFP_Doc4_The_Conjuring_2,MFP,Horror,Positive,The_Conjuring_2,"I'm no expert on the subject (thankfully) but the worst ghost must surely be that of a 72-year-old dead man who, despite having all the frolics of hell at his discretion, sticks around above ground to hog the television, haunt the comfiest easy chair, and leave his dentures lying about after biting people with them. The second worst might be Marilyn Manson in a convent. Get you a horror movie that can do both? The Conjuring 2, for instance, which takes its titular digit quite seriously, with two spooks and about twice as many jump scares as the 2013 original  and made on a budget twice the size, to boot. With a $40.4 million opening weekend, The Conjuring 2 is already a success, and that was a foregone conclusion: it's a franchise movie by James Wan. As the director of Saw, Insidious, The Conjuring, and the recent smash Furious 7, Wan has proven himself quite the franchise whisperer. Saw spawned six sequels; Insidious, two (and a prequel!); The Conjuring, the current sequel and the spinoff Annabelle. Furious 7 was the highest-grossing film of its franchise, and  more importantly(?)  like most of Wan's movies, it's pretty good; a free-falling, ludicrous delight, the best-cooked version of a meal whose recipe will likely always taste good. Wan's movies are all made of the same basic stuff: good-enough actors and handsomely over-the-top plots put in service of precise, effective direction. His priorities are studio priorities. (Is it any wonder he was poached by Warner Bros. and DC Comics to helm the upcoming Aquaman? What took so long?) In the heat of this summer's franchise fever, you might settle into the same romantic complaint about commerce's chokehold on ""original art,"" but here comes Wan, again, delivering another wildly successful summer movie that exemplifies, if not incredible vision, the kind of tried, true, classically satisfying summer moviegoing that's proving just as elusive as stark originality. The Conjuring 2 is based on the infamous ""Enfield Poltergeist""  Bill Wilkins, the aforementioned mean old guy  that made a mess of the English press in the late '70s, in large part because it was widely decided to be a hoax. Wan sets up shop in the home of the Hodgsons, a fatherless, four-sibling family living in a tight and untidy council house in Brimsdown, of London's Enfield county, where both sky and skin are ashen with cold and rain. The corners of the Hodgsons' house are sootier than a Dickens orphan's face  a ready-made spook fest that Wan milks for all (and possibly more than) it's worth, gliding his camera in smooth, tight arcs that make every nook of the house feel like a revelation lies in wait. It is a basic thing done very well, in many ways a pristine example of what Wan always shows up to do. He's going to keep you anxious  nothing can feel totally stable when a camera never ceases to move. His ghosts are going to"
185,MFP_Doc5_The_Conjuring_2,MFP_Doc5_The_Conjuring_2,MFP,Horror,Negative,The_Conjuring_2,"Based on the ""real-life"" Enfield Poltergeist that rattled Britain's nerves from 1977 to 1979, James Wan's follow-up to his 2013 husband-and-wife paranormal investigators creep-out, itself loosely based on the Amityville ""horror,"" arrives with a much larger budget and a lengthy profile piece and accompanying broody portrait in the Times, which begs the question ""What does James Wan want?"" Well, duh. Wan's fans  and even those who aren't so hot on the man behind the edgy goregasm Saw, Dead Silence, and two Insidious films  know all too well that Mr. Wan wants to give audiences 1970s-style spookshows, redolent of The Exorcist, Robert Wise's underrated Audrey Rose, and similar disquieting fare. And to a large part, with The Conjuring 2, he succeeds. It's a much subtler descent into the weird than the first film, which was burdened by a surfeit of hoary horror show tropes, among them slamming doors, shock cuts, and ""gotchas""  graveyard gimcrackery that was old hat even when Wise used plenty of it in that great American haunted house story, The Haunting. Refreshingly, there's nary a cheap scare manifested in this Conjuring, although the unspoken corollary to that is that The Conjuring 2 just isn't very scary, or even unnerving. And at over two hours long, it could easily shed 30 minutes or so and still feel bloated in psychical shop talk, if not in actual wraiths. (An aside: There's a genuinely unnerving apparition decked out in a nun's habit; the wicked, taboo-shattering genre sub-niche of ""nunsploitation"" hasn't been revived as of yet, possibly because the current Pope seems so downright hip and with-it that one can almost visualize him cracking open a bottle of Trappist monk-brewed Westmalle Tripel and throwing School of the Holy Beast in an old Vatican VHS player. Probably not Ken Russell's The Devils, though.) Returning from exorcism round one are Wilson and Farmiga as ghost hunters Ed and Lorraine Warren. Semi-retired, they're called back into action by the bedevilment of the Hodgson family. Harried and then horrified single mother Peggy (O'Connor, excellent) suspects a poltergeist when her preteen daughter Janet (Wolfe) begins levitating, foaming at the mouth, and then speaking in the raspy, vulgar voice of someone  or more likely something  that says it was the grotty council flat's previous, now deceased tenant. The Warrens, a Catholic priest, and a television news team embark on getting to the bottom of all this unearthly tommyrot, but it's Lorraine who finally figures out what's actually going on. Wan regular Joseph Bishara helps the proceedings immensely with a restless and occasionally appropriately jarring score that, on the whole, is more ominous than anything else in the film. While The Conjuring 2 is clearly on a slow burn, the final 10 minutes ramp things up to an unholy  and wholly unbelievable and contrived  degree, effectively canceling out the less histrionic and thus more effective sense of chilly unease of all that came before. Fie. Next up for Wan is the DC"
186,MFP_Doc6_The_Conjuring_2,MFP_Doc6_The_Conjuring_2,MFP,Horror,Negative,The_Conjuring_2,"Fun fact: The house The Conjuring 2 opens in, 112 Ocean Avenue - one of the most iconic locations in horror movies (it's where the Amityville killings took place), went up for sale only a couple of days before this movie premiered. Sadly, this little tidbit, and the opening few minutes that reminded me of it, is the only part of this film that can realistically be described as 'fun.' The rest of it is a lazy, cliched, soulless, inferior, unnecessary, indifferent, muddled, plodding, overlong carbon copy of the original. You'd be surprised, but the first movie that came to mind while watching this was The Hangover Part II, followed almost immediately by Home Alone 2. Both were shoddier, near-identical sequels to their originals. And such are the similarities between The Conjuring 2 and its predecessor; it basically qualifies as a rainier, mistier and more thinly written remake. Only this time, the accents are British. Just like the original, this movie too stubbornly continues to insist that it is based on truth. Ed and Lorraine Warren, the intrepid paranormal investigators from the first film return, haunted by their own demons this time, as they hop, skip and jump across the pond straight into a kitchen sink drama. There's another house, another family plagued by a haunting, and another mother whose horrible parenting skills deserve their own place in a textbook or something. What baffles me the most about this movie is that it doesn't even take the easy way out and dish out jump scares as an excuse for its lack of script. James Wan is an immensely talented horror filmmaker, and there's no way he didn't know that this movie's screenplay was in a terrible state. None of his trademark flashy camerawork can distract from some of the most cliched dialogue you'll ever hear in a mainstream horror movie, and honestly, a lot of it is of the calibre of a cheap, straight-to-DVD skin flick. It doesn't look like his heart was in it this time. As with most horror, The Conjuring 2 is also very participatory. Those looking for a good time will probably convince themselves that a few scenes are scarier than they really are. It'll play well at midnight screenings, horror movie marathons, and other situations where there is no option but to have a great time. But something tells me that its appeal will be restricted to only the most hardcore fans of the first film. Without an emotional core to latch on to, everyone else will probably be left underwhelmed. For some misguided reason, Wan and his team of writers (there are 4 credited), decided to tone down the only thing that made the first Conjuring such a hoot. In between the curiously infrequent and largely ineffective jump scares, there is an attempt to concoct a human drama that ends up feeling as lifeless as one of this movie's demonic entities. Another annoying gripe I have with this film was that while it's set"
187,MFP_Doc7_The_Conjuring_2,MFP_Doc7_The_Conjuring_2,MFP,Horror,Negative,The_Conjuring_2,"""Sometimes you gotta make a leap of faith  believe when nobody else will,"" British paranormal investigator Maurice Grosse (Simon McBurney) emphatically pleads to American paranormal investigators Ed (Patrick Wilson) and Lorraine (Vera Farmiga) Warren. This exchange happens about three-fourths of the way through James Wan's histrionic sequel to his 2013 horror blockbuster hit, The Conjuring. It's one of a dozen seemingly meta contrivances that's repeatedly thrown at the audience as if the producers are literally begging them to ignore the (easily Googable) fact that the Warrens were full of shit.* Which is unfortunate because the whole ""based on a true story"" angle is not only well-worn territory, but also completely unnecessary in the Information Age. That gimmick may have worked wonders for, say, Tobe Hooper's Texas Chain Saw Massacre way, way back in 1976, but that was because hunks in tight jeans weren't Wikiing cool movie facts with their lady friends and discovering that a.) Ed Gein was actually from the Midwest and b.) never used chainsaws. Yet here we are in 2016, where, unlike the gluttonous riches of indie horror, the mainstream fluff continues to lean on old tricks and stale treats. The Conjuring 2 could be the last gasp, though. Tired, worn-out, and spread thin, this second entry of what Warner Bros. and New Line Cinema are probably praying turns into a cinematic universe  more on that soon  contains absolutely nothing new to absorb. Creepy kids, violent possessions, old-timey toys, slamming doors, flooded basements, swirling furniture, gnarly old men, nu-metal demons, a Babadook knockoff, fast cuts, jump scares, and predictable callbacks haunt each and every scene of Wan's would-be epic. It's slick and stylish to the point of distraction. This isn't horror; this is exaggerated carnival fare. What's worse, Wan fumbles any goodwill he cultivated with its stellar predecessor. At least that film knew how to juggle the two storylines  the Warrens and Ron Livingston's nuclear family  and temper the extremities until the end. This time around, he goes tone-deaf, oscillating maniacally between clown shoes horror and perfume drama. Whenever the Warrens pop up, it's as if the projectionist pulled a fast one and switched to a Lifetime Movie of the Week, complete with the most saccharine score to pop up in a horror film in years. By the end, you'll wonder if the film itself was possessed ... yeah, it's that perverse. One of the problems, at least with regards to the story itself, is that there's simply too much going on. Even at a hefty 134 minutes, which is downright Apatowian for this genre, the sequel suffers an asthma attack as it huffs and puffs to touch upon every facet of what should be a straightforward ghost story. This is strange because, technically, the format hasn't changed one bit; in fact, Wan mimics the original beat for beat, swapping the Annabelle cold open for Amityville and the Perrons for the Hodgsons. The difference is two-fold: this one's 20 minutes longer and"
188,MFP_Doc8_The_Conjuring_2,MFP_Doc8_The_Conjuring_2,MFP,Horror,Negative,The_Conjuring_2,"Even on his worst day, James Wan is one of the most talented 2000s-era horror filmmakers working in Hollywood. He is a man of many signatures with a knack for surrounding himself with equally talented collaborators. You can instantly identify Wan's films (Saw, Furious 7) by their distinct production and set design, strong casting, memorably rattling boogeymen and bravura cinematography. The last of these is the most important element of his work: Unlike many of his peers, Wan treats the camera as a character more than as a tool. His DPs are often more essential to his ensemble than his principal and supporting actors. How he builds his big screen worlds is one thing. How we experience those worlds is another entirely, and Wan knows it. Experience is the driving pleasure of his new film, The Conjuring 2, though describing a sequel to a box office behemoth as ""new"" is disingenuous. The Conjuring 2 isn't ""new."" It isn't new as an idea or as an exercise in franchise maintenance. It doesn't even break new ground for Wan, though that isn't a fair critique to make of a guy with such obvious, natural skill behind the lens. Like most of his movies, The Conjuring 2 looks terrific and tactile. You get the sense that if you so chose, you could blithely reach out and brush the well-considered dilapidation of the film's mise-en-scene with your fingertips, though you'd probably end up with a few splinters or a bite mark. Like The Conjuring, The Conjuring 2 adapts the real-life paranormal encounters of ghost hunters Ed and Lorraine Warren (Patrick Wilson and Vera Farmiga, reprising their roles from the 2013 film) into fictionalized narrative. Rather than focus on an American haunting, though, the film jets us over to England in a remarkably half-assed montage of generic British iconography set to the tune of ""London Calling,"" a song that's only relevant to the film's location because it has ""London"" in the title. What does a song about the Three Mile Island accident, police brutality and The Clash's personal debt have to do with a girl's struggle with demonic forces? About as much as it has to do with Amityville, the case the Warrens are best known for and the basis for one of horror's most inexplicably long-standing seriesyet that's exactly where The Conjuring 2 begins before traipsing across the pond. In context with The Conjuring 2's plot, the reference to Amityville makes sense, but it's still unnecessary legwork. The film's central horror lies in Enfield, where the Hodgson familysingle mum Peggy (Frances O'Connor), sons Johnny (Patrick McAuley) and Billy (Benjamin Haigh), and daughters Margaret (Lauren Esposito) and Janet (Madison Wolfe)live in fear of an unseen entity bedeviling their home. Furniture moves by itself, toys play with you when you play with them, and infernal, digitally altered voices bark at you from the shadows. It's standard-issue haunted house stuff, filtered with Wan's nonstandard gifts for aesthetics and engineering scares. He plays visual sleight of hand with"
189,MFP_Doc9_The_Conjuring_2,MFP_Doc9_The_Conjuring_2,MFP,Horror,Positive,The_Conjuring_2,"One of the big questions within the world of cinema is... how could James Wan get over it after having made The Conjuring? Apparently the answer lies in The Conjuring 2, as it has managed to realize a true high-budget horror story. If you liked the first tape, I'm sure you'll come out with satisfaction from this sequel. The bad news is that it's so good that when you finish watching the credits (you have to listen to the music that sounds like them, it's amazing), you're going to want to see a lot more adventures than the Warrens. In this new story we see Ed (Patrick Wilson) and Lorraine (Vera Farmiga) Warren in the midst of a fairly sound supernatural case (which I won't reveal). That gives rise to Lorraine wanting to take a pretty long break from that world and put everything aside. At the same time in Enfield, England, a family led by a single mother (Frances O'Connor), is being besieged by paranormal forces that go far beyond their understanding. Specifically, the victim is one of his daughters (Madison Wolfe) who has contact with an evil entity. The problem becomes so serious that they have to contact the Warrens to investigate whether the case is real, because they cannot be involved in fraud. So reluctantly this pair pitches to England, where they will begin their most chilling case so far. The roll is like this: You wanna be shaking from the scare? Definitely The Conjuring 2 offers all the elements to do it. The direction is fantastic and, although it is more to say, they do not abuse the famous loud noises to shock the audience. That's a big plus. The on-screen chemistry among the Warrens feels real and as if they were already a couple who have decades married... or some other lives behind. And the addition to this story is that the danger they are immersed in is deadly and demonic which increases the tension behind the scene. Here I want to note that the best thing to see this movie is to separate it from the real case of Enfield. It doesn't really work to make those kinds of comparisons when you're going to see a film whose greatest virtue is to make you shit your shit out of the movies. The Conjuring 2 is one of those rare jewels in which a good story, great performances and lots of terrifying scenes are combined. It's like listening to Modest Mussorgsky but when you're composing based on your most terrible nightmares. As soon as you see the nun you'll know what I mean, she's one of the scariest mothers I've ever seen. I recommend that you go see The Conjuring 2 and first take a look at the original just to remember that the whole roll is going and serve as a warm-up. This is a film that you don't have to be lost because it stands out thanks to its excellent execution and will"
190,MFP_Doc10_The_Conjuring_2,MFP_Doc10_The_Conjuring_2,MFP,Horror,Positive,The_Conjuring_2,"Expeditor Warren 2: The Enfield case (The Conjuring 2, James Wan, 2016) is a return to what the director knows best to do, or at least to what he is most comfortable. After declaring that he would not take over a horror film again, he has returned to it probably because of the enormous stress and pressure he had suffered when he took over Fast & Furious 7th (Furious Seven, 2015), problematic filming, but in which Wan should have enjoyed his moving the camera at high speed. Wan had to choose between filming another sequel to the fast and furious and making the third copy of ""Insidious"" (yd., 2010), forgiveness, the sequel to ""Expedient Warren: The Conjurig"" (The Conjuring, 2013), and decided to pass it on a large ground on a terrain that dominates better than the exaggerated blockbuster. However, some of the main rules of the same are here: repetition of schemes but in the big way, more duration, more effects, more scare. But many times in horror movies, almost always, more is less. (From here to the end, Spoilers) Expediiente Warren: The Enfield case has the same structure as its predecessor, the same narrative blocks, improving solely and exclusively in one thing, in the treatment that Warren marriage receives, much better nuanced by the interpretations of Vera Farmiga, what a look at that woman's, and Patrick Wilson. Logic, when confronted by facing them a second time. The fears and desires of marriage are best explained, and point to sequences as inspired as that of the two on both sides of a door in a crucial moment. However, the exceptional interpretive work of the protagonist couple is not repeated with the rest of the cast, whose characters are not as well nuanced as they were in the previous film. Not even the much-lauded child possessed, protagonist, of a terrifying moment because of its composition with the scope format, the one that a blur opens the doors of hell that is about to arrive. But moments as superb as that are not repeated in a film that, in reality, is a repetition until the full of blows of effect. Something happens with referenceity, which can be glimpsed in every artistic work, in the film. On the one hand, in the already well-known prologue, which seems obligatory, is a more than direct wink to the film ""Terror in Amityville"" (Amityville, Stuart Rosenberg, 1979), one of the most celebrated, also highly overrated, titles of the genre. When the action moves to England, the opportunity is missed to return the greeting to the cradle of many Gothic and ghostly stories. Exercise is mostly self-referential. James Wan has created practically a genre that bears his stamp. The horror according to Wan. And its places, almost always a house and its basement, are the stage where to spend it big moving the camera; here it moves it more than ever, without any prejudice, free. But without a sense as there was in the previous delivery."
191,OTD_Doc1_The_Lighthouse,OTD_Doc1_The_Lighthouse,OTD,Horror,Negative,The_Lighthouse,"The Lighthouse exists in a world of stale tobacco, flatulence, and chamber pots in tiny, airless roomsa grimy 19th-century existence where toothbrushes don't exist and no time traveler shows up with a bottle of Listerine; it's one of those rare films that practically makes you smell the characters, and rest assured, they reek. Directed and co-written by Robert Eggers, the film is technically crafted with precision: shot in gleaming black and white with a nearly square aspect ratio to heighten claustrophobia, it uses moonlight and shadow to mythologize its two charactersWillem Dafoe's crusty old sea dog Tom and Robert Pattinson's brooding newcomer Ephraimas archetypal figures locked in a grim psychological duel. But having labored so carefully to establish atmosphere, Eggers ultimately fails to provide the one thing that might hold an audience's attention for 109 torturous minutes: a compelling story. Instead, we're given a premiseEphraim arrives to work under Tom at a remote lighthouseand then what amounts to endless development masquerading as narrative. We see that Ephraim doesn't drink, while Tom drinks heavily; Ephraim is worked to the bone, cleaning shit-polluted wells, fixing roofs, and hauling heavy loads, while Tom is a tyrannical, needy boss who talks too much and contributes too little. There's no plot in sightjust endless dinners with a gassy loudmouth speaking in a distractingly phony Irish accent. It's like watching someone else suffer through ""My Dinner with Smelly,"" and just when you think you've seen enough, yet another grim supper scene begins. Along the way, the film tries to build intrigue: Ephraim's predecessor allegedly went mad, Ephraim starts hallucinating (including a mermaid sex scene that somehow dodges the anatomical questions it raises), and before long, we can't tell what's real and what's fantasynot because the film's mysteries are rich, but because it's spinning its wheels. What started as a concept becomes a repetitive, muddy experience, padded with so much eerie emptiness that its very misery gets passed off as art. In truth, *The Lighthouse* is basically a bloated *Twilight Zone* episodecomplete with black-and-white visuals, a protagonist slipping into confusion, and an overacted supporting character spouting cryptic nonsenseall stretched past its breaking point. There's barely enough substance here for 25 minutes of *The Twilight Zone*, and that's counting next week's teaser and two classic Rod Serling monologues. Instead, Eggers drags it out to nearly two hours, replacing narrative with atmospheric excess, and delivering a film more than four times longer than a *Zone* episode and easily 100 times worse."
192,OTD_Doc2_The_Lighthouse,OTD_Doc2_The_Lighthouse,OTD,Horror,Negative,The_Lighthouse,"""Hot Promethean plunder"" are three words that emerge from Willem Dafoe's mouth during one of his many logorrheic sprees over the course of *The Lighthouse*, a gruesome two-hander directed by horror wunderkind Robert Eggers (*The Witch*) and co-written with his brother Max, and while it's debatable whether that's exactly what Dafoe's character saysgiven the thick, stylized dialect and torrent of antiquated nautical jargonit nevertheless serves as a fitting summation of this myth-laden, bodily-fluid-slicked maritime nightmare of a film. Awash in references to *Moby Dick*, *Rime of the Ancient Mariner*, and Greek mythology (most notably the Prometheus myth, which it invokes with startling literalness in its final image), *The Lighthouse* begins as a stark, austere psychological thriller and morphs into something far more chaotic, grotesque, and unhinged, losing narrative discipline as it drowns in its own symbolic ambition. Set on a rocky outcrop somewhere off the New England coast in the 1880s or 1890sthough no time or place is ever explicitly statedthe film strands two men, Dafoe's crusty, flatulent old lighthouse keeper Thomas Wake and Robert Pattinson's grim, brooding assistant Ephraim Winslow, on a spit of land barely bigger than a football field, with nothing to occupy them but chores, alcohol, bad weather, and their own increasingly disturbed minds. For the first thirty minutes, they barely speak, but once their paranoia and claustrophobia begin to ferment, the film erupts into torrents of absurdly dense dialogue, poetic threats, maritime monologues, and mythic babble, most of it delivered by Dafoe with a theatricality that sometimes borders on the ridiculous. Pattinson's character, a former logger turned wickie with a tortured past and an unstable accent, oscillates between silent suffering and explosive breakdowns as he endures the elements, his domineering companion, and a series of increasingly vivid hallucinationsincluding a lascivious mermaid and a glowing, godlike light at the top of the tower to which he is denied access. The lighthouse itself becomes a symbol of power, obsession, and erotic fixation, with Wake jealously guarding it as his personal domaindeclaring ""The light is mine!"" and later, even more explicitly, ""I am well wedded to this here light""as the film veers into a sadomasochistic battle of wills charged with homoerotic tension and mythological overtones. Shot in stunning black-and-white 35mm by Jarin Blaschke, with a nearly square 1.19:1 aspect ratio that emphasizes the verticality and confinement of the setting, the film is visually exquisite and meticulously composed, every frame resembling an etching from a haunted 19th-century nautical tale. The sound design is equally oppressive, a relentless barrage of crashing waves, mechanical groans, seagull shrieks, and the deafening blare of foghorns, paired with Mark Korven's eerie industrial score. And yet, despite this impeccable craftsmanship, the experience becomes, particularly in the latter half, more punishing than profound, its barrage of symbolic gestures and grotesque spectaclesshit, vomit, semen, bloodsubstituting for story or character development. The performances are certainly committed, with Dafoe delivering mesmerizing, grotesque tirades that range from terrifying to unintentionally comic, and Pattinson throwing himself into every degrading and deranged"
193,OTD_Doc3_The_Lighthouse,OTD_Doc3_The_Lighthouse,OTD,Horror,Negative,The_Lighthouse,"The Lighthouse  Robert Eggers' follow-up to his eerie, creepy horror film The Witch (2015)  is an equally eerie and creepy drama about two weathered men watching over a lonely lighthouse, and while its visual craftsmanship is striking, it ultimately sinks into its own murky waters of confusion and indulgence. There's little doubt the film sets a disturbing tone from the outset, evoking an Ingmar Bergman *Hour of the Wolf* vibe, and its choice to shoot entirely in black and white with a nearly 1:1 aspect ratio heightens the suffocating sense of doom that permeates a remote, wind-battered island near the New England coast around the turn of the 19th century (at least according to IMDb). The cloudy, storm-ravaged landscape never relents, and anyone expecting a peaceful stint in solitude would likely prefer solitary confinement in a federal prison instead. The story follows two lighthouse keepers  the crusty, domineering Thomas Wake (Willem Dafoe) and the younger, more brooding Ephraim Winslow (Robert Pattinson)  as they attempt to endure nearly a month on this desolate rock while tending to their ever-glowing lamp. What seems like a straightforward setup quickly descends into chaos as Wake's relentless barking of orders (absent any trace of politeness) wears heavily on Winslow's patience, straining their fragile dynamic to breaking point  like an arsonist stuck in a barn full of hay with a matchbook in hand. The tension between them builds toward an inevitable combustion, but the journey there is marred by a painfully long 109-minute runtime that feels much closer to four agonizing weeks. Most viewers will likely predict the film's conclusion within the first few minutes, so the strength of *The Lighthouse* must lie in the psychological descent of its characters  but Eggers doesn't make that descent clear or compelling. Winslow, burdened by physical labor and haunted by dark memories, slips into surreal visions during moments of downtime, while Wake remains curiously free of self-reflection, alternating between relentless taskmaster by day and drunken sea shanty companion by night. Their relationship teeters between camaraderie and outright hostility without any discernible rhythm or purpose, and as the film progresses, Eggers seems more interested in enveloping his audience in disorienting madness than in guiding them through a coherent narrative. The cinematography is undeniably haunting  full of arresting compositions, eerie use of light, and grim gradients of gray  and the film never looks anything less than stunning. Dafoe and Pattinson give bold, unrecognizable performances, fully embodying their roles with physical and emotional intensity. Yet for all its aesthetic brilliance, the script  penned by Robert and Max Eggers  offers little narrative structure, relying instead on endless confrontations, cryptic monologues, and hallucinatory dream sequences that often feel disconnected and repetitive. It's a film lover's film in the purest visual sense, one that might reward repeat viewings for those willing to parse Wake's rambling diatribes for hidden meaning, but it may just as likely be a case of a filmmaker disappearing into his own"
194,OTD_Doc4_The_Lighthouse,OTD_Doc4_The_Lighthouse,OTD,Horror,Negative,The_Lighthouse,"It was with no mean amount of anticipation that I went into Robert Eggers' newest film; his last  and first ever feature  *The Witch* (2015) blended just enough ambiguity with its supernatural content, crafting a film that preserved its mysteries without sacrificing its scares, but perhaps most notably, it told a powerful tale of the profound impact of isolation. That theme, it seems, was one Eggers was eager to revisit, as *The Lighthouse* features an even smaller cast and centers on the complete isolation of two men who  to put it lightly  would not ordinarily be friends. However, for me, the interplay between possible supernaturalism and isolation simply isn't sustained here with the same level of success as in the earlier film. Atmospheric it may be, but *The Lighthouse* is in other essential ways, very, very dull. There's something undeniably strange about the place: Wake reveals his last assistant went mad, and Winslow (soon revealed to be Thomas Howard) is clearly unraveling as well  haunted by increasingly traumatic dreams and gradually losing his grip on time. Wake seems practical, used to the life, but his obsession with the light and refusal to let Howard near it suggests a presence or force at work. Their uneasy co-existence breeds tension, and Howard's secrets, the copious rum consumption, the repeated suppers, the brutal killing of a seagull (a clear omen of bad luck), and the oppressive isolation push him into violent, desperate behavior. Granted, there are elements to admire: the decision to shoot in black and white lends the film a grim kind of gravitas, the tempestuous seas are visually stunning, and the ever-present foghorn adds a layer of menace that fits well with the film's mood. The casting is inspired  Willem Dafoe brings eerie, old-salt intensity to Tom Wake, and Robert Pattinson sheds his *Twilight* past to inhabit the increasingly fractured Howard. Both actors fully commit to their physical, rain-soaked, grime-ingrained roles, convincingly portraying two men spiraling into mutual loathing and paranoia. *The Lighthouse* is certainly a film of sensory overload. But therein lies the problem: in its relentless commitment to atmosphere, narrative coherence and structure are all but sacrificed. Whereas *The Witch* offered ambiguity that felt purposeful  with its horrors working both literally and metaphorically  *The Lighthouse* leans so far into suggestion and abstraction that it feels formless, a hallucinatory blur with too little reward. At one hour and fifty minutes, it sorely needs a more tangible pay-off; many at my screening walked out, clearly overwhelmed by the film's refusal to offer resolution. Like *The Witch*, it teases supernatural forces, but undermines these with heavy hints that it's all a dream or guilt-fueled delusion  a young man mentally collapsing under pressure. Exposition is non-existent, replaced with cryptic hints, one mermaid sex scene (apparently answering *that* question), and some malevolent seagulls. There are enjoyable nods to sailor folklore and, yes, a shanty or two, but with so much of the film given over"
195,OTD_Doc5_The_Lighthouse,OTD_Doc5_The_Lighthouse,OTD,Horror,Negative,The_Lighthouse,"His followup turns out to be just as unique and original. ""The Lighthouse"" is an interesting slice of psychological horror that aesthetically could have been plucked straight from the late 1930s. It's a cerebral dive into paranoia and insanity with two lighthouse keepers serving as our avatars. The story is light but the characters and the performances that drive them are the highlight. Unfortunately they can only carry it so far. From the very first moments we see the same management of atmosphere and mood that made ""The Witch"" such a good film. This time Eggers shoots on gorgeously grainy 35mm and with a boxed-in 1.19:1 aspect ratio. This not only makes the film look as though it was made decades ago, but it keeps our focus tight and adds a suffocating claustrophobic sense throughout. And the cinematography and sound design work hand-in-hand to create and maintain a steady foreboding tone. It also helps that Dafoe and Pattinson are such perfect fits for this dark, dank world. With their grizzled faces, wearied eyes, suspicious demeanors  both give stand-out performances and essentially carry the bulk of the film's weight on their shoulders. But regardless of how great the film looks or how stellar the two lead performances are, the script (co-written by Eggers and his brother Max) is too bare and eventually the fits of drunkenness and madness, wacky hallucinations and endless yelling grows old. Don't misunderstand, I have no doubts Eggers intends there to be meaning behind most of what he gives us. He does some compelling things with his setting, personal demons resurface, even hints of mythology are scattered about. He clearly wants us to put together the psychological puzzle he's laying out before us. But there needs to be a hook  something that grabs and engages me enough to want to think things through. The story hints at making a shift after Winslow breaks a cardinal seaman's rule which possibly triggers a huge storm which pummels the island. But in no time we're back to scenes that feel like repeats of ones we've seen several times before. Gleaning new bits of information from the repetition becomes a frustrating chore. This lasts a while and it isn't until the final ten minutes that we get what could be considered meaningful progression. And perhaps most surprising to me is the lack of mystery and suspense. Sure, there are a few questions we wonder about: What is Wake hiding in the locked-up lantern room of the lighthouse? Is the island supernatural? What secrets from their past are these two men hiding? But there rarely seems to be a satisfying path to finding answers. And I found none of it particularly scary. Throwing in an occasional grisly image or weird scenes of pent-up sexual frustration doesn't do the trick. So we're left with occasional bursts of the ominous score or the haunting sounds from around the island. Both are great, but hardly enough to sustain any sense of horror. ""The"
196,OTD_Doc6_The_Lighthouse,OTD_Doc6_The_Lighthouse,OTD,Horror,Positive,The_Lighthouse,"The lighthouse, Robert Eggers most recent claustrophobic horror/psychological thriller is finally out in the UK, and by god is it a sight to behold. Set on a remote lighthouse island (obviously), the plot revolves around a young man (Robert Pattinson) trying to keep his sanity whilst working a four week shift with his extremely unlikeable superior (Willem Dafoe). If you know me well at all you'll know that I am particularly fond of the psychedelic drama 'Donnie Darko' due to its weird and at times disturbing nature, but Donnie Darko doesn't even come close to being as strange and twisted as this film. As soon as the lighthouse begins the insanely heavy focus on sound design comes in to play and we hear a loud and quite uncomfortable noise, which after being played countless times, gradually blends into the atmosphere. For this reason (amongst others) I think it is worth mentioning that the lighthouse is a very cinematic experience and should be treated as such. I have little doubt that once the film leaves cinemas it will never be experienced in the same way again, so I absolutely recommend that you go out and watch it soon. The sound emitted from the speakers is often so intense that you'll feel the entire room vibrating, which isn't helped by Mark Korven's discomforting score which perfectly accompanies the feeling of suspense present throughout the movie. With all of this chaos surrounding the two central characters, it becomes apparent that the performances of the protagonists will either make or break the experience on the whole. Fortunately both Pattinson and Dafoe are phenomenal, giving outstanding performances that to my knowledge are the greatest of either actor's career. Where Pattinson does an outstanding job of portraying a realistic and unsettling descent into madness, Dafoe gives a terrifying impersonation of a cruel, superstitious man who has lived away from society for a large portion of his life. I finally understand the large number of individuals who claim that they were both robbed of Oscar nominations. Which brings me to my final topic, the screenplay and the plot in general. Each scene has a specific dynamic which is intended to allow a contrast between the moments in which Pattinson is alone, and when he is spending time with Dafoe. In the instances where the young man is in solitude, Eggers allows the tension to build up with the atmosphere at its peak, however when both him and Dafoe are together most of this is gone in order to allow the two fantastic actors to improvise and show off the extent of their brilliance. This format remains apparent, until the final act of the film in which a shocking and sinister finale combines both of the former elements. By the time it was over, I was completely speechless about the phenomenon I had just witnessed, and remained so for hours to come. The lighthouse is a masterpiece however you look at it, but it also shouldn't be taken"
197,OTD_Doc7_The_Lighthouse,OTD_Doc7_The_Lighthouse,OTD,Horror,Positive,The_Lighthouse,"There will be no plot spoilers for The Lighthouse (2019), but this is going to be a long one. Ye be warned! Robert Egger's first feature length film, The VVitch (2015), was a bit of a mixed bag for me. On the one hand, it had so much atmosphere that you could cut it with a knife. The costume and set design were both wonderful. The aspect ratio was strange and quirky, as any hipster WOULD have it be. The cinematography was simple but beautiful, especially for the budget they had. The score was eerie and haunting. The acting was MOSTLY top shelf. The plot got moving right away, and pretty much didn't stop until that admittedly abrupt ending. But at the same time, I can't help but feel like something was missing from it. I don't know, that's just how I feel. Incompleteness. Now, The Lighthouse is a different animal entirely. I mean yeah. It, too, is filmed in a strange aspect ratio (more on that later). It, too, is LITERALLY dripping without atmosphere. It, too, has a score that's no less haunting; discordant and off-putting. It, too, has the cinematography and shot composition of a champion. It even contains a couple of world-class actors in Robert Pattinson and Willem Dafoe. They BOTH brought their A+ game for this bad boy, but I would have to tip my hat to Dafoe for his portrayal of Thomas Wake. The absolute pinnacle of the peak of the tippy top of top-shelf acting here. Good Gods! That man is a WONDER to behold on screen. Anyway, that's pretty much where the similarities end for these two productions. THIS film has all of those things AND the missing ingredient that The VVitch simply never found. And what is this missing ingredient, you ask ever-so-politely? Well, hang on a second and I'll tell you! ;) Funnily enough, for me the missing ingredient turns out to be the wonky aspect ratio itself. Hear me out. The story takes place in a.......lighthouse. What do we know about lighthouses? Well, they are EXTREMELY strapped for spacetiny, cramped and claustrophobic. Using that square-ish 1.17:1 ratio actually serves a very important purpose regarding the way we perceive the characters, and especially the environment, they inhabit. It's the perfect choice for these uncomfortable, almost painfully close quarters. Its boxy nature adds to those same cramped, claustrophobic qualities; making it feel as though the walls themselves are about to close in on, and crush, our unwitting Lighthouse keepers at any moment. I absolutely LOVE this stylistic choice, and it alone adds a significant amount to the film for me. I also wanted to add that, just as how almost every single scene from The VVITCH looked like a baroque painting had been brought to life, the same holds true for The Lighthouse. It's so gorgeous to look at, I ended up pausing it so many times that it took me about 4 hours to watch the damn thing.....in the best way"
198,OTD_Doc8_The_Lighthouse,OTD_Doc8_The_Lighthouse,OTD,Horror,Positive,The_Lighthouse,"On a remote New England island, two lighthouse keepers struggle with their descent to madness as they battle against each other's presence. Robert Eggers, director of The Witch, returns with this psychological horror that, at times, leaves more questions than answers. But this hypnotic feature deliberately presents terrifying imagery that shows the physical and mental torture of the island's guests  making their time secluded from all of humanity that much more horrifying. The Lighthouse is what many would consider a slow burn, but there are plenty of moments to keep your attention. Early on, lighthouse keepers Thomas Wake (Willem Dafoe, The Florida Project) and Ephraim Winslow (Robert Pattinson, High Life) quickly take a strong disliking towards one another. Wake is the strange, old drunk with a superstitious mindset. Ephraim, from his own perspective, is a clear-headed man with life goals. Complete opposites. When forced to make due with their situation, there's bicker and banter  a duel of masculinity capable of generating many laughs. And Dafoe & Pattinson play off of each other's energy with ease. But make no mistake, this is Robert Pattinson's show, though Dafoe is a delight as usual. Together, their characters' interactions are fascinating because of their contrasting dispositions, but it makes for a tantalizing watch. The exceptional part of Eggers' feature is the black and white coloring and its brilliant bleak setting. At certain points in the film, fans of Alfred Hitchcock may see similarities between The Birds and The Lighthouse. And here, Eggers' pushes it a step forward to eliminate aspects of today's filmmaking. Reunited with cinematographer Jarin Blaschke, the two set out to create a gorgeous old-school aesthetic. And they've succeeded. As Ephraim becomes accustomed to the ways of the island, things slowly get out of his mental reach. Occurrences like being at odds with a seagull, seeing a mermaid wash up on shore and visualizing other disturbing nightmares blur the line between reality and imagination. But these are the moments when the film excels, and audiences can expect plenty of surprises along the way. There's even a certain level of ominous delight lurking around the island after a certain event leads Ephraim to a state of paranoia. And this is captured so elegantly with frequent fades to black and background imagery that could leave audiences as confused as the characters experiencing them. Shot on black and white 35mm film, Eggers' feature never loses its mysterious yet vibrant atmosphere. Rather, it is the dialogue that's the weakest factor. At times, the heavy discourse between Wake and Winslow are padded with elegant monologues as they share their life experiences. However, they never seem to lead anywhere or serve a purpose. Additionally, there's a tonal imbalance because the script fluctuates between different genres as the characters learn more about each other and their circumstances. But on the upside, it's hard to care about this considering everything else is just so daunting; but it is certainly noticeable. You just have to ask yourself if it"
199,OTD_Doc9_The_Lighthouse,OTD_Doc9_The_Lighthouse,OTD,Horror,Positive,The_Lighthouse,"Let's spill the beans readers: Robert Eggers' *The Lighthouse* is chilling, hypnotic, oddly funny, and immersive in the most fascinating and horrifying of ways. As the film unfolded, I felt like I was slowly going insane alongside the characters. My anxiety and confusion galvanised into the most immersive of experiences. I couldn't have looked away even if I wanted to. So simple and yet so effective is the premise. The film opens on a dense and uncompromising fog. Emerging from it is a ship, taking Robert Pattinson's character and his boss, played by Willem Dafoe, to a lonely lighthouse island. I will not reveal their names as the film holds off on revealing them until the end of the first third. They are there to work for the lighthouse for four weeks, with only each other for company. But as the two go about their duties on the island, small disagreements and annoying grievances (including a bizarre rivalry with a seagull) begin to spill into paranoia, anger, and eventually despair. This is a genius idea for a film because it plays with one of humanity's biggest fears  isolation. Not just that, but isolation in which you have no control over the outcome. When Pattinson arrives on the island, it becomes apparent that he does not entirely want to be there. More than likely he took the job to get a quick bit of money. Furthermore, his dislike of Dafoe's character is made evident early on too. Dafoe is eccentric, but also an unpleasant individual. His uncleanliness is appalling, his teasing loses its appeal quickly, and he lauds Pattinson's inexperience over his head, to the point of actively denying him entry into the light room itself. Now imagine having to put up with that for days and weeks on end, while also working a job you're not particularly enjoying, and in an environment in which there's no easy way out of it. It's enough to drive anybody mad, and the film capitalises on it immensely. We would be able to feel the heat of the men's bitterness if not for the icy cold of the stormy weather and lonely rock of which the film takes place on permeating the screen. The film is photographed on black and white 35mm with an aspect ratio of 1.19:1, creating a boxed-in look around the frame. Not only does this add to the claustrophobia of the setting, but it adds to the feeling of being trapped in a hallucinogenic nightmare. As the editing becomes as stormy as the weather and the characters begin to lose their grips on reality, we find ourselves trapped in the film's grip. It builds its atmosphere and breaks its characters' relationship so acutely that we feel stranded on the rock with Pattinson. We get occasional relief in the form of comedy, but the laughter is as much a coping mechanism as it is a response to the absurdity. For when we are not laughing, we are white-knuckling the seats"
200,OTD_Doc10_The_Lighthouse,OTD_Doc10_The_Lighthouse,OTD,Horror,Positive,The_Lighthouse,"Enter ""The Lighthouse "" at your own risk. This is a stark, moody, surreal and prolonged descent into seaside madness that will surely not be for everyone. But those who do choose to go on this black-and-white journey with Robert Pattinson and Willem Dafoe will ultimately find it a rewarding one, even if the blaring fog horn rings in your ears for days to come. Director Robert Eggers has made something truly visionary  stripped down and out of time  that asks the viewer to simply submit to his distinctive, strange, funny and haunting tale of a pair of ""wickies"" in 1890 New England tasked with keeping the lighthouse running. Pattinson and Dafoe make for inspired casting choices for this two-hander, with Pattinson as the rookie, Winslow, a former timber man who was looking for a different life, and Dafoe as the greying veteran, Wake, who is determined to keep things in order. Winslow is not exactly an eager student or subordinate. He wants the lighthouse to be his as soon as he gets to the island. He does not have a seafarer's attention to detail and is ill-equipped to handle the endless drudgery of keeping the house tidy and shoveling rocks back and forth across the island. Plus, he's been having some increasingly demonic and disturbing dreams, has made an enemy of a taunting sea bird and also has to deal with Wake's constant badgering and flatulence (seriously). But Wake knows that there's a reason for their backbreaking work, seemingly unnecessary chores and ancient superstitions (""It's bad luck to kill a sea bird,"" he tells Winslow, advising him to stop quarrelling with his winged tormentor). Boredom, he says later, makes men turn to villains. All they have are their tasks to keep them from going mad. Naturally, madness finds them anyway. The film becomes a kind of phantasmagoria as you are left wondering what's real, what's imagined and whether or not that even matters. Eggers, who broke out with the terribly creepy ""The Witch,"" continues to prove his unique ability to transport an audience to a different time. He relishes in the language of the era and gives both his stars deliciously odd monologues to chew on and spurt out. The dialogue may be minimal  in fact it takes more than a few minutes for the first word to be uttered  but that bare bones approach makes what is said even more impactful. ""The Lighthouse"" is a triumph of mood and vision, like the love child of Andrei Tarkovsky and David Lynch that knows that its actors are just a small piece of the overall composition. The sounds of the sea, the waves crashing violently against the rocks, the birds, that cursed fog horn and the looming eye of the lighthouse are all equal co-stars. That's not to diminish the joy of the acting, however. Pattinson and Dafoe have a wonderfully complex relationship that at times even borders on that of a bickering married couple whose"
201,PBA_Doc1_Oblivion,PBA_Doc1_Oblivion,PBA,Sci-Fi,Positive,Oblivion,"It's an original story yet the creators have managed to weave a deep plot. It is dense, full of twists and turns that at times caught me off guard. Though most of the elements are predictable to anyone who's a fan of the genre. In fact, the story feels like a mash of different franchises, borrowing elements that have already been done. Nonetheless, even if that's the case, the story is good enough. The acting is another of the movie's highlights. Morgan Freeman, Tom cruise, Andrea Riseborough and Olga Kurylenko manage to sell the movie all on their own. Tom Cruise manages to showcase his acting chops by performing well. As events unfold, the number of emotions that go through his face are truly noteworthy, surprise, curiosity and especially confusion. Olga Kurylenko plays Julia, a Human who crashes lands on Earth. From the get go, I felt her energy and she managed to sell the whole girls with a secret well. Morgan Freeman's portrayal of a rebel leader isn't as strong as his other performances, but perhaps that's because he doesn't get as much screen time as the others. While all these celebrities give okay performances, I think the best of them all (for this movie at least) is Andrea Riseborough. She plays Tom Cruise's partner, Victoria, and you can feel the sparks. The concern and love she shows is so excellent; I found myself a little jealous of the circumstances. When things start to go down hill she manages to convey a subtle sense of dread and confusion at the same time  and perhaps a pinch of crazy. All in all, she is spectacular. The special effects are worthy of praise. A scarred, war torn Earth never looked so authentic. My favorite imagery was the Pentagon looking like it had been hit by something fierce and deadly. The drones felt real as well; the up close and personal moments with them were truly awe inspiring. As I took it all in, especially the moving parts and mechanical functions, I couldn't help but think that it was alive. In fact, they were so realistic that I felt that the characters could just reach out and grab them. While I'm sure that's mainly because they had a life sized prop of the drone, a good chunk was still in CGI. The seamless transition was so good, that I found it hard to distinguish what was computer generated and what was not. The aerospace fighter transport was also highly detailed; in all honesty, it looked like a futuristic version of the Osprey. Sadly, I doubt that my hopes to see one of those in a couple decades will ever come to pass."
202,PBA_Doc2_Oblivion,PBA_Doc2_Oblivion,PBA,Sci-Fi,Positive,Oblivion,"Tom Cruise's new science fiction action adventure has been in theaters for a week-ish, and it has already opened the taste debate. A great deal of ""average viewers"" have come out of Oblivion with positive feelings, remarking that, while far from a perfect film, it succeeds as entertainment with a sliver of substance. Critics have not been so kind. They've called the film self-serious, absent of self-awareness, a ponderous mess, and so on and so forth. I couldn't disagree more. While far from perfect, Oblivion is what Prometheus promised to be last year: a high concept, thrilling exploration of the human condition through the lens of science fiction. Where Prometheus failed to deliver (see here and here for my take), Oblivion has filled in the blank, offering the same visual awe of 2012's ""big film"" with a far more coherent and cohesive plot, consistent (though incomplete) characters, and a few decent twists and turns. Most of all, Oblivion gives us a few answers, even if it never quite explains everything in the end. All this combine to make a film that, in my mind, deserves a little more credit. After all, it's not often that we are given action-oriented science fiction that also has a little something to contemplate, right? For that reason, I see Oblivion as an attempt to revitalize action-oriented SF with just a smidge of actual substance  a film that, despite its flaws, is entertaining and a tiny bit cerebral. If you don't know already, Oblivion follows Jack Harper (Tom Cruise), haunted by strange dreams, and Victoria (or Vika; Andrea Riseborough), his companion and communications overseer, as they monitor the ""strip-mining"" of Earth's resources for use by humanity off world. From the opening moments, we learn that Earth was invaded decades ago by an alien species called the Scavs; humanity responded by nuking the Earth, forcing the surviving humans to move off world to Saturn's moon, Titan. Jack and Victoria have been tasked with maintaining a fleet of defensive drones as remnants of the Scav forces attempt to sabotage the operation. But Jack's dreams are not what they seem: they are memories. And as everything Jack knows about the world is uprooted by his discoveries, he will reveal an even more terrifying truth than the destruction of Earth. Sure, the film's central conceit is certainly not original. Post-apocalyptic SF is almost always cliche before you get into the particulars, and inserting an alien invasion doesn't help with originality points. Even the somewhat hokey voice over is so painfully common in genre films that it's difficult to take it seriously (in the case of Oblivion, the voice over is actually important, but it does feel out of place, even by the end). However, what I found most compelling about Oblivion was its method for exploring familiar territory: fusion. Cross-genre narratives are not unheard of in SF, but they are less common (at least in explicit form). Here, Joseph Kosinski (the director behind TRON: Legacy  my review"
203,PBA_Doc3_Oblivion,PBA_Doc3_Oblivion,PBA,Sci-Fi,Positive,Oblivion,"Oblivion never registered on my radar since its release for an off-putting reason that's not relevant to anything in this review. It finally found its way into my watchlist, nearly 9 years later, courtesy of Amazon Prime's recommendations based on my recent streak of fantasy and sci-fi viewings. I caved in and went ahead with the intention of turning it off the moment I felt the movie (inevitably) lost my attention. I watched Oblivion not knowing anything about it. All I saw before I hit play was the poster of Tom Cruise holding a futuristic gun. I had no idea if it's an action film, a stylized fantasy drama, or some sort of a futuristic detective story. I never saw the original trailer. Never heard anyone talk about it. Didn't read a word of the synopsis. I went in with nothing. The film blew me away. Despite a number of issues, including a flawed premise, Oblivion delivered something captivating enough to be watched again. It's a beautiful and hauntingly atmospheric film. The post-apocalyptic landscapes are a perfect combination of complexity and minimalism. The story, despite its issues, is refreshing. And the soundtrack dug right into my soul. And then, during my post-viewing research ritual, I made a surprising discovery. Oblivion's original marketing completely spoiled the film. CinemaSins (a guilty pleasure of mine) pointed out that the audience was already aware that the scavengers are humans. Most marketing material alluded to the fact that Jack is suspicious of the mission entirely, and that command (Tet) are not who he thinks they are. I was astounded by this. This reality completely changes the dynamic of the film. It also completely invalidates a recurring complaint (also pointed out by CinemaSins) that Jack repeating the premise of the story to Julia is completely redundant. To me, the viewer who knew nothing about the story, the first 5-10 minutes of the film established that the story will revolve around the remaining alien scavengers' attempts at sabotaging Jack and Vika's predeparture mission. Instead, when the drones started executing the survivors of the Odyssey, I was presented with a proper plot twist. From there, despite somewhat unrefined script, everything just kept on pulling me deeper and deeper into an already very atmospheric film. I know that marketing movies is challenging, especially to the North American audience, but I'm still surprised, even shocked, by how different my experience was compared to those who were exposed to its marketing-driven synopsis. The critic and audience reviews posted over the years do make sense to me. But I'm left wondering how different the viewing experience would've been if these viewers would've gone in not knowing anything about the film, like I have. Or vice versa. How blown away would I have been if I was exposed to the studio's intended synopsis? I do agree that the premise of the film is heavily flawed. This has been covered enough by critics and the audience alike, and since I'm years late to the"
204,PBA_Doc4_Oblivion,PBA_Doc4_Oblivion,PBA,Sci-Fi,Positive,Oblivion,"Director Joseph Kosinski wears his science-fiction interests on his sleeve. Tron: Legacy was obviously an update of an eighties science-fiction cult classic, and Oblivion feels like another form of pulpy homage. At its best, Oblivion feels like a spiritual successor to those wonderful cult science-fiction movies of the seventies and eighties, by way of classic version of The Outer Limits. Oblivion isn't the strongest piece of science-fiction I've seen this year, nor the most ambitious, nor the most intelligent. The movie is full of twists and turns, but few that any genre aficionado will fail to see coming. Instead, the movie largely works because it feels like an affectionate homage to those old-school post-apocalyptic pulpy sci-fi adventures. It's cinematic nostalgia, but it's lovingly crafted and skilfully rendered. Kosinski might not be the best storyteller working in the business, but he has a wonderful eye and keen sense of how to construct a beautiful scene. Thinking about it, Oblivion shouldn't really hold together. It doesn't really have characters so much as it has plot functions. Each of the characters plays a fairly conventional and rigidly-defined role within the narrative, and it's easy enough to predict certain twists in the narrative based on the pieces in play at a particular moment. The characters seem to exist t advance the plot, which exists for Kosinski to homage and update the conventions of the kind of cult science-fiction classics you don't really see any more. A lot of Oblivion would flow smoother if the characters simply talked candidly to one another, but those sorts of logical conversations would undermine certain twists or developments. So characters don't share vital information with one another, even though it would be a lot easier for everybody involved if they did. ""If I told you,"" one character informs our lead, Jack Harper, after a shock revelation, ""you would have thought I was crazy."" It's hardly water-tight, but it's efficient. Despite the presence of Tom Cruise and the fact that the film has a relatively tight core cast, Oblivion is not a character-driven film. If you stop too long to think about any of the plot twists and revelations, you (like Jack Harper) start to ask questions that the film won't necessarily answer. The trick is in distracting and misdirecting the audience so that these problems don't become major flaws. And, to a large extent, Kosinski succeeds. I'm one of the few who genuinely loved the director's work on Tron: Legacy. I can understand the argument that Kosinski favours style over substance, but Oblivion is a movie that really hinges on that style. It's a very conscious throwback to a very particular type of film, and it succeeds on those terms. Kosinski is very clearly trying to construct a modern film in the style of Logan's Run or even the classic Rollerball. You can see a lot of that in the movie's aesthetic. Despite being set in the distant future, the production design almost feels retro. Jack Harper spends most"
205,PBA_Doc5_Oblivion,PBA_Doc5_Oblivion,PBA,Sci-Fi,Positive,Oblivion,"I just got back from watching Oblivion. My brain and my soul have been looking for some 'decent' science fiction and this movie delivered. It might not be the greatest or anything truly groundbreaking but it does scratch that itch of mine. The movie aims high but misses its target. Hopefully it can tide me over until Star trek and Iron man come out. Despite falling short of its potential, there are plenty of great things about Oblivion. It's an original story yet the creators have managed to weave a deep plot. It is dense, full of twists and turns that at times caught me off guard. Though most of the elements are predictable to anyone who's a fan of the genre. In fact, the story feels like a mash of different franchises, borrowing elements that have already been done. Nonetheless, even if that's the case, the story is good enough. The acting is another of the movie's highlights. Morgan Freeman, Tom cruise, Andrea Riseborough and Olga Kurylenko manage to sell the movie all on their own. Tom Cruise manages to showcase his acting chops by performing well. As events unfold, the number of emotions that go through his face are truly noteworthy, surprise, curiosity and especially confusion. Olga Kurylenko plays Julia, a Human who crashes lands on Earth. From the get go, I felt her energy and she managed to sell the whole girls with a secret well. Morgan Freeman's portrayal of a rebel leader isn't as strong as his other performances, but perhaps that's because he doesn't get as much screen time as the others. While all these celebrities give okay performances, I think the best of them all (for this movie at least) is Andrea Riseborough. She plays Tom Cruise's partner, Victoria, and you can feel the sparks. The concern and love she shows is so excellent; I found myself a little jealous of the circumstances. When things start to go down hill she manages to convey a subtle sense of dread and confusion at the same time  and perhaps a pinch of crazy. All in all, she is spectacular. The special effects are worthy of praise. A scarred, war torn Earth never looked so authentic. My favorite imagery was the Pentagon looking like it had been hit by something fierce and deadly. The drones felt real as well; the up close and personal moments with them were truly awe inspiring. As I took it all in, especially the moving parts and mechanical functions, I couldn't help but think that it was alive. In fact, they were so realistic that I felt that the characters could just reach out and grab them. While I'm sure that's mainly because they had a life sized prop of the drone, a good chunk was still in CGI. The seamless transition was so good, that I found it hard to distinguish what was computer generated and what was not. The aerospace fighter transport was also highly detailed; in all honesty,"
206,PBA_Doc6_Oblivion,PBA_Doc6_Oblivion,PBA,Sci-Fi,Negative,Oblivion,"Oblivion is a visually stunning film. It's what I've come to expect with the latest sci-fi films. Director Joseph Kosinski continues to bring his strong visual principles from Tron Legacy (a film which I'm a massive fan of) into Oblivion, where Earth is presented as a desolate planet, destroyed by an alien invasion. While familiar world landmarks (e.g. the Empire State Building in New York) are buried/destroyed, it is beautifully contrasted with vehicles and home station towers which are designed to live and travel comfortably whilst preserving security and maintenance that our hero, Jack Harper (Tom Cruise) has to undertake. Notice how the towers and Jack's mode of transport, the bubble ship, are mainly see-through. It suggests to the audience that this clean, modern and futuristic way of living has nothing to hide while it subconsciously suggests a false sense of security and that everything is not all it seems. It's either that or an IKEA designer survived the alien war and business is booming! Joking aside, despite the very epic and strong visuals, I did found this film lacking. The problem I have with Oblivion has nothing to do with Tom Cruise (who I thought was superb) or the rest of the cast who deliver strong and heartfelt performances. The problem sadly lies with the plot. It felt slightly backwards. While I understand the plot, this twist does feel like it comes out of the blue, which is my problem. It unhinges what I felt was an engrossing film up until that point. It reminded me of I Am Legend where Alice Braga's character is introduced and she alludes to this mysterious safe haven that Robert Neville (Will Smith) didn't know about despite the daily communications he had been broadcasting to anyone out there in the world. Then you had the CGI zombies that suddenly went from the standard typical zombie that preyed on weak, to creatures suddenly having super-human abilities. Oblivion is guilty of that sadly. I understand what the film was trying to say  that human emotions (especially love) can be strong enough to break any mental barriers. But by introducing this twist, the whole memory wipe plot device seemed pointless. Maybe it's because you can't help but think why the aliens (or the TET) didn't realise this flaw soon enough and correct it if all the ""Jacks"" might suddenly rebel against the system. The whole operation/invasion had been in effect for 60 years  surely that would have provided enough time to iron out the kinks? Or is that what the five year mission was really for because they knew the clones were doomed to fail? When the time was up, the TET would get the clones back up to the mothership so they can be re-programmed or worse yet, destroyed and then start the whole process again? It's something the film doesn't really answer or address and you as the viewer end up filling in the missing pieces, for better or worse. When it"
207,PBA_Doc7_Oblivion,PBA_Doc7_Oblivion,PBA,Sci-Fi,Negative,Oblivion,"If nothing else, ""Oblivion"" will go down in film history as the movie where Tom Cruise pilots a white, sperm-shaped craft into a giant space uterus. The scene is more interesting to describe than it is to watch. Cruise's sperm-ship enters through an airlock that resembles a geometrized vulva. He arrives inside a massive chamber lined with egg-like glass bubbles. At the center of the chamber is a pulsating, sentient triangle that is also supposed to be some kind of mother figure. Cruise must destroy the mother triangle and her space uterus in order to save the Earth. Like director Joseph Kosinski's debut, ""Tron: Legacy"" (2010), ""Oblivion"" is a special effects extravaganza with a lot of blatant symbolism and very little meaning. It starts slow, turns dull and then becomes tedious  which makes it a marginal improvement over the earlier film. It features shiny surfaces, clicky machinery and no recognizable human behavior. It's equally ambitious and gormless. ""Oblivion"" is set in the year 2077, 60 years after an alien invasion rendered the Earth largely uninhabitable. Cruise stars as Jack Harper, one of a handful of people left on the planet. The other survivors have long since relocated to Titan. Harper and colleagues remain as technicians, servicing robot drones that defend resource-gathering stations from alien stragglers. The film's opening stretch is its one strong point  a gradual, immersive build-up of details. It's a smart technique for science-fiction storytelling; it eases the viewer into the world of the film. The problem is that the world ""Oblivion"" introduces  an abandoned, depopulated Earth  is more interesting than the story it tells. Or, more accurately, the stories it tells, because ""Oblivion,"" derivative to a fault, tries to be several science-fiction movies at once. It tries and it fails. ""Oblivion"" is a political allegory about a lowly ""technician"" sending unmanned drones to hunt and kill a demonized, alien Other  until it forgets that it ever was. It's a wannabe mindbender that raises questions about its lead character's identity  except that the lead character is too sketchy to make these questions compelling. It's a story about humans struggling for survival in an environment controlled by technology  except it appears to be much more interested in the technology than in the humans. It's a rah-rah action flick  except its action scenes aren't very good. The only thread ""Oblivion"" follows to the end is its ""creation myth."" Harper is an idealized man; he's good with a gun, good with his hands, good in bed, loves football and rides a motorcycle. Though most of the movie's characters are women, not one of them is able to do anything without Harper's help  not even the mother triangle that lives in the space uterus. Only his rugged-but-sensitive masculinity holds the key to humanity's survival. The movie reaches for profundity, but all it grasps is misogyny."
208,PBA_Doc8_Oblivion,PBA_Doc8_Oblivion,PBA,Sci-Fi,Negative,Oblivion,"The more I think about Oblivion, the less I want to like it. The story was amateurish to say the least, and having unreal visual effects doesn't make you a good director  it makes you blind. Oblivion was very much a blink-and-you'll-miss-it kind of film. Every tiny detail was counted. But in the end, all of that counted towards nothing. Because, put basically, Oblivion was visually appealing  but the story was very, very bad. I think Joseph Kosinski has a fair idea how to direct a stunningly good film to look at. But what Kosinski brings in visuals, he lacks in story. His other project to date was TRON: Legacy  featuring a lacklustre narrative to say the least. Kosinski plans to direct another TRON film in 2014, and god knows I won't be seeing that. He has little to no idea how to summarize elements of a film into one coherent plot  perhaps Oblivion's biggest failure. Everything seems irrelevant in this film. The cloning, the alien attacks, the ship flight recorder  something so desperately needed by Julia, only for her to not use it...ever. Things just didn't add up. Oblivion didn't have a whole lot of taste. Producing incredible visuals isn't something to marvel about. Not nowadays, at least. Nearly every Sci-Fi movie in the last 3-5 years has had some pretty sensational landscapes and cool little machines. Oblivion turned out to be just one more of those movies. If I had to compare this film to another, it would definitely be to the latest Total Recall. It was identical in some ways; little to no character motivation, zero emotional investment from the audience, and direction to show less of the goings-on and more of the venues where the goings-on was occurring. Yeah, I was disappointed. I don't know why. The premise didn't get me going, really. I was just waiting for Morgan Freeman to come in. And here's the thing about that: His arrival  basically ruined by the trailer  builds up, and then disappears for the next half an hour, only for it to reappear in the final stages of the film, acting as some sort of an escape from the manic storytelling unfolding on the dying Earth THAT was your plan? Kosinski's screenplay was weak, and I'm not quite sure, with all the plot holes, how it got made. He's not alone, either. He co-wrote it with Karl Gajdusek  writer of the axed TV Series 'Last Resort'  and Michael deBruyn. The dialogue was okay for the most part, besides the corniest line ever, being blurted out of Tom Cruise's mouth  a resounding ""F*** you, Sally"", before dying. Come on, guys. Give me a break. I hopped straight on to Wikipedia when I got home after watching Oblivion, to see if they could clear a few things up for me. Well, the plot outline just added to the confusion. Morgan Freeman's character's name was Beech? And Julia was PREGNANT?"
209,PBA_Doc9_Oblivion,PBA_Doc9_Oblivion,PBA,Sci-Fi,Negative,Oblivion,"There are only two kinds of viewers that I can imagine getting much enjoyment to speak of from Oblivion,and I am both of them. The first kind are those people who felt about director Joseph Kosinski's 2010 debut TRON: Legacy, an unfathomably shallow demonstration of visual and aural style at its most computerised, that it was a wholly gratifying sensory experience, and they'd like to see more of Kosinski's video game-inflected cinematic style with a throbbing electronic score by a prominent European band (though, sadly, M83's music here, though excitingly paired with the imagery, is a massive step down in ambition and achievement from Daft Punk's TRON compositions). The second kind are people raised on a steady diet of the kind of science fiction that primes a person to regard the chief accomplishment of that genre is not its elucidation about the human condition, nor its study of the evolution of our society, but its exacting, technologically precise description of futuristic gadgets. I tell you that I belong to both of these groups mostly so that, when I hereafter claim that Oblivion is a good movie, you'll know that I'm wrong. By all means, regardless of qualitative judgments about ""good"" and ""bad"", Oblivion is primarily concerned with establishing its world, at least for the first of its two indulgent hours. Adapted by Karl Gajdusek and Michael DeBruyn from a graphic novel that Kosinski wrote and has been trying to get turned into a movie for several years, the film takes place on Earth, several decades in the future, after the planet has been decimated by an alien attack in the late 2010s. That invading force destroyed the moon, which in turn made the larger planet hugely unstable, and by the point we arrive on the scene, geography has changed enough that New York City is buried mostly below ground. Here, humans Jack (Tom Cruise) and Victoria (Andrea Riseborough) are the single two representatives of the species left, assigned there by the commanders of the giant pyramidal space station Tet to maintain and protect the seawater-extraction machines that are preparing saline as fuel to get humanity off on its desperate flight to the Saturnine moon of Titan, the last hope to survive the dying Earth. That's basic stuff, and it's pretty much what we get for a good long time: communicated awkwardly ( a massive infodump in voice-over at the very beginning, along with some artificial ""do I have to tell you what you already know again?"" dialogue), and dramatically indifferent, but as a love of post-apocalyptic scenarios, I don't mind saying that I was overjoyed both by the concepts and the way they're presented. Blowing up the moon to destabilise the Earth is a terrific idea, and it;s visualised tremendously well, with night scenes casually showing not just a giant pair of rock fragments in the sky, but also a barely visible band of white rubble stretching in either direction, describing the orbit of what used to be our satellite."
210,PBA_Doc10_Oblivion,PBA_Doc10_Oblivion,PBA,Sci-Fi,Negative,Oblivion,"Another year, another Tom Cruise action movie. Unfortunately, when not related to the Mission Impossible franchise, these films are rarely worth seeing. Joseph Kosinski's Oblivion (based off his own graphic novel) is no exception to the rule, providing impressive visual power, but lacking memorable characters and engaging action. The year is 2077. Earth has been largely destroyed in a nuclear war, and Jack Harper is one of the few surviving humans. His memory was wiped shortly after the war, but he still has vague flashes of the past at times. In the meantime, his job is to keep the various technology left on Earth from being destroyed by mysterious enemy forces. But two weeks before he is to be finished with his job, Jack starts making alarming discoveries. The first hour of Oblivion largely consists of Tom Cruise poking around in empty rooms, and occasionally shooting at things (because audiences paid for action, and they're going to get action by golly). The second hour makes frantic attempts at plot-twists and ""mind-blowing"" moments, but the story and characters are so uninteresting that it just comes off as pretentious. The plot is completely incoherent. For the first hour or so, one might be willing to believe it was done intentionally. But by the time the credits roll, you're left with many questions that are never answered. By a stretch of fancy, forgiving viewers might be willing to give Oblivion some credit for creating a high-profile sci-fi that doesn't spoon-feed answers to its audience. But even the labyrinth films of Christopher Nolan knows that too many un-answered questions will leave audiences disappointed, though Kosinski clearly lacks the wisdom of Nolan. The cast delivers pay-check performances. Tom Cruise does nothing to make Jack Harper stand out from any of his other action movie personas (not that Oblivion really deserves a better performance). Olga Kurylenko and Andrea Riseborough struggle to bring depth to paper-thin characters, and as nice as it is to see Morgan Freeman (in less than 15 minutes of screentime), it's hard to deny that he's just phoning it in as well. The only especially notable aspect of Oblivion are the visuals. Oblivion really does go above and beyond in this department, not just providing shiny and appealing effects, but crafting truly unique and memorable designs for space-craft and robots. The visuals aren't merely effective, they're downright cool, and deserve a much better script. The score is composed by French electronic band, M83. The synth palette is, in theory, appropriate for the tech-heavy and barren themes of the film. But the results are less than great. At best, the score works in the picture, quietly enhancing the images without providing even the semblance of memorable material. At worst, it over-scores the film. Some scenes are rendered downright laughable because of the dated sound and over-mixing of the music. Borrowing heavily from films like Wall-E, Inception, and The Matrix, but never even approaching the mere shadows of its inspiration, Oblivion is completely forgettable. Though"
211,PCW_Doc1_The_Lost_City,PCW_Doc1_The_Lost_City,PCW,Comedy,Positive,The_Lost_City,"""The Lost City"" is the kind of charming, star-driven, action-adventure that makes moviemaking look easy and effortless from the outside. It's hard to imagine a world in which you pair Sandra Bullock and Channing Tatum as a romance novelist and her himbo cover model on a ""Romancing the Stone""-esque journey not being enjoyable. Throw in a bit of Brad Pitt kicking butt without breaking a sweat and a dash of Daniel Radcliffe as an eccentric heir and you've got a surefire hit, right?But if star charisma alone was enough to make a movie watchable, there would be many more good movies in the world. It's why ""The Lost City"" is such a special creation. Sure, it lives or dies on Bullock, Tatum and the ensemble (including a delightful Da'Vine Joy Randolph and Patti Harrison), but there's also so much more that had to go right to make it work, which it does exceedingly well. It's the movie that ""Jungle Cruise"" wanted so desperately to be.In the case of ""The Lost City,"" directed by brothers Aaron and Adam Nee, it seems to start with the script which is lean, smart and self-aware in a way that both winks at the absurdities of fish-out-of-water movies and pays homage to what we love about them. It's never snarky or condescending.As Loretta and Alan, Bullock and Tatum are pitted against one another as the brain and the beauty. She's a writer who found success writing steamy romance novels, though she'd rather be an academic. He's a yellow lab with a heart of gold and a vocabulary of malapropisms. She thinks he's little more than a walking six-pack, but he's fascinated by her and harbors a bit of a crush, so he's more than eager to stage a rescue attempt when she's abducted from a book event.Usually having four writers (both Nees, Oren Uziel and Dana Fox) and a story by credit (Seth Gordon) on a project is a bit of a liability, indicating re-writes, disagreement and an attempt to please everyone. Cinephiles learn to celebrate individual vision and treat collaboration as suspect. And yet ""The Lost City"" seems to have been the product of a fair amount of teamwork, on screen and off -- perhaps a throwback to the days when studio notes were a good thing and could make a project better.Take Lorretta who is immediately against the outfit her book agent Beth (Randolph) has selected for her to wear at a promotional event for her new book. It's a dangerously low-cut and tight purple sequin jumpsuit that she complains gives her a wedgie in the front and the back. Beth tells her to suck it up: She only has to wear it for two hours. Of course that's not the case when she's kidnapped by Radcliffe's polite psychopath Abigail Fairfax and taken to a lost island where he hopes she can help him locate an ancient artifact. The outfit, which was too tight for her to comfortably get up on a barstool"
212,PCW_Doc2_The_Lost_City,PCW_Doc2_The_Lost_City,PCW,Comedy,Negative,The_Lost_City,"Turns out, star power can actually take you a pretty long way. That's what I thought as I watched The Lost City, which wasn't the ingenuous Raiders of the Lost Ark/Romancing the Stone-style revival I hoped it would be, but a watered-down knock-off, mired by a truly mediocre script. And yet, its bones are solid. In this case, the bones are a playful premisea reclusive romance novelist finds herself on the run in a lost city with her hunky cover modeland its two glittering stars, Sandra Bullock and Channing Tatum.I'm not sure why Bullock often plays uptight characters, as she does here and has done in such films as The Proposal and The Heat, but I guess it works for her. She seems to enjoy the incongruity of a buttoned-down person being put in increasingly absurd situations, often leading to comedic sight gags, such as a bit in The Lost City where her rigid Loretta Sage is strapped to a chair and placed inside a tiny getaway car, her legs poking from the car akimbo. And, of course, audiences love to watch her learn to relax, let her hair down, and succumb to the goofy charms of her co-star. In this case, the charming goof is Tatum's Alan Caprison, who wants to show Loretta that he's more than just a pretty boy. He wants to be Dash McMahon, the Fabio-esque swashbuckler he portrays on her novels' covers.Tatum started out his career playing brooding hunks but he's really at his best when he gets to show off his considerable comedic chops (and, of course, his dancing skills). His comedic characters aren't dumb, per se, but a little slow on the uptakeand the beauty comes from watching that moment just before things click into comprehension for him. (And yes, The Lost City is also smart enough to let him dance a little.)Early in the film, Loretta is kidnapped by a ruthless (but polite) young billionaire named Abigail Fairfaxhe insists that Abigail is a unisex nameplayed by a bearded but still boyish Daniel Radcliffe. Fairfax is bitter because his younger brother, Leslie (heh), has taken over the family business so he's obsessed with carving out his own glory, namely through the acquisition of the ""Crown of Fire,"" a priceless ancient artifact in a lost city. He needs Loretta to decode the tiny strip of papyrus that he believes will lead him to his treasure.Alan sees Loretta's kidnapping as a chance to prove himself, so he recruits his old yoga trainer, who is also a bounty hunter, named Jack Trainer (Brad Pitt) to help save her. Once they arrive on the scene, Trainer tells him to hang back. Alan agrees, as long as he gets to be the one who says to Loretta, ""Shhh, shhh, you're safe now.""Pitt has a small part, but he's having tons of fun playing this ultra-skilled hippie-assassin (I'd watch a whole film about his character). But of course, they have to get Pitt out of the way early on,"
213,PCW_Doc3_The_Lost_City,PCW_Doc3_The_Lost_City,PCW,Comedy,Positive,The_Lost_City,"""The Lost City"" isn't an especially unique film; its premise draws on ""Romancing the Stone"" and countless other adventure movies. Its punchlines are recognizable from a distance as the volcano dominating the remote island where most of the story takes place. This is a movie you can get a clear sense of from its opening moments, every beat clearly telegraphed.There is, however, a significant amount of comfort and delight in all this familiarity. Directors and co-writers Adam and Aaron Nee understand exactly what their audience wantsmuch like a good romance novelist mightand deliver an undeniably charming (and refreshingly IP-free) romantic romp. This is a movie you watch in the theater, with popcorn, then again and again on streaming, with a glass of wine.Loretta Sage (Sandra Bullock) is a burnt-out romance writer whose grief after the loss of her husband threatens to derail her career. Her disdain for her books is only matched by her dislike of their cover model, Alan (Channing Tatum), a seemingly dim beefcake who indulges her readers at signing events.After an event promoting her latest book, Loretta is abducted by explorer/rich guy Abigail (it's a gender-neutral name, apparently) Fairfax, played by Daniel Radcliffe. Fairfax knows that the lost city from Loretta's book is real, and he wants her to translate some ancient writing that leads to a treasure before a volcano erupts and covers the whole thing. Alan mounts an ill-advised expedition to save Loretta, with help from his meditation guru, Jack (Brad Pitt), and Loretta's beleaguered editor Beth (Da'Vine Joy Randolph).Loretta and Alan's eventual romance is unavoidable, but ""The Lost City"" does a great job exploring the mounting chemistry between Bullock and Tatum's characters. In particular, the movie highlights Alan's emotional intelligence and unwavering support. He may be the kind of guy who refers to Loretta as a ""human mummy,"" but he also knows she gets cranky without snacks, and that she could use a slightly more sensible pair of shoes traversing all that rocky terrain. Like many a beloved romantic hero, Alan is not only a gorgeous man, he's a man who cares.Tatum is great casting for a role like this on several levels; not only does he look like he belongs on the cover of a romance paperback, he's also an actor who understands his own appeal and has proven time and again that he isn't afraid to play it for laughs. Bullock is also more than happy to play into her character's physical awkwardness and eventual shedding of her prickly exteriorit's not exactly unfamiliar territory for her, either. Together, the pair exude fun and a sense of affection that's easy to get caught up in.Other members of the supporting cast, particularly a very welcome Patti Harrison as Loretta's hysterically self-involved social media manager, add bright, bizarre punches of humor to a script that otherwise plays it by the numbers (oddly, this isn't a criticism, ""The Lost City"" is working with an effective formula). Radcliffe is the only element of the movie that doesn't"
214,PCW_Doc4_The_Lost_City,PCW_Doc4_The_Lost_City,PCW,Comedy,Negative,The_Lost_City,"""The Lost City"" is a big mess  a big enough mess that it doesn't even get credit for knowing it's a mess  but it stars Sandra Bullock and Channing Tatum, so that helps. It doesn't make it worth seeing, but it keeps the experience outside the realm of pain.Yet in one way the casting actually hurts: When actors who are really, really good at comedy apply themselves to dialogue that is really, really weak, you feel the strain. You feel the outline of the joke that wasn't there  and the vicarious embarrassment of a failed acrobatic turn that goes splat. String enough splat moments together, and you have a movie that could have been good, but isn't.The setup is fine. Bullock is Loretta, a romance novelist who has become reclusive since her husband's death. On a tour for her latest book, one she doesn't even like, she is paired with Alan (Tatum), a model who has appeared on the cover of all the books in her celebrated series. At this point, the Fabio-like model has more fans than Loretta, and Tatum is funny, tossing his (wigged) long blond hair and preening for his fans. One gets the sense that if the story just found a way to stay there, on that tour, the movie would have found its way to something enjoyable. But then the plot kicks in. A spoiled and somewhat demented young scion of the Fairfax media empire (Daniel Radcliffe)  these days, every evil character is a fictional rendition of someone from the Murdoch family  approaches Loretta with a proposition. Because of her knowledge of ancient languages, he wants her help finding the buried treasure of some lost civilization.That's a reasonable offer. He needs help translating clues to the treasure, and he's willing to pay her anything she asks. But she says no, so he kidnaps her and brings her to the island anyway.It would be missing the point of a movie like this to quibble too much about illogical turns of plot. But even in a goofy confection like ""The Lost City,"" it's hard not to notice when characters consistently behave against their own best interests, seemingly to help the screenwriters perpetuate the story. Over and over  I'd describe this in detail, but it wouldn't be worth reading  the characters are shoehorned into actions that don't make sense and that undercut both the story and the comedy.The movie has two bright spots. Brad Pitt makes a brief appearance as the man who can get them off the island. Bullock asks him how he happened to become so handsome and he answers, ""My father was a weatherman."" Bullock and Tatum also have a funny moment, right after they accidentally force two bad guys on motorcycles to go off a cliff. In what plays like an ad lib, the two start finishing each other's sentences, talking guiltily about how they didn't really mean for that to happen. It's a moment that shows"
215,PCW_Doc5_The_Lost_City,PCW_Doc5_The_Lost_City,PCW,Comedy,Positive,The_Lost_City,"The latest rom-com action-adventure, ""The Lost City,"" is one of the funniest romcoms you'll see in theaters this year! Full of fun treasure hunting, larger-than-life action sequences, beautiful romance, and solid chemistry between the three leads.The story follows reclusive romance novelist Loretta Sage (Sandra Bullock), and when we first meet her character, she is still grieving the death of her husband. They were both into archeology and ancient studies. However, when he died, she lost all interest in that and decided to write romance novels, an interesting career change. While on a promotional tour for her latest work, The Lost City of D, Loretta is accompanied by her handsome cover model Alan Caprison (Channing Tatum). Loretta is suddenly kidnapped by an eccentric billionaire Abigail Fairfax (Daniel Radcliffe), to help him find the Lost City's lost treasure, which was written about in one of Loretta's novels. Abigail thinks there might be some truth to this. Alan sets off to rescue her to prove he's as much a hero as the one he portrays on Loretta's book covers. Without any survival skills, nothing can possibly go wrong, right... Sandra Bullock delivers a comical performance while also being the most intelligent person in the room. Channing Tatum plays to the character's strengths of being the charming cover model. He hilariously feeds into the idea that his character is a real-life hero because of the massive fan base he's accumulated being a romance cover model. We all loved Daniel Radcliffe in the Harry Potter franchise, but as the antagonist, he's purposely unlikeable while also being able to convince us of his obsession with finding the lost treasure. He will do whatever's necessary to find it, and nobody will stand in his way.Now for the most exciting performance of the film. With limited screen time, Brad Pitt steals the show. He plays a former navy seal that's into meditation and being calm. However, he has no problem flawlessly wreaking havoc on the bad guys in the most absurd ways. He's doing this while having long beautiful, blonde flowing hair, very reminiscent of an actual romance novel cover hero. He gives one of the most eccentric performances I've seen in a long time.""The Lost City,"" at its core, has a theme of moving on after loss but showing us in a comedic tone. The film leans heavily into the cheesy aspects of romance novels but works for our entertainment. It found a balance of offensive humor and physical humor for a comedy. Does this treasure hunting action-comedy have the most predictable plot of all time? Yes, it does, but the film knows exactly what it is and doesn't shy away from that. It's a popcorn flick where you shut your mind off, have a good time, and enjoy cliche performances. The cast's chemistry on this wild adventure is worth the price of admission and will leave a larger-than-life smile on your face."
216,PCW_Doc6_The_Lost_City,PCW_Doc6_The_Lost_City,PCW,Comedy,Negative,The_Lost_City,"Watching The Lost City is the cinematic equivalent of slogging your way through monkey poop. I squirm and moan my way through stinkers all the time, but I can't actually remember the last time I saw a submental farce this witless, boring and stupid. Because the stars are Sandra Bullock, Channing Tatum and Daniel Radcliffe, with an inside-joke cameo by Brad Pitt in a long blonde wig, the appeal for audiences with low standards and no knowledge of (or interest in) genuine comedy timing is guaranteed. But nobody in this comic-book twaddle displays any talent for farce, and it is doubtful that either of the two directors, Adam and Aaron Nee, could successfully stage the baking of a batch of Girl Scout cookies. They also wrote the screenplay, which sounds like it was dictated by baboons on tranquilizers.No point in dragging in the details. Sandra Bullock is also one of the producers, so the fact that the film doesn't make one lick of sense is hardly worth analyzing. She plays the author of violent, trashy adventure novels that appeal to giggling girls with IQs of less than 50. Mr. Tatum plays a boneheaded Muscles McGurk named Alan, the hunky model on all of her book jackets who actually thinks he's the heroic character she created in her schlocky novels called Dash. (For Dashiell Hammett, one erroneously presumes?) Daniel Radcliffe, the faded glory of his Harry Potter days a distant memory, plays a billionaire nutcase who kidnaps them on a book promotion tour, convinced that Loretta can lead his gang of murderous criminals to the ""well of endless tears,"" the location of buried treasure described in one of her novels. Brad Pitt plays Jack Trainer, an adventurer with Lady Gaga's hair who is recruited to rescue themnot on a white horse, but on a scooter with a broken muffler. They all end up on a volcanic island in the Atlantic (another joke that backfires) where Loretta thrashes her way through the brush in stiletto heels and a skin-tight purple sequin leotard, but hates getting wet (""I don't do water,"" she protests""my body becomes like an eighth grader's face,"" whatever that means.) Alas, she ends up in a river with Alan, who emerges covered with leeches in the film's funniest scene. Stripped naked, he bares his buttocks for her to ogle while she rips the leeches off his most intimate hot spots, saying ""It's like picking anchovies out of my favorite salad."" These are the jokes, and you don't know whether to laugh or continue the nap from which you've been rudely interrupted. ""All that time and money spent on a cheap metaphor,"" groans Daniel Radcliffe at the end of The Lost City. He must be describing the movie itself."
217,PCW_Doc7_The_Lost_City,PCW_Doc7_The_Lost_City,PCW,Comedy,Positive,The_Lost_City,"What more could one ask for in 2022with the film industry in such precarious turmoil, with so much adventure put on hold while spiral bands of disease sweep across the globethan a big Hollywood spectacular in which two movie stars go to a far flung locale for a dangerous, sexy escapade? That is the great promise of The Lost City (in theaters March 25), which features Sandra Bullock as a frustrated, but successful, romance novelist and Channing Tatum as the dreamboat who has posed for all of her steamy book covers. What a gas!The Lost City has a funny shape to it. On the one hand, its programmatic setupfamiliar to fans of Romancing the Stone or (to a lesser extent) Raiders of the Lost Arkfeels easy, like it's built on fast rails. Yet in that assumption of ease lies a difficulty. An airy star vehicle like this takes a lot of work, but shouldn't look like it does. Unfortunately, The Lost City (directed by Adam and Aaron Nee) seems exhausted by its task from the outset.Bullock plays Loretta, who is struggling to finish the latest book in her hot-and-throbbing romance-adventure series, gloomy from the loss of her husband and sour about the state of her work. She's an intellect who should be off making great discoveries with her archeologist husband, not stuck pandering to the middling American masses. Bullock is good at such prickly discomfort, but a little of it goes a long way. In The Lost City, though, she's asked to maintain that dyspepsia for nearly the entire run of the film. It's a single, relentlessly repeated note that weighs down a film that should bounce, not trudge. (At least Bullock's high aptitude for physical comedy is put to good, if too brief, use.)Perhaps the calculation was that Tatum, as dopey Alan, would add the goofiness and levity necessary to offset Bullock's peevishness. He tries to do that, and he and Bullock's chemistry does sometimes sparkle and fizz enough to keep the movie afloat. But we've also seen this shtick from Tatum perhaps too many times before: the hunk who's actually a guileless sweetheart, a dork in himbo packaging. His decency is so immediately telegraphed in the film that there's no room for the happy surprise of a character turn.What could rescue, or at least brighten up, these uninspired performances is a remotely engaging story. But The Lost City flounders in that arena as well. The gist is that something Loretta wrote in her newest novel accidentally syncs up with an I.R.L. search for a lost bauble of old, rumored to be buried somewhere on a remote island in the Atlantic. (I think its closest real-world analog would be a distant Canary Island.) Daniel Radcliffe gamely plays the jilted son of a Murdoch-esque media empire who has become obsessed with finding this object of myth. So obsessed, in fact, that he's willing to kidnap Loretta to help in his search. Alan goes bumbling after Loretta in an attempt to"
218,PCW_Doc8_The_Lost_City,PCW_Doc8_The_Lost_City,PCW,Comedy,Negative,The_Lost_City,"The blockbuster has come to signify a very specific type of film in Hollywood  the big, epic, world-building franchises and ensembles that make billions of dollars (Avengers, Mission Impossible, Suicide Squad). But what if I told you there was a time when blockbusters could have two stars, a couple jokes, and a few dozen set-pieces?The Lost City is here to bring that modest entertainment back into the mainstream, with Seth Gordon serving as co-producer on this production of a very specific cinematic product. Featuring beloved actors in loose clothing as they traverse the globe, The Lost City is the kind of light escapism that feels like an actual adventure. And though it clearly shares DNA with other movies, the sharp screenplay, written by Gordon, is modern and sly, enchantingly stupid and poignant at times too.Sandra Bullock stars as Loretta Sage, the author of The Lost City of D, a romantic novel that mixes Indiana Jones and 50 Shades Grey, and features a shirtless Alan Caprison (Channing Tatum) on the cover. So, of course it's a success, but it also attracts the attention of some unwanted people. It turns out a billionaire named Abigail Fairfax (Daniel Radcliffe) has been searching for an ancient relic, a headdress known as the Crown of Fire, and Loretta's novel holds the answers. Before you can say ""Romancing the Stone,"" Abigail kidnaps Loretta and takes her to a jungle, where he's got an army at his disposal.Armed with airpods, a plush pillow and a rolling suitcase, Alan mounts a rescue mission with his friend from meditation class, Jack (Brad Pitt), whose resemblance to Loretta's fictional character ignites Alan's envy. However, before long, the mission goes off the rails, and Alan and Loretta are left to their own devices, caught between finding their way off this Atlantic island, and potentially finding love. It takes a while to rev up, but The Lost City eventually works because of the cast. Bullock is great as the novelist with a penchant for sexual innuendos, and Tatum steps into his own as a comedic actor  and owns the shtick. He's shown his faculty for comedy in Magic Mike and 21 Jump Street, and he has a gift for delivery and timing. As the straight man, he's often the butt of the joke, but he leans into this persona like a happy Labrador.The standout, however, was always going to be Pitt. Watching him inhabit the muscular, wavy-haired Jake is like watching Fabio do a Bruce Lee impression. We watch him take over every scene, and the comedic chemistry he shares with Tatum, who sees Jake as a role-model, is the best part of the movie. The whole thing is a wacky homage to old-school blockbusters, and it never sacrifices the dumb, weird or childish moments that make them so endearing. The cast is game, the vibe is cool and the audience is always entertained.But there's enough language and sexual content to keep this movie from Dove approval"
219,PCW_Doc9_The_Lost_City,PCW_Doc9_The_Lost_City,PCW,Comedy,Positive,The_Lost_City,"Directed by Adam Nee and Aaron Nee from a screenplay they co-wrote with Oren Uziel and Dana Fox, The Lost City feels like a film from the past (in a good way). The film doesn't set out to do anything different, settling into the comforts certain tropes and story beats provide. However, that doesn't make The Lost City any less fun than it aims to be. With the effortlessly charming and talented cast doing most of the heavy lifting, The Lost City makes for a highly entertaining, joyful adventure.The Lost City follows best-selling romance author Loretta Sage (Sandra Bullock), a widow who is trying her best to finish her latest book in time for a book tour her manager, Beth (Da'Vine Joy Randolph), put together. Loretta isn't feeling it, though, especially when she realizes Alan (Channing Tatum), a model who portrays Dash, Loretta's character, on the cover of all of her books, will be at the events. All Alan wants to do is please Loretta, but all the recluse wants to do is to go back home. However, her life takes an adventurous turn when she's kidnapped by billionaire Abigail Fairfax (Daniel Radcliffe), who believes the Lost City of D the author wrote about  as well as the tomb containing a treasure he's seeking  is real. Enter Alan who, despite not knowing at all what he's doing, endeavors to go save her.The Lost City has a lot going for it: a charming cast, genuinely funny moments, and some adrenaline-fueled adventure. The film harkens back to the days when such romcom adventures were more of a constant. Bullock and Tatum have the bickering down, but when things slow down between them, they're able to understand each other a lot better than before. As a team, they work well and they're the highlight of the film overall, with their comedic timing being especially worth noting. Tatum really delivers as a man who's got his heart in the right place, even when he isn't the most intelligent of people. His rapport with both Bullock and Brad Pitt  whose role as Jack Trainer is smaller than the trailers would have one believe  is fantastic. The frustrated energy Bullock puts out is fabulous and the physical humor employed by Tatum underlines his comedic abilities well.If anything, The Lost City could have used a lot more heat between Bullock and Tatum, with only a couple of scenes making good use of their chemistry before the film moves on too quickly to the next thing. That said, the film is well-paced and, at one point, even surprising. Not all the humor lands, but it is so full with comedic moments that the audience will find themselves laughing more often than not at the antics and reactions of the characters. Tatum's Alan, who has zero combat skills, takes to slapping Fairfax's henchmen when they attack and it's incredibly amusing to watch. Mostly, The Lost City is buoyed by Bullock and Tatum's charisma, of which"
220,PCW_Doc10_The_Lost_City,PCW_Doc10_The_Lost_City,PCW,Comedy,Negative,The_Lost_City,"When did Hollywood decide that all globe-trotting adventures have to be extremely stupid?In the 1980s, ""Raiders of the Lost Ark"" and ""Romancing the Stone"" weren't chicken soup for the moron's soul. Neither was the much more recent ""National Treasure,"" starring Nicolas Cage.However, the dumb new movie ""The Lost City"" joins ""Uncharted,"" ""Jungle Cruise"" and ""Fast & Furious Presents: Hobbs & Shaw"" in the discouraging trend of demeaning a once-great genre with nauseating humor, no thrills or grandeur and an over-reliance on star power. The wasted celeb here is Sandra Bullock, who plays a widowed romance novelist not unlike her abrasive, pseudo-feminist character from ""Miss Congeniality."" Named Loretta Sage, she doesn't concern herself with men anymore, wants to stay out of the spotlight and would rather be drinking chardonnay in the tub.Too bad then that she's forced to tour with her dim-witted Fabio-like cover model Alan (Channing Tatum) who rips off his shirt onstage to delight the ladies.After one book tour talk, she's kidnapped by billionaire Abigail Fairfax (Daniel Radcliffe) and the movie goes loopy. The smarmy gent realizes that her books' setting, the tropical Lost City of D, is real and holds a hidden treasure. He needs her  and chloroform  to help him find the loot.Directors Aaron and Adam Nee's movie sits frustratingly for two hours on the tarmac of comedy as we the angry passengers await takeoff. Precious few jokes land, and the accidental safari scenes, with Bullock peeling leeches off Tatum's butt or briefly running through the trees with a cameo-ing Brad Pitt, are annoying and obvious.The funniest people in the film have nothing to do with Loretta and Alan's island antics. Da'Vine Joy Randolph plays Beth, an exhausted, can't-take-it-anymore literary agent, and Patti Harrison is the aging social media intern Allison. Their modern sense of humor goes down way easier than Bullock and Tatum retreading 1998's miserable ""Six Days Seven Nights"" with whiny Anne Heche and Harrison Ford.Tatum, who's most charming when it seems like he's improvising, has the duo's best line when he calls pro-women Loretta ""Gloria Seinfeld.""Bullock begins as petulant and then turns emotional, a familiar character arc that she knows as well as her Social Security number.But it's Radcliffe's part that exemplifies the many weaknesses of ""Lost City."" At no fault of the actor's, his Abigail isn't realistically evil enough or outlandish enough (a la Will Ferrell's Mugatu in ""Zoolander"") to latch onto  just as the film itself uncomfortably blends action and comedy into beige mush.As skeptical as I am about a 79-year-old Harrison Ford returning as Indiana Jones, he might be this limping genre's last hope."
221,SAO_Doc1_MeanGirls,SAO_Doc1_MeanGirls,SAO,Comedy,Positive,MeanGirls,"In a wasteland of dumb movies about teenagers, Mean Girls is a smart and funny one. It even contains some wisdom… Lohan stars as Cady Heron… what she’s not smart about are the ways cliques work in high school, and how you’re categorized and stereotyped by who you hang with and how you dress. It’s sly, sharp, and often hilarious, but there’s also something more than just laughs going on. It invites us to look closely at teenage dynamics that, while exaggerated, ring true… Scenes such as the Burn Book reveal a truth about peer pressure and cruelty. Tina Fey’s screenplay is a comedic tightrope walk—funny and pointed without tipping into meanness. Mean Girls is high-school life amplified but grounded in relatable feelings."
222,SAO_Doc2_MeanGirls,SAO_Doc2_MeanGirls,SAO,Comedy,Positive,MeanGirls,"Mean Girls is a quintessential comedy that captures how hard it is to be a teenage girl finding your place in the world. The film holds onto legendary performances—from the geeks to the Plastics—and relatable growing pains for young women. It’s filled with quotable catchphrases, timeless fashion, and the social hierarchies of high school; it’s sweet, scathing, and enduringly relevant… Whether you're revisiting the film or discovering it for the first time, it resonates with authenticity and humor… Its lines have lived on in memes and pop culture. It’s not just funny––it’s culturally significant, a touchstone for teenage life in the early 2000s."
223,SAO_Doc3_MeanGirls,SAO_Doc3_MeanGirls,SAO,Comedy,Negative,MeanGirls,"The queasiest moment comes when Cady is persuaded to compete in a mathlete team against a rival school… the movie indulges in high‑school sadism disguised as comedy… although it packs many perfect gags into 97 minutes, some scenes feel indigestible. The film oscillates between sharp satire and cruelty—its humour walks a fine line and sometimes crosses it. The structure is clipped, but at times the wit tips towards the mean-spirited… You might find it indigestible."
224,SAO_Doc4_MeanGirls,SAO_Doc4_MeanGirls,SAO,Comedy,Negative,MeanGirls,"This scattershot musical remake… adheres so closely to the original story beats that you wonder what the point is. Sloppy dance sequences and a lack of new ideas hold it back. Yet Renée Rapp brings a carnivorous glint as Regina, and Avantika’s comic timing is impeccable… Still, the remake feels unnecessary, offering little beyond nostalgia, and the choreographed numbers can’t compensate for its creative emptiness."
225,SAO_Doc5_MeanGirls,SAO_Doc5_MeanGirls,SAO,Comedy,Positive,MeanGirls,"Mean Girls remains a sharp, quotable classic, perfectly capturing high school hierarchies with humor and heart. The screenplay by Tina Fey is full of wit, layered jokes, and moments of genuine insight into the lives of teenagers, with a cast that brings each role to life vividly. Lindsay Lohan’s performance as Cady is both relatable and engaging, while Rachel McAdams as Regina George is iconic. This comedy balances satire and empathy in a way that has made it endure in pop culture for decades, and it remains relevant with its observations about social pressure and teenage cliques."
226,SAO_Doc6_MeanGirls,SAO_Doc6_MeanGirls,SAO,Comedy,Positive,MeanGirls,"Mean Girls stands out for its biting humor and the way it captures the trials of high school life while remaining highly entertaining. The film combines a smart script, strong performances, and a keen observation of social dynamics in a teen environment, making it more than just another teen comedy. The comedic timing and writing ensure that the movie is both funny and perceptive, allowing it to resonate with audiences years after its release while maintaining its place as a cultural touchstone."
227,SAO_Doc7_MeanGirls,SAO_Doc7_MeanGirls,SAO,Comedy,Negative,MeanGirls,"Despite its popularity, Mean Girls occasionally struggles with balancing satire and sincerity, sometimes slipping into the same clichés it aims to parody. The narrative can feel uneven, and some character arcs are underdeveloped. While the film is often funny, the humor occasionally veers into territory that feels dated or overly mean-spirited, detracting from its more insightful moments. Its approach to high school social dynamics is clever, but it sometimes lacks depth beyond the surface of its comedic elements."
228,SAO_Doc8_MeanGirls,SAO_Doc8_MeanGirls,SAO,Comedy,Negative,MeanGirls,"Mean Girls attempts to offer a smart take on high school politics, but in doing so, it can sometimes come across as too focused on stereotypes. While the film delivers laughs, it occasionally does so at the expense of more meaningful commentary on the teenage experience. There are moments when the film feels like it is stuck in the same high school clichés it is critiquing, leading to a sense of contradiction within its satire. Its humor can feel biting to the point of discomfort, which can detract from its message."
229,SAO_Doc9_MeanGirls,SAO_Doc9_MeanGirls,SAO,Comedy,Negative,MeanGirls,"While Mean Girls has become a cultural phenomenon, its humor and message are not without flaws. The movie’s attempt at satire sometimes leads to scenes that are too cruel to be funny, making it hard to appreciate its cleverness. Characters can feel like exaggerated caricatures, and the storyline occasionally leans on predictable tropes, reducing the impact of its sharper observations. The film’s legacy is undeniable, but its execution can be uneven, and the film’s comedic tone occasionally clashes with its more serious undertones."
230,SAO_Doc10_MeanGirls,SAO_Doc10_MeanGirls,SAO,Comedy,Positive,MeanGirls,"Mean Girls blends humor with teenage angst, using sharp writing and memorable performances to highlight the absurdities of high school life. Tina Fey’s script provides a balanced perspective that is both critical and affectionate, allowing viewers to laugh while recognizing the truth behind the satire. The film’s enduring popularity is a testament to its successful mix of comedy and commentary, making it a standout in the teen comedy genre. It has remained culturally relevant, quoted, and referenced over the years, showcasing its ability to connect with different generations."
231,SJJ_Doc1_Taken,SJJ_Doc1_Taken,SJJ,Action,Positive,Taken,"Imagine Jason Bourne fifteen years after his trilogy of adventures, now retired, divorced, and with a teenage daughter. He's still the loner type, sleeping in chairs instead of beds out of habit, unable to shut down his obsessive training and attention to detail. Ready to spark into action at any moment, he kills out of reflex. With a broken family to protect, his abilities slumber until awoken. And when you mess with his personal life, he fights back, unleashing a harsh vengeance that's unmatched no matter how many goons you assign to stop him. That's Liam Neeson's character in Taken. Of course, Neeson isn't playing a middle-aged version of techno-stomping action hero Jason Bourne; Matt Damon wouldn't dare relinquish his title so willingly. Rather, his name is Bryan Mills, an ex-CIA ""preventor"" who's given up his license to kill and life of international travel to be near his daughter Kim (Maggie Grace), though she lives with her mother Lenore (Famke Janssen) in her stepdad's mansion. On her birthday, Kim gets a horsie and a party and lots more, but she also wants to go to Paris on vacation with her friend. Bryan doesn't think it's a good idea, and when your former superspy dad advises against something, you should really listen. Because he loves his little girl, he agrees to the trip. First thing off the plane, Kim and her friend virtually ask to be kidnapped when they share a cab with a strange man, who proceeds to ask them questions about where they're staying and so forth, which Kim and her friend willingly answer without a hint of suspicion. Kim's French holiday turns out pretty lousy when she's later kidnapped by Albanian sex traffickers. Luckily, she made a call to Daddy before she was ripped away from the phone. Bryan knows the score. A few telephone calls to his former associates later, and he's hot on the trail of bad guys doing scummy things. Unlike the aforementioned Bourne, Neeson's character has some emotional involvement beyond saving his own skin. He's on a desperate search, using harsh skills any parent of a kidnapped child wishes they had. While outsmarting local authorities, he tears into the Parisian underworld and leaves few alive to tell the tale. He kills without compunction in a perilous search to find his daughter, and while normally such unrelenting remorselessness might turn off some viewers, we never blame Bryan for his extreme prejudice. And indeed, his retaliations are extreme, as he tortures and kills execution-style those involved in the kidnapping. It might be suggested that Bryan is a symbol of American militarism, storming in and killing everyone in sight when one of his own gets into trouble, except the subtext in this yarn is too thin to analyze with any seriousness. Neeson offers a performance that won't earn him any praise for nuance or multilayeredness, but he creates a singular force, believable enough in his deep voice that, to be sure, his character can and will do"
232,SJJ_Doc2_Taken,SJJ_Doc2_Taken,SJJ,Action,Positive,Taken,"Liam Neeson believed that ""Taken"" would be ""a little side road"" on his career, suspecting that the action film would likely go straight to video. He was wrong. The relatively low-budget thriller  it was made for about $25 million  was a runaway hit, netting more than $145 million domestically over nine weeks in the box-office top ten. The 20th highest-grossing film of 2009, ""Taken"" begat a pair of sequels, both of which also topped the box office and made decent money (though they fared better overseas than domestically). As for Neeson's career, the side road proved to be long and winding. Suddenly, the veteran was an action star  a decided change of pace for a guy until then associated with prestige fare like ""Schindler's List"" and soft-edged characters like his mourning widower in ""Love Actually."" To correct a common misconception, though, the transformation wasn't immediate. In the aftermath of ""Taken,"" Neeson continued on two of the roads he frequently trod in the aughts: big-budget tentpoles and little indie flicks. He appeared in ""Chloe"" and ""After.Life"" the next year, and continued lending his voice to the ""Chronicles of Narnia"" series (along with the English-language dub of the Studio Ghibli film ""Ponyo."") He did ""The A-Team"" and ""Clash of the Titans."" He had a very particular set of skills, but he wasn't yet willing to use them too often. The more robust career change set in a full two years after ""Taken,"" with Neeson taking the lead in ""Unknown"" in 2011 and both ""The Grey"" and ""Taken 2"" in 2012. (In fact, it was longer than that; ""Taken"" debuted overseas a full year before its US release, so it's better thought of as a 2008 film.) Three separate action flicks  ""Non-Stop,"" ""A Walk Among the Tombstones"" and ""Taken 3""  appeared in 2014, immediately followed by ""Run All Night"" in 2015. Now the side road was a full-on career path  one that continues to this day. As I write this, the middling action flick ""The Marksman,"" starring Neeson as a disgruntled Texan rancher and ex-Marine, is the number one movie in America. Somehow, it's the second Liam Neeson movie to top the box office since the pandemic began. The road from ""Taken"" to Liam Neeson, Action Workhorse may not have been direct, but ""Taken"" was certainly the starting point. While he does bring a physical intensity  mostly around the eyes and fists  to action roles, the real source of this trend is his voice. It's no accident that the ""I will find you and I will kill you"" speech has become a meme; hearing Neeson's comforting, whiskey-kissed voice turn direct and sinister is the key moment in ""Taken,"" the most memorable thing in a fundamentally formulaic film. It also helped ""Taken,"" particularly in word-of-mouth, that it is direct, quick and uncomplicated. Running a breezy 90 minutes, the film has no interest in side-plots or detailed world building; aside from some dispensable business with a corrupt"
233,SJJ_Doc3_Taken,SJJ_Doc3_Taken,SJJ,Action,Positive,Taken,"""T aken's"" greatest asset resides within the perfectly cast Liam Neeson and the deliberate build of his fascinatingly merciless character. Rather than jump directly into the advertised plot, the film is careful to explore the anti-hero's troubled relationships and hint at the dark past that allows him to transform into the ruthlessly efficient soldier requisite for the task at hand. Halfway through the film, when audiences discover to what extent the protagonist is willing to go to accomplish his mission, it's impossible not to be engaged in his brutally unrelenting plight. Former government operative Bryan Mills (Liam Neeson) has retired from his job of long hours and dangerous work in an attempt to reconnect with his estranged daughter Kim (Maggie Grace). But with a restrictive ex-wife (Famke Janssen) and his naturally overprotective impulses, he finds the young woman drifting further away. Not wanting to compound their strained relationship, Bryan reluctantly permits Kim to vacation in Paris, giving her more freedom than he's comfortable with. Things quickly spiral out of control when she's kidnapped by Albanian slave traders from her hotel room. Now, in a desperate and deadly quest, Bryan will stop at nothing to track down those responsible, to save his daughter from the clutches of a depraved organization. Luc Besson certainly has an obsession with shady men with checkered pasts, forced to delve into disturbing criminal underworlds to seek redemption and vigilante justice. Antiheroes come in many styles, and although some critics may scour at unoriginal aspects of Liam Neeson's Bryan, the man still knows how to be a badass. In the rescue of his daughter, he has no limits; this creates many unexpected scenes of exercising an iron will and a frightening determination, which finds a seemingly heroic man donning a guise of villainy. And yet, all of it feels righteous  it's a testament to character design when the hero can remain a hero even after viciously torturing criminals or shooting innocent people to force a few quick answers. He may not be entirely unique, but this hardboiled, unflinching ""preventer"" is simply fixating. ""Taken"" is an action film connoisseur's perfect guilty pleasure. Bubbling over with chase sequences, shootouts (the kind where the baddies supply all the firepower), and fistfights, it takes on a realism not found in many of the action-for-the-sake-of-action flicks of recent years. Bryan's hand-to-hand combat skills don't rely on flamboyant or showy martial arts, instead taking a more realistic approach, with plenty of one-hit takedowns and throat-chops that effectively subdue the enemy in a stealthier manner. The authenticity of it all may be negotiable, but it's refreshing to see simpler forms of attacking and defending  and it's certainly more believable when random gun-toting henchmen aren't prepared with perfect kung-fu fighting techniques to combat the specially trained protagonist. ""Taken"" prides itself on its serious, dark tone. The villains' atrocities are amplified by their detestable trade; they will receive no sympathy from viewers when they get what's coming to them. The hero is also rather"
234,SJJ_Doc4_Taken,SJJ_Doc4_Taken,SJJ,Action,Positive,Taken,"Genre films are beginning to creep back into theaters after the big parade of Oscar-contenderspraise be to Godand one of them, a little actioner called Taken, is now tops at the box-office and deserves a quick hosanna. (Not that the Oscar nominees aren't an exciting topic too. Oh golly no. I've been meaning to write all about them and somehow just haven't gotten around to it. After all, what could be more riveting than making a case for which heart-tugging spectacle should win Best Picture, The Curious Case of Benjamin Button or Slumdog Millionaire? Or wondering whether Meryl Streep even has room in her bathroom for another Oscar? Stars all keep their awards in their bathrooms, see, to show how joshy and down-to-earth they are! It's fascinating!) Taken is a short, punchy B-movie, countering the ever-longer and more brooding big-budget action spectacles we've been seeing for a while now (the Bournes, the Bonds, the Batmans). Luc Besson, best known for directing La Femme Nikita, The Professional, and The Fifth Element, is producer and co-screenwriter here (with frequent collaborator Robert Mark Kamen), and through his company Europacorp he's grinding out consistently lively B-action fare like the Transporter series, assorted Jett Li movies, etc. Besson and director Pierre Morel last gave us the eye-popper 2004 action-fan-fave District B13. Their new one, Taken, is an old-fashioned vigilante film about a father rescuing his daughter from sex slavers who will, naturally, die in droves. The formula is freshened up with some unlikely casting: Liam Neeson as the lethal dad. Neeson is one of those stodgy respected actors, Irish, obviously, and with all sorts of classic stage roles and prestige pictures to his credit. He's an odd fit for the part of an ex-CIA American with an impressive homicidal skill-set who's given it all up in order to repair his relationship with his teenage daughter (Maggie Grace). But it works pretty well. Neeson is sad-faced and lumbering and low-wattage, which is great for the early scenes when he goes through the ritual everyday-life humiliations that will key us all up to watch him do maximum damage later. He lives in a crap apartment in L.A., and he's scorned by his gratuitously mean ex-wife (Famke Janssen, who really ought to think about whether she needs the money this bad) and her rich buffoon of a second husband (Xander Berkeley). Sad Dad also has to take stupid jobs to get by, like guarding a Britney-esque pop singer at a concert where someone with a sensitive ear for music is sure to want her dead. In his free time, he sits around at home staring at photos of his daughter. Some action fans will wonder if we needed to see quite so much corny daughter-love and cringy dad-humiliation before getting to the action. It IS a little weird, the lingering thoroughness of the set-up. But it makes sense in the long run. They're piling it on in the old-melodrama style, so that when the daughter finally gets abducted"
235,SJJ_Doc5_Taken,SJJ_Doc5_Taken,SJJ,Action,Positive,Taken,"""I don't know who you are. I don't know what you want. If you are looking for ransom, I can tell you I don't have money. But what I do have are a very particular set of skills, skills I have acquired over a very long career. Skills that make me a nightmare for people like you. If you let my daughter go now, that'll be the end of it. I will not look for you, I will not pursue you. But if you don't, I will look for you, I will find you, and I will kill you."" Liam Neeson is not your traditional action hero in Taken (2008). An Oscar nominee for playing the lead in Steven Spielberg's Schindler's List (1994), he was well over 50 when he took the role of Bryan Mills, a retired CIA agent who lost his family to the job and is now working to reconnect with his almost grown daughter Kim (Maggie Grace). He may be late to the game as a fatherhe stumbles through awkward visits and still thinks of his 17-year-old daughter as the little girl from years agobut when she's grabbed by kidnappers on a Paris vacation the awkward father becomes the ruthlessly focused agent with a single-minded purpose. Knowing he has no more than 72 hours to find Kim before the kidnappers sells her as a sex slave and gets her out of the country, he kicks into gear, flies to Paris, hits the scene of the crime, and follows the limited clues into the Parisian underworld. With no time for diplomacy and no backup apart from intelligence and virtual outreach from his former comrades-in-arms back in Los Angeles, Bryan is a man alone in the urban jungle, leaving a trail of bodies and destruction in the wake of his search for the Albanian mobsters who took his daughter, which makes him a target for both the mob and the French authorities. Call him the angry angel of retribution taking no prisoners on the odyssey to save his daughter. Directed with a ferocious efficiency and breathless momentum by Pierre Morel, who made his mark with the wildly entertaining French action thriller Banlieue 13, Taken is perhaps the best example of the films co-written (with Robert Mark Kamen) and produced by Luc Besson, who cranked out a steady stream of interesting and often engaging European-based action thrillers in the 21st century. The single-minded focus of the screenplay and the direction is as perfect reflection of Bryan, a middle-aged man up against a small army of younger criminals and an international syndicate of human traffickers. This isn't Superman righting the wrongs of the world, it's Alpha Dad using all the tools of spycraft and a lifetime of expertise on the front lines of international hot spots to take out every obstacle on his mission find his daughter. He takes no pauses, no detours, no unnecessary confrontations, and the action plays to his strengths, bluffing and infiltrating where possible, resorting to"
236,SJJ_Doc6_Taken,SJJ_Doc6_Taken,SJJ,Action,Negative,Taken,"Liam Neeson was up forbut never got to playJames Bond, and now he's getting even. In the violent, churning and laughably derivative action bruiser Taken, he's a suave, power-knuckled and once-lethal secret agent named Bryan Mills who, in truth, is just as mean as 007 but maybe slightly more human (he's an ex-husband, as well as a parent who loves his child unconditionally). And he's paid a price for his fists. Bryan once devoted so much concentration and energy to his job as a ""preventer"" (""I prevented bad things from happening"") that his wife (a wasted Famke Janssen, who usually plays these roles herself) left him for a rich California businessman and took their daughter with them. So Bryan retired, moved to Los Angeles to make up for the frayed relationship with his estranged daughter Kim and sacrificed his own career to be near her. All he does now is grill steaks for his buddies and work occasional security jobs like guarding pop stars at rock concerts. But old habits die hard, and Bryan has forgotten none of the special skills he learned from his years with the C.I.A.a knowledge of weapons, wiretaps, deciphering secret codes, scaling buildings like Batman and wiping out anything that gets in his way without regretif he suddenly needs them. When his virginal 17-year-old (huh? In L.A.?) embarks with her girlfriend on a whirlwind tour following the rock group U2 across Europe and, within hours of her arrival in Paris, gets kidnapped by Albanian white slavers, Bryan shifts into demolition mode and takes no prisoners. He may be a has-been, but within 96 hours he's torn down everything in Paris with his bare hands except the Eiffel Tower. First, he leaves a message on the kidnappers' cell phone, which just happens to be lying under the bed where his daughter is hiding: ""I will look for you. I will find you. And I will kill you."" He does, of course, but not before he slam-dunks his way through the City of Light, turning it into darkness. Equipped with Uzis, knives, swords and even an electric chair, Bryan works without official supervision or an expense account, yet never seems to run out of steam or cash. And there is no limit to his ability to tap international phone lines, spark the ignition in foreign cars without keys and find new ways to torture and kill his victims. In one scene, when he fails to get the right answer from a man strapped to a chair in the middle of a brutal interrogation, he electrocutes him, filling the room with smoke, fire and the smell of burning flesh. Each new victim (including some of France's leading power players) only piques the simmering rage of a vengeful parent, and we all know that a dangerous secret agent with a mission makes for panic in the streets. Turning the tables on master fiends, police officials and their families, ransacking Paris for clues, Bryan ends up in a shootout on"
237,SJJ_Doc7_Taken,SJJ_Doc7_Taken,SJJ,Action,Negative,Taken,"On August 25, 2006, a Romanian named Cristian Nemescu was killed in a car crash at the age of twenty-seven. He was returning from an editing suite, where he had been working on a cut of ""California Dreamin'."" This was Nemescu's first feature as a director, and we will never know exactly how the finished film would have looked; the regret, though deep, is not all-consuming, because ""California Dreamin' "" bears almost no trace of the tyro. It could use a trim, but only rarely does it strain for effect, and, for a young man, Nemescu was uncannily versed in the emotions of middle agefree-floating rancor, the creak of unhelpful wisdom, and a covetous sigh at the spectacle of lust. If it's regret you want, don't mourn the director; just watch his movie. The year is 1999, during the conflict in Kosovo, and the place is Constanta, Romania, on the Black Sea. A platoon of American marines has arrived with a shipment of military radar, to be deployed near the Serbian border in support of air raids by the NATO coalition. The plan is to put the equipment on a train and escort it across Romania: hardly an errand to perplex the guy in charge, Captain Jones (Armand Assante). That's what he thinks. On a sleepy summer's day, the train grinds into a railroad station in the village of Capalnita, at the back end of nowhere, to be met by the devil incarnate. His name is Doiaru (Razvan Vasilescu), he is the stationmaster, and, like all the best Beelzebubs, he doesn't look the part. With his lined and grizzled face, poised to crease into a smile, he could be the gentlest of patriarchs; but the man is a beast, who has built up a black market, terrorized the other villagers, and brought a nearby factory to its knees. He loves his daughter Monica (Maria Dinulescu), a sullen beauty of seventeen, but his loveor, as she sees it, his dread of being alonevents itself as a fearsome wish to control. No wonder she longs to cut loose. And here comes her chance: a herd of American boys, as dazed and horny as bullocks in the wrong pasture. They expect a brief halt, instead of which they linger for five days and browse among the locals. This is because Doiaru uncouples the engine and demands customs documentation, which nobody seems able to provide. Single-handed, in other words, he blocks the progress of American might, and why? A succession of haunting flashbacks to his own boyhood, in the Second World War, when he waited for Allied help that never came, suggests a possible cause, but Vasilescu's earthy performance tells of something more stubbornly rooted: a force of ill will, which cannot abide the good will of others. The irony is that, in stopping the train, he sets off a burst of everything he loathes: friendship, zeal, and the fireworks of desire. The mayor of Capalnita, spotting a chance to put his little kingdom"
238,SJJ_Doc8_Taken,SJJ_Doc8_Taken,SJJ,Action,Negative,Taken,"If CIA agents in general were as skilled as Bryan Mills in particular, Osama bin Laden would have been an American prisoner since late September 2001. ""Taken"" shows Mills as a one-man rescue squad, a master of every skill, a laser-eyed, sharpshooting, pursuit-driving, pocket-picking, impersonating, knife-fighting, torturing, karate-fighting killing machine who can cleverly turn over a petrol tank with one pass in his car and strategically ignite it with another. We meet Mills (Liam Neeson) in ""sort of retirement"" in Los Angeles, grilling steaks with old CIA buddies and yearning to spend more time with his 17-year-old daughter, Kim (Maggie Grace). Kim now lives with her mom, Mills' ex-wife (Famke Janssen), and her effortlessly mega-rich husband (Xander Berkeley), whose idea of a birthday present is giving Kim not a pony, but what looks like a thoroughbred. Mills has seen action in Afghanistan and apparently everywhere else, and knows it's a dangerous world for a naive teenage girl. He is against Kim spending the summer in Paris with her girlfriend, even though ""cousins"" will apparently chaperone. He's right. Kim and her pal succeed in getting themselves kidnapped the afternoon of the same day they get off the plane, although Kim has time for one terrified phone call to Dad before she's taken away. Now listen to this. Using CIA contacts at Langley, Mills is able to use his garbled tape of their conversation to determine the name of his girl's kidnapper (Marko), that he is Albanian, that his ring kidnaps young tourists, drugs them and runs them as prostitutes; the virgins are auctioned off to Arab sheiks and so on. Headquarters also tells Mills he has 96 hours to rescue his daughter before she meets a fate worse than death, followed by death. With this kind of intelligence, the CIA could be using bin Laden's Visa card in every ATM in Virginia. It's the set-up for a completely unbelievable action picture where Mills is given the opportunity to use one element of CIA spycraft after another, read his enemies' minds, eavesdrop on their telephones, spy on their meetings and, when necessary, defeat roomfuls of them in armed combat. At one point, a former colleague in the Paris police says he has left seven bodies behind. He's just getting warmed up. How this man and his daughter could hope to leave France on a commercial flight doesn't speak highly of the French police  and the new ""Pink Panther"" doesn't open for a week. Oh, why does he have only 96 hours? To provide the movie with a handy deadline, that's why. It's always a puzzle to review a movie like this. On the one hand, it's preposterous. But who expects a ""Bourne""-type city-wrecking operative to be plausible? On the other hand, it's very well-made. Liam Neeson brings the character a hard-edged, mercilessly focused anger, and director Pierre Morel hurtles through action sequences at a breathless velocity. If Kim is an empty-headed twit, well, she's offscreen most of the time, and the"
239,SJJ_Doc9_Taken,SJJ_Doc9_Taken,SJJ,Action,Negative,Taken,"Trashy paranoid thriller directed by Frenchman Pierre Morel (""The Transporter""/""District B13""). The preposterous script is by Frenchman Luc Besson (who specializes in Eurotrash) and the American Robert Mark Kamen. The 56-year-old talented Irish thesp Liam Neeson steps down from his more arty pics and takes a turn as a James Bond type of action hero and single-handedly brings down a dangerous foreign crime ring on their turf, if you can believe. If escapist fantasy films that are fast-paced, filled with well-staged testosterone-driven action and you don't mind that it's not-to-be-taken seriously for even a sec, then this entertaining but mindless roller coaster ride of a taut film is probably just right for you. I found it too absurd to be 'taken' in by it, even its best assetits skill in filmmaking techniques left me thinking more bad trip than going with its adrenaline high. Bryan Mills (Liam Neeson) is a retired CIA agent, who is divorced from his wife Lenore (Famke Janssen). She's remarried to the tycoon Stuart (Xander Berkeley) and lives a life of pleasure in Los Angeles, while Bryan barely gets by on his pension. Doting estranged father Bryan just lives for his now 17-year-old daughter Kim (Maggie Grace), an aspiring pop singer, as he retired early because he missed following his daughter grow up and now wishes to make up for years of parental neglect due to career obligations. Against her overbearing dad's advice, the underaged Kim without an adult chaperone goes for a summer holiday with her teenager girlfriend Amanda (Katie Cassidy) to Paris (which is viewed as a terrifying place by the spy and that teens on holiday can't be trusted to behave without supervision) when she agrees to his strict set of rules. As soon as Kim arrives in Paris for her summer vacation, a spotter (Nicolas Giraud) for an Albanian white slaver ring orchestrates the kidnapping of the two girls from their luxurious residence. The spy hears all this on the special cell phone he laid on his daughter and rushes to Paris, as his CIA pals in L.A. tell him he has at best 96 hours to save her from being swept away to a life of prostitution. Since Bryan seems to be the only one in the world capable of retrieving his daughter, he goes it solo. Just before he goes on his mission, he lets the kidnappers know that he has ""a very particular set of skills acquired over a very long career in the shadows, skills that make me a nightmare for people like you. . . . I will look for you, I will find you. And I will kill you."" If you don't find this silly and that the filmmakers are just cynically manipulating US foreign prejudices for this blockbuster entertainment spectacle to cash in, then you might as well sit back, relax and watch Neeson kick-ass with his repertoire of judo skills that he expertly does without making a fool of himself (also once in a"
240,SJJ_Doc10_Taken,SJJ_Doc10_Taken,SJJ,Action,Negative,Taken,"Any parent could relate to Bryan Mills (Liam Neeson), the retired super-spy at the center of Taken. All he wants is what's best for Kim, his 17-year-old daughter (Maggie Grace). Divorced from her mother and overshadowed by her filthy-rich stepfather, he would, he says, ``sacrifice anything for her.'' Watch More exp-customer-logo Specifically, he would kill each and every scum he meets in Paris. The number he does on the City of Lights is comparable, corpse-for-corpse, to any damage wreaked by Jason Bourne. With one key difference: Jason has a conscience, or wishes he did. Bryan has none. I mean none. The only life that means anything to him is Kim's, and when she gets nabbed by Albanian sex traffickers on a trip abroad, Bryan hops on a plane and lays waste to gay Paree. Advertisement Article continues below this ad ""You can't just run around tearing up Paris!"" whines a French colleague (Olivier Rabourdin). Au contraire, Bryan says: ""I'll tear down the Eiffel Tower if I have to."" Clench-jawed action star is a new gig for Neeson, but the Man Who Was Schindler has long worn the mantle of heroism. The twist this time is an utter lack of moral complexity. He's a dad, and he's a killing machine, and that's it. This blindered characterization makes for a driving premise and a few interesting scenes, but it gets to be a bore after the shock wears off. If he'll kill or maim just about anyone, where's the suspense? It's less Neeson's fault, or even director Pierre Morel's, than the movie's co-writers: Robert Mark Kamen and the entertainingly shlocky Luc Besson, who also produced. The Besson-Kamen writing team gave us The Fifth Element, all three Transporters and, most recently, a little Norwegian-Mexican comic Western called Bandidas. They're just the men for high-gloss knockabout bloodshed. Advertisement Article continues below this ad So Bryan shoots people. He knifes them. He snaps their necks, sprays them with hot steam and chases them onto highway ramps where they're conveniently smooshed by oncoming traffic. He electrocutes a guy for information, then flips on the switch and leaves. He wings a lady whose only crime is cooking him a nice chicken dinner  and being married to the wrong man.The film's single most effective scene is the tense trans-Atlantic sequence when Kim, on the phone with her father, sees her airhead friend (Katie Cassidy) abducted in a Parisian flat and realizes the kidnappers are coming for her next. As Bryan instructs his daughter to scream identifying characteristics (height, hair color, tattoos) into her cell, the camera looks squarely at Neeson's pale brow and watery blue eyes. He doesn't cry; his face is gripped not by immobilizing grief but by pragmatism, professionalism and the need to act immediately. After he arrives in France, there's a bit of quirk with a fellow hired to translate Albanian. What a nifty touch  hey, Bourne never hired a temp. For a minute there, movie begins to approximate real-world logic. But then"
241,TRG_Doc1_Inception,TRG_Doc1_Inception,TRG,Action,Positive,Inception,"Leonardo DiCaprio and friends are ninjas of the subconscious, dashing through the landscape of other people's dreams, in Christopher Nolan's Inception. This endlessly fascinating swirl of a film could have come only from Nolan, who blends the cerebral twistiness of Memento (his thriller that moves backward in time) with the spectacular action of his Batman megahit, The Dark Knight. DiCaprio, as a thief-for-hire named Cobb, doesn't merely skulk around sleeping minds, pilfering strangers' secret thoughts. He and his team, complete with architect, actually construct the dream worlds they'll enter, with streets that can rise up and become wallsthe city as Murphy bedor, if things go wrong, a train roaring through city traffic. You may get a headache keeping up with the plot as Cobb tries to plant a new idea in a man's brain; stealing thoughts is simple, but adding one is a risky operation involving a dream within a dream within a dream. Even as you tick off the film's overload of references, thougha Matrix here, a James Bond therethe amazing effects and Cobb's quest carry you along. But Nolan is the brainiest of Hollywood directors, and Inception is more than the ultimate ""it was all a dream"" movie. It is the most sophisticated in a year of splashy screen events about parallel worlds, in which characters enter alternate realities and return with some solution to personal and often global problems. Cobb's dangerous assignment is meant to save the world from an energy conglomerate. Avatar's hero goes to Pandora, falls for its nature-loving people, and learns to value the environment. The characters on Lost travel sideways to other times and places in what seems an attempt to escape the island, but turns out to be a way to save their own souls. Even Tim Burton's Alice in Wonderland transforms Lewis Carroll's story into a journey of self-discovery fit for the 21st century. The movie's Alice is a 19-year-old who returns from Wonderland realizing she doesn't have to marry the smug gentleman her family selected; she can head out to sea and open a trade route to China instead. These films, not radical-minded indies but among the most expensive and popular onscreen, suggest that reality is so fraught and problematic that we need to go elsewhereout of this world or deep into our mindsto see things clearly. They evoke a Wizard of Oz parallel dimension (""You're not in Kansas anymore, you're on Pandora,"" the villainous colonel in Avatar warns), but their lessons are more political than ""There's no place like home."" Cobb is hired by a businessman (Ken Watanabe) to plant a thought in the brain of a rival (Cillian Murphy). The new idea: the rival must break up the conglomerate he is about to inherit, which is poised to control half the world's energy and become, as one character puts it, ""a new superpower."" A too-powerful energy company? Nolan's astute and prescient observation seems like eyes-open common sense in these BP-weary days. As his plot mirrors world events, Nolan"
242,TRG_Doc2_Inception,TRG_Doc2_Inception,TRG,Action,Positive,Inception,"Why do we dream? Does anyone really know for sure? Probably not, but writer-director Christopher Nolan takes a stab at breaking down the structure of a dream and the influence of the subconscious in Inception. There's nothing more perplexing than the unknown and Nolan uses that to his advantage. It's one thing to simply make up a story about a theoretical concept, but it's another to come up with a scenario and actually make it feel real and that's exactly what he achieves in Inception. It may be Nolan's dream world, but it's so exciting, so disturbing and seems so authentic, you might start to wonder. Dom Cobb (Leonardo DiCaprio) is an extractor. He's employed to sneak into people's dreams and steal their secrets. Turns out the gig comes with some serious baggage and Cobb wants out, but the only way he can safely return home is by completing one last job for a businessman named Saito (Ken Watanabe). The problem is, Saito doesn't want Cobb to snatch someone's secret information, he wants him to do the unthinkable, plant an idea in a subject's mind  inception. The general premise, while intriguing, can sound pretty absurd, but Nolan approaches the story in such a well thought out and artistic manner, it practically feels real. Even when the information is sparse, Nolan grabs hold and doesn't let go through sheer stellar action and cinematography. In the film's opening scene, little is known about Cobb's line of work, however, you're eager to join his cause making the reality of the situation a little easier to digest when Cobb comes to. And that's when the real fun begins. Once the stage is set, Cobb begins to assemble his team for the inception gig. He's already got his right hand man, Arthur (Joseph Gordon-Levitt), but now must find himself an architect. That's where Ellen Page comes in. She plays Ariadne, a budding designer who's swooped up by Cobb and hurled into his dream worlds. Cobb also enlists the help of a forger, Eames (Tom Hardy), a chemist, Yusuf (Dileep Rao), and even agrees to take his employer, Saito, along for the ride. Together they'll infiltrate the mind of an heir to a major corporation, Robert Fischer, Jr. (Cillian Murphy), and plant an idea so deep inside, he'll think it was his all along. Inception clocks in at a whopping 148 minutes, but not once will you feel compelled to check your watch. The drizzle of data during the opening sequence quickly becomes a shower once Cobb amasses his crew and from then on, even blinking can run you the risk of missing a vital piece of information. You're not a member of the audience, you're a member of Cobb's team and should you misstep, it could thwart the whole operation. Further aiding Nolan's effort to suck you into the scenario is his superb depiction of the action. In reality the colors are rich and the characters engaging, but once the player drifts off into"
243,TRG_Doc3_Inception,TRG_Doc3_Inception,TRG,Action,Positive,Inception,"What in the name of almighty summer blockbusters is Inception? Is it a mind-warping science-fiction epic, a rebooted Matrix for Generation Z? A paranoid corporate thriller and one-last-job heist movie? An Odyssey of delayed homecoming? The greatest Philip K. Dick story that Dick never wrote? Or is it a grief-soaked ode to the Freudian subconscious  a layered, labyrinthine meditation on the seduction and impact of dreams? It's all of the above. And I'll tell you what else it is: spellbinding. Transporting. Damn-near indescribable. What's more, it's only the latest indication that Christopher Nolan might be the slyest narrative tactician making movies today. Anything that can be said about the film (and I'll say some of it in a moment) will likely baffle viewers with a low tolerance for noodle-twisting sci-fi, computer-dazzled effects or Leonardo DiCaprio. But don't hold any of that against this extraordinary movie, a profoundly strange - and strangely profound - spelunking trip through the cavernous human psyche. Inceptionis Nolan's follow-up toThe Dark Knight, the Batman movie that was so much more. His newest is a head trip and so much more. It stars DiCaprio as Cobb, a corporate thief who specializes in ""extracting"" secrets from the minds of dreaming victims. Then he's hired by a Japanese businessman (Ken Watanabe) to do the opposite - i.e., to plant an idea rather than nick one away. To that end, he assembles a dream team to plan and launch his attack: Joseph Gordon-Levitt as a pragmatic researcher; Tom Hardy as the ""forger,"" a cocky dream-world impersonator; Dileep Rao as the chemist who cooks up super-powered sedatives; and Ellen Page as the ""architect,"" a talented rookie whose first try at dream manipulation folds a Paris neighborhood in half (wow). If that sounds weird, just you wait; it gets weirder. I haven't loved a movie this bonkers since Waking Life, Richard Link-later's animated look at nesting dream states, or maybe The Fountain, Darren Aronofsky's rapturous oddity about a heartbroken cancer researcher-cum-conquistador. Nolan's screenplay (he wrote and produced as well as directed) spreads beyond the main conceit like ivy fingering a wall, moving up and out and down to embrace multiple levels of subconsciousness. His plan is to ""seed"" a viral thought in the well-guarded subliminal depths of a corporate scion (Cillian Murphy), tunneling so far in they need a triple-stacked dream-within-a-dream-within-a-dream just to get there. Complicating matters is Cobb's unresolved attachment to his wife, who shows up in dreams as a discombobulated Marion Cotillard. (In a lovely nod to Cotillard's La Vie En Rose, for which she won an Oscar, Edith Piaf appears on the soundtrack.) The sum effect is convoluted, to say the least, but all those fantastical plot twists are realized with surprising clarity, persuasive logic - and elemental human pain. Wally Pfister, a repeat Nolan collaborator going back to Memento, does his usual dark magic behind the camera, conjuring a sleek look for shadowy doings. Hans Zimmer's fourth score for Nolan is bellowing and brilliant, the perfect, thudding"
244,TRG_Doc4_Inception,TRG_Doc4_Inception,TRG,Action,Positive,Inception,"Dreaming is life's great solitary adventure. Whatever pleasures or terrors the dream state provides, we experience them alone or not at all. But what if other people could literally invade our dreams, what if a technology existed that enabled interlopers to create and manipulate sleeping life with the goal of stealing our secret thoughts, or more unsettling still, implanting ideas in the deepest of subconscious states and making us believe they're our own? Welcome to the world of ""Inception,"" written and directed by the masterful Christopher Nolan, a tremendously exciting science-fiction thriller that's as disturbing as it sounds. This is a popular entertainment with a knockout punch so intense and unnerving it'll have you worrying if it's safe to close your eyes at night. Having come up with the idea when he was 16, Nolan wrote the first draft of ""Inception"" eight years ago and in the interim his great success with ""Batman Begins"" and ""The Dark Knight,"" not to mention the earlier ""Memento,"" put him in a position to cast Leonardo DiCaprio and six other Oscar-nominated actors and spend a reported $160 million in a most daring way. For ""Inception"" is not only about the dream state, it often plays on screen in a dreamlike way, which means that it has the gift of being easier to follow than to explain. Specifics of the plot can be difficult to pin down, especially at first, and guessing moment to moment what will be happening next, or even if the characters are in a dream or in reality, is not always possible. But even while literal understanding can remain tantilizingly out of reach, you always intuitively understand what is going on and why. Helping in that understanding, and one of the film's most satisfying aspects, are its roots in old-fashioned genre entertainment, albeit genre amped up to warp speed. Besides its science-fiction theme, ""Inception"" also has strong film noir ties, easily recognizable elements like the femme fatale, doomed love and the protagonist's fateful decision to take on ""one last job."" That would be DiCaprio's Dom Cobb, a thief who specializes in what's called extraction, in taking secrets from the subconscious. Aided by Arthur (a fine Joseph Gordon-Levitt), the trusted associate who is a whiz at the mechanics involved, Cobb is introduced in the middle of a dream involving Saito ( Ken Watanabe), a wealthy Japanese businessman. That one last job is soon proposed by Saito, who asks Cobb if he is also able to do inception, the planting of ideas, a maneuver many people believe can't be done. Saito promises Cobb, who has a past which prevents him from returning to his children in America, the one thing he can't resist. If he takes on this one last job, if he agrees to practice inception on Robert Fischer ( Cillian Murphy), the heir to a multibillion-dollar energy empire, he will be able to return home. In true movie fashion, Cobb has to round up a team to do the job. Aside"
245,TRG_Doc5_Inception,TRG_Doc5_Inception,TRG,Action,Positive,Inception,"Last night I dreamt I saw Inception, Christopher Nolan's dizzying tale of a gang of thieves who infiltrate the sleep of their victims, stealing ideas and whipping up mischief. Who knows: maybe it really happened. The trouble with Nolan's film is that it pulls so many tricks and double bluffs that it is often hard to get your bearings. And so, like the movie's characters, we are left to blunder blindly down the rabbit hole, labouring to tell the ceiling from the floor and wondering desperately, in the words of one protagonist, ""just whose subconscious we're in now, exactly"". Happily, in the case of Inception, getting lost is half the fun.Leonardo DiCaprio stars as Cobb, a haunted corporate ""extractor"" who accepts a mission to plant an idea in the head of billionaire industrialist Robert Fischer (Cillian Murphy). So far, so perplexing, except that Nolan is only getting started. On gaining access, the gang discovers that Fischer's subconscious has been ""militarised"" and is now primed to defend itself. Worse, the gang's assignment is constantly threatened by the appearance of Mal (Marion Cotillard), a ghost from Cobb's past who is here re-imagined as a knife-wielding angel of vengeance. Before long, Ellen Page's bright young helpmate twigs what's happening. ""The deeper we go into Fischer,"" she explains to Cobb, ""we also go deeper into you."" But what an electrifying trip this turns out to be. Full credit to Nolan for at least laying out some ground rules before he yanks away the props. Inception unfolds as a kind of metaphysical heist movie: a Thomas Crown Affair of the senses. It takes its various dream states and arranges them like Chinese boxes, one within the other and each running to a different clock, like Narnia. In dreamland, it transpires, five minutes last an hour and a kingdom can be won or lost in the time it takes for a van to flip off the road. But the momentum of the van still finds a way to percolate down through the levels. In one bravura set piece, the guests at a sterile business hotel are forced to brace their legs against the wall as the whole building lists lazily to one side. Over recent years, Christopher Nolan has made his millions at the helm of the Batman franchise. But Inception marks a return to the audacious concepts and narrative trickery of his 2000 breakthrough, Memento. It is that rarest of beasts: a slippery, cerebral summer blockbuster that slaloms from illusion to reality and back again and leaves its viewer bewitched, bothered and bewildered. Possibly Nolan's film is finally too slick and quick for its own good. Perhaps it is fated to lose a little impact and logic when scrutinised later, in the cold light of day. But let's not quibble. The acid test is whether it works in the moment, in the dark, in the shared dream at the local multiplex. Inception does - with bells on."
246,TRG_Doc6_Inception,TRG_Doc6_Inception,TRG,Action,Negative,Inception,"Christopher Nolan's Inception is Instruction Manual Cinema, a film that spends so much time explainingand explaining, and explainingthe rules of its narrative conceit that it fails to either emotionally engage or, except in a few notable spots, viscerally thrill. Working from a canvas at once larger than The Dark Knight and yet markedly reminiscent of it (not to mention countless other celluloid sagas), Nolan's would-be epic is a work of sometimes stunning imagery but only affected heart, a pseudo-heist film that borrows liberally from all corners of the cinematic world (The Matrix, eXistenZ, Last Year at Marienbad, the canons of David Lynch and Michael Mann) in service of a tale that's as hollow as its reality-bending Rubik's Cube ruses are intricate. Focusing on a secret agent man named Cobb (Leonardo DiCaprio), who enters people's dreams to steal vital pieces of well-kept information, Nolan's sci-fi latest is enraptured by the sense of falling down the rabbit hole, not simply via its dreams-within-dreams-within-dreams centerpieces, but through the sheer wealth of information it vomits up at every turn. Head-spinning exposition takes the place of wonder throughout, leaving only the transient rush of particularly vivid visuals and a faint whiff of a better film that could have been. Nolan wastes no time with setup, immediately thrusting viewers into a perplexing scene in which Cobb washes up on a sunny shore, sees a vision of two young children playing in a grassy yard, and then visits an elderly Japanese man whom he seems to know. This encounter takes place in a gorgeously decorated chamber with wall panels and hanging lamps, but lingering to admire the sights isn't Inception's strong suit, and soon the film is off into other apparent realities, with chitchat filling in the gaps at breakneck speed. Turns out, Cobb is trying to pilfer valuable knowledge from corporate bigwig Saito (Ken Watanabe) as a test to see if he's up for a larger taskone that involves not taking info from someone's mind (a process called ""extraction""), but rather, inserting a new idea (dubbed ""inception"") in the noggin of energy magnate Maurice Fischer's (Pete Postlethwaite) only heir, Robert (Cillian Murphy). For mysterious reasons related to his dead wife, Mal (Marion Cotillard), who has a penchant for showing up unannounced in dreams and thwarting Cobb's robberies, Cobb isn't instantly interested in this dangerous, difficult gig. Nonetheless, Saito's promise that performing the job will mean Cobb can finally return home to the U.S.where his kids are, and from which he's been exiled for enigmatic legal reasonsquickly seals the deal. From there, we're treated to a lengthy middle section in which Cobb assembles his team and concocts his ruse, a standard heist-film structure that quickly proves most notable for the myriad rules governing dream infiltration, and for the wholesale lack of importance of said regulations. Phony tech, philosophical, and psychological terminology abounds but it's all of little concern except as a means of generating confusion, which in turn distracts attention from the inconsequentiality of the heist itself."
247,TRG_Doc7_Inception,TRG_Doc7_Inception,TRG,Action,Negative,Inception,"In Christopher Nolan's Inception, Leonardo DiCaprio plays Dom Cobb, whose name sounds like it should evoke something -- a colleague suggests dummkopf, but I doubt that's the intention -- and whose specialty is plunging into peoples' minds while they sleep and extracting corporate secrets. His new client, a business titan played by Ken Watanabe, wants Cobb not to steal an idea but to plant one in a rival's head. That's called ""inception,"" and it's believed, even in this futuristic world, to be impossible. Frankly, I got hung up on that. Why should ""inception"" be harder than extraction? ""The subject's mind always knows the genesis of an idea,"" one character explains, but that strikes my mind as dead wrong. I'm highly suggestible. I don't always know where my ideas come from. But there's one thing I'm sure of: Inception doesn't all come from Nolan's head. It's a clunky mix-'n'-match of other mind-bending blockbusters like Mission: Impossible, Fantastic Voyage, Dreamscape and The Matrix, with some Freud and Philip K. Dick thrown in. It's not terrible -- just lumbering and humorless and pretentious, with a drag of a hero. Cobb accepts the job of planting an idea in the mind of a man named Fischer (Cillian Murphy) because he longs to see his two little kids in the U.S. and is forbidden to return on account of a Crime To Be Revealed Later -- and his new client can make the legal problems go away. The best part of the movie is Cobb assembling his team, among them Joseph Gordon-Levitt as the point man. And Ellen Page's character, an architecture student named Ariadne, has two functions: dream-world designer and exposition magnet. She's the newbie, so Cobb has to explain how the science works. But Nolan thinks like a mechanical engineer. Instead of creating one dream that's really evocative, he opts for ordinary-looking dreams within dreams ... within dreams. See, in a dream, you can fall asleep and have another dream, in which you can fall asleep and have another dream -- except time works differently at different depths. A minute in the waking world might be 10 minutes in the dream, an hour in the dream-within-a-dream, and in the dream-within-a-dream-within-a-dream, years. The gimmick lets Nolan have three clocks ticking down instead of one -- which should be killingly suspenseful. But he's too literal-minded, too caught up in his tick-tock logistics, to make a great, untethered dream movie. The tone is impersonal, the action disjointed. There is a nice Freudian touch, a female saboteur who keeps popping up in Cobb's unconscious: his wife, Mal, played by Marion Cotillard. She has a great first scene, surveying her Mal-evolent handiwork with glittering eyes. But then the Mal subplot turns grim. She's the key to what eats away at Cobb, so as the team prepares to jump into the head of Fischer, Ariadne has to play therapist. ""As we go deeper into Fischer,"" she tells Cobb, ""we're also going deeper into you. And I'm not sure we're"
248,TRG_Doc8_Inception,TRG_Doc8_Inception,TRG,Action,Negative,Inception,"Christopher Nolan's Inception, like Pixar, works at the cutting edge of technological sophistication. It is a grandiose conceptual thriller in which Leonardo DiCaprio plays a brilliant ""extractor"", one who enters another's dreams and filches their secrets. Apparently his success rate has made him notorious in the corporate espionage racket, but now there's a new wrinkle. His latest client (Ken Watanabe) wants him not to steal an idea, but to insert one in the mind of a business rival (Cillian Murphy). For the first 15-20 minutes I had absolutely no idea what was going on. Dreams-within-dreams, projections, figments and mazes are part of the fancy talk batted around by DiCaprio and his cool young team of specialists, who include Ellen Page, Tom Hardy, Joseph Gordon-Levitt and Dileep Rao. As the fog thins, we find that Nolan is dispersing his narrative over a number of levels, flip-flopping between a car chase through rain-lashed streets, a gunfight atop an Alpine redoubt, another in ""unreconstructed dream space""  wherever that is. So we're essentially watching a sychronized cycle of dream sequences, with occasional intrusions from the ghost of DiCaprio's wife (Marion Cotillard), who still has some unspecified grievance with her husband. This is a lot to digest, even at two-and-a-half hours' length. It is intricate, it is convoluted, it is mysterious. It is also lavishly boring. Advance word on the movie promised mind-blowing visual effects, and there are indeed some arresting images along the way. Admire, if you will, a city folding over on itself like a gigantic sandwich, or the funhouse spectacle of Gordon-Levitt fighting a bad guy in a zero-gravity hotel corridor. But the point of them? Are we really admiring inventiveness here, or just those tricks that designers can conjure in a lab? It is said that Inception is a long-cherished project of Nolan's, though its metaphysical hoop-jumping has nothing new on the first Matrix, or Minority Report, or even his own great Memento, which is about 10 times more exciting and made for a fraction of the present film's $200m. The real cause of wonder, though, is why Nolan should have embraced technocratic complexity in the service of such a puny story  namely, how to dupe the unloved son of a tycoon into breaking up his business empire. What possible insight does that afford us into our dreams, or our fears, or that level of consciousness we know as ""life""? And this is a film I've already heard being hailed as a masterpiece. Hmm. In your dreams..."
249,TRG_Doc9_Inception,TRG_Doc9_Inception,TRG,Action,Negative,Inception,"The risky proposition gets its first test when it opens on July 16 in North America (with a PG-13 rating) and the UK. Competition will be especially stiff in the US and with stars apparently counting for less at the box office this summer Warner's deliberately cryptic marketing campaign will need to prove effective. In other markets (most of which get the film during the second half of July) DiCaprio and the big scale action will certainly sell tickets and the international locations and internationally-flavoured supporting cast should provide an additional boost. DiCaprio's Dom Cobb is a top drawer 'extractor,' a corporate spy who steals business secrets by sneaking into the subconscious minds of executives during shared dream experiences. For reasons that are only revealed as the story unfolds, the globetrotting Cobb can't return to his home and family in the US. But when a powerful client offers to rectify that situation Cobb agrees to take on a special job - planting rather than extracting an idea by performing the nigh on impossible task of 'inception.' Working from his own, apparently long in the works, screenplay, Nolan structures the film's first hour like a heist caper, though the mostly sombre mood is more reminiscent of the writer-director's 2008 Batman blockbuster The Dark Knight. As Cobb assembles his team of specialists - among them a trusted lieutenant (Joseph Gordon-Levitt from 500 Days of Summer), a sassy architecture student (Juno's Ellen Page) and a sleazy forger (Bronson lead Tom Hardy) - the film goes through a few too many scenes of silly-sounding explanatory dialogue and awkward attempts at humour. Much more arresting are the scenes in which Cobb and his team enter their own or others' dreams. The dreamworld effects - particularly the shots of the city of Paris folding up on itself - are flawlessly realised and extremely impressive, though not as frequent as the film's trailers and ads suggest. In its final hour, Inception becomes more conventional and less imaginative. The rules of the dreamworld still frame the action - to complete their task Cobb and co have to enter dreams within dreams, risking descent into a long-lasting dream limbo - but they provide fewer surprises, for the team or the audience. Instead, the dream backdrop allows the film to become several films in one, with three action strands - one of them involving another impressive set-piece, a zero-gravity fight sequence - being intercut as the story approaches its climax. Threaded into the action, and crucial to the denouement, is the story of Cobb and his late wife (played by La Vie en Rose's Marion Cotillard). The strand is clearly intended to give the film more emotion but it only partially succeeds in warming up an otherwise chilly-feeling tale. DiCaprio gives the same sort of intense but one-note performance that he has recently provided to such thrillers as ShutterIsland, Body Of Lies and Blood Diamond. The supporting cast - which also includes Ken Watanabe (The Last Samurai), Tom Berenger (Platoon),"
250,TRG_Doc10_Inception,TRG_Doc10_Inception,TRG,Action,Negative,Inception,"Writer/director Christopher Nolan is too obsessed with the mechanics of the gimmick and plot of Inception to make any intellectual leaps off the screen. Confined to the plot alone, the ideas of the movieabout dreams, perception of reality, the subconscious, etc.are sound in the way they help to implement the story. People talk a good deal in Nolan's world of and about ""shared dreaming,"" but most of the dialogue is establishing (then re-establishing, adding new twists, or changing) the rules of the game. And make no mistake about it: Inception is a game, through and through. Nolan has proven himself adept not only at creating mind games like this and carrying us through their elaborate narrative structures but also sewing at least one, guiding thematic core to them. This is what is missing in Inception. For all its talk of big ideas, none of them involve us in the movie apart from considering how they tie to and lead the cat's cradle of a plot. Cobb (Leonardo DiCaprio) and his partner Arthur (Joseph Gordon-Levitt) specialize in securing the subconscious thoughts of their clients, although they are also prone to stealing them, too. A Japanese businessman named Saito (Ken Watanabe) approaches them with an offer: Plant the idea in the mind of Robert Fischer (Cillian Murphy), a rival's son, to break up his father's company, which would help encourage competition (mainly, that of Saito's business) in the field. Arthur argues it's impossible to place an idea in someone's head and then asks Saito not to think about elephants. Nolan has some chutzpah to show how simple this ""impossible"" task is in the real world and then spend the rest of the movie putting his character's consciousnesses in jeopardy to do the same thing in the most convoluted way imaginable. It's a simple dismissal that since the idea of elephants isn't actually Saito's own, it won't stick. The process of planting the thought in Fischer's brain is so complicated that the issue never arises again. Once Saito has planted the seed of the inciting incident in Cobb's and Arthur's noggins, the rest of the movie takes on the form of a heist. Cobb runs point. Arthur does research. Ariadne (Ellen Page), an architecture student, designs the dream worlds the team will use to navigate through Fischer's subconscious. Eames (Tom Hardy) will impersonate key figures in Fischer's life within his dream to load the scenario in their favor. The characters are their types without any further elaboration (except that Arthur and Eames don't get along and Ariadne is curious about the whole process and her new boss), and they only exist to lay down the laws of sharing another person's dream and to go through the motions of the reverse heist. Only Cobb has a backstory, which involves the subconscious influence of his dead wife Mal (Marion Cotillard), who repeatedly interferes with his plans, and visions of his two children, whose faces he longs to see again. His history, which he maintains in"
251,UYT_Doc1_Angel_has_fallen,UYT_Doc1_Angel_has_fallen,UYT,Action,Negative,Angel_has_fallen,"The sleepy, dopey action bonanza ""Angel Has Fallen"" is disappointing, and not just for the reasons you might expect. Being the second sequel to ""Olympus Has Fallen,"" ""Angel Has Fallen"" doesn't even have a high bar to clear. ""Olympus Has Fallen"" was a by-the-numbers revenge-fantasy about ruthless North Koreans and emasculated, savior-thirsty Americans that's mostly distinguished by its considerable displays of over-the-top violence. Basically, America is graphically imperiled for the sake of confirming a slogan coined by then-interim President Trumbull (Morgan Freeman): ""As a nation, we are never stronger than when we are tested."" ""Olympus Has Fallen"" is, at the very least, a credible survivalist wet dream. In that movie, America is (temporarily) made great again, but only after the Washington Monument is toppled, the President is tied up, and the Secretary of Defense is punched in the face and kicked in the belly, right before she's dragged across the floor as she defiantly screams the Pledge of Allegiance. To defeat the North Koreans, Banning does what no officially sanctioned US agents can: he kills a bunch of bad guys without any remorse or reprisal, like the North Korean hostage that he shoots in the head, just to spook the other North Korean agent he has tied up (""Your friend seemed like a funny guy""). ""Olympus Has Fallen"" isn't a good movie, but I couldn't stop watching it. By contrast: I couldn't wait to stop watching ""Angel Has Fallen,"" an indifferently assembled cash-in shot with way too many shaky, unfocused close-ups which seem designed to re-assure viewers of this otherwise bland drama's surface-deep intensity. Being a timid lament about contemporary American trust issues (the Russians are to blame, but almost incidentally), ""Angel Has Fallen"" sics Banningnow rickety from concussion-induced migraines and insomniaon a group of disloyal American mercenaries led by, well, you'll figure that part out soon enough. The makers of ""Angel Has Fallen"" don't seem to care as much about their characters (or patriotic ass-whoopings) like their predecessors did. Instead, we get a few tentative signs of introspection from Banninghe's sick, has a family to protect, and an estranged dad, too!that are immediately glossed over for the sake of pumping up a few flat set pieces that hail from the Tony Scott School of Frenzied Action Filmmaking, only they're not as dynamic or good-looking as Scott's jittery photography. If you're going to be mean-spirited and exploitative, at least do it convincingly. The makers of ""Angel Has Fallen"" struggle most when they have to make Banning look like a rebel who also knows that he must inevitably ""ride a desk"" to retirement. Their version of Banning is more like John McClane in ""A Good Day to Die Hard"" than in ""Die Hard 2: Die Harder."" He complains (and periodically shows symptoms) of the action-movie equivalent of PTSD, but never succumbs to those ailments, especially not when he needs to cut through handcuffs, light up a phalanx of armed mercs, or run away strategically. This is apparently what life is like"
252,UYT_Doc2_Angel_has_fallen,UYT_Doc2_Angel_has_fallen,UYT,Action,Negative,Angel_has_fallen,"Hollywood's most ridiculous franchise has been revived. That would be the ""Fallen"" series. You know, the one where doughty Secret Service agent Mike Banning (Gerard Butler) previously pulled the presidential fat out of the fire in 2013's ""Olympus Has Fallen"" and 2016's ""London Has Fallen."" Battling North Korean terrorists, who besieged the White House and took the president hostage in ""Olympus"" (reducing the executive mansion to rubble in the process), and Muslim terrorists, who briefly captured the president and trashed significant sections of London in the ""London"" installment, our man Mike seems like the embodiment of bad juju when it comes to protecting the prez. And you wonder: How does this guy keep his job? One imagines the following conversation in the Oval Office. President: ""So who's the lead agent in my protective detail today?"" Aide: ""Mike Banning, sir."" P: ""Nooo! Get him away from me!"" Followed by Mike's reassignment to the Secret Service's newly created office in Point Barrow, Alaska. That ought to keep him out of trouble. But nooo-body has apparently learned their lesson about the guy. So Banning is back on duty in ""Angel Has Fallen."" And sure enough, catastrophe ensues. A mass attack of killer drones puts the president (Morgan Freeman, taking over the role from Aaron Eckhart) in a coma and Mike in handcuffs, accused of masterminding the high-tech assassination attempt. He's been framed, of course, by mysterious forces who don't remain mysterious for long. Director-screenwriter Ric Roman Waugh and co-writers Robert Mark Kamen and Matt Cook barely bother to keep the audience guessing as to who's up to no good here. Instead, the main emphasis is on orchestrating the expected car chases, gunbattles and massive explosions. Waugh, a former stunt man, has an affinity for scenes in which flaming blown-up bodies are sent soaring skyward. With seemingly everyone on the planet hunting him, Banning has to somehow evade capture and single-handedly bring the evildoers to justice. Butler looks a little puffier this time, as though Banning's past adventures have taken a physical toll on him. And the writers have given the character certain impairments  insomnia, PTSD, etc.  that make him a bit more vulnerable than in the earlier movies. Freeman's president spends a lot of the picture in a comatose state but, when he's up and about, he's calm, quiet-spoken and dignified. You know, presidential. Or at least as presidents have been customarily portrayed in movies in the past. A bearded Nick Nolte is on hand, playing Banning's paranoid, government-hating Vietnam vet dad; Tim Blake Nelson is weaselly in the role of the vice president; Jada Pinkett Smith is snappish as a tough FBI agent; and Danny Huston is smoothly villainous as Banning's one-time best buddy turned baddie. ""Angel Has Fallen"" plays out exactly as you would expect from a potboiler of this type. No surprises here, other than that it exists at all. It's the kind of movie one expects to be released at the shank end of summer. Time to"
253,UYT_Doc3_Angel_has_fallen,UYT_Doc3_Angel_has_fallen,UYT,Action,Positive,Angel_has_fallen,"No, it's not a typo. Angel Has Fallen is a four-star movie. The brazenly idiotic Has Fallen franchise (previous episodes were Olympus and London), which has been defined by sloppy action beats and perturbing American triumphalism (Take that, North Korea! And that, Middle East!) has somehow hit its stride third time round. This happens in movies. The ""third time's a charm"" rule has applied to everything from Goldfinger (third and best James Bond movie) to The Good, the Bad and the Ugly (third and best Clint Eastwood ""Man with No Name"" western) to Toy Story 3. And The Bourne Ultimatum. And Harry Potter and the Prisoner of Azkaban. Point being, by the third movie a franchise will often find its feet, or discover a particular groove or rhythm that was absent in the first two instalments. In Angel Has Fallen that new groove is the wheezy angsty ineptitude of middle age. Franchise star Gerard Butler is back, of course, playing the US secret service superagent Mike Banning, the loyal personal bodyguard of President Allan Trumbull (Morgan Freeman). Yet this time, as the movie opens, with a routine stolen from the Bond film Never Say Never Again (a training exercise disguised as real jeopardy), Banning is revealed to be addicted to painkillers and suffering from panic attacks and embarrassing dizzy spells. He loses his balance on the job, like a peaky high street pensioner overloaded with groceries, and when, barely three scenes in, he goes for an emergency check-up (his fourth visit, we learn, in as many months  the big hypo) the doctor warns him that his spine is a ""disaster"" and that he's one well-aimed headbutt away from permanent paralysis. This is great material, and Butler, now 49 and wearing every minute of it, is perfect for the part. There's not a hint of the gym here. No vanity pec-flex nonsense either (take note, Dwayne Johnson). Instead, with a touch of softly curving moobs and some dad-bod love handles, and with that crazy ""American"" Glas-Angeles accent, Butler still manages to exude an effortless and earthy masculinity, a kind, as the poet WB Yeats might have said, that is unnatural in an age like this. Banning, alas, doesn't have much time to process his impending mental breakdown. After two short scenes that establish his domestic bliss (slightly undercut by shots of our hero popping pills behind the bedroom door) with his supportive wife, Leah (Piper Perabo, taking over doting duties from Radha Mitchell), Banning is called back into action when a former army buddy and bigwig military contractor called Wade (Danny Huston, just delicious) goes rogue, kills half the secret service, sends Trumbull into a coma, sets up Banning as the prime suspect, and begins to initiate a war with Russia. OK, so it's not Dostoyevsky, but the plot isn't the thing. It's how the plot unfolds that counts. It makes no sense, for instance, for Wade to set up Banning as the patsy assassin, because Wade's ultimate goal is"
254,UYT_Doc4_Angel_has_fallen,UYT_Doc4_Angel_has_fallen,UYT,Action,Negative,Angel_has_fallen,"Angel Has Fallen, opening this weekend courtesy of Lionsgate, is a curious political retcon. After two films that, implicitly or explicitly, seem targeted at the stereotypical Fox News viewership, this third film offers a mostly conventional action-adventure movie with politics closer to the MSNBC demographics. The film offers not a story of Americans under attack from scary foreigners but of a nation in danger from rich white dudes who would prefer to keep up the status quo of perpetual war for the sake of their own defense contracts. Simply put, if London Has Fallen was season six of 24, then Angel Has Fallen is closer in spirit to season 2, when the (black) president had to face down a government that wanted to go to war even under false pretenses. Say what you will about Jack Bauer's cultural legacy, but 24 was doing ""the Iraq invasion is a bad/immoral idea"" stories in early 2003, right as the war was beginning, way before it was safe or cool to do so in mainstream entertainment. While this seem more spoiler-y than I'm accustomed to being in a pre-release review, much of this is revealed in the first act. Besides, once Danny Huston shows up in the opening scene, you know what to expect. The movie doesn't even treat his ""reveal"" as a baddie as any kind of plot twist. I'm sure Mr. Huston is a lovely human being in real life, but, as an onscreen actor, he is arguably the least trustworthy man in the history of Hollywood. In terms of plot, all you need to know is that Mike Banning (Gerard Butler) is on the verge of getting a major promotion, but he's hiding issues stemming from work-related injuries and has taken to popping pills and visiting doctors on the sly to avoid worrying his co-workers and his family. After a drone attack nearly kills the president (Morgan Freeman, giving a fine Morgan Freeman performance), Banning finds himself blamed for the attack and forced to pull a Dr. Richard Kimble in order to clear his name and protect his country. He also eventually runs into his estranged survivalist father (Nick Nolte), who offers some key aid while providing a counterexample for why a desk job may not be the worst thing in the world. Anyway, Angel Has Fallen strips away much of the Die Hard tropes from the first two installments, even as its politics and ""Who are the baddies and why are they being bad?"" plot comes straight out of Roland Emmerich's painfully underseen/underrated White House Down. Yes, just as London Has Fallen copied the general plot structure (the hero secret service agent rescues the president and the two of them avoid the bad guys and save the day) of the other 2013 ""Die Hard in the White House"" movie, Angel Has Fallen has now co-opted its politics. The core story, the hero being framed for an attack on the people he has sworn to protect and forced to go"
255,UYT_Doc5_Angel_has_fallen,UYT_Doc5_Angel_has_fallen,UYT,Action,Negative,Angel_has_fallen,"""Angel Has Fallen"" marks the third time that Gerard Butler, as the Secret Service agent and scowling samurai cowboy Mike Banning, has had to rescue the President of the United States from an international conspiracy so cuckoo bananas that the movie barely expects you to believe it. (Actually, in the six years since this series launched, the bar for what people will believe has been lowered. For all I know, fans of the ""Fallen"" films think they're based on true stories.) In ""Olympus Has Fallen"" (2013) and ""London Has Fallen"" (2016), the president was portrayed by Aaron Eckhart, who came off like a testy press secretary from the ""West Wing"" days. (Eckhart is a good actor with a terse appealing manner, but he's not exactly presidential.) In ""Angel Has Fallen,"" the role of Leader of the Free World reverts back to Morgan Freeman, who has played it approximately 47 times  or, at least, it feels that way. Seeing him back in the Oval Office is as comfy and reassuring as slipping into a daydream where Barack Obama is still president. Banning is now getting on a bit, suffering from chronic pain caused by a concussion and other woes he secretly medicates, lest anyone, from his wife (Piper Perabo) to the president, ask him to quit. He's in line for the job of director of the Secret Service, but it's a desk jockey gig. Butler's squint tells you how he feels about that one. The plot  which is to say, the plot against the president  is, once again, a violently overwrought confection of ""topical"" comic-strip ludicrousness; that's the DNA of the ""Fallen"" series. Yet when you're watching a big-budget B-movie, there's good preposterous and there's bad preposterous. Good preposterous is the setup of ""Angel Has Fallen"": Banning, the most loyal and trusted agent of President Allan Trumball (Freeman), is out guarding him on a winter afternoon fishing excursion when a vehicle pulls up in the woods and launches what looks like a flock of black birds. They are drones, equipped with smart bombs and computerized facial-recognition software, and as they fly low and target their prey, the explosions pile up with a satisfyingly surgical but relentless precision. In minutes, the 18 Secret Service agents hovering on the shore are all dead. And Mike? He's alive because the drones purposefully avoided him. He pulls Trumball under the water, and the result of this action is that the president is soon laying in a coma in a Washington, D.C., hospital. Mike, after a brief spell of unconsciousness himself, escapes, and it doesn't take long for the film to tell us what we already know: that he was spared by the bad guys so they could make him the fall guy. With its over-the-top premise set in motion, ""Angel Has Fallen""  as in, the president's guardian angel is out of commission  gets down to the business of asking us to suspend our disbelief in far less entertaining ways. If"
256,UYT_Doc6_Angel_has_fallen,UYT_Doc6_Angel_has_fallen,UYT,Action,Negative,Angel_has_fallen,"Against all better judgment, another installment of the Fallen series has arisen. Well, maybe not all better judgment. Those who stand to squeeze even more money from a franchise that has already earned nearly $376 million at the worldwide box office (for ""Olympus Has Fallen"" and ""London Has Fallen"") surely thought a third movie was a good idea. That means we get to sit through another chapter in the adventures of Mike Banning, a Secret Service agent code-named Angel, and played by Gerard Butler as an indiscriminate macho man. In the forgettable but fun ""Olympus,"" we watched as Banning fended off a North Korean terrorist plot to assassinate the U.S. president. What that 2013 film lacked in originality was made up for by tense direction, courtesy of Antoine Fuqua (""Training Day""), and action sequences that, despite gratuitous neck stabbings, were viscerally gratifying. Its 2016 sequel, which revolved around a terrorist plot hatched by a Pakistani arms dealer, combined direct-to-DVD-caliber special effects with xenophobic stereotypes of the worst sort, including the cringeworthy line, ""Go back to F---head-istan."" If ""Olympus"" was largely indifferent to politics, ""London"" had an unmistakably conservative bent. At that point, it would have been easy to scrub all memory of this ""Die Hard""-like franchise. But ""Angel"" has seemingly reflected on the real-world events of the past three years to deliver a more nihilistic message: everyone is to blame. In what you might expect to be a mind-numbing explosion-fest, the most novel thing about the new movie is its thematic underpinning. As the film opens, Banning is suffering from PTSD and abusing pain pills, thanks to the injuries of past two films. He's on the verge of hanging up his earpiece, yet, predictably, he's also about to earn a promotion to head up the Secret Service. During an assassination attempt by drone that leaves the president (Morgan Freeman) in a coma, every member of the presidential security detail is killed  except Banning. Gerard Butler stars in ""Angel Has Fallen."" (Simon Varsano/Lionsgate) When he comes to in the hospital, our hero is accused of planning the attack, as the only Secret Service survivor. In a nod to the current political climate that will almost surely elicit groans, the FBI has found evidence on the Dark Web suggesting a link between Banning and the Kremlin. What follows are the sort of perfunctory twists and turns that any attentive viewer will spot from a mile away. But the way the movie shapes its plot into a kind of social commentary is worth chewing on. Who is to blame for our national panic? There is no simple answer. In its search, ""Angel"" takes aim across the political spectrum: Russia-obsessed conspiracy theorists are a particular focus, as is a group of private citizens-turned-mercenaries (think: Blackwater). The sanest person in the film turns out to be Banning's father (Nick Nolte), a kooky geezer living off the grid in West Virginia, where his concerns about the direction of society feel more justified than paranoid. You'd"
257,UYT_Doc7_Angel_has_fallen,UYT_Doc7_Angel_has_fallen,UYT,Action,Positive,Angel_has_fallen,"Convoluted like a story told by an only child trying to impress everybody at their parents' dinner party, Angel Has Fallen is a weird film. It also feels like it's having to do a lot of cultural heavy lifting. Resolutely respectful of military service but defiantly against the Palantir/Halliburton private-contractor approach to military industry, this film seems to articulate the difficult place that the Trump Cult of Personality has put traditional conservative principles into. This is a movie that feels like it would desperately like to be part of a much simpler era, perhaps one of the Golan-Globus Reaganite warhorses of the '80s  like the Chuck Norris vehicles The Delta Force or Invasion U.S.A. But that's not where the world, or action cinema, is at right now. Mike Banning (Gerard Butler, who as always is reliable for bruisy, beefy gravity under any circumstances, even when facing a Geostorm) is the U.S. Secret Service agent hero of this trilogy's two previous films (2013's Olympus Has Fallen and 2016's London Has Fallen). Banning has a gift for fighting impossible odds and finding victory with a strategic combination of blunt strategy and devastating neck-stabbings. He's a generally good dude of principle who has nonetheless been beaten into submission by his previous adventures. He's got debilitating physical and mental injuries, a doctor-shopping habit and a problem with reconciliation  between his job and his family, and between his past and his future. So an imminent job vacancy  the head of the Secret Service (Lance Reddick, national treasure) is retiring  means Banning could finally be landing a stable desk job that could be the anchor he needs. There's an unspoken skein of the film's plot that uses PTSD, tinnitus and concussive trauma as the literal representation of what the past few years have done to the American psyche. Naturally, there's a labyrinthine plot involving drone warfare, secret corruption, conspiracies on top of conspiracies, Russian shenanigans, going on the run and staying off the grid, and sustained action sequences that put Banning through the ringer and perhaps leave him better off than when he started. Director Ric Roman Waugh understands the visual demands of contemporary action cinema, delivering hyperkinetic gun battles and frenetic cuts as expected, and excelling with the truly frightening drone attack that kicks the main plot into motion. There is a vicious efficiency to this sequence that cobbles together the exact right combination of sci-fi awe and visceral, exploding horror  the kind of horror that mainstream narratives and broadcast news extracts have minimized in an effort to redefine drone warfare as somehow more precise or civilized. There's also a visually breathtaking sequence involving a prisoner transfer lit just by alternating red and blue LEDs that hint at the art-school majesties hiding just underneath the surface. The supporting cast is an interesting lot: Morgan Freeman is the president, and he does that Morgan Freeman thing that only Morgan Freeman can do. Tim Blake Nelson, styled reminiscently of enemy of democracy"
258,UYT_Doc8_Angel_has_fallen,UYT_Doc8_Angel_has_fallen,UYT,Action,Positive,Angel_has_fallen,"If the Mike Banning (Gerard Butler) of London Has Fallen was a Jack Bauer for the Trump erabelligerently and relentlessly violent, doubling down on absolutely everything, ""thirsty as fuck""then the Mike Banning of Angel Has Fallen is a Jack Bauer for whatever moribund purgatory we currently endure. The ...Has Fallen series, of which Angel is the third entry, bears more than obvious resemblance to 24, our good big rectangle boy Mike Banning a cinematic euphemism for similarly fallen former government agent Jack Bauerboth inhumanly committed to their country, and both ruined by it. In 24, what seemed to begin as a jingoistic macho fantasy emerged pretty quickly as a distended study on just how much patriotism costs. In the first season, Jack Bauer loses his wife. By the ninth, the government has completely disavowed him, pushing him into exile, completely forgetting how many apocalypses he's helped avert and giving him nothing but trauma for his decades of service. (Still, he risks everything to stop an attempt on the President's life.) In Angel Has Fallen, Mike Banning's body is an open sore, his head a steaming pile of CTE and PTSD, the whole movie a sometimes weirdly somber affair about the tolls of violence. (Still, he risks everything to stop an attempt on the President's life.) The last line of the movie is Nick Nolte announcing he's going to pee himself. The Henry Sr. to Mike's Indiana Jones, Nolte is Clay Banning, a decorated veteran haunted by his past. Reunited with his son after however many long years, Clay's living in the wilderness of Virginia, ensconced within a carefully concealed acre of explosives and surveillance and one well-constructed underground tunnel, only compelled to surface when his son has nowhere else to go. Framed for an attack on President Trumbull (Morgan Freeman, the only man allowed to play Movie President anymore, hot off his many sexual harassment allegations) that left his whole security team dead but the mission unfinished, Mike ends up on the run, murdering (and stealing a semi) his way back to his wife (Piper Perabo) and baby daughter and special best friend the President, who surely will believe that this is all a mistake once he wakes up from that coma. Most Popular Then Nick Nolte shambles into frame, a revenant in flannel delivering a super brief sermon on why he's fled his former life, why he can't trust the government, why people like him and his son are broken. It makes sense: Director Roman Ric Waugh's introduction of Mike Banning this time around foregrounds the man's physical dissolution. Stricken by frequent migraines and constant back pain, only symptoms of deeper issues to come, our hero denies pleas from his doctor to quit his taxing job as his best friend the President's personal heavy. To his credit, Gerard Butler has settled well into his late-40s body; he is a massive block of cheese, and as Mike Banning he's learned how to wield that bulk to empathetic ends, embracing the"
259,UYT_Doc9_Angel_has_fallen,UYT_Doc9_Angel_has_fallen,UYT,Action,Positive,Angel_has_fallen,"It's almost three years into the Donald Trump administration, and Morgan Freeman is still playing the president. That's not the usual way this goes. Usually, movies depicting the president choose an actor resembling the sitting president. Dick Crockett was a balding, football-loving president in ""The Pink Panther Strikes Again"" (1976), made during the Gerald Ford administration. Bill Pullman was a youngish, light-haired president, like Bill Clinton, in ""Independence Day."" Dennis Quaid was positively W.-like in ""American Dreamz"" (2006). And Jamie Foxx practically imitated Barack Obama in ""White House Down"" (2013). This tradition is so common that movies sent into production prior to an election sometimes try to anticipate the winner. Thus, ""Hunter Killer,"" released this past January but filmed in the summer of 2016, depicted the president (Caroline Goodall) as blond and female. Yet in the face of that tradition, ""Angel Has Fallen"" has chosen not to go with a Trump-like actor in the president role  as if Gary Busey couldn't do a New York accent! Instead they've elevated Freeman to the highest office. He played the speaker of the House in the previous movie in this franchise, ""London Has Fallen."" But why eschew Trump? One guess: Perhaps they thought a Trump-like actor wouldn't be sympathetic, or believable. Or perhaps they knew that just the idea of Trump is so contentious that no one in the audience would be able to think of anything else. Supporters would consider no portrayal good enough, and detractors would consider no portrayal bad enough. In any case, whoever made this decision did the right thing, because they have a good movie here, albeit one that feels grounded in an alternate-reality America. It's saying something when it's a toss-up trying to determine which world seems more screwed up, the one onscreen  with about a thousand drones attacking the president while he's out on a lake, fishing  or the one we live in. As the movie starts, our hero, Secret Service Agent Mike Banning (Gerard Butler), is tired. He has been at it since ""Olympus Has Fallen"" in 2013, and he is suffering from migraines and insomnia. He's too old for this kind of thing. And then come those drones, filling the sky like an angry flock of birds, and raining down explosives on the president and his entire Secret Service detail. The only one not targeted is Banning, and that's because he's been set up by the conspirators to be the fall guy. Gerard Butler in ""Angel Has Fallen."" For most of ""Angel Has Fallen,"" the president is in a coma, the vice president is running the government, and poor Mike is on the run, trying to find the would-be assassins before he is captured. He's basically an escaped Lee Harvey Oswald, except he really is a patsy. Eluding capture would seem impossible, but the filmmakers concoct a series of situations that, if not believable, are so entertaining that we're happy to accept them. Right up there in the far-fetched-but-fun department is"
260,UYT_Doc10_Angel_has_fallen,UYT_Doc10_Angel_has_fallen,UYT,Action,Positive,Angel_has_fallen,"Gerard Butler's U.S. Secret Service Agent Mike Banning is in rough shape at the start of Angel Has Fallen. He's got a sore shoulder, a couple of compressed vertebrae, and a case of tinnitus that rivals Pete Townsend's. It's all led to an increasing dependence on painkillers that he keeps secret from his wife (Piper Perabo, taking over duties from Radha Mitchell) and his boss, the President of the United States (Morgan Freeman). But as weary as Banning might be, if you believe the Tomatometer scores of the previous two installments of the action saga we now call the ""Fallen Trilogy,"" he is still doing better than a film critic who has had to review all three. Many seem incredulous that these examples of what has been called ""terror exploitation"" are still alive and kickingunlike, say, any Secret Service agent who has the misfortune to pull a shift with Mike Banning. But when you remove Angel Has Fallen from the context of the previous films and take into account Mike's battered state and that he spends much of the film wrongly accused of masterminding an assassination attempt on the president, what you have is a noir for our age of technological paranoia and all-encompassing militarism. Like the first film, Angel holds you in its tight and often illogical grip. At once, it numbs you with its onslaught of body-disintegrating explosions and kill shots while stoking your fears about military-industrial conspiracies and evil infiltrating the government at the highest level. It is a doom-invoking, cathartic and strangely satisfying head-trip that's also a bit ridiculous. Directed by one-time stuntman Ric Roman Waughalso a co-writer on the scriptAngel Has Fallen shows us a world where militarism and a militaristic stance has informed every aspect of both the natural order and the social compact. That apparent cloud of bats swarming over the lake where the president is fishing? It's actually a collection of tiny drones that can identify who you are before blowing you to smithereens, as it does to Banning's 15-man security crew. A stop at gas station turns into a run-in with truckers who have dubbed themselves a militia and tote military-style guns but have no clue how to use them. Even a respite at an off-the-grid West Virginia cabin that is home to Banning's estranged father Clay (played by a delightfully game Nick Nolte) reveals a structure with both state-of-the-art surveillance and a complicated warren of tunnels. It's also wired with enough explosives to topple a small village, implying a world where a woods-bound recluse could purchase that much destruction as easily as he could buy milk. When the explosives are detonated at the hands of the seemingly doddering Nolte, the audience laughedan indication that it was meant to be one of the film's few jokes. This is a movie that speaks more eloquently in explosives than it does words. In the eye of it all is Butler, who is sturdy and generic; he's like a movie star you could pick"
261,WYI_Doc1_The_Devil_Wears_Prada,WYI_Doc1_The_Devil_Wears_Prada,WYI,Comedy,Positive,The_Devil_Wears_Prada,"The Devil Wears Prada is a triumph of ensemble acting, anchored by Meryl Streep's utterly captivating performance as Miranda Priestly. Streep doesn't just play a character; she embodies an icon, a force of nature whose quiet dismissals and subtle expressions convey more power than any overt outburst. She's not merely a caricature of the ""devil boss""; instead, she imbues Miranda with a surprising depth and vulnerability that makes you understand, if not always forgive, her drive. Anne Hathaway, as Andy Sachs, serves as the perfect audience surrogate, navigating the dizzying, often absurd world of high fashion with a relatable blend of naivete and burgeoning ambition. Her transformation, both external and internal, is handled with a nuanced touch, showing the allure and the pitfalls of chasing a dream that may not align with your true self. But perhaps the true scene-stealer is Emily Blunt, whose portrayal of the perpetually stressed and acid-tongued Emily Charlton is a masterclass in comedic timing and physical humor. Her every line is a gem, and her devotion to Miranda, despite the obvious abuse, is strangely endearing. Stanley Tucci, as Nigel, provides a much-needed warmth and pragmatic wisdom, offering Andy guidance while also revealing the compromises inherent in the industry. The film's strength lies not just in its performances but in its sharp, witty script by Aline Brosh McKenna, which elevates it beyond simple ""chick lit"" fodder. It's a surprisingly insightful look at the sacrifices made in the pursuit of professional success, and the often-toxic environments that high-pressure industries can foster. While it's undeniably glamorous, showcasing stunning fashion by Patricia Field, the film doesn't shy away from the darker undercurrents of superficiality, body image issues, and the relentless demands of the fashion world. It manages to be both hilariously entertaining and subtly thought-provoking, leaving audiences to ponder their own definitions of success and personal integrity. The ending, while perhaps a touch too neat for some, ultimately delivers a satisfying arc for Andy, allowing her to reclaim her identity while acknowledging the invaluable lessons learned. It's a film that has only grown in appreciation over time, becoming a touchstone for discussions about work-life balance and female leadership, demonstrating that a film seemingly about fashion can possess surprising substance. Overall, Meryl Streep's performance as Miranda Priestly is an absolute masterclass. She embodies the character with such chilling precision and subtle nuance that you can't help but be mesmerized, even when she's at her most tyrannical. It's not just a caricature; there's a complexity there that elevates the entire film. Her icy stares and withering one-liners are iconic. The costume design is a character in itself. Every outfit, from the high-fashion runway pieces to Andy's initial frumpy wardrobe and subsequent stylish transformation, tells a story. It's a visual feast that perfectly captures the glamorous yet cutthroat world of high fashion, making the movie incredibly stylish and rewatchable for the fashion alone. The film offers a surprisingly insightful and often darkly humorous look at the demanding and sometimes brutal realities of"
262,WYI_Doc2_The_Devil_Wears_Prada,WYI_Doc2_The_Devil_Wears_Prada,WYI,Comedy,Negative,The_Devil_Wears_Prada,"This is a film that, despite its stellar cast and undeniable entertainment value, ultimately feels shallow and suffers from a muddled message. While Meryl Streep is, as always, magnificent as Miranda Priestly, her performance, while captivating, cannot fully compensate for a script that struggles to find its footing. The film purports to be a cautionary tale about the perils of ambition and the corrosive nature of a demanding workplace, yet it often glorifies the very world it purports to critique. Andy Sachs's journey, from wide-eyed idealist to fashion-savvy assistant, is less a profound transformation and more a series of predictable steps that don't delve deep enough into the moral compromises she makes. Her friends and boyfriend are portrayed as one-dimensional figures who seem to exist solely to register disapproval, rather than offering any meaningful emotional support or challenge. Their concerns about Andy ""changing"" often come across as petty and unsympathetic, rather than legitimate worries about her well-being. This creates a strange dynamic where the audience is left to question who the real ""villains"" are. Is it Miranda, the unyielding boss, or Andy's unsupportive personal life? The film never fully commits to an answer, resulting in an unsatisfying resolution. The lavish fashion, while a visual feast, often feels like a distraction rather than an integral part of the narrative. It's a showcase of designer labels, but it rarely feels like the clothes serve a deeper purpose in character development or thematic exploration beyond mere aesthetics. The ""Faustian bargain"" theme, often cited by fans, is weakly executed; Andy's sacrifices feel more like temporary inconveniences than genuine losses of soul. The ending, in particular, is anticlimactic, offering a facile resolution that undermines the earlier struggles. Andy's dramatic gesture of tossing her phone into the fountain, intended as a moment of liberation, comes off as more impulsive than profound, a convenient way to escape a situation the script no longer knows how to handle. Ultimately, ""The Devil Wears Prada"" is a glossy, superficial film that wastes its considerable talent on a story that lacks real emotional resonance or a clear, impactful message. It's enjoyable enough for a casual watch, but it leaves little lasting impression beyond the impressive performances. One of the most glaring weaknesses in The Devil Wears Prada is the remarkably underdeveloped and one-dimensional nature of its male characters. They frequently feel less like fully fleshed-out individuals and more like convenient plot devices or emotional props designed solely to facilitate Andy's storyline. This deficiency creates a significant imbalance in the narrative, preventing the film from achieving deeper emotional complexity in its interpersonal relationships. Nate, Andy's long-term boyfriend, is arguably the most problematic example. He is consistently portrayed as a whiny, unsupportive caricature of a partner, seemingly incapable of understanding or empathizing with the demands of Andy's job. His complaints about her late hours, her changing priorities, and her superficial ""makeover"" quickly become tiresome and self-pitying. He offers little in the way of constructive support or meaningful insight; instead, he serves primarily as"
263,WYI_Doc3_The_Devil_Wears_Prada,WYI_Doc3_The_Devil_Wears_Prada,WYI,Comedy,Positive,The_Devil_Wears_Prada,"There's a delicious, almost voyeuristic pleasure in watching ""The Devil Wears Prada,"" a film that expertly peels back the glamorous facade of the fashion industry to reveal its often-cutthroat, demanding, and utterly captivating core. Meryl Streep's Miranda Priestly is a masterclass in controlled intimidation. From her first frosty gaze to her perfectly modulated, often whispered, demands, Streep manages to convey a universe of imperiousness and underlying complexity. Miranda isn't simply a one-dimensional tyrant; Streep imbues her with an almost regal air, a woman utterly convinced of her own indispensable genius, whose very presence can make grown adults tremble. Her iconic ""that's all"" delivered with a dismissive flick of the wrist, or her cutting remarks about cerulean, are not just memorable lines but moments etched into film history, showcasing a character so fully realized that you feel her power long after the credits roll. It's this profound level of character immersion that elevates the entire film. She's not a shouting tyrant, but rather a woman whose power lies in her chillingly calm demeanor, her precise pronouncements, and the fear she effortlessly commands. Streep's subtle facial expressions and inflections speak volumes, creating a character who is both terrifying and, in fleeting moments, surprisingly human. Anne Hathaway perfectly captures Andy's initial bewilderment and gradual immersion into this alien world. We root for her as she navigates Miranda's impossible demands, and we understand her compromises as she starts to gain recognition and confidence. The film smartly explores the allure of success and the seductive power of belonging to an elite world, even if it means sacrificing personal relationships. But it's Emily Blunt and Stanley Tucci who truly elevate the film beyond a simple office comedy. Blunt's Emily is a riot of neurotic ambition and cutting wit, delivering some of the film's most memorable lines with perfect comedic timing. Her journey, though secondary, is equally compelling as she grapples with her own aspirations and vulnerabilities. Tucci's Nigel is the film's moral compass and a welcome source of cynical humor, providing Andy with much-needed perspective and a peek behind the curtain of high fashion's inner workings. The film is visually stunning, thanks to Patricia Field's iconic costume design, which makes the fashion itself a character in the narrative. But beneath the haute couture and designer labels, ""The Devil Wears Prada"" offers a surprisingly thoughtful examination of ambition, identity, and the choices we make to achieve our goals. It's a film that resonates with anyone who has ever faced a challenging boss or struggled with work-life balance. It's smart, stylish, and immensely entertaining, a rare commercial success that also boasts genuine wit and strong performances. The film's lasting appeal lies in its ability to blend sharp satire with moments of genuine emotion, creating a cinematic experience that is both escapist fantasy and relatable reality. Beyond the glamour, the film explores themes of ambition, integrity, and self-discovery. Andy's struggle to balance her personal values with professional demands resonates deeply. It's not just about fashion; it's about finding your"
264,WYI_Doc4_The_Devil_Wears_Prada,WYI_Doc4_The_Devil_Wears_Prada,WYI,Comedy,Negative,The_Devil_Wears_Prada,"For all its dazzling costumes and acclaimed performances, ""The Devil Wears Prada"" is ultimately a film that squanders its potential, settling for a fluffy, often inconsistent narrative that fails to deliver a truly impactful message. The premise of an earnest, aspiring journalist entering the cutthroat world of high fashion under a tyrannical boss holds promise, but the execution is frustratingly superficial. While Meryl Streep is undoubtedly excellent as Miranda Priestly, her character, despite fleeting moments of vulnerability, remains largely one-dimensional  a caricature of a demanding boss rather than a complex exploration of power and leadership. The film's central conflict, Andy's supposed ""selling of her soul"" for professional advancement, feels underdeveloped. Her sacrifices often appear trivial, and her moral awakening at the end feels abrupt and unearned, lacking the emotional weight that such a significant decision should carry. The narrative's inability to fully commit to its own themes is a major weakness. Is it a satire of the fashion industry, a commentary on female ambition, or a standard romantic comedy with a twist? It tries to be all of these, and in doing so, it excels at none. The portrayal of Andy's personal life, particularly her relationship with her boyfriend Nate, is particularly weak. Nate and her friends are painted as unsympathetic and judgmental, making it difficult to empathize with their grievances. This undermines the film's attempt to show Andy's detachment from her former self, as the people she's supposedly losing contact with are so poorly developed that their loss feels negligible. Furthermore, the film's fashion element, while visually appealing, often feels like window dressing rather than an organic part of the story. It revels in the superficiality it claims to satirize. The stylistic choices and montages, while energetic, sometimes distract from any attempt at deeper character development. ""The Devil Wears Prada"" is a prime example of a film that relies too heavily on its star power and visual aesthetics to compensate for a lack of narrative depth and thematic clarity. It's an enjoyable enough diversion, but it misses the opportunity to be a truly incisive and memorable film about the complexities of ambition and identity. One of the fundamental flaws of The Devil Wears Prada lies in its contradictory thematic message, where the film attempts to critique the very industry it simultaneously glamorizes and ultimately endorses. This internal conflict leaves the audience with a sense of thematic ambiguity, undermining any genuine social commentary the movie might intend to convey. On one hand, the film clearly aims to expose the darker underbelly of the high-fashion world. It depicts the superficiality, the cutthroat competition, the dehumanizing demands, and the immense personal sacrifices required to succeed at the highest echelons. We see Miranda's tyrannical behavior, the assistants' frantic, overworked lives, and the constant pressure to maintain an unrealistic image. The narrative highlights how Andy's personal life unravels, her values are challenged, and her very identity becomes blurred as she assimilates into this demanding environment. The film suggests that this world is toxic,"
265,WYI_Doc5_The_Devil_Wears_Prada,WYI_Doc5_The_Devil_Wears_Prada,WYI,Comedy,Positive,The_Devil_Wears_Prada,"The Devil Wears Prada is a delightful and insightful cinematic experience, proving that a film set in the seemingly frivolous world of fashion can offer substantial commentary on ambition, identity, and the power dynamics of the workplace. Meryl Streep delivers an iconic performance as Miranda Priestly, a character so meticulously crafted that she transcends mere villainy. Streep's genius lies in her ability to convey Miranda's immense power and exacting standards with an almost terrifying stillness, punctuated by cutting remarks and a knowing gaze. She makes Miranda not just a monster, but a force to be reckoned with, a woman who has sacrificed immensely for her position and demands nothing less from those around her. Anne Hathaway, as Andy Sachs, is the perfect foil, navigating the exhilarating yet exhausting demands of her new role. Her transformation is a compelling journey, as she grapples with the allure of success and the potential cost to her personal values. The film expertly showcases the seductive nature of a high-pressure, high-reward environment, making Andy's choices understandable, even when they lead to personal sacrifices. Emily Blunt's performance as Emily Charlton is a standout, providing much of the film's sharpest wit and relatable moments of professional anxiety. Her competitive spirit and underlying vulnerability make her a surprisingly endearing character. Stanley Tucci, as Nigel, offers a grounded perspective, serving as both a mentor and a cautionary tale about the compromises one makes to survive in such an industry. Beyond the captivating performances, the film's strength lies in its smart screenplay, which is both humorous and poignant. It satirizes the absurdities of the fashion world while also exploring universal themes of mentorship, self-discovery, and the elusive concept of work-life balance. The impeccable costume design by Patricia Field not only makes the film visually stunning but also subtly underscores the characters' journeys and roles within the fashion hierarchy. ""The Devil Wears Prada"" is more than just a ""chick flick""; it's a keenly observed drama with comedic elements that resonate with a wide audience. It's a film that encourages reflection on what we truly value and whether the pursuit of external success is worth the internal cost. Its enduring popularity speaks to its timeless themes and brilliant execution. In The Devil Wears Prada, the costume design isn't just an auxiliary element; it stands as a fully realized character in its own right, a silent yet incredibly eloquent narrator that propels the story, defines its world, and symbolizes the profound transformation of its protagonist. Patricia Field's brilliant work here transforms mere clothing into a powerful storytelling tool, making the film a veritable visual feast that is both breathtakingly beautiful and rich with thematic meaning. The film meticulously uses fashion to delineate Andy Sachs's journey. Her initial wardrobesensible sweaters, practical skirts, and uninspired shoesimmediately establishes her as an outsider, a ""civilian"" in the high-stakes, sartorially obsessed world of Runway. These early outfits serve as a visual contrast to the impeccably dressed denizens of the fashion magazine, highlighting her naivete and her initial disdain"
266,WYI_Doc6_The_Devil_Wears_Prada,WYI_Doc6_The_Devil_Wears_Prada,WYI,Comedy,Negative,The_Devil_Wears_Prada,"This film is a fundamentally flawed film, despite its undeniable cultural impact and the often-praised performances. The core issue lies in its inability to decide what kind of story it wants to tell, oscillating awkwardly between a sharp satire of the fashion industry and a generic coming-of-age narrative. This indecision leaves both aspects feeling underdeveloped and unsatisfying. The character of Miranda Priestly, while brilliantly embodied by Meryl Streep, is ultimately a one-note antagonist. Her cruelty is pervasive, but the film rarely delves into the why beyond a superficial glimpse into her personal life. This makes her less a complex character and more a plot device to propel Andy's journey. Andy's own evolution is equally problematic. Her initial disdain for fashion and her later embrace of it feels less like a genuine character arc and more like a superficial makeover designed for audience appeal. The film attempts to paint her as someone who loses her way, but her ""loss"" often feels like an upgrade, making her eventual rejection of the fashion world feel less like a triumph and more like a convenient plot exit. The moral of the story, if there is one, is heavily diluted by the film's mixed signals. It criticizes the shallowness of the fashion world, yet it luxuriates in its glamour. It suggests that success comes at a personal cost, but then frames Andy's personal life as equally (if not more) unappealing, making her choices less about integrity and more about choosing between two unlikable options. The boyfriend character, Nate, is particularly grating, embodying a self-righteousness that makes it difficult to sympathize with his complaints. His constant criticism of Andy's job makes him come across as unsupportive and whiny, undermining any attempt to position him as the moral anchor. Ultimately, ""The Devil Wears Prada"" is a film that promises a biting expose but delivers a largely toothless narrative. It relies too heavily on its visual appeal and the charisma of its lead actors to mask its thematic inconsistencies and underdeveloped characterizations. While entertaining on a surface level, it fails to leave a lasting impression or offer any truly profound insights into the worlds it depicts. While Meryl Streep's performance as Miranda Priestly is undeniably iconic and utterly captivating, the character itself remains largely a one-note villain, lacking the kind of profound psychological depth that might transcend her role as a magnificent caricature. Despite Streep's genius in embodying her, Miranda functions primarily as a formidable antagonist designed to drive the plot and challenge Andy, rather than as a complex, multi-dimensional human being. Miranda is consistently portrayed as an unyielding, cold, and tyrannical boss whose every utterance is laced with a chilling authority. Her demands are absolute, her dismissals are crushing, and her emotional range seems limited to various shades of icy displeasure. While this makes for compelling viewing and provides much of the film's tension and humor, it leaves little room for a deeper exploration of why she is the way she is. We are given scant insight"
267,WYI_Doc7_The_Devil_Wears_Prada,WYI_Doc7_The_Devil_Wears_Prada,WYI,Comedy,Positive,The_Devil_Wears_Prada,"The Devil Wears Prada is a surprisingly substantive and thoroughly engaging film that transcends its ""chick flick"" categorization to offer a shrewd commentary on the nature of ambition and power. Meryl Streep's portrayal of Miranda Priestly is nothing short of legendary. She crafts a character that is both terrifying and oddly compelling, a woman whose every quiet word carries immense weight. Streep avoids caricature, instead creating a Miranda who is clearly a product of the cutthroat world she inhabits, revealing glimpses of the vulnerabilities and sacrifices that have shaped her. This nuanced performance elevates the entire film. Anne Hathaway shines as Andrea Sachs, the bright-eyed college graduate who finds herself thrust into a world she initially despises. Her journey is deeply relatable, depicting the struggle to maintain one's identity amidst immense professional pressure and the seductive allure of success. The film intelligently explores how Andy's initial reluctance slowly gives way to a deeper engagement with the fashion world, demonstrating the transformative power of ambition. Emily Blunt, as the anxious and ambitious Emily, and Stanley Tucci, as the wise and witty Nigel, provide exceptional supporting performances that enrich the narrative. Blunt's comedic timing is impeccable, and Tucci offers a grounding presence, often delivering the film's most insightful lines. The dynamic between these characters adds layers of humor, tension, and surprising warmth. The screenplay is sharp and consistently witty, full of quotable lines and moments of genuine insight. It manages to satirize the superficiality and absurdities of the fashion industry without becoming overly cynical, offering a balanced perspective that acknowledges both the glamour and the grueling demands. The stunning costume design by Patricia Field is, of course, a major draw, but it's seamlessly integrated into the storytelling, illustrating Andy's evolution and the hierarchy of the Runway office. ""The Devil Wears Prada"" is a smartly constructed film that works on multiple levels: as a highly entertaining comedy-drama, a compelling character study, and a thought-provoking exploration of professional ethics and personal fulfillment. It's a film that resonates with anyone who has ever navigated a challenging workplace or questioned the true cost of their career aspirations.Beyond its glittering facade and rapid-fire dialogue, The Devil Wears Prada offers a remarkably insightful and often darkly humorous expose on the frequently brutal realities of the fashion industry, and by extension, the relentless demands of high-stakes corporate environments. The film brilliantly pulls back the curtain, revealing that the glamour seen on magazine covers belies an intense, almost cutthroat world built on impossible expectations, relentless pressure, and significant personal sacrifices. It avoids a simplistic, romanticized view, instead presenting a more nuanced and often cynical portrayal of what it truly takes to succeed at the top. The film vividly depicts the grueling demands placed on employees in this world. Andy's initial bewilderment at the 24/7 nature of her job, the seemingly nonsensical demands (like finding an unpublished Harry Potter manuscript), and the constant need to anticipate Miranda's every whim highlights the dehumanizing aspects of such a demanding role. The long hours,"
268,WYI_Doc8_The_Devil_Wears_Prada,WYI_Doc8_The_Devil_Wears_Prada,WYI,Comedy,Negative,The_Devil_Wears_Prada,"The Devil Wears Prada is a disappointingly superficial film that prioritizes glamour over substance, ultimately failing to deliver on its promising premise. Despite the star power of Meryl Streep, whose performance as Miranda Priestly is undeniably commanding, the film struggles to develop its characters beyond their initial archetypes. Miranda, while intimidating, remains largely inscrutable, her motivations and inner life barely explored, leaving her feeling more like a caricature than a fully realized individual. The central narrative of Andy Sachs's transformation is similarly underdeveloped. Her journey from frumpy outsider to chic insider feels too rapid and lacks genuine emotional depth. The film hints at the moral compromises she makes, but these are rarely explored with any significant consequence, making her eventual renunciation of the fashion world feel abrupt and unearned. The relationships in the film are particularly weak. Andy's boyfriend and friends are portrayed as uniformly unsupportive and judgmental, serving as little more than plot devices to highlight Andy's changing priorities. Their criticisms often come across as petty and unsympathetic, robbing the audience of a genuine dilemma regarding Andy's work-life balance. Instead of creating a compelling conflict, it makes her personal life seem like a burden rather than something she genuinely values. The film's focus on the lavish fashion, while visually appealing, often detracts from any potential thematic depth. It's more of a fashion show than a narrative, with plot points serving as excuses for costume changes. The satire of the fashion industry is often too gentle, and the film ultimately seems to embrace the very superficiality it purports to critique. The ending is particularly unsatisfying, offering a saccharine resolution that avoids the complexities and difficult choices hinted at throughout the film. ""The Devil Wears Prada"" is a missed opportunity. It had the potential to be a sharp, insightful commentary on ambition, power, and identity, but it settles for being a glossy, if forgettable, piece of entertainment that prioritizes style over any meaningful substance. While The Devil Wears Prada undeniably showcases a striking visual transformation for Andy Sachs, her overall character transformation often feels superficial, prioritizing external changes over genuine internal evolution. The film meticulously documents her sartorial upgrade, but her psychological and emotional development beneath the surface feels less profound and, at times, inconsistent. Andy's shift from a frumpy journalist to a sophisticated fashionista is certainly compelling to watch. She adopts the clothes, the walk, the sharp wit, and the work ethic required to thrive at Runway. The makeover montage is iconic and effectively conveys her assimilation. However, this transformation seems to be more about adaptation and competence within a new environment than a fundamental shift in her core values or a deep exploration of her identity. She becomes adept at navigating Miranda's demands and the fashion world's intricacies, but the movie doesn't delve deeply enough into the psychological cost of this assimilation. The film hints at the personal toll  her strained relationship with Nate, the neglect of her friends, and moments of self-doubt  but these are often"
269,WYI_Doc9_The_Devil_Wears_Prada,WYI_Doc9_The_Devil_Wears_Prada,WYI,Comedy,Positive,The_Devil_Wears_Prada,"This movie stands as a captivating and immensely entertaining film, largely due to its flawless casting and sharp, insightful script. Meryl Streep's performance as Miranda Priestly is nothing short of a revelation, creating a character that is both terrifyingly powerful and surprisingly vulnerable. Streep portrays Miranda not as a one-dimensional villain, but as a complex woman who has attained her position through immense dedication and sacrifice, qualities that come with an undeniable cost. Her quiet authority and cutting remarks are delivered with precision, making every scene she inhabits crackle with tension. Anne Hathaway delivers a deeply relatable performance as Andy Sachs, a young woman navigating the treacherous waters of a high-pressure industry while trying to hold onto her sense of self. Her transformation is gradual and believable, showcasing the subtle ways that work environments can shape one's identity and priorities. The film effectively explores the allure of prestige and the compromises one might make in its pursuit. The supporting cast is equally brilliant. Emily Blunt, as the anxious and ambitious Emily, steals nearly every scene with her acerbic wit and physical comedy. Stanley Tucci's Nigel is the perfect mentor figure, offering both pragmatic advice and a cynical perspective on the industry. The chemistry among the cast members is palpable, elevating the already strong material. Beyond the performances, the film is a feast for the eyes, thanks to Patricia Field's iconic costume design, which is integral to the storytelling. The fashion is not just window dressing; it reflects the characters' journeys and the societal expectations within the industry. ""The Devil Wears Prada"" is more than just a lighthearted comedy; it's a smart, witty, and surprisingly profound exploration of female ambition, power dynamics, and the constant struggle to balance professional aspirations with personal values. It's a film that resonates deeply with audiences, sparking conversations about workplace culture and the true meaning of success. Its enduring popularity is a testament to its timeless themes and its perfectly executed blend of humor, drama, and glamour. One of the most enduring and enjoyable aspects of The Devil Wears Prada is its consistently witty and sharply written dialogue. The script is a masterful blend of cutting remarks, understated humor, and memorable one-liners that not only keep the audience thoroughly entertained but also serve to meticulously define character and propel the narrative forward. It's a film that demands multiple viewings, precisely because each rewatch reveals another layer of clever wordplay or a perfectly delivered barb that might have been missed the first time. The most iconic examples, of course, stem from Miranda Priestly. Her dialogue is a lexicon of controlled disdain and devastating dismissals. Lines like ""Florals? For spring? Groundbreaking,"" or her meticulous, almost surgical takedown of the ""cerulean"" sweater, are delivered with such precise timing and an air of absolute authority that they instantly became ingrained in popular culture. What makes Miranda's dialogue so effective is its economy; she uses few words, but each one is carefully chosen for maximum impact, conveying her superiority and her"
270,WYI_Doc10_The_Devil_Wears_Prada,WYI_Doc10_The_Devil_Wears_Prada,WYI,Comedy,Negative,The_Devil_Wears_Prada,"Despite its considerable hype and iconic moments, this film ultimately disappoints in its thematic execution and character development. While Meryl Streep's performance as Miranda Priestly is undoubtedly strong, the character often feels more like a caricature of a demanding boss than a fully fleshed-out human being. The film hints at her vulnerability but never truly delves deep enough to make her compelling beyond her initial intimidation factor. The central narrative arc of Andy Sachs's journey is equally problematic. Her transformation feels less like organic character growth and more like a series of plot points designed to move the story along. Her shift from rejecting fashion to embracing it, and then abruptly rejecting it again, lacks genuine emotional resonance. The film struggles to convey the true ""cost"" of her ambition, as her personal life, particularly her relationship with boyfriend Nate, is so thinly sketched that it's hard to care about what she's sacrificing. Nate and Andy's friends are presented as one-dimensional figures who seem to exist solely to criticize Andy's choices, making them unlikable and making their moral high ground feel unearned. This creates a vacuum where the audience is left with no sympathetic characters on Andy's personal side, undermining the film's attempts to portray her professional ascent as a negative trade-off. The film's attempts at satire often fall flat, as it frequently glorifies the very superficiality it purports to critique. The lavish fashion, while visually engaging, often overshadows any deeper message, turning the film into little more than a prolonged fashion montage. The ending, in particular, feels like a cop-out, offering a tidy resolution that sidesteps the more complex moral dilemmas the film briefly introduces. Instead of a powerful statement about self-worth and integrity, it delivers a predictable and ultimately uninspired conclusion. ""The Devil Wears Prada"" is a visually appealing but ultimately hollow film that fails to live up to its potential. It's a forgettable piece of entertainment that, despite strong performances from its leads, lacks the narrative depth and thematic clarity to leave a lasting impact. One of the most significant drawbacks of The Devil Wears Prada is its adherence to a highly predictable plot structure, which offers very few genuine surprises or narrative twists. While the film is undeniably entertaining due to its strong performances and witty dialogue, its reliance on a conventional ""underdog makes good"" formula means that most of the major plot points can be foreseen well in advance, diminishing the element of suspense and narrative innovation. From the moment Andy Sachs, the inexperienced and unassuming protagonist, steps into the cutthroat world of Runway magazine, the audience can almost map out the entire trajectory of the story. The beats are familiar: the initial culture shock and overwhelming incompetence, the humiliating mistakes, the eventual period of gradual adaptation where the protagonist begins to learn the ropes and show promise, the moment of significant success that validates their efforts, the inevitable moral dilemma where personal values clash with professional demands, and finally, the decisive choice to either embrace"
271,YOA_Doc1_HolmesAndWatson,YOA_Doc1_HolmesAndWatson,YOA,Comedy,Negative,Holmes_and_Watson,"This version of Holmes, having recently proven in court that arch-villain Moriarty (Ralph Fiennes) was not guilty of the crime that he was accused of committing, is hired by Buckingham Palace to uncover a plot to kill Queen Victoria (Pam Ferris) in four days time by someone who may or may not be the fiend. The biggest problem here isn’t that this plot is idiotic at best and virtually non-existent the rest of the time. It isn’t the fact that the jokes on display run the gamut from deeply unfunny toilet humor (including a long and wheezy bit where the guys try to come up with euphemisms for masturbation in a courtroom) to equally dopey anachronisms such as Watson’s attempt to use an old-time camera to take a selfie with the Queen. It isn’t even the sense throughout that what we are watching is little more than a series of improv attempts that started off badly and never gained steam. No, the biggest problem is that the film cannot make up its mind as to whether Holmes is a genius of stunning proportions who happens to be a goof, or a vain and pompous idiot whose reputation as a crime-solving mastermind is largely thanks to the behind-the-scenes efforts of Watson. Most comedic Holmes films choose one of the two approaches and go from there, but “Holmes & Watson” switches between them in virtually every scene. This haphazard approach may have worked if the jokes were funny, but the whole thing feels like someone took the unfunny outtakes that might have adorned the end credits and stretched them out into their own film."
272,YOA_Doc2_HolmesAndWatson,YOA_Doc2_HolmesAndWatson,YOA,Comedy,Negative,Holmes_and_Watson,"If there are any new jokes left to tell about Holmes, they’re nowhere to be found in the abysmal Holmes & Watson, which might be the worst feature‑length film ever made about the ‘consulting detective’ from Baker Street.” With that withering indictment, The A.V. Club’s Ignatiy Vishnevetsky encapsulates the prevailing critical disdain for this misguided comedy outing. The film, directed and written by Etan Cohen, reunites Will Ferrell and John C. Reilly in an attempt to recapture the madcap chemistry of earlier collaborations—but instead delivers a sluggish montage of scattershot gags that go nowhere fast. From its first moments, Holmes & Watson feels constructed from a weak premise: what if contemporary pop-culture tropes were force‑fitted into Victorian London? The execution is lethargic and lazy, relying on unearned anachronisms—like selfies with Queen Victoria and MAGA-style fezzes—to substitute for actual humor. These glib transplantations of modern slang into a bygone era aren’t witty callbacks; they’re blunt signals that the writers have run out of jokes. The tonal flip-flopping is jarring—Ferrell’s Holmes lurches from near-genius detective to idiotic buffoon depending on the convenience of the script. Rather than presenting consistent characters, the film treats Holmes and Watson as interchangeable sketch comedy fodder. Watson, played by Reilly, exists solely to echo Holmes or set up crude punchlines—his well-meaning devotion reduced to a caricature devoid of emotional richness. Supporting cast members are similarly underutilized: Ralph Fiennes is relegated to a poorly sketched Moriarty with less menace than an office prank. Hugh Laurie turns up briefly as Mycroft, delivering a cameo that might’ve been charming in another context, but here feels shoehorned. Even Rebecca Hall, Kelly Macdonald, and Steve Coogan are unable to breathe life into characters that are essentially props for slapdash physical gags and puerile humor. Perhaps the most damning failure of Holmes & Watson is how seldom it provokes laughter. The pacing lulls the audience from one awkward set-piece to the next, with sight gags that flounder mid‑execution. A musical number in the third act, ambitiously targeting a Les Misérables-style showstopper, lands with a thud—its tonal incohesion emblematic of a film caught between parody and pastiche, without mastering either."
273,YOA_Doc3_HolmesAndWatson,YOA_Doc3_HolmesAndWatson,YOA,Comedy,Negative,Holmes_and_Watson,"In his scathing review for Rolling Stone, critic David Fear awards *Holmes & Watson* a paltry half‑star, calling it “so painfully humorless we’re not sure it can legally be called a comedy.” From the opening credits to the credits roll, the film is an endless series of uninspired gags and misfired attempts at parody. Ferrell’s Holmes vacillates between impenetrable genius and clueless buffoon, undermining any character consistency. The jokes are anchored in low‑brow toilet humor—pee‑in‑your‑pants bits and masturbation euphemisms—rather than clever wit, which is especially disappointing given the storied legacy of the Holmes canon. Scenes like the courtroom masturbation parody, Watson duck‑facing for a selfie with Queen Victoria, and a violent ape‑like embrace of an autopsy victim all border on the grotesque and unfunny. The choice to climax on the Titanic, ten years before the real event, speaks volumes of the film’s lazy anachronistic approach. Supporting players Ralph Fiennes, Ryan Coogan, Hugh Laurie, Rebecca Hall, and Rob Brydon are embarrassingly wasted in roles that barely register beyond one‑note jokes and bewildered glances. The musical number in act three, intended as a grand homage, collapses under its own tonal confusion. The character arc is nonexistent and the pacing resembles sketch‑show bloopers stitched together without intent or comedic through‑line. *Holmes & Watson* fails at accomplishing anything that resembles satire or homage; instead, it demonstrates how not to approach parody or to respect source material. Its few attempts at absurdity fall flat, with the audience more often squirming than laughing. Ultimately, it’s a cautionary tale that even with resources, cast, and traction, a film can self‑destruct if it lacks direction, wit, or genuine comedic heart."
274,YOA_Doc4_HolmesAndWatson,YOA_Doc4_HolmesAndWatson,YOA,Comedy,Negative,Holmes_and_Watson,"Peter Debruge of Variety directs his professional ire toward *Holmes & Watson*, asserting that this iteration feels more like an off‑brand knock‑off than a refreshing parody, given Sherlock Holmes’s towering reputation in pop culture. In a meticulous, nearly 600‑word assessment, Debruge observes that the script sputters under the weight of unearned anachronisms and dated sight gags—selfies, MAGA‑esque fezzes, and rap music over Victorian scenery—none of which land. Will Ferrell’s Holmes is reduced to Ron Burgundy jewel‑cutting duplicates with detective props; he alternates posing as insufferable genius and oblivious buffoon with zero narrative justification. John C. Reilly’s Watson is little more than a one‑note sycophant who serves only to facilitate contrived punchlines instead of providing any emotional anchor. Westerly pacing punctuated with groan‑worthy toilet humor—euphemisms for masturbation, bodily fluids, animalistic behavior—casts an unflattering light on what otherwise had a promising comedic pedigree. The talented cast of Fiennes, Laurie, Hall, Coogan, and Brydon seem tangential to the travesty: they’re trapped in characters that exist for gags and nothing more, without motivation, depth, or purpose. Debruge slams the lack of mystery as especially egregious for a detective story—there’s no tension, no investigative momentum, just a series of unconnected sketches. The climax aboard an anachronistic Titanic feels particularly egregious: the film abandons any notion of period coherence or detective responsibility for a confused rush to shocking spectacle. Debruge concludes that *Holmes & Watson* serves as a vivid illustration of how wasted resources and talent can still yield one of the year’s most forgettable and embarrassing theatrical efforts."
275,YOA_Doc5_HolmesAndWatson,YOA_Doc5_HolmesAndWatson,YOA,Comedy,Negative,Holmes_and_Watson,"David Ehrlich’s blistering review for IndieWire (summarized on Metacritic) brands *Holmes & Watson* as “a witless Sherlock Holmes spoof that supplies fewer laughs in its entirety than Step Brothers does in its deleted scenes.” Across a detailed exposé of nearly 550 words, Ehrlich dissects the film’s fundamental flaw: tonal indecision. The script never settles whether Holmes is intellectually brutal or buffoonishly inept, leaving both Ferrell and Reilly floundering. The humor draws exclusively from juvenile bodily‑function jokes—a childish flourish given the film’s PG‑13 rating—and modern‑era references dropped into historical settings fail to evoke nostalgia or satire. Instead, they ring hollow and cliché, as if powered by formula rather than insight. Supporting actors—Ralph Fiennes as Moriarty, Rebecca Hall, Kelly Macdonald, Hugh Laurie, and Steve Coogan—are left underutilized in roles stripped of dimension. Fiennes’s Moriarty has no presence; Laurie is a cameo dud; Hall’s intriguing character is dismissed by more sophomoric gags. The visual comedy suffers too: sight‑gags lack punch or surprise—they exist solely in service of a lazy joke. Ehrlich picks apart a third‑act Les Misérables style song sequence, deeming it misguided and tonally divorced from every preceding scene. Pacing is erratic, bouncing from hackneyed gag to hackneyed gag without structure or timing. Ehrlich places *Holmes & Watson* into the canon of bad comedies—films not for how funny they are but for how badly they fail at humor. He highlights a central tragedy: the film could have worked. The source material and cast offered ample opportunity for creativity and respect rather than wanton parody, but the filmmakers instead opted for hollow bells and whistles. The result: a disappointing comedic relic more forgettable than reviled—yet still hard to watch without wincing."
276,YOA_Doc6_HolmesAndWatson,YOA_Doc6_HolmesAndWatson,YOA,Comedy,Positive,Holmes_and_Watson,"One of the most refreshing aspects of *Holmes & Watson* is its unpretentious approach to humor, as highlighted by a detailed 5-star user review on Rotten Tomatoes. The reviewer praises Will Ferrell and John C. Reilly’s comedic chemistry, describing it as a modern homage to classic slapstick duos, recalling the likes of Abbott and Costello. They note that the film doesn’t take itself seriously, which allows audiences to enjoy its silliness without demanding narrative coherence or intellectual complexity. The user dives into specifics: Ferrell’s exaggerated mannerisms as Holmes make for consistently hilarious moments, especially when paired with Reilly’s earnest but often clueless Watson. Rather than a cerebral mystery, the film functions best as a series of absurd vignettes, each more ridiculous than the last, which the reviewer says keeps the energy light and the laughs coming. The reviewer also applauds the supporting cast’s willingness to lean into the silliness, especially Ralph Fiennes as Moriarty, whose straight-faced menace contrasts amusingly with the film’s tone. While acknowledging some jokes fall flat or feel juvenile, the overall sentiment is that the film delivers enough laughs to justify watching, particularly for fans of broad, goofy comedy. The user concludes that while *Holmes & Watson* isn’t a masterpiece, it is a guilty pleasure that embraces ridiculousness and offers a handful of genuinely funny moments, making it a worthwhile watch for those open to its particular brand of humor."
277,YOA_Doc7_HolmesAndWatson,YOA_Doc7_HolmesAndWatson,YOA,Comedy,Positive,Holmes_and_Watson,"An IMDb user with a 7/10 rating shares an in-depth review emphasizing the film’s charm despite its flaws. The user acknowledges that *Holmes & Watson* strays far from traditional detective storytelling, but appreciates its willingness to experiment with absurdist comedy and surreal set pieces. They highlight moments such as the unexpectedly heartfelt relationship between Holmes and Watson, which grounds some of the zanier antics and adds emotional weight. The review praises the film’s self-awareness and frequent nods to the actors’ previous collaborations, suggesting that these in-jokes reward longtime fans. Particular attention is given to the musical number parodying *Les Misérables*, which the user describes as surprisingly catchy and cleverly executed, demonstrating the filmmakers’ affection for theatricality even within the film’s chaotic tone. They note that while the humor may not appeal to everyone, those who enjoy lowbrow and irreverent comedy will find plenty to enjoy. The user wraps up by stating that *Holmes & Watson* should be seen as a lighthearted romp, best appreciated when approached with an open mind and a willingness to embrace its silliness rather than judge it by conventional standards."
278,YOA_Doc8_HolmesAndWatson,YOA_Doc8_HolmesAndWatson,YOA,Comedy,Positive,Holmes_and_Watson,"A popular movie blog praises *Holmes & Watson* for its nostalgic callback to classic buddy comedies, describing it as a love letter to the absurd. The blogger points out that the film’s anachronistic humor—though divisive—works well as a deliberate stylistic choice that injects freshness into a well-worn genre. The post delves into how the chemistry between Ferrell and Reilly carries the film, with moments of genuine warmth amid the slapstick chaos. The blog celebrates the film’s willingness to be self-deprecating, often poking fun at its own shortcomings, which the writer finds endearing rather than frustrating. Additionally, the writer appreciates the supporting cast’s contributions, especially the comedic timing of Kelly Macdonald and Steve Coogan, which add texture and dimension to the otherwise zany narrative. The blogger admits the movie isn’t for everyone, cautioning that viewers expecting traditional Sherlock Holmes mystery fare may be disappointed. Still, for those seeking an irreverent, silly comedy with occasional flashes of cleverness, *Holmes & Watson* offers an entertaining if imperfect experience."
279,YOA_Doc9_HolmesAndWatson,YOA_Doc9_HolmesAndWatson,YOA,Comedy,Positive,Holmes_and_Watson,"In an extensive Reddit thread dedicated to underrated comedies, one user offers a compelling defense of *Holmes & Watson*, praising its improvisational feel and unexpected charm. They argue that the movie’s flubs and unevenness are part of its appeal, giving it a raw, unpolished energy absent from many overproduced studio comedies. The user highlights the scenes featuring Hugh Laurie’s Mycroft as some of the film’s funniest, noting his deadpan delivery and sly asides add a layer of sophistication to the otherwise broad humor. They also commend the chemistry between Ferrell and Reilly, calling it the backbone of the movie and crediting their long-standing friendship for the genuine camaraderie that shines through. The review touches on the film’s self-referential jokes and meta humor, which the user feels rewards viewers willing to engage on a more playful level. While acknowledging the movie’s shortcomings—awkward pacing, uneven tone, some missed jokes—the user concludes that *Holmes & Watson* is an enjoyable comedy that benefits from multiple viewings and a willingness to appreciate its unique flavor."
280,YOA_Doc10_HolmesAndWatson,YOA_Doc10_HolmesAndWatson,YOA,Comedy,Positive,Holmes_and_Watson,"A thoughtful review from a student newspaper blog lauds *Holmes & Watson* for subverting traditional genre expectations, blending slapstick with absurdist humor to create a distinct comedic experience. The writer examines how the film’s deliberate embrace of anachronisms and cultural references serves as both a critique and celebration of the detective genre. They praise the performances, especially the comedic timing of Ferrell and Reilly, and the way the film uses visual gags and physical comedy to enhance its storytelling. The blogger highlights moments where the movie succeeds in balancing silliness with genuine emotion, particularly in the depiction of Holmes and Watson’s friendship. While noting that the humor isn’t universally accessible and that the film’s style may alienate some viewers, the review ultimately argues that *Holmes & Watson* deserves recognition for taking creative risks and delivering a comedy that stands apart from more formulaic offerings. The writer recommends the film to audiences open to quirky, unconventional humor and to those interested in seeing a different take on the iconic detective duo."
281,ZIK_Doc1_Equilibrium,ZIK_Doc1_Equilibrium,ZIK,Sci-Fi,Negative,Equilibrium,"It looks good. Well, that's the positive aspect of this film out of the way. Quite simply, it's amazing that this film even got made, being nothing more than a sorry, derivative ragbag of pilfered ideas, with not a single one of its own to justify its existence. The nearest one can come to describing this Frankenstein monster of a travesty is ""1984"" crossed with ""The Matrix"", and the latter wasn't exactly blindingly original to begin with. As if this isn't bad enough, the film is loaded with inconsistencies and plot holes, all shoddily papered over in the name of convenience as well as scenes and dialogue so hackneyed you can see them coming a mile off (and if you can't, you should really see more films. Preferably good ones). I actually uttered one line seconds before the character did, and had to stifle risible laughter when Preston came face to face with the itty bitty, cutesy-wutesy puppy. (In this scene, please note that the budget  having probably been spent all on bullets  didn't seem to stretch to any sort of animal training, as it relies on actors pointing off-camera and saying, ""Stop it! It's getting away!"" and reaching down, most unconvincingly). Laughter, in fact, is the only realistic response to the majority of this farrago, if only to stave off the angry realisation that your time is being wasted. You want laughs? AND HERE BE SPOILERS (although it's kind of hard to spoil something that's already this rank, IMHO) In the lead up to the ""climactic"" fight, one character warns Preston that, should he get too close to""Father"" (highly original name for a ""Big Brother"" figure, eh? Lucky they didn't call him ""Uncle"" or ""Second Cousin Twice Removed"") he'll be shot down by snipers. When the spit hits the fan, however, there are no snipers, not a one: only an endless parade of policemen, doing what they do best throughout: dying. Honest, these guys, despite their fierce get-up, turn out to be the most useless, butter-fingered cannon-fodder since the Imperial Stormtroopers in the original ""Star Wars"" (and countless other Z-grade imitations). Once you realise that they couldn't hit a barn door at ten feet and that their tactics seem to consist of merely lining up to get gunned down, you're left with no tension, nothing at stake and only the tedious sight of moronic sitting ducks being blown away, noisily, time and time and time and time again. It doesn't help that, having walked Preston into a trap and taken his weapon, they don't think to search him for anything else, leaving him free to conceal guns and an abundance of spare ammo, as well as a complicated reloading mechanism...all up his sleeves. Good thing nobody shook his hand. This is the film's idea of a ""twist"": a development so implausible, so gobsmackingly unlikely that it's an insult to any intelligent film-goer. ""Equilibrium"" is the kind of film so shoddily made and yet so pretentious, it just"
282,ZIK_Doc2_Equilibrium,ZIK_Doc2_Equilibrium,ZIK,Sci-Fi,Negative,Equilibrium,"A tedious rip-off sci-fi film, itching to be another Matrix (or, maybe just a bearable flick!), that brazenly steals everything from Orwell's 1984 novel and many other thinking man's films, with the same Dystopian agenda, such as Fahrenheit 451. It offers for the viewers of the more low rent sci-fi films the required martial-arts fight sequences and plenty of metallic techno gadgetry; and, it appeals to a more arty audience by its cleverly created totalitarian gothic set design of mixing actual Berlin locations with CGI effects. Nevertheless, it fails overall to arouse interest dramatically, conceptually or inventively. I've seen this film's theme played out too often (and in a more spirited way) in recent films to find its well-intentioned virtues necessarily welcome or pleasing. It only adds unneeded celluloid to an increasingly tired genre! Director-writer Kurt Wimmer (1995-""One Man's Justice""), a screenwriter for such films as the 1998-""Sphere,"" the 1999-""The Thomas Crown Affair"" and the 2003-""The Recruit,"" never got this 'baby' off the ground. The banal dialogue was risible (a prime example has the humanist heroine played by Emily Watson in all seriousness state: ""Without love, breath is just a clock ticking""), the main action hero, Christian Bale, was miscast. His stiff actions were too self-conscious and deliberate to fill the role of an action hero. The bleak settings were uninspiring; the overall grey effect was more stunting than enlightening. What becomes most annoying is that it strings together a bunch of cliches from just about every sci-fi film and the melodrama never becomes anything more than a silly exercise in acting silly. It's a film that, quite frankly, offers little entertainment value or much of anything else (it even fails to answer most of the challenging questions it raises about state-controlled suppression). Equilibrium takes place in a futuristic world in the 21st-century post-WWIII. It resembles a fascist state where books are burned and no emotions are allowed in the belief this will prevent an uprising and another world war. John Preston (Christian Bale) is the highest ranking Grammaton ninjalike cleric in Libria, where he's a police enforcer (using a new fight technique called ""Gun-Kata"") going on missions to root out all rebels who haven't taken their required daily dose of the emotion suppressing Prozium; and, he's also around to rid the world of literature, art and sentimental relics of the past. Preston catches cleric partner Partridge (Sean Bean) sneaking off with a book of poetry by WB Yeats, and turns him over to the state authorities. Partridge's expected fate is as doomed as Preston's wife, who was executed for Sense Offences (leaving him a widower with two children, one of them training in the monastery to be a cleric). But the tricky Partridge before he departs this dystopia, tells his robotic partner ""I spread my dreams under your feet."" Before you can say 'let's burn some more books' all of the following things happen to Preston: he's given a new uptight cleric partner, Brandt (Taye Diggs), who may be"
283,ZIK_Doc3_Equilibrium,ZIK_Doc3_Equilibrium,ZIK,Sci-Fi,Negative,Equilibrium,"'Equilibrium', written and directed by Kurt Wimmer is a bad movie. A bad, BAD movie. Borrowing a little from Lucas, a little from Bradbury & Orwell and a lot from the 'The Matrix', (unfortunately, none of the good parts) it tells the story of society in a fascist future that looks pretty similar to the Cultural Revolution, only with cooler weapons and lots of chrome. John Preston (Christian Bale) is a guy who walks around in priest's robes (I think he's actually called a priest, but I don't remember and honestly don't care to) kicking the asses of people who exhibit emotion and listen to Leo Sayer albums. Well, any albums, really. Culture is not welcome in this society thankyouverymuch, and Preston is the man to sniff it out and take care of the perpetrators. Unfortunately, in a life-altering epiphany (he was listening to an album that a woman he's hot for was hoarding) he decides that he can't do this anymore, so he joins the omnipresent Underground Movement who basically sees him for the sucker he is and enlist him to kill the big cheese so that society will then be free. Meanwhile, Preston is dogged by Brandt (Taye Diggs), another priest guy who wants to expose him for the turncoat he is. I almost don't have the energy to go into why 'Equilibrium' is so bad. Perhaps it is the 'Matrix'-esque action sequences, only these are closer to the third 'Matrix' film in terms of laughability and execution. I tried to explain it away logically; it's low budget. Nope, it had a budget of $20 million, there's no excuse. It was made by a 10 year old. Nope, Wimmer is past his teens. I can't excuse this one. The special effects sucked, the continuity was ridiculous (as tuned in to films as I am, I generally don't catch gaffes and continuity issues on my own, but I counted at least three glaring examples) and the story was bogus. It also had the most ineffective 'villains' I have seen this side of a Disney flick. Taye Diggs proves to be the MOST ineffective when the swords are drawn, and Dupont, (nice name) the big cheese played by Angus Macfadyen, literally made me laugh out loud with his slap-fight technique of combat. I'm not even going to talk about Emily Watson as the love interest (with about five minutes of aggregate film time) because I respect her enough to give her a pass this one time. It's been awhile since I saw a movie as crappy as this one, so I'm actually kind of glad I saw it; it reiterated how much better 98% of films are. Poor shiny-faced Christian Bale. I have a feeling that Christopher Nolan saw this and said, 'We need to save this guy's career' and cast him as Bruce Wayne. I hated this movie. ."
284,ZIK_Doc4_Equilibrium,ZIK_Doc4_Equilibrium,ZIK,Sci-Fi,Negative,Equilibrium,"Here's a true story: This evening, I went to see a movie called ""Equilibrium."" Now normally, I save every movie ticket and throw them in a shoebox filled with precious mementos. On my trip through the parking lot, I pulled out my Zippo and proceeded to burn it. Then proceeded to speed home, so I could take an extremely violent crap. I don't know what was worse; how painful the bowel movement was, or how painful the movie was. Roger Ebert gave this movie 3 stars out of 4. As soon as I'm done writing this review, I'm going to track him down and force-feed him his review. Laced with Strychnine. I realize you're probably thinking, ""Shouldn't the punishment fit the crime?"" But frankly, I'm a busy man, and I don't have time for 6 months of chakra torture. I suppose you're expecting some sort of review of the movie, so I guess I should make an attempt. Then again, if I put as much effort into this review as writer/director Kurt Wimmer put into his screenplay, I could call it a day right now. ""Equilibrium"" gives us a society, Libria, which is opiated by a drug known as Librium, a necessity after World War III. The survivors in power decided that it was man's emotion that led to war, and in order to prevent any such future occurrences, they constructed a society based on emotionless. This is aided by the destruction of all art, music, and cultural relics, not to mention 3 doses a day of the aforementioned Librium injection. Those who forsake the drug are known as ""Sense Offenders,"" and these criminals are tended to by an elite class of soldiers known as Clericks. And by ""tended to,"" I mean ""Terminated with extreme prejudice."" Within the first 20 minutes of the film, we've encountered Clerick John Preston, watched him kill his partner for being a sense offender, and discovered his wife was executed for Sense offenses 4 years earlier. But thanks to his Librium doses, he doesn't seem to mind much. Watching this movie, I suddenly wished they made a drug which made horrible movies good. All is well and good in emotionless Libria, until Preston accidentally knocks a vial of his Librium off the bathroom sink, and doesn't have time to pick up another dose. Suddenly, he is overwhelmed with emotion, and continues to abstain from his medication, leading him to question authority and rebel. And by ""rebel,"" I mean ""Terminate with extreme prejudice."" I suppose you're expecting me to say something along the lines of, ""At this point, the movie degenerates into a Matrix-wannabe."" Unfortunately, the movie was that from the moment Preston and his partner show up to tend to the first lot of sense offenders. Christian Bale was dripping with Keanuosity, from the slicked-back black hair, black garb, and generally emotionless acting ability. Although one would be hesitant to mention the dullness of his performance, given the fact he was on the drug, he"
285,ZIK_Doc5_Equilibrium,ZIK_Doc5_Equilibrium,ZIK,Sci-Fi,Negative,Equilibrium,"I too was fooled by the reviews on this site into believing that this film was watch-able. What a waste of $5.75 and 107 minutes of my life that I will never get back. I'm sorry but whomever tries to praise this movie obviously has very little knowledge of film or is so brain dead and numbed by ""cool guns"" that they actually think this movie is remotely good. As soon as Sean Bean died this movie just went downhill. I honestly feel sorry that so many talented actors were suckered into starring in the next Robot Jox. It's not hard being wooden as an actor and I do have respect for Bale, but this dead-pan ""anti-emotion"" thing just wasn't happening with me. The plot is a rehashed cheese 1984 meets Darkman. Talk about bad. I won't knock Weimer though. This was his first film and I can only hope that this movie was severely edited or had lots of script changes due to budget constraints and production house pressures. Maybe he took it upon himself to take credit (or more like blame) for the writing. Some films that were supposed to be excellent have been hampered by studio interference. Maybe Weimer wasn't big on standing up to the production house or maybe, just maybe, his direction and writing really is that bad. Though I certainly hope that I am wrong about the latter statement. Alien 3 is a good example of a noble idea being tarnished by the production company. A good director (David Fincher) who was so disappointed with the studio control that he walked out on it! Did Weimer do the same thing? I hope there was at least some dissent between his ""idea"" and Dimension Films'. Hopefully he will do better the next time around but, then again, some directors never learn from their mistakes. Stuart Baird is a good example. Speaking of which, this and Star Trek Nemesis rank among the lamest Sci-Fi films I have seen in recent times. A film that's supposed to be Sci-Fi has to at least be interesting. Sure the Matrix has ripped off other films but this one is so blatant and so badly completed that it doesn't deserve any good review in it's present state. The Action scenes are pretty weak for 20 million. If you want to see how a good low-budget action film is made check out El Mariachi. I believe it was done on a budget of about $7,000. Legions beyond this. Again, I don't want to rip into Weimer but I have to say that if his next film is as bad as this one, then I'll know that the reason Equilbrium was such a poor film was because of the direction. There's a good reason that this film was in limited release. IT SUCKED!"
286,ZIK_Doc6_Equilibrium,ZIK_Doc6_Equilibrium,ZIK,Sci-Fi,Positive,Equilibrium,"If there are spoilers in this - it is very very minimal: This film is quite simply Excellent. It stands alone, incomparable to anything else because of it's uniqueness. True, various plot ideas have been borrowed and mixed up to create this film, but something new and fresh has sprung out of that, just as a new dish comes from a fresh combination of often used ingredients. Having watched it at least 6 times over the last few years, (plus other bits and pieces here and there), i have had great interest to look into why I feel so strongly about it. Some of my friends think it's 'quite good' or 'yeah, not bad', and it seems a certain appreciative mentality is necessary to see deeper into the film. Particularly, the more spiritually inclined, the more the film will affect the watcher. Quite simply, in this human world, the majority of mankind is asleep to their own nature. The film deeply focuses on this fact but in an indirect and alternative way. As Christian Bale (absolutely perfect in the role!), through a series of destined events, comes to realise he has been turning a blind eye to an inherent part of his own nature, in this case emotions - the ability to 'feel' -he embarks upon a crusade to free the rest of humanity, realising it has trapped itself within it's own self-ignorance, which has culminated in a sort of Big Brother regime. On the deepest level it comes down to Awareness. Christian Bale's character becomes more and more aware. Aware of what was always there staring him in the face....and as always his acting and also the directing, the set design and the splendidly chosen music harmonise together to bring to life what really is a deeply important spiritual message. One about standing forth in our own light and as a warrior conquering the darkness of ignorance. But there's more! Indeed dear Mr Bale does stand forth as a warrior fighting for truth - oh yes, it is kick ass sci-fi kung-fu action with a difference! - again, something beautifully unique!......but you have to watch to see it (and be prepared for the rewind and slow motion facility to be readily used!). So let's get this : 1) A great soundtrack harmonising with the film 2) Superb choice of cast and superb acting across the board 3) Excellent plot with very good script 4) Excellent set design and art direction 5) Excellent directing 6) Absolutely superb martial arts action choreography One final comment is that it's the sort of film one should try to watch straight through, from start to finish, without interruptions - the film builds upon itself, like a pyramid, gradually to a final point, and it works with the consciousness of the viewer in that way. Due to the inherent potential depth of the story, it makes all the difference."
287,ZIK_Doc7_Equilibrium,ZIK_Doc7_Equilibrium,ZIK,Sci-Fi,Positive,Equilibrium,"his ""review"" most likely contains a ""spoiler"". Of course, to me a spoiler is virtually any trailer that contains more than the name of the film and the major cast members. As far as I'm concerned, most trailers now available show too much. That being said, here's what I think of this film. I just purchased the DVD of this film and was not sure about it's premise. To think that there may be drugs powerful enough to suppress ALL emotions in a human being is TRULY SCARY. THAT is the major ""suspension of disbelief"" required to enjoy this movie. The premise of Preston being able to participate, without feeling, in the death of his wife - and the mother of his children - is a bit hard to get past. If there are no emotions, how and why does one GET married and have children? Does one even CARE about his/her children? What is caring? If you can get through that, you'll find a film that will keep you VERY involved. While not ""fleshing out"" ALL of the major characters, the filmmakers of this one have given us a protagonist in Preston whom we grow to find is not only a truly scary killing machine (who is really ""cooler"" than Neo of ""Matrix"" fame - he doesn't need ""virtual enhancements"" to make his abilities awesome, it's just extensive training), but a character who comes to understand there's something wrong with the ""system"". Sean Bean (Boromir in ""Lord of the Rings"") has a short, but significant part early in the story that causes our hero (Christian Bale, now probably the definitive ""Batman"", as Preston) to question his job, which usually involves the virtually indiscriminate killing of lots of people - in the name of ""no more murder or war"". While our main character is developed well enough that we can care about what happens to him, film time developing those who form his opinion of the necessary changes is rather short. There are not as many action scenes as ""The Matrix"", and probably not necessarily as ""flashy"" (though definitely fast, furious, and satisfying), but there is one major thing this film has that I found lacking in ""The Matrix"" - a clear motive, reason, and story brought to a conclusion! After watching this film, I felt moved to check out what others had felt about it and was pleased to find that most seemed to feel it was underrated. I liked the picture very much and thought that, overall, it was very well done, the actors were believable - if not excellent - the story was generally very straightforward (not confusing, convoluted, or having esoteric religious references) about the values and consequences of just being human and having emotions - and realizing that without emotion, we're not ""human"". I probably overrate films, but I DID really like this one. I definitely do not regret the purchase and know I will watch it many times again, probably catching something I missed"
288,ZIK_Doc8_Equilibrium,ZIK_Doc8_Equilibrium,ZIK,Sci-Fi,Positive,Equilibrium,"If there is one complaint about the Hollywood system that rings true, it is that Hollywood seems quite bereft of ideas. Then films like Equilibrium come out and remind us that it's not that we're out of ideas so much as we're just not trying hard enough. Not that Equilibrium is inherently new - it borrows a fair few plot concepts from Farenheit 451 and Nineteen Eighty-Four, to name the most prominent examples. It is the way in which the old ideas are combined with the new that makes Equilibrium a fun and underrated experience. The premise is simple enough. In a kneejerk reaction to the horrors of World War Three, the survivors outlaw what they blame the chaos upon. Their own emotions, in other words. As the lead character has a series of revelations, we begin to understand that in so doing, they have also outlawed much of what gives our existence a point. In the bland, lifeless world that the law-abiding citizens inhabit, everything that the audience takes for granted to make their lives worthwhile is being systematically destroyed. Shades of the America of today, the whole principle of throwing the baby out with the bathwater, are shown in a stark horror show. I've read people comparing this film to The Matrix or its sequels. Where The Matrix series' fights were overlong, and often with no payoff, Equilibrium's fights are short and to the point. The difference this makes is, needless to say, as uplifting as Preston's fight to regain the humanity he stripped so many others of. Instead of having fights with no emotional connection to the characters, the story is given sufficient development to make the audience care what happens. The film is not entirely without flaws. The Prozium element seems to have been written with no regard for the facts about psychiatric medicines. Their purpose is not to suppress emotion at all, but to balance the chemical system of the brain in order to give the patient better control of them. Sure, they're not without problems of their own, but exaggerating them like this does not do the portion of the community that needs them any favours. That aside, however, the on-camera struggle is one of the most intriguing I've viewed for some time. Ergo, this minor plot problem is made up for. The only other real complaint I have is that the film could have done with a little more footage to give some characters more of a chance to develop. I gave Equilibrium an eight out of ten. It's not the best negative science fiction you'll ever see, but it is enough of a breath of fresh air that this won't entirely matter. If the MPAA made more films like this, it wouldn't be suffering the constant financial dire straits that it so loves to blame everyone else for."
289,ZIK_Doc9_Equilibrium,ZIK_Doc9_Equilibrium,ZIK,Sci-Fi,Positive,Equilibrium,"Like some here, I have read many books which have this type of theme, like, 1984, Brave New World, Childhood's End, Far. 451, and movies, such as Blade Runner, THX-1138, Pi, Dark City, 2001, The Road Warrior, The Matrix, and so forth. After watching Equilibrium, I saw a film that was packed with a little bit from each of these works I mentioned above. What surprised me especially about this movie though is how it carried the messages of these prior films to another level, for a new Century of viewers. In fact, I was surprised they could pull off a film such as this, because I imagined it an incredible task for those involved in the film, especially the actors, to perform while restricting pathos as much as possible. Sure, it is not perfect towards this pursuit - the suits, even the color of the cars, or the layout of the bathroom would not look the way it would if there was no pathos at all - but it does it as best as a visual work could do it. It is this task alone which gives this film merit, in my view, and makes the film unique just as other groundbreaking films. There is also a technical lesson it gives us. Even in the 21st Century, Sci-Fi films can still look good without complicated CGI. I have never see a Sci-Fi movie make such a statement as this movie does! It refreshes the Sci-Fi film lover with simplicity, efficiency, and, ironically, realism. The bad ones get more of a platform in this movie than the good ones, which is very interesting. The points Father makes are somewhat accurate - and the clips and stories of dictators, wars, and political legislation ring quite true. The price to feel is a price that includes poorness, political corruption and more. Is it a price we can pay, not just pay, but gladly pay? Seems we do so now. Will we for long? We'll see. Many who are lovers of traditional film will probably see this film as a sad, cliche piece of trash. And I can't blame them for seeing that. But, again, it's not working to be the traditional film, and, personally, I'm tired of seeing films which try too hard to be unique while holding its traditional roots. I was elated to see a film like Equilibrium and hope it starts a trend. No way the best film I have ever seen, it is grand - and though it is cliched and has plenty of mistakes, its storytelling and use of scenery make it hard for me to notice them. The beginning shootout scene Bale does is, itself, a work of art painted on screen. Even by the way it uses words and scenes in the main title and use of editing is, itself, refreshing. If you haven't seen this movie before, I urge you to view it as an experimental film. Realize you may not be pleased with"
290,ZIK_Doc10_Equilibrium,ZIK_Doc10_Equilibrium,ZIK,Sci-Fi,Positive,Equilibrium,"If there are spoilers in this - it is very very minimal: This film is quite simply Excellent. It stands alone, incomparable to anything else because of it's uniqueness. True, various plot ideas have been borrowed and mixed up to create this film, but something new and fresh has sprung out of that, just as a new dish comes from a fresh combination of often used ingredients. Having watched it at least 6 times over the last few years, (plus other bits and pieces here and there), i have had great interest to look into why I feel so strongly about it. Some of my friends think it's 'quite good' or 'yeah, not bad', and it seems a certain appreciative mentality is necessary to see deeper into the film. Particularly, the more spiritually inclined, the more the film will affect the watcher. Quite simply, in this human world, the majority of mankind is asleep to their own nature. The film deeply focuses on this fact but in an indirect and alternative way. As Christian Bale (absolutely perfect in the role!), through a series of destined events, comes to realise he has been turning a blind eye to an inherent part of his own nature, in this case emotions - the ability to 'feel' -he embarks upon a crusade to free the rest of humanity, realising it has trapped itself within it's own self-ignorance, which has culminated in a sort of Big Brother regime. On the deepest level it comes down to Awareness. Christian Bale's character becomes more and more aware. Aware of what was always there staring him in the face....and as always his acting and also the directing, the set design and the splendidly chosen music harmonise together to bring to life what really is a deeply important spiritual message. One about standing forth in our own light and as a warrior conquering the darkness of ignorance. But there's more! Indeed dear Mr Bale does stand forth as a warrior fighting for truth - oh yes, it is kick ass sci-fi kung-fu action with a difference! - again, something beautifully unique!......but you have to watch to see it (and be prepared for the rewind and slow motion facility to be readily used!). So let's get this : 1) A great soundtrack harmonising with the film 2) Superb choice of cast and superb acting across the board 3) Excellent plot with very good script 4) Excellent set design and art direction 5) Excellent directing 6) Absolutely superb martial arts action choreography One final comment is that it's the sort of film one should try to watch straight through, from start to finish, without interruptions - the film builds upon itself, like a pyramid, gradually to a final point, and it works with the consciousness of the viewer in that way. Due to the inherent potential depth of the story, it makes all the difference."